state,district,census_code,cluster,cluster_name,composite_score,composite_group,distance_to_centroid,domain_child_health_immunisation,domain_education,domain_energy,domain_maternal_health,domain_ncd,domain_nutrition,domain_population_household,domain_tobacco_alcohol,domain_wash,domain_women_empowerment
Andaman Nicobar Islands,Nicobar,35001.0,3,"High development, strong schooling",0.5757717490671338,2,14.52585068378516,-0.6047480170411128,1.1025782025755582,0.16256783275718723,0.39816933075308386,-0.11923342956981173,0.3197803826286723,-0.05106088668193961,-3.4829983009532497,0.7117705988367056,0.547909922165916
Andaman Nicobar Islands,North  & Middle Andaman,35002.0,2,"High development, strong clean energy",0.6045210868167618,4,9.225093219792656,-0.3873462802737691,0.9400791843497002,-0.3139973525897002,0.6572513344535393,-0.2142660524333067,-0.4052437935338229,-0.0076618059210000755,-1.7806142499659268,0.4086706816916568,0.8531541129146923
Andaman Nicobar Islands,South Andaman,35003.0,2,"High development, strong clean energy",0.6493700005635843,6,8.281160276648317,0.2086277667782335,1.6857908924792384,1.092526885297632,0.5114583292579865,-0.0684854705268768,0.11909222345090953,0.055849882930329366,-0.48003142009732525,0.8610333873823401,0.10700184205741847
Andhra Pradesh,Anantapur,28012.0,0,"Middle development, strong clean energy",0.6223885849222722,5,5.234015204379308,0.1590274794950847,-0.52657183218654,0.9786557547872403,0.5110794555881393,-0.17519948925561804,-0.3421108625881261,0.46575219283288427,0.7150453636998528,0.2815301496091442,-0.18058359584761768
Andhra Pradesh,Chittoor,28013.0,0,"Middle development, strong clean energy",0.6219657140314667,5,5.441155529906668,0.23885905377423072,-0.1739888689728504,0.9948744399727394,0.5483333290817904,-0.22875428364162503,-0.5263235244624146,0.5470371780720745,0.7419760012410807,0.37948074693400047,-0.33900074715924405
Andhra Pradesh,East Godavari,28004.0,0,"Middle development, strong clean energy",0.5215152868899147,1,7.127265145144029,-0.6512546593758167,0.21243269497033265,0.7557389847038438,-0.3367376086208488,-0.8278078930335169,-0.646703239094074,0.24222032871985363,0.48816952546897024,0.45195230451023294,-0.25601030798325536
Andhra Pradesh,Guntur,28007.0,0,"Middle development, strong clean energy",0.6065078687009482,4,7.22515553820419,0.6314221334200776,-0.5077023227077221,1.0400744497022283,0.12782855227741508,-0.6212047611069658,-0.2547658971966996,0.541771603817978,0.570746504797388,0.738953900494363,-0.1647438184194691
Andhra Pradesh,Krishna,28006.0,0,"Middle development, strong clean energy",0.6395760867528305,5,6.838895275571157,0.5308102538396848,0.3086360022183552,1.049048817284573,-0.06287826361431254,-0.21014147874627595,-0.15620550171465122,0.9899723602087785,0.6718523567380346,0.286355120321327,0.3378453879332697
Andhra Pradesh,Kurnool,28011.0,0,"Middle development, strong clean energy",0.571122825156819,2,6.129064286126684,-0.05335007914601324,-1.0093391598587418,0.8430476173360116,0.20446438632163633,-0.603563352365868,-0.4445071416292723,0.23984921319528393,0.7348350900718397,0.3038367400220561,-0.1866734927347214
Andhra Pradesh,Prakasam,28008.0,0,"Middle development, strong clean energy",0.5272415241679326,1,8.654681255082142,-0.7829202877984118,-0.7523543494286341,1.0335189087856473,0.010404026151219048,-0.883986774006247,-0.10662400390604092,0.2006368735899433,0.6075297653402749,0.5196320397285881,-0.27059263970697944
Andhra Pradesh,Srikakulam,28001.0,0,"Middle development, strong clean energy",0.6207080154255848,5,5.34711505448214,0.2828465844945503,-0.7219807070907073,0.7726545548386788,0.15138154521241332,-0.11677037756481384,-0.510696316457236,1.099844027227291,0.4400625215542728,-0.38964911952830206,0.1847179618503348
Andhra Pradesh,Sri Potti Sriramulu Nellore,28009.0,0,"Middle development, strong clean energy",0.5888406206128463,3,7.127038855840527,-0.6662181003629495,-0.23665506548259935,0.8809992553309649,0.40926900024314466,-0.016868363164149733,-0.5461854924408055,0.629623270499155,0.46168195593322214,0.4552759394414279,-0.17153299034031166
Andhra Pradesh,Visakhapatnam,28003.0,0,"Middle development, strong clean energy",0.6144943794279588,4,5.446844504133022,0.123249207907411,-0.26703320972156624,0.6991538889890067,0.2703322187739006,-0.1679178504588837,-0.33620872422519726,0.4793606316061371,0.3652676750490098,0.08081854042329817,0.07690814263769177
Andhra Pradesh,Vizianagaram,28002.0,0,"Middle development, strong clean energy",0.6299959250914997,5,5.823155562132284,0.562331899326118,-0.40117609700383816,0.4262075641073536,0.21637141405644916,0.32475439375847837,-0.5013955264130635,0.7684357300285818,0.2624000710696551,-0.4071121470507737,-0.29399819790297765
Andhra Pradesh,West Godavari,28005.0,0,"Middle development, strong clean energy",0.6194504564679654,5,6.83992723681451,0.43514736858114395,0.04291852583178184,0.9507035411417263,0.28401902524812506,-0.29946495277394275,-0.7665045756358658,0.34345841086744394,0.6393385363229617,0.6349793678673028,0.12796609901164213
Andhra Pradesh,Y.S.R.,28010.0,0,"Middle development, strong clean energy",0.6285320769238938,5,5.399232027822935,0.34302746491934083,-0.4947168869955003,1.166371939490589,0.3116034507327117,-0.19149404616953103,-0.4051485913477679,0.34596471566603487,0.8313323767732694,0.8463369569394894,0.06117761826046382
Arunachal Pradesh,Anjaw,12016.0,1,"Low development, high tobacco & alcohol use and weak maternal care",0.4940652955960629,0,9.734079020789785,0.22324773490124203,-0.8262711401941194,-0.5962381086086945,-0.840449344498765,-1.1531355027967467,0.9785451109681826,-0.470226173864185,-2.507823719477698,0.07882646349934858,0.26055796131235537
Arunachal Pradesh,Changlang,12009.0,1,"Low development, high tobacco & alcohol use and weak maternal care",0.5558792580936791,2,6.707141509569169,-0.15198687781357864,-0.35340412326445714,-0.6355835165023209,-0.3207293608518136,-0.1462745759490911,0.88462391898795,-0.10354430751578937,-2.392925213133414,-0.3746834662487922,0.287569702802951
Arunachal Pradesh,Dibang Valley,12013.0,1,"Low development, high tobacco & alcohol use and weak maternal care",0.5386126983562985,1,9.931727223660255,0.31253767423296164,-0.20178338921325134,-2.253351807983762,-0.4569203669125572,-0.8781523282303229,0.37304234526018704,-0.12046266331004457,-2.1921922784113086,1.19102879117013,0.49776023147711745
Arunachal Pradesh,East Kameng,12003.0,1,"Low development, high tobacco & alcohol use and weak maternal care",0.4767095042178913,0,5.992000686318774,-0.7452964173445481,-0.8011325328925611,-1.3916789465671153,-1.090619027004147,0.021704702120630835,0.7772161007875894,-0.8471933413483096,-1.9326795955987808,0.11378970290080612,-0.1715843040349058
Arunachal Pradesh,East Siang,12007.0,1,"Low development, high tobacco & alcohol use and weak maternal care",0.4729730539279279,0,7.1899377461184875,-0.8771802024630256,0.7152123184448995,-0.0030669566620378508,-1.0291928675631719,-0.6035365867720957,0.45467229859077746,-0.05768772903035819,-1.6435481487808916,0.6337472549229758,-0.7061273246337235
Arunachal Pradesh,Kra Daadi,,1,"Low development, high tobacco & alcohol use and weak maternal care",0.5043966087170257,0,7.84586987807882,-0.4110826008716681,-1.2509722463018969,0.8230325521116031,-1.2764206677890293,0.5054040395548045,0.1528650297207846,-0.8577728464635878,-0.2600333621467083,0.9777308657065584,-0.9092857164124227
Arunachal Pradesh,Kurung Kumey,12012.0,1,"Low development, high tobacco & alcohol use and weak maternal care",0.5302289963683796,1,6.961633368282257,-0.15033862343894017,-0.19861198570596705,0.32786228796450667,-1.132109811480831,0.4142692556173732,0.3189073245768243,-0.8665959421164318,-1.6084092680949893,0.5898091491899049,-0.08909239006330986
Arunachal Pradesh,Lohit,12015.0,1,"Low development, high tobacco & alcohol use and weak maternal care",0.5676374043618468,2,6.7537573965657876,-0.00817276361092626,-0.23591086643178844,0.4282738941670705,-0.5038206646364639,0.31718965654485043,0.42140789417799057,-0.42700858136801306,-1.6027651554224147,0.6021262426309719,-0.17365238095702704
Arunachal Pradesh,Longding,,1,"Low development, high tobacco & alcohol use and weak maternal care",0.477430213863294,0,7.010274494796682,-1.3479125301420065,-0.7912741961309198,-0.612104297188143,-0.8030143782286228,-0.284832982968177,0.9193450275588667,-0.5876037397008109,-1.7555221457836452,-1.5177654344102127,0.4313131433583939
Arunachal Pradesh,Lower Dibang Valley,12014.0,1,"Low development, high tobacco & alcohol use and weak maternal care",0.5682285493792836,2,7.678818154159239,-0.10130481352310092,0.21530147190998095,-1.4575990147331106,-0.34612003665068625,-0.605678768509472,0.8611894512945167,-0.1879996661041682,-1.5962137555323523,0.980464314431873,0.7287992880408926
Arunachal Pradesh,Lower Subansiri,12011.0,1,"Low development, high tobacco & alcohol use and weak maternal care",0.5432199159722674,1,7.657775208688652,-0.5925677613826603,0.3603182727283082,0.2312348994067071,-0.7193191148605238,-0.4141817851496052,0.8925106492389386,0.20567026746335307,-1.288426327080994,0.6440908636183496,0.26475534962751046
Arunachal Pradesh,Namsai,,1,"Low development, high tobacco & alcohol use and weak maternal care",0.5008635307855385,0,5.888189374235322,-0.25741069255666005,-0.7826690430838461,-0.5903713443786871,-0.8793930537740027,-0.2555348798370136,0.6826076137400836,-0.5275204815021742,-2.557398033081502,0.090014925061215,-0.011757693288800409
Arunachal Pradesh,Papum Pare,12004.0,1,"Low development, high tobacco & alcohol use and weak maternal care",0.5086785538333242,0,6.266891379011954,-0.6442586600572219,0.42063813244536474,0.7643649098115226,-1.1248027828812006,0.17185311280052498,0.5472034766074613,-0.6965396861430623,-1.0641458571360436,0.07432245615638983,-0.525299288120247
Arunachal Pradesh,Siang,,1,"Low development, high tobacco & alcohol use and weak maternal care",0.5304785600492571,1,6.74325702442895,-0.555163950240791,0.2911907573378779,-0.23873014957839983,-0.78623117117425,-0.13401127894382492,0.4947581302037009,-0.5708485109961234,-2.1506747570457803,0.8297664868138646,0.545025107374608
Arunachal Pradesh,Tawang,12001.0,1,"Low development, high tobacco & alcohol use and weak maternal care",0.5501315805475238,1,8.57534696276728,-0.4671467999166382,-0.8682632351137707,1.0259302028392097,-0.3589805300589461,-0.2107478662959654,0.5255718407531557,-0.21867613824340223,-0.7936178417959261,0.7097122252041435,-0.07968791390078203
Arunachal Pradesh,Tirap,12010.0,1,"Low development, high tobacco & alcohol use and weak maternal care",0.4994653936627229,0,4.8614623409075834,-0.7894716137224663,-0.2837985723965774,0.1366941115655336,-1.1781699565953807,-0.23365906427088623,0.6865478617799315,-0.37840614920762433,-1.1433194058391651,0.5175219255634623,-0.0851655417610494
Arunachal Pradesh,Upper Siang,12008.0,1,"Low development, high tobacco & alcohol use and weak maternal care",0.4733892492234017,0,6.111643443619296,-0.896608061175676,-0.33110564906940687,-0.070684641756173,-1.1097288602806357,-0.21647926401408227,0.3792705114049379,-0.8771486837755851,-2.0360106531530286,1.0658948921876161,-0.055373567910868095
Arunachal Pradesh,Upper Subansiri,12005.0,1,"Low development, high tobacco & alcohol use and weak maternal care",0.4762594880756459,0,7.081515740907438,-0.38800074420268665,-0.7199435617339149,-1.6528876888573707,-0.9345183403165003,-0.20479778913656851,0.36860654617003835,-0.4443244317613196,-2.2666146187328327,0.36825913701782853,-0.5106016595726344
Arunachal Pradesh,West Kameng,12002.0,1,"Low development, high tobacco & alcohol use and weak maternal care",0.5179377912186482,1,7.964226672776491,-1.0194256362160778,-0.15418381902838774,0.776779106695347,-0.9859780725035466,0.25104559126622544,0.44098322413872376,-0.3013825787979142,-1.1300612462304294,0.9636246214695896,-0.30687880624347985
Arunachal Pradesh,West Siang,12006.0,1,"Low development, high tobacco & alcohol use and weak maternal care",0.4694854112050682,0,8.331045032872577,-0.31610156270501527,0.26999016820177163,-1.004849328780924,-1.1088751469319318,-0.8069949287446491,0.3327606512499796,-0.4229562990562994,-1.673957923896162,0.878312080955022,-0.5808160526208104
Assam,Baksa,18025.0,7,"Middle development, weak women's agency",0.5546789533264843,2,5.461438906411219,-0.19686390117940264,-0.3508795524759139,-0.2625497031044818,0.03298212985792586,-0.4256786157735648,0.05102417921886223,0.46029248072935136,-0.9375102265701056,-0.3558848447168655,-0.25495032530249856
Assam,Barpeta,18004.0,7,"Middle development, weak women's agency",0.5499646557508951,1,5.85324976961483,-0.6610551821104913,-0.26447194819206,-1.3012546023198457,-0.06447622005681443,0.16521394665480185,-0.11493916537274751,0.2325703801859884,0.21849391025585965,-0.02948229869693053,-0.5912544471352079
Assam,Biswanath,,4,"Middle development, weak schooling",0.5575263722900157,2,6.45613439784646,-0.20829087073666402,-0.605817231707467,-1.1121446477178272,-0.2985199832380353,-0.047899649981557574,0.30370019773032575,0.23764630165849732,-1.3974082345921102,-0.9196479090548799,0.30760592400355546
Assam,Bongaigaon,18020.0,7,"Middle development, weak women's agency",0.5717806394521604,2,4.327085436608516,-0.4286763579560392,-0.13708341148757192,-0.09313069604049265,-0.18591366928718694,0.42563414558363105,0.33369003168962,-0.04057018785218963,0.025944792293297436,0.10887984330175403,-0.6587341438395883
Assam,Cachar,18017.0,7,"Middle development, weak women's agency",0.517274294156777,1,7.607250332003226,-0.5200568184987052,-0.17305098325096516,-2.0818380919403845,-0.4934173105567651,0.37026499610592667,-0.32624870866128014,0.12625662125992926,-0.46032672754191395,-2.667365012772362,-0.5880602356129484
Assam,Charaideo,,7,"Middle development, weak women's agency",0.571223461969406,2,5.806600361115772,-0.4121283845066885,-0.4543774361445004,-1.1990967296125614,0.04695027852575987,0.19030045680054677,0.3530368712643915,0.24279584866981352,-1.7247700621284698,0.29634461729317246,0.07934207976902878
Assam,Chirang,18021.0,4,"Middle development, weak schooling",0.5718955218842484,2,5.2349730217521735,-0.12902302233854337,-0.4511503750728823,-0.10623772374227135,-0.19768329120703113,-0.006246299992295249,0.11183348828791216,0.1950323101194923,-0.7990499842778429,0.07455853063874157,-0.017372596662933625
Assam,Darrang,18026.0,7,"Middle development, weak women's agency",0.5314317022286554,1,6.642079311105406,-0.7175458205334002,-0.3160610143633259,-1.406840141934464,-0.3246387433634131,0.4231545715858632,0.08653128104908832,-0.38494350536667543,0.38584201451398903,0.2169048264853259,-1.0075926739353644
Assam,Dhemaji,18009.0,4,"Middle development, weak schooling",0.6028882074374831,4,7.016640371743574,0.4240272869133733,0.16362293608037853,-0.918537373996179,0.13342485124905445,0.24222875591320125,0.2954569942211271,0.1232666825506345,-2.5090268368846447,0.04892830529463474,-0.00330954847194348
Assam,Dhubri,18002.0,6,"Low development, weak clean energy and weak civil registration",0.5412058523242063,1,7.124625988043574,-0.41611857950895814,-0.5941186717789315,-0.825041913579009,-0.5438611243794665,0.4012823859840698,0.0888213649718877,-0.032336942788296796,-0.021635710998270608,-0.1824745744298532,-0.7004565338823372
Assam,Dibrugarh,18011.0,7,"Middle development, weak women's agency",0.5882560169811148,3,6.483603412480059,0.0565327537383209,-0.09072094408654563,-0.5127461266723468,0.2229290073510687,-0.15641798805872692,0.04929500106720754,0.27658225310044066,-1.8560395565751806,0.3795987841751766,0.1700661305817326
Assam,Dima Hasao,18016.0,7,"Middle development, weak women's agency",0.5589918485953556,2,7.925556302845477,-0.8081066809641891,0.5615687853383775,-0.25911392793438376,-0.042309857059920235,0.27020317420028145,0.5505950748359169,-0.09855452667841545,-1.9758511321146175,-1.7434060152508781,0.07656801358253965
Assam,Goalpara,18003.0,4,"Middle development, weak schooling",0.6050451423377915,4,5.804505096628379,-0.05574395769001047,-0.3630555088294273,-1.266398405283085,0.14228282307905396,0.4284260596104087,0.17209304043624743,0.34793567976427875,-0.2418283783421768,-0.07490718403493847,-0.19146416218558385
Assam,Golaghat,18014.0,7,"Middle development, weak women's agency",0.5800115265110577,3,4.675094965013524,-0.2892648054833509,-0.16361804922253198,-0.5113523567736753,0.23934111238177194,-0.0020153764536547233,0.07342442807574814,0.38636036868409934,-1.006571321713096,0.03176764896312895,-0.21239173400696312
Assam,Hailakandi,18019.0,7,"Middle development, weak women's agency",0.5251338123791034,1,6.909167947834786,-0.20675163283999684,0.010575204422672457,-1.0959259625323279,-0.13338259899485974,-0.3147167753947066,-0.5871486423424511,-0.03914458736269769,-0.7812388107623317,-2.582727547350547,-0.113687592784531
Assam,Hojai,,7,"Middle development, weak women's agency",0.4957589714435058,0,7.24841922697192,-1.6668354353848438,-0.13683819858905738,-0.13212766145945126,-0.267286500131635,-0.2905438894289038,-0.10776031773440842,0.38776127692511575,-0.23262096325792792,0.05991384072845518,-0.47043880477660566
Assam,Jorhat,18013.0,7,"Middle development, weak women's agency",0.5472981929659047,1,5.627174748379636,-0.4428022715106192,0.5664568382493771,-0.3536668781697043,-0.002411481698326101,-0.5938734059509889,0.21035541318288362,0.03291272743451521,-0.40850981708690526,-0.18986725209581756,-0.3499003120789569
Assam,Kamrup,18022.0,7,"Middle development, weak women's agency",0.5018776441796813,0,5.189551851113143,-0.5805154256178285,0.1558504639055978,-0.20149566718968978,-0.5955027158221223,-0.18432292757821214,-0.11681376644567382,-0.46994201054922696,-0.06398031109664085,-0.22167259833761174,-0.9832699300221733
Assam,Kamrup Metropolitan,18023.0,7,"Middle development, weak women's agency",0.5423008528057629,1,7.807788754025726,-1.3894529223187342,0.5598637534287518,0.9034290930897584,-0.193249019999332,0.007144045376072527,0.00014477405514362607,0.2515349597392242,-0.050777839013848414,-0.646058890036709,-0.1911451125402446
Assam,Karbi Anglong,18015.0,1,"Low development, high tobacco & alcohol use and weak maternal care",0.5215994636543398,1,5.5971452490973705,-0.8978744911617409,-0.2132711653238749,-0.43267370338056915,-0.5085478981943953,-0.010928864587781495,0.6734812132619415,-0.21334870183098764,-1.6504260186262927,-0.7601926974093545,0.05687253849953091
Assam,Karimganj,18018.0,7,"Middle development, weak women's agency",0.5634455590931304,2,6.7507025218608545,-0.17068222260982852,-0.0911991323054222,-1.500023647059403,-0.2884890218354145,0.4218043782379472,-0.05084081489004052,-0.008557478855334569,-0.5348781229877797,-2.30589281253028,-0.0719379967835482
Assam,Kokrajhar,18001.0,7,"Middle development, weak women's agency",0.5510433848165688,1,6.036433016762985,-0.7924391232020346,-0.3486391884308874,-0.6021210893642299,-0.11127312548647914,0.2847529603148011,0.3164266090160484,0.15979793383623261,-1.1043350569533594,-0.393057643346368,-0.24935429818999885
Assam,Lakhimpur,18008.0,4,"Middle development, weak schooling",0.5951017091141261,3,5.923125338275258,-0.15950684047939118,0.49672492468171364,-0.35261749661431774,0.019916262945671732,0.2782203978367426,0.387506768170498,0.21214986209410547,-1.43608397527724,-0.697186747307698,-0.022840569784774677
Assam,Majuli,,7,"Middle development, weak women's agency",0.5744798316089352,2,6.560595187520031,0.03459054158493907,0.21889023397679244,-1.1473249624409656,0.12182851365702785,-0.034962151272697035,0.4726033907152721,-0.14284403097187018,-2.1091509567142595,0.06823222414557265,-0.18943939050242614
Assam,Morigaon,18005.0,4,"Middle development, weak schooling",0.5773622017693061,3,5.845885405464807,-0.30050522688388287,-0.29243229105890933,-1.2515613276021118,-0.016941302283467616,0.11626248449482131,0.1719988278744606,0.3634974101580874,-0.49013229586025414,-0.29382319254462097,-0.05417671898842395
Assam,Nagaon,18006.0,7,"Middle development, weak women's agency",0.5222872233699014,1,5.992670042661911,-1.267220105208584,-0.17103209418643583,-0.626961645526025,-0.136235032505979,0.010650638442143175,0.24966889365027192,0.1955800152026285,-0.11277502503311448,-0.06768428414271432,-0.6174128476976383
Assam,Nalbari,18024.0,7,"Middle development, weak women's agency",0.545101444209938,1,4.248427711052363,-0.302942016905119,0.3545463527436275,-0.3440077880321669,-0.32873455000865076,-0.4040590428579078,-0.1143737640462752,0.2515285299699443,0.1399370473426972,0.21167400351705007,-0.435285655634433
Assam,Sivasagar,18012.0,7,"Middle development, weak women's agency",0.5897811663907281,3,5.483848832945917,0.02186832988984281,0.6030905510754625,-0.18215721625770778,0.22773568806453998,-0.33068762558736636,0.4726081173435692,0.11802059234160915,-1.4201425983100788,0.2947915409796217,-0.09082294335758472
Assam,Sonitpur,18007.0,4,"Middle development, weak schooling",0.567253099795637,2,6.930201881267711,-0.35651114672789597,-0.3448574647647294,-1.2388027423750012,-0.2965402414276515,-0.020405060296525813,-0.03594411829786567,0.8806068319501761,-0.7447858695576709,-0.663304435255085,0.2506114384703567
Assam,South Salmara Mancachar,,6,"Low development, weak clean energy and weak civil registration",0.562707176413988,2,7.840835440838502,-0.4340748317117174,-0.8465271797584788,-2.647757969322246,-0.1719066599940204,0.5424732167772144,0.2309562657003645,-0.18473932626755232,0.07932089372513416,-0.18908869593793853,-0.25590354827837397
Assam,Tinsukia,18010.0,7,"Middle development, weak women's agency",0.5510818379745783,2,5.855449633655011,-0.12179080729431578,-0.5339565962624975,-0.4344078074911445,-0.19641798640624017,-0.15258266999241987,0.3246733641967823,0.0587364528429846,-1.3457579175769778,-0.0035311099836004556,-0.228616240464829
Assam,Udalguri,18027.0,7,"Middle development, weak women's agency",0.4951517335090582,0,7.3542742100446965,-1.2871350262715908,-0.6420803654218181,-0.6014201502835129,-0.3214914682146704,-0.10656876610184803,0.015864458522008722,0.7195599175682319,-0.758075379528322,-0.6437312935674884,-0.7775668653316052
Assam,West Karbi Anglong,,1,"Low development, high tobacco & alcohol use and weak maternal care",0.5255371627386545,1,7.908511568370355,-1.1687657219775924,-0.4748516202745503,-1.0355161078589081,-0.19683485994880875,0.31685258415950585,0.6612739910423989,-0.06833602697675341,-1.9124013366887143,-1.9937918504570817,0.13900324290432614
Bihar,Araria,10007.0,6,"Low development, weak clean energy and weak civil registration",0.4142771406549447,0,7.71411071567534,-1.0234786896791772,-1.5400303762577472,-0.9061069605868268,-1.0077040748126236,0.3595392030140771,-0.2404631499821068,-1.4470488995187596,0.15241024623998461,-0.8712688506641775,-1.7236573318423982
Bihar,Arwal,10038.0,6,"Low development, weak clean energy and weak civil registration",0.5406405398033195,1,5.384310520521486,0.09804538923133807,-0.5209227880510726,-0.4692477880023791,-0.2996756637443255,0.47605675948296056,-0.28140545153728996,-1.239786776134808,0.12242131303522688,-0.634818687942279,-0.6840757385327023
Bihar,Aurangabad,10033.0,6,"Low development, weak clean energy and weak civil registration",0.5722484621574054,2,4.900800960375737,0.39624836517081785,-0.3373496387633534,-0.23425715524706237,-0.26445342166537267,0.3561944796445237,-0.2214769559068612,-1.0036190413151902,0.12861599175810845,-0.49819395620693396,-0.1994829372806018
Bihar,Banka,10023.0,6,"Low development, weak clean energy and weak civil registration",0.5177529632511803,1,6.6943589652179485,0.2541678401044474,-0.6766693054356432,-0.5520712639090641,-0.5450275194602923,0.026984191209897375,-0.5399796945646597,-0.9139048034685452,0.24985923601908566,-1.0393108745845572,-0.7142571438294288
Bihar,Begusarai,10020.0,6,"Low development, weak clean energy and weak civil registration",0.4997559267440938,0,5.253927719308252,-0.5509164724805764,-0.13770217214124386,-0.2849917032574185,-0.5920267812372045,0.373385829118934,-0.5977157265176539,-0.6681865435920548,0.2832276090248793,-0.020960989151765752,-1.2578784936215945
Bihar,Bhagalpur,10022.0,6,"Low development, weak clean energy and weak civil registration",0.4992586742914566,0,6.553173742304843,-0.3571801210924535,-0.27273437092936226,-0.407500921269634,-0.717420249019552,0.42973248750273074,-0.7956358552820504,-1.2947930496542062,0.22505731862213268,-0.13436798089909485,-0.8194626345439374
Bihar,Bhojpur,10029.0,6,"Low development, weak clean energy and weak civil registration",0.5082801785610377,0,4.7370848099575795,-0.5074316311958091,-0.2726855072130601,-0.12728595399653664,-0.5346579820478371,0.3284307580495303,-0.38310433927734255,-1.1995218072169933,0.340881271116471,-0.5589386065479814,-0.6633299110271209
Bihar,Buxer,,6,"Low development, weak clean energy and weak civil registration",0.5507263030414423,1,4.85462187175584,-0.3607237644037321,-0.24047190214027736,-0.017551537736959943,-0.31784410850279665,0.6077370031632173,-0.18675498519464576,-1.0309361651375626,0.5173953398432038,-0.323570165153852,-0.4787657010301432
Bihar,Darbhanga,10013.0,6,"Low development, weak clean energy and weak civil registration",0.4661683851787622,0,5.525535156657179,-0.7264116417411614,-1.4121116455007106,-0.23874636610392622,-0.7106000530188704,-0.09485338068717893,-0.13388796736553224,-0.8428812447122439,0.213887893019093,-0.4540529243458172,-0.9132422503882088
Bihar,Gaya,10034.0,6,"Low development, weak clean energy and weak civil registration",0.5471831695106131,1,4.55375158609867,-0.051138017432167976,-0.709465774973834,-0.2970574576665748,-0.41770272849405277,0.44895953803684047,-0.0869670568341101,-1.1491729491652591,-0.07729429619117004,-0.6425468851535157,-0.11330904497375827
Bihar,Gopalganj,10015.0,6,"Low development, weak clean energy and weak civil registration",0.5362337537959717,1,4.5796473694709245,0.11724458379199693,-0.7655142281859497,-0.4050739863411042,-0.5923867080388145,0.28199667646319854,-0.11826368384490844,-0.4486557583337822,0.33458212085947436,-0.04588299104881394,-0.897247493764908
Bihar,Jamui,10036.0,6,"Low development, weak clean energy and weak civil registration",0.5053219792037914,0,6.028101739134455,-0.362025235038004,-0.8260096343953338,-0.18318632715618333,-0.530220715948573,0.4380775575421544,-0.5967021276092652,-0.9889773968255219,0.020160422073116094,-1.4167046484560473,-0.7073455281849342
Bihar,Jehanabad,10037.0,6,"Low development, weak clean energy and weak civil registration",0.5413493679082522,1,5.42168885324068,-0.010582230657377541,-0.4132985316741026,-0.1362481591847382,-0.2667674130158899,0.49750815071425214,-0.32579447354972846,-0.7594194473057237,-0.04712733888004536,-0.566902878241571,-0.8444834823172439
Bihar,Kaimur (Bhabua),10031.0,6,"Low development, weak clean energy and weak civil registration",0.6024071008423451,4,5.952495719235381,0.28963746810926466,-0.7129789023556982,-0.5600043581987885,-0.14190680842438277,0.8157187262133484,-0.04095926813553983,-0.9490695552261013,0.27536792793709514,-0.19784607996545622,0.15997729255637777
Bihar,Katihar,10010.0,6,"Low development, weak clean energy and weak civil registration",0.4397450339020589,0,7.141082182582748,-0.5388476142422556,-1.2581948038455475,-1.3781829350768504,-0.8942686285370739,0.15102316886518807,-0.20110707643388795,-1.1030694539557107,0.30188920656616375,-0.635493763035031,-1.7722030584574386
Bihar,Khagaria,10021.0,6,"Low development, weak clean energy and weak civil registration",0.4545752283944576,0,7.112075545405724,-0.45199399530123247,-1.059437528515445,-0.7387623918453184,-0.7858197983829981,0.07013172085073019,-0.3868460959923327,-1.2161069384025203,0.5395693657598097,0.059356802876879056,-1.648964560000881
Bihar,Kishanganj,10008.0,6,"Low development, weak clean energy and weak civil registration",0.4243495430433829,0,8.333922325367666,-0.5791725700765267,-1.471506345469506,-0.9523482436089381,-1.3226127977367494,0.21177857673308542,-0.3205930754056568,-0.7532175046049341,0.2419335837305121,-0.31128622006709195,-1.8849427956950908
Bihar,Lakhisarai,10025.0,6,"Low development, weak clean energy and weak civil registration",0.4894797025960093,0,5.908315953761605,-0.5616589740950134,-0.49451947170269744,-0.12141918976652923,-0.699491074745696,0.37433945697126725,-0.812093077812572,-1.07257916920997,0.2566495553194757,-0.5483257750159486,-0.9122962608068168
Bihar,Madhepura,10011.0,6,"Low development, weak clean energy and weak civil registration",0.4827319548210683,0,6.905402951097878,-0.3248127952325932,-1.1574756765657759,-0.8462536493943111,-0.542960261999818,0.3847292659878125,-0.4652029540539579,-0.9945372454772919,0.13086064878579523,-0.9142626584678373,-1.1801894315565131
Bihar,Madhubani,10005.0,6,"Low development, weak clean energy and weak civil registration",0.4842742490002918,0,6.072863454641311,-0.32967295494527743,-1.1283242880006379,-0.10278167791526588,-0.4716145808556517,-0.1306224260560478,-0.37279647830361967,-0.7193082394792905,0.2468298568300058,-0.8120578904794991,-1.115810439686397
Bihar,Munger,10024.0,7,"Middle development, weak women's agency",0.5370959275601832,1,6.664578849181341,-0.33545398183841607,0.19644453631637243,0.2747170215511486,-0.18512422993515573,-0.1377036438221674,-0.6485603387416532,-0.5607753802217409,0.49763506325621665,-0.08578923840363076,-0.40703195166442263
Bihar,Muzaffarpur,10014.0,6,"Low development, weak clean energy and weak civil registration",0.5033766928836564,0,5.206169766011898,-0.2121418132623216,-0.6569621722619278,-0.3132842511148381,-0.7648840696180205,0.012998367739872967,-0.08839095413059818,-1.0590779276158526,0.22489088392496737,-0.2186844829516869,-0.6212395157772241
Bihar,Nalanda,10027.0,6,"Low development, weak clean energy and weak civil registration",0.5188020120820503,1,4.8039252353311745,-0.4856051007117862,-0.734213851147288,-0.045844085594377804,-0.4312817941715744,0.5028022694138723,-0.6787990260914789,-1.0294474894075154,0.1622059728631342,-0.37532135698502866,-0.4796541617213063
Bihar,Nawada,10035.0,6,"Low development, weak clean energy and weak civil registration",0.5350840539913876,1,5.075524620923702,-0.15479660520721025,-0.4449567160598451,-0.23322399021720383,-0.39394742546559847,0.5077160009089597,-0.32040617792610443,-1.1028094063949254,0.048606143720338335,-0.5129752755366555,-0.6146483269711357
Bihar,Pashchim Champaran,10001.0,6,"Low development, weak clean energy and weak civil registration",0.4443335322913526,0,5.6665720523016585,-1.0989394147563476,-1.1047479272340455,-0.8968084753181044,-0.7378825321986506,0.19151614024465707,-0.30614684309641,-1.0602389454310057,0.30386135447959683,-0.6506291940882815,-1.3190390560302911
Bihar,Patna,10028.0,6,"Low development, weak clean energy and weak civil registration",0.4883729469882428,0,6.0793754457040325,-0.6075274435661291,0.04554613899006066,0.454844500308058,-0.7990028025346578,0.11942026557872155,-0.4457250224520542,-1.0733801688544105,0.35894202899774896,-0.08170563949281312,-0.9663959700065622
Bihar,Purba Champaran,10002.0,6,"Low development, weak clean energy and weak civil registration",0.4290897701054852,0,6.853818063994712,-1.0182005365225453,-1.300210150825993,-0.47478638041462934,-1.1566926284374843,0.2207315146242222,-0.010223866334284319,-1.046628161912664,0.08075618703301948,-0.4620171960394061,-1.5047513206635967
Bihar,Purnia,10009.0,6,"Low development, weak clean energy and weak civil registration",0.3985939484957347,0,8.57411934021842,-0.8266490418879135,-1.2811722353844281,-1.2801820472772882,-0.990626106177687,0.08142102561914268,-0.47038996267890737,-0.9947606520047669,0.2666460874044695,-0.8958367408376976,-2.3943978070210017
Bihar,Rohtas,10032.0,6,"Low development, weak clean energy and weak civil registration",0.6041891557543503,4,6.255109264450509,0.5516114466360302,-0.03716086639243736,0.03834883542268672,-0.15586673276200144,0.44995059629980577,-0.28006363684507357,-0.8566334017945813,0.4223061373439318,0.24955502559361065,-0.03054215039795307
Bihar,Saharsa,10012.0,6,"Low development, weak clean energy and weak civil registration",0.4611627370353748,0,7.355083818612658,-0.11368623857806834,-1.6734442698936414,-0.5782893734440028,-0.9979332046471768,0.38622833913328153,-0.15598321437325757,-0.8072762289715337,0.13313195235901418,-0.7309469861169262,-1.806262477691147
Bihar,Samastipur,10019.0,6,"Low development, weak clean energy and weak civil registration",0.507707206375643,0,4.861785260957568,-0.1454307681070408,-1.0986582839460712,-0.5337862486638497,-0.5918483032966962,0.26068799465270154,-0.2033306317630235,-0.784168344007639,0.32896456443393374,-0.5242300338071344,-0.927967866257787
Bihar,Saran,10017.0,6,"Low development, weak clean energy and weak civil registration",0.4840342345249289,0,5.6094470480121785,-0.2669314676656937,-0.5256235828442603,-0.7729298121955095,-0.606863734075168,0.09516880044827074,-0.3295990184476107,-1.156572618398238,0.30102931910389485,-0.8657494187020619,-1.2271829482976095
Bihar,Sheikhpura,10026.0,6,"Low development, weak clean energy and weak civil registration",0.5480413996766647,1,5.728577447381076,-0.2048771578550011,-0.9601705435430252,-0.2535834437848992,-0.19999836486413422,0.5812963237027546,-0.625350329478218,-0.8697632762908848,0.23477734992550287,-0.34607968169480896,-0.2980968119487176
Bihar,Sheohar,10003.0,6,"Low development, weak clean energy and weak civil registration",0.50769094255354,0,4.013416032997817,-0.7880653400317451,-1.3494668109715906,-0.4036842705738156,-0.4668803131439322,0.39527410405277025,-0.31122724700670873,-0.6002008648436832,0.1292950623949832,-0.11732536180876513,-0.49863963514344345
Bihar,Sitamarhi,10004.0,6,"Low development, weak clean energy and weak civil registration",0.458131370610397,0,5.955454011365666,-0.7623567286604772,-1.1730001918591655,-0.756715181141393,-0.8199661955988155,0.1769473293945548,-0.3091194969468607,-0.4933317838099011,0.1604691514228629,-0.3896636757043507,-1.4522324543308494
Bihar,Siwan,10016.0,6,"Low development, weak clean energy and weak civil registration",0.5116666545335719,0,6.679598714371362,-0.45617303005462556,-0.06767137431995583,-0.33572219713639373,-0.5131866179367174,-0.13934851169701193,-0.3784582516988268,-0.1078164585424833,0.41209919630548947,-0.4893185349382401,-0.8491399546556708
Bihar,Supaul,10006.0,6,"Low development, weak clean energy and weak civil registration",0.4923175982408317,0,6.432438390331778,-0.480721079476731,-1.6831313461896233,-0.7773906441327002,-0.3700881327632096,0.507019763100389,-0.27054676673124306,-1.2181972095922935,0.18848486438403347,-0.3896636757043507,-1.079315429813168
Bihar,Vaishali,10018.0,6,"Low development, weak clean energy and weak civil registration",0.4899202118949717,0,5.647931691231294,-0.6340263858175851,-0.18439577996953455,-0.33778447306472775,-0.702326519203995,0.3117349546574312,-0.60680977932421,-0.4934936050605377,0.24069699633954927,-0.35336887829564656,-1.207863567158491
Chhattisgarh,Balod,,4,"Middle development, weak schooling",0.6930503463140847,7,6.300619573691613,0.647852919254053,0.09536103437322103,-0.10864033388250932,0.528527487344747,-0.0027430034939137835,-0.37333922118805796,0.8122020057148371,0.07621715133681092,0.7653440898180921,1.3269268764324018
Chhattisgarh,Baloda Bazar,,4,"Middle development, weak schooling",0.6123529071017644,4,4.8382435462431195,0.15918049831561243,-0.2036955255147955,-0.3429421899512542,-0.08790926174617314,0.1933924661577996,0.03171124331956234,0.4563988449328375,-0.24818110003966598,0.30386988837636203,0.2635471119270808
Chhattisgarh,Balrampur,,4,"Middle development, weak schooling",0.5631711276629844,2,6.730765161788083,0.22919696038218174,-0.7955258897155986,-0.7375523981645912,0.17544353096836982,-0.2851132590845385,0.29194783511749095,0.01364424261733077,-1.383310712084961,-1.0966324449314895,-0.28139331647251975
Chhattisgarh,Bastar,22015.0,6,"Low development, weak clean energy and weak civil registration",0.5290143249667706,1,7.840909486861091,-0.7363124564938389,-0.9038422863391228,-0.49409645242693817,-0.23834658135365905,0.2013403941499218,-0.1739452969100682,0.3021096458991335,-1.7825087599201308,-0.3703783490316705,-0.10125257929911777
Chhattisgarh,Bemetara,,4,"Middle development, weak schooling",0.66146788955964,6,4.7875850559822135,0.9120653291700678,-0.5955275424451478,-0.4067756574006252,0.4519552748757284,-0.15219187389090394,0.044879531327106474,0.3145347715298345,0.011660168123499362,0.6059737670594363,0.6733382288408968
Chhattisgarh,Bijapur,22018.0,6,"Low development, weak clean energy and weak civil registration",0.5383486818655444,1,9.541658826951451,0.06938406538292063,-1.6763548355729945,-1.9731084617909933,-0.17595507844506858,0.5631382175277815,-0.021374688807010118,0.2624559669478322,-2.902047692565935,-1.2213612856368343,-0.37263711460797116
Chhattisgarh,Bilaspur,22007.0,7,"Middle development, weak women's agency",0.5416005733462879,1,6.438426718800636,-0.7393922773770745,-0.30226913082383644,-0.0572332257111092,-0.33750768557589306,-0.18136272323636243,0.05013901881405369,0.3988154926054426,-0.1748790908920339,0.28659119480367923,-0.19296385648377173
Chhattisgarh,Dantewada,22017.0,4,"Middle development, weak schooling",0.6140094516315161,4,7.016357597794764,0.27404130662058734,-1.405704802134505,-0.5406861779237155,0.3247746051188951,0.37279668121857756,0.07054926249520603,0.9285380633680059,-2.095098109494416,-0.32659142889408266,0.30838356435232606
Chhattisgarh,Dhamtari,22013.0,4,"Middle development, weak schooling",0.6809055687695142,7,5.8665135786957485,0.435324398964443,0.10201644162409083,-0.13417372086225732,0.3910545291971227,-0.01859102680100447,0.04753779400369278,1.0430683389848723,-0.18335827411725505,0.9523698631991102,1.1459968489649917
Chhattisgarh,Durg,22010.0,2,"High development, strong clean energy",0.666493452848441,7,5.351510587301718,0.2656328562208246,0.34848968555003923,0.7695469514863393,0.39227659481696453,0.03509118299385492,-0.24704163930478695,0.19681480351314382,0.0826810119356649,0.9049383447611041,1.0102629168993273
Chhattisgarh,Gariyaband,,4,"Middle development, weak schooling",0.6435378299529959,6,4.097573402538893,0.4369435899921669,-0.5392589102751917,-0.564821740873411,0.1835269460563006,0.19671118615929972,0.06768330555203748,0.5716056184551457,-0.4338300857128832,0.500767121488049,0.6619903832839936
Chhattisgarh,Janjgir - Champa,22006.0,4,"Middle development, weak schooling",0.6241594031066753,5,4.4091929442723465,0.3360882138454108,-0.24399738020009684,-0.3087788237324461,0.13385133967743237,0.003259653418982929,-0.015756986821974777,0.147045056776238,-0.14850625009120705,0.4477506683582384,0.4481241781330061
Chhattisgarh,Jashpur,22003.0,4,"Middle development, weak schooling",0.594422859419927,3,7.121800307967563,0.9272727500891688,-0.3422489218078004,-0.6728301612851764,-0.02878376955951554,-0.48847240747591414,-0.040969385517861445,0.4701628477273057,-1.3625378295416692,-0.2797686888402153,0.05030372776611036
Chhattisgarh,Kabeerdham,22008.0,4,"Middle development, weak schooling",0.6700124120226517,7,5.0803802945335,0.9586335693829289,-0.8195121557129248,-0.30463805535025007,0.5009982184599836,0.012204137136510767,-0.0035350800092157166,0.1817014858997755,-0.1061268864650293,0.5436428920505327,0.7693318552836775
Chhattisgarh,Kodagaon,,4,"Middle development, weak schooling",0.5992936298998093,4,5.799895940329409,-0.24525889702924084,-1.2008692343274867,-0.7496303149678943,0.18932235920442805,0.3535207030145087,-0.0772525641335402,0.5123203810365876,-1.4761843275985675,0.5707081564670133,0.5779767456456772
Chhattisgarh,Korba,22005.0,1,"Low development, high tobacco & alcohol use and weak maternal care",0.5454456444396144,1,6.866569904113068,-0.15676466730242744,-0.017323202218709366,-0.28049438413779065,-0.4504608244522465,-0.12973543620082023,-0.32512474363066834,0.34559089257830006,-0.40696301773805765,-0.6675060714070795,-0.3155624138319647
Chhattisgarh,Koriya,22001.0,4,"Middle development, weak schooling",0.5927426796634343,3,5.501154864893036,0.4247534386980912,-0.3263915592618447,-0.42645849667589386,0.35584654071538646,-0.5146832672382596,-0.08480187310894009,0.18245708798774687,-0.5723375049351764,-0.33583955406456323,-0.0029897971809450196
Chhattisgarh,Mahasamund,22012.0,4,"Middle development, weak schooling",0.6652297253092238,6,3.77988338110679,0.2911183915063598,-0.4380582763080304,-0.32569439386727944,0.3542879068308647,0.5602916155812232,0.220811917116243,0.7804025538091383,-0.4666177547086862,0.7364565262514018,0.49594850252656125
Chhattisgarh,Mungeli,,4,"Middle development, weak schooling",0.6157970188732744,4,6.088615817324277,0.4716412854825644,-0.7743547502095802,-0.32396028975670416,0.3002842967496734,-0.3110030886898259,-0.12108899736175183,0.4170206671948069,0.026683678170554753,0.5638911088308817,0.17312322278369877
Chhattisgarh,Narayanpur,22016.0,4,"Middle development, weak schooling",0.6024117263860163,4,7.419355912433667,0.18280499018002339,-1.2604422326503057,-1.5538333653710428,0.22514801490741895,0.4801406574207147,0.13424883776139446,0.6020990918383431,-2.0381112520262077,-0.8806673674512171,0.2946337619857359
Chhattisgarh,Raigarh,22004.0,4,"Middle development, weak schooling",0.6261577290737865,5,5.519175587399407,0.7237417160803606,-0.18572290318580972,-0.2656491981940554,0.2532931144899205,-0.34791389856839106,-0.03125545188087383,0.25270717588094244,-0.43195934976552197,0.025356453583089883,0.36311002971777073
Chhattisgarh,Raipur,22011.0,4,"Middle development, weak schooling",0.6611237696697893,6,5.0910061586484145,-0.22771468170599438,0.041450948064875405,0.43034833248954973,0.4302655776587557,0.5431147457477586,0.1263347929943888,0.49940747445796996,-0.04817406145557086,0.7846811570233369,0.5913400632932599
Chhattisgarh,Rajnandgaon,22009.0,4,"Middle development, weak schooling",0.6776303631458038,7,5.762866892202553,0.9312134372732452,-0.13719456210276806,-0.2791046683705021,0.640907674215465,-0.2006324064748724,-0.08463351808112973,0.6548469522867605,-0.44822344539562836,0.5601284732892865,0.7859948677675914
Chhattisgarh,Sukma,,4,"Middle development, weak schooling",0.5823770192058276,3,9.161122157480559,-0.202689869510342,-1.8936239064994593,-0.669033781246267,0.29274389191537414,0.8927425100192055,0.03186257387268152,0.14933304103653103,-2.7764334432027504,-1.1169477523993752,0.22110496566290813
Chhattisgarh,Surajpur,,4,"Middle development, weak schooling",0.5718091047711443,2,5.882415938943047,0.2501565599861132,-0.7366678833771447,-0.4219652316876471,-0.017617887610999687,-0.2484165848074191,-0.019832058359213017,0.16991799899421564,-0.8692403934463651,-0.5197446186424313,-0.09757888464414158
Chhattisgarh,Surguja,22002.0,4,"Middle development, weak schooling",0.5889599782204821,3,6.658740562370811,0.5140464165419065,-0.4521226752507885,-0.3391458099123449,0.35167631924052095,-0.6262587901976171,-0.03205857198781605,0.6494661088629405,-1.1246627284563384,0.29281805623392987,-0.26808360373076046
Chhattisgarh,Uttar Bastar Kanker,22014.0,4,"Middle development, weak schooling",0.6822053866926029,7,6.2440108674660495,0.6546592395402462,-0.21288559544900026,-0.2980825144336693,0.5921871841493597,-0.12988024066369552,-0.16616956204147038,1.0396217839853337,-0.3397105839521408,0.5998317945160567,1.0968358856418798
Dadra Nagar Haveli Daman Diu,Dadra & Nagar Haveli,26001.0,5,"Middle development, no standout gap",0.6684957340399668,7,6.515953931099189,0.9963970915278468,-0.44704992237352115,0.740217184467682,0.5830832759906011,0.3729601220765598,-0.6090473305999505,-0.050596785221202055,0.19792252407753988,-0.2533267589839223,0.28965266351760754
Dadra Nagar Haveli Daman Diu,Daman,,7,"Middle development, weak women's agency",0.5812241237161601,3,5.881573802061772,-0.21300570786474815,0.5428441795395522,1.0845897368765263,-0.04046774956949037,0.16165747482732415,-0.35198107722994126,-0.239494764426462,0.19587162121771107,-0.03856064609367091,-0.5080877347524563
Dadra Nagar Haveli Daman Diu,Diu,,5,"Middle development, no standout gap",0.7204340634940339,7,6.900647144941805,1.125273150653743,0.5292531498767613,1.0041931958983712,0.5606323496531577,-0.09732424893103682,-0.00861531005788759,1.2375169884334938,0.3846911043570962,0.9856951374001484,0.7748466100810416
Goa,North Goa,30001.0,3,"High development, strong schooling",0.6617161312607145,6,4.972790568515139,0.12379781578668575,1.5150958335531173,1.2402169936835463,0.5181921384894785,-0.6470123903458476,0.5233511955979487,0.6494801409862303,0.3087446530248237,0.8168923555212226,0.5110654944102526
Goa,South Goa,30002.0,3,"High development, strong schooling",0.6915133614509863,7,6.169336320448688,0.7474189933498656,1.5632588895301294,1.2298650727280562,0.5408451696959461,-0.6211799214419848,0.18894185274044395,0.6952996792380292,0.1085809005416209,0.889802913707854,0.732860254803789
Gujarat,Ahmedabad,24007.0,7,"Middle development, weak women's agency",0.6115122730563761,4,7.62778864692602,-0.5498026967446342,0.2655606350812129,1.0349005162901739,0.24737486733198624,-0.2248275119868887,-0.09173195297929126,0.29270310941768674,0.720471320434208,0.807898897011353,0.5013296871248498
Gujarat,Amreli,24013.0,7,"Middle development, weak women's agency",0.6277640591299071,5,6.165546758664362,-0.368922423940802,-0.17882195698876313,0.5480158430388504,0.4636619984660199,0.2090109915094353,-0.18219455891750283,0.5080805934967368,0.4167995849228185,0.2906416453601909,0.21863596389096296
Gujarat,Anand,24015.0,7,"Middle development, weak women's agency",0.5755256980640651,2,6.617931575220331,0.06620875351072317,-0.1222651036065131,0.34441725323052685,0.254324523048908,-0.5684318280454573,-0.20785934095124414,-0.179760107021627,0.6318858180755726,0.7176764968977328,-0.46050874533092684
Gujarat,Aravali,,7,"Middle development, weak women's agency",0.5654584238956546,2,5.910530550867546,-0.3921100473567919,-0.5010871726391624,-0.19285757968786582,0.043775990773903865,-0.06762120680396437,-0.32747315381806413,0.23258567585542456,0.3974283979504383,-0.2658799269073412,-0.17993317475327314
Gujarat,Banaskantha,24002.0,7,"Middle development, weak women's agency",0.4963008550197879,0,8.621804513886563,-1.552163272131086,-1.0940551591066612,-0.8926839234614363,-0.15315683323701954,0.3073184804368906,0.027088124788258616,0.09403702163738015,0.6035568211552531,-0.6514740469547738,-1.0984225569290595
Gujarat,Bharuch,24021.0,7,"Middle development, weak women's agency",0.5327067347321826,1,6.04027669408859,-0.4113138584252974,-0.2273443056736557,0.26712426147332824,-0.10039247460550307,-0.5675069561736148,-0.23137100517761225,0.4098396718579871,0.47826133924788233,0.40895849670657325,-0.9432888744144078
Gujarat,Bhavnagar,24014.0,7,"Middle development, weak women's agency",0.5646549208695101,2,5.918779185277669,-0.3841271263289229,-0.39117737528439767,0.10182980626600865,0.12999762847498875,-0.020348847843984448,-0.21880408980224178,0.3988847263578821,0.31745173289494727,0.11070214245196339,-0.7271576163158846
Gujarat,Botad,,7,"Middle development, weak women's agency",0.5904277946160063,3,6.110609507090221,-0.5744823363607086,-0.6751514047645426,0.45795210366039574,0.1155406005167741,0.32949046983938785,0.1978341133326115,0.3076362170242895,0.5018313495126967,0.33078396719736053,-0.3537554514328575
Gujarat,Chhota Udaipur,,4,"Middle development, weak schooling",0.6207035388215992,5,6.049311244606268,0.12978215236033097,-1.5250475370410905,-0.7974178717512538,0.6218857615162209,0.22902522532147646,-0.4274745061392217,0.2690036858905637,0.22373503621857901,-0.4498181398395162,0.4884834652286325
Gujarat,Dahod,24018.0,4,"Middle development, weak schooling",0.5610139470745242,2,7.136557478387799,-0.7902969182528576,-1.0390154036434724,-1.4993186538473036,0.5848745269582306,0.26418974342856466,-0.33681783149994166,0.09553526635602148,-0.08246146826386344,-1.4240463795683722,-0.13646584365181055
Gujarat,Devbhumi Dwarka,,7,"Middle development, weak women's agency",0.5810609731912736,3,4.893535999847071,-0.4091071709618103,-1.1448008114850796,0.3482176874008192,0.14454242874065037,0.3039317991689722,-0.02031145981069223,0.289343667356831,-0.13335066458196665,0.05463127722761633,-0.273553531340894
Gujarat,Gandhinagar,24006.0,7,"Middle development, weak women's agency",0.5502123349037776,1,6.54270902514642,-0.09267907466744676,0.09999546339153251,0.5645667541734897,-0.125316324790652,-0.6276518526359284,-0.2529897723598346,-0.05877984077693191,0.6667073192823915,0.8058405233787904,-0.6863050445511705
Gujarat,Gir Somnath,,7,"Middle development, weak women's agency",0.632180124915268,5,6.751623362226262,0.12212251054370146,-0.2015206922610775,0.14670569830911986,0.26296539594521334,0.5062075855480951,0.09735648120519114,0.2517815809587269,-0.06841776064650594,0.35047514612613406,-0.11297827820119577
Gujarat,Jamnagar,24010.0,5,"Middle development, no standout gap",0.691475160302485,7,6.537226485716276,0.2874847062072456,-0.06507352086337193,0.7947318959914214,0.43432487897441113,0.2756441904954199,0.38461358269486084,0.404004330667751,0.40429575180835087,0.8763717445636365,1.1838551781658055
Gujarat,Junagadh,24012.0,5,"Middle development, no standout gap",0.6104244415494103,4,5.809679242546801,0.5091810778078933,-0.01726288214799286,0.544908239686513,0.24053719724354553,-0.4413640979186438,-0.1457876877593136,0.3648638024780564,0.2029757667592146,0.5377369939895054,-0.16177336951121465
Gujarat,Kachchh,24001.0,4,"Middle development, weak schooling",0.6308309931297915,5,7.056444239407604,-0.35938310840596566,-0.5047972725657636,0.5328303228832115,0.5590915725040931,0.21787935866421174,-0.017349825361194487,0.21322853461545313,0.5859836335009869,0.6700420523316796,0.2852366544359862
Gujarat,Kheda,24016.0,7,"Middle development, weak women's agency",0.5127736217674782,0,5.8991173092453515,-0.2276289460398569,-0.23690415833694373,-0.14247552828355853,-0.04355642510536685,-0.48976391524465884,-0.6906724763176779,-0.00079919362831532,0.2901177273632707,-0.06815643310741923,-1.3190965737042528
Gujarat,Mahesana,24004.0,7,"Middle development, weak women's agency",0.4904047140915024,0,8.043217487785656,-0.6944497831966262,-0.27317617442116426,0.2667758189986604,-0.3365301547268675,-0.8053663147966732,-0.49408963637754827,-0.1317234384355277,0.6381083514631904,0.19918713230224377,-0.8846181456468823
Gujarat,Mahisagar,,4,"Middle development, weak schooling",0.621732842440813,5,6.429613953231066,0.11052392879360037,-0.5094023739830719,-0.36022241908628333,0.2549237757566629,0.44540434169431986,-0.3268844453199482,0.28063823325594783,0.5202817406401241,-0.9127936770622334,0.21082113985071863
Gujarat,Morbi,,7,"Middle development, weak women's agency",0.5993121739167219,4,8.445322320860278,-0.8325033892650426,-0.23481972383186644,0.7498803287366004,0.363546676474904,-0.11730998438380169,0.20260026027093056,0.17968534082682838,0.3532117453918915,0.5611576601055672,0.420924121548189
Gujarat,Narmada,24020.0,4,"Middle development, weak schooling",0.6151391678079263,4,5.401445606041834,0.022588103900057034,-0.7497883623370145,-0.9955021939356191,0.5624635908109783,0.11382600110913156,-0.29126922287010476,0.2711405703129776,0.0751388759988453,-0.4302449981519194,0.2871888144190241
Gujarat,Navsari,24023.0,5,"Middle development, no standout gap",0.6797431504391672,7,6.719095545189031,0.6003365279394735,0.19868778890113373,0.5345522645996417,0.7958725883857702,-0.28385347482534085,-0.5975327962404283,0.788024630893875,0.5364666702189829,0.5058799072151483,0.8414965625321249
Gujarat,Panchmahal,24017.0,4,"Middle development, weak schooling",0.5913536277689985,3,6.691907559212146,0.5909740469851827,-0.4593876386524634,-0.40266326793810225,0.2355597834045203,-0.44223657631421126,-0.3748545369654137,0.061575771381223256,0.4483514351844768,-0.6348372801205369,-0.13780951279737322
Gujarat,Patan,24003.0,7,"Middle development, weak women's agency",0.6162509988002122,4,7.832746308332986,0.32125619686210943,-0.7882388473490486,0.32889139886298235,0.26828272706138223,-0.10467299446841484,0.03128529776702582,0.30173058489348953,0.6399444523844267,0.38186008393578574,-0.05677470651821337
Gujarat,Porbandar,24011.0,5,"Middle development, no standout gap",0.6872467627338946,7,6.741976106396313,0.4055555068392057,0.06021586734107599,0.8061250902395323,0.7159726910231877,0.012417097895437748,0.45046330168125764,0.6183171053038287,-0.015183173634391478,0.6296636560121582,0.7913080013311156
Gujarat,Rajkot,24009.0,5,"Middle development, no standout gap",0.6758922319605024,7,7.342145964432861,-0.1146343339021259,0.18629659089133302,0.9206849974364955,0.6544868430275009,0.2115038110592159,0.20039048123660907,0.5255831053352741,0.3958578845305708,0.8217690667659692,0.7939442382680532
Gujarat,Sabarkantha,24005.0,4,"Middle development, weak schooling",0.5811770623719078,3,5.665600855099195,0.4039122449799887,-0.18941438524113538,-0.1141910886889047,0.046995183000532674,-0.44999519040369246,-0.377806189115195,0.12612116668647932,0.5607375849099755,-0.579205415506588,-0.2246889424094915
Gujarat,Surat,24025.0,2,"High development, strong clean energy",0.6619160801173338,6,6.220986927972266,0.3198030518271389,0.5664500575560577,0.9879704565814907,0.6276280974136969,-0.2583499964653042,-0.2922227327631964,0.05277979255242842,0.5549613083602122,0.6650141554914514,0.7624795912944375
Gujarat,Surendranagar,24008.0,7,"Middle development, weak women's agency",0.5634328485029255,2,6.306821349997926,-0.7570432358274155,-0.7046177951484813,0.3437365848067192,0.03701166756888747,-0.043987465532367924,-0.14310546881444566,0.3621004932903531,0.5519112950635334,-0.09965940815824703,-0.04439601835523479
Gujarat,Tapi,24026.0,5,"Middle development, no standout gap",0.6390642053517559,5,7.083849785423982,0.6415972112013234,-0.49281938354452426,-0.10968971543789566,0.6612753033181386,-0.7242478690970227,-0.27983602821784254,0.9341353827307711,0.2961157142979283,0.2550219230442391,0.5383241162050986
Gujarat,The Dangs,24022.0,4,"Middle development, weak schooling",0.642118183977856,5,5.821782845260279,0.44516485829866065,-0.6915801096562773,-0.7725692073266947,0.5756425275574417,0.2746673571766913,-0.06501783596972081,0.5605900177723158,-0.19722568806221602,-0.17115351945076154,0.11684047391251917
Gujarat,Vadodara,24019.0,2,"High development, strong clean energy",0.6011030397164948,4,6.824217047236134,-0.29648930883305824,0.7264206751062734,0.5290217804501551,0.258550296802456,-0.2505918789383644,-0.2019541334136338,0.7051509187711629,0.7465731173019236,0.8288221888844535,-0.5463489970407711
Gujarat,Valsad,24024.0,2,"High development, strong clean energy",0.6613452449749101,6,5.523443074558441,0.3395864265377864,0.6673016429665429,0.5825154893381812,0.8100094112590056,-0.4633033162942698,-0.1433362712913095,0.43851661717222745,0.4399715197110755,0.7261129175560275,0.48127743342788626
Haryana,Ambala,6002.0,2,"High development, strong clean energy",0.6194921540666987,5,4.567409644109885,0.24918082017903032,1.0391338647551125,0.8792773136145349,0.007916383301438016,-0.3369913247151877,-0.2619682890823675,-0.30152443029865544,0.7472889528624602,0.8729632207455705,0.2504109468557635
Haryana,Bhiwani,6013.0,4,"Middle development, weak schooling",0.6507866303457372,6,4.942307082647158,0.34303142484467103,-0.007292143121929412,-0.004083905166368251,0.34788654793368984,0.18499393685680113,-0.13556038731614853,-0.01358562528092147,0.6003636735107201,0.8505717414457895,0.3933255826144881
Haryana,Charkhi Dadri,,5,"Middle development, no standout gap",0.662268649942359,6,4.445968339873023,0.5703426738840801,0.3949234270579026,-0.07275502594727096,0.27845901861468614,0.06502404551916563,0.08214140310384174,0.17728094078798984,0.5736226586559227,0.8629737237737256,0.35230605879827587
Haryana,Faridabad,6020.0,2,"High development, strong clean energy",0.6280220129038697,5,5.170613273137691,-0.24468657769711402,0.6325473864787166,1.0870085635422921,0.03481480588462049,0.041141055943231426,-0.23446435340851313,-0.17003102330381026,0.7832069962173838,0.6811787733609828,0.6369270529099749
Haryana,Fatehabad,6010.0,5,"Middle development, no standout gap",0.6630335729374737,6,5.314635624980607,0.6847672022624346,-0.25144769850936555,0.11875753879498713,0.5130477075134706,-0.11901653931465947,-0.2644645298969469,-0.021668061138594874,0.8029612767368074,0.9071996445217123,0.6391579068378219
Haryana,Gurgaon,6018.0,7,"Middle development, weak women's agency",0.6181459008413983,4,6.721254469058386,-0.42738817799223344,0.6311860963254337,0.8426991748613439,0.22346941342529103,-0.02410645955774947,0.16693677779238927,-0.403725505065816,0.5153532198907502,0.8023139623195483,0.38758221793734837
Haryana,Hisar,6012.0,5,"Middle development, no standout gap",0.642955556093696,6,5.200763880938439,0.5624286743027099,-0.1236090634882718,0.12945384809376387,0.549494276350122,-0.3147186660359466,-0.266817419483692,-0.1571716403948216,0.5979953610602438,0.9399678808711741,0.41571129355717035
Haryana,Jhajjar,6015.0,5,"Middle development, no standout gap",0.6874648675448902,7,6.0587536831922275,0.6639671309036765,0.5771310552276577,0.3713444101089464,0.3874825168260412,-0.0025306035546238,-0.05910093919729822,0.6802731757486341,0.5830440662604777,0.8658252097402157,0.705142788577974
Haryana,Jind,6009.0,5,"Middle development, no standout gap",0.650275788085538,6,5.338390939744517,0.25592631278716793,-0.05803884265280208,0.10978722534402327,0.32019054568859545,0.20177820316719183,-0.3199732532643022,-0.09348821633941147,0.5264576271751877,0.7284073656709427,0.7738253539077382
Haryana,Kaithal,6005.0,5,"Middle development, no standout gap",0.6506589101834515,6,5.153426611292293,0.4301133852109952,-0.27070398811792074,0.39550024371555104,0.6228128705311103,-0.10463093713207226,-0.21477154797283746,-0.08397696439493489,0.8283917482276753,0.9119914668795889,0.2679882237545076
Haryana,Karnal,6006.0,5,"Middle development, no standout gap",0.720114871613868,7,5.7748135431717404,0.501138285541187,0.6880594653965186,0.6756868320689753,0.8324393690235101,0.5750361539121638,-0.06530716878249747,-0.09708861677859788,0.5711966346172938,0.7793322968138854,0.8578414089083518
Haryana,Kurukshetra,6004.0,2,"High development, strong clean energy",0.636060898683751,5,5.193946674508482,-0.009861370950174031,0.6214890085737725,0.7964619459706137,0.5522871861112987,-0.4925044526028896,0.21745862572244287,-0.14504211974249068,0.6945996425196567,0.7475932472807044,0.3604321892439365
Haryana,Mahendragarh,6016.0,5,"Middle development, no standout gap",0.6310822344912789,5,5.014792562363956,0.01483333915615992,0.20388544728795743,-0.1020847929659301,0.2756861449467086,-0.004225968302083753,-0.08621502516675505,0.04865476734232423,0.6133811914660476,0.6365655925351599,0.39527546139575226
Haryana,Mewat,6019.0,6,"Low development, weak clean energy and weak civil registration",0.5027390367000252,0,7.946564976601898,-0.9185569096019278,-1.8131921736802938,-0.47545083231291085,-0.3391682225572875,0.8590869264193731,-0.15870641956809187,-1.1413167134338411,0.6609151998650346,0.19122286060865443,-1.3873750102625921
Haryana,Palwal,6021.0,4,"Middle development, weak schooling",0.589103959861114,3,5.396559725095121,-0.22336604717797576,-0.44071889373450535,-0.17834867382465153,-0.1089102091879335,0.2040702201331347,0.06302482870111058,-0.5309349841730089,0.5739537807705707,0.46993922152997325,0.16019551267477244
Haryana,Panchkula,6001.0,2,"High development, strong clean energy",0.6715595403797427,7,5.383152035766634,0.9333048730771557,0.631203008865935,0.8568474758557432,0.4610561156164794,-0.5876152869269036,0.06640272281989477,-0.0512575510896226,0.7713788933934993,0.7045994394770447,0.6352929417451306
Haryana,Panipat,6007.0,2,"High development, strong clean energy",0.6136054314641359,4,5.501166278605927,-0.13947770930779188,0.35035755020049664,0.7012242731801046,0.06788875438010435,0.043754826502280894,-0.21665541750990255,-0.18037688352422596,0.5911510575190517,0.6312167323257085,0.2737602454406435
Haryana,Rewari,6017.0,2,"High development, strong clean energy",0.651854115314847,6,4.88373675178609,0.3686759455497234,0.6045600462480067,0.37479640180457074,0.3544243957519763,-0.04862690892998276,-0.22409434548542104,-0.3332668768799363,0.4647350641848261,0.8693186224451523,0.6193858165160517
Haryana,Rohtak,6014.0,2,"High development, strong clean energy",0.6432999282704613,6,4.8495229491515035,-0.06804278071294455,0.546336961771891,0.5952902910908201,0.5101217809713207,-0.048388606876455874,-0.2379389024910068,-0.05357384636819488,0.5802011012341516,0.9225711500573156,0.46654230830793075
Haryana,Sirsa,6011.0,5,"Middle development, no standout gap",0.6180905332499609,4,5.77615667535133,0.41277219590412323,-0.1872887443112745,0.029386630234486844,0.5314623321923734,-0.5725565214323599,-0.3872474652739893,-0.21776090722878175,0.8615678369465507,0.6860554846057285,0.24229246188670736
Haryana,Sonipat,6008.0,5,"Middle development, no standout gap",0.643564758826162,6,5.587506725334445,0.1254350067916051,0.6071436992408222,0.6008086128461598,0.34959416855722236,0.07675980148771386,-0.3246586528346291,-0.1504151594928719,0.5730318041725659,0.7263489920383807,0.43620512771832465
Haryana,Yamunanagar,6003.0,2,"High development, strong clean energy",0.6336475291191307,5,3.673356323002795,0.14085512707683334,0.7946879785344051,0.8226881637683165,0.0870866573183243,-0.4040192547943518,-0.30719249738331916,0.2180587410816093,0.6524918460627556,0.7854742693572649,0.7717311567110894
Himachal Pradesh,Bilaspur,2008.0,5,"Middle development, no standout gap",0.6884515394877236,7,5.695400744157436,1.2469112918962848,0.8028698565860224,-0.02064697869515253,0.4190643904260518,-0.375769289078589,0.13919790839647328,0.46614805958024075,0.38933724838003914,0.2541770701777472,0.6225810299439403
Himachal Pradesh,Chamba,2001.0,5,"Middle development, no standout gap",0.6941952885423471,7,5.6466423523933456,1.269539393641895,0.41226151105103837,-0.14591130345365658,0.017229578639538647,0.2571900785802984,0.2822213819525989,0.45981290043506745,-0.03205652125976294,0.0006850823444427556,0.7385811227134107
Himachal Pradesh,Hamirpur,2006.0,2,"High development, strong clean energy",0.6099047333749509,4,7.436930036027263,0.05717685392457092,1.2179725792287983,0.12738346390266597,0.16338194718054116,-0.9470509250037406,0.2689780248077451,1.0011385828451818,0.36135590826648817,0.7331660396745122,-0.034166736560505416
Himachal Pradesh,Kangra,2002.0,2,"High development, strong clean energy",0.6274784395330102,5,5.445835491540042,0.6483598436859257,0.9790773544588629,0.21848036831097917,-0.08242089637834657,-0.4163321532696581,0.07333774485539961,0.28742000446132787,0.22713765371717282,0.33977742570723024,0.13891678079113018
Himachal Pradesh,Kinnaur,2012.0,5,"Middle development, no standout gap",0.6916795685066438,7,5.565248819617494,0.8063030663031225,0.5602706610218129,0.6473942842115559,0.2299510456425184,0.5927354356468396,0.2294810581222609,0.04047453662158965,-0.2919959867573749,0.47517004449824857,0.45111320086734946
Himachal Pradesh,Kullu,2004.0,5,"Middle development, no standout gap",0.7007952233880164,7,5.084393313147724,0.5322451891244738,0.5644005790724038,0.4872818706790549,0.2436476177915577,0.6968850554308,0.4971923981902886,0.3528350933391564,0.2221168010577197,0.35427093002203525,0.6068664148787615
Himachal Pradesh,Lahul and Spiti,2003.0,5,"Middle development, no standout gap",0.6999303134548227,7,5.238778047546722,0.42910006437471476,0.3240923521563047,0.6984651123024348,0.2704339951513512,0.8083969797557427,0.5442847864157453,0.9907694998442546,-0.08298783242315355,-0.6466490762425908,0.44157312446459435
Himachal Pradesh,Mandi,2005.0,5,"Middle development, no standout gap",0.7049913264960624,7,5.404325297553827,1.2429749015288143,0.9201719102325625,-0.02306580536091829,0.3918159257443598,0.0012118698189113744,0.2386518299101211,0.6625159372518524,0.24817702747433948,0.6939348674124477,0.416607700793035
Himachal Pradesh,Shimla,2011.0,5,"Middle development, no standout gap",0.7260626531242378,7,5.0260631042749955,0.765196308160749,1.087993208658246,0.8530551499482151,0.5768075667554963,0.3115002279313424,0.32975747869577504,0.2169119085286614,0.2615230183477614,0.7536503309372138,0.964105374184262
Himachal Pradesh,Sirmaur,2010.0,5,"Middle development, no standout gap",0.7232282643379088,7,4.958142546308992,0.9456313120373949,0.34628267777021304,0.1104719478992138,0.6354904454877156,0.41844712037450116,0.32974039645000985,-0.01846009284543389,0.523372801122447,0.549581938465866,0.908031599431801
Himachal Pradesh,Solan,2009.0,5,"Middle development, no standout gap",0.7016433403797537,7,4.242260553450014,0.8908067516255748,0.8909772454621949,0.4355222659016042,0.3921212876765816,0.15956832281464559,0.3102665269030059,0.235631844848494,0.4120614714410062,0.5105536923318477,0.5793484391287617
Himachal Pradesh,Una,2007.0,2,"High development, strong clean energy",0.5961232444868116,3,5.946529621556117,0.3867606892210915,1.0143450032189136,0.013504225129510466,-0.11492505997510692,-0.6178308088629982,-0.5058596622674554,0.18582922574649394,0.4988970970356639,0.6377128165926174,0.09014052633045307
Jammu Kashmir,Anantnag,1014.0,5,"Middle development, no standout gap",0.6538426862441498,6,6.877836849952384,0.22514565920838964,-0.19864181367691602,0.6649864686388174,0.08684679706460716,0.4638220493520737,0.05396061202343172,0.36923360818985135,0.6114457181859142,0.784799194264513,0.3073270403468247
Jammu Kashmir,Badgam,1002.0,5,"Middle development, no standout gap",0.6705047263195352,7,6.563779689205724,0.7213568209149959,-0.36573395183014157,0.6498090567459405,-0.005337688933489027,0.7672842622259194,0.19201689836209104,-0.2720701213449203,0.6403496993558447,0.29828495368455743,0.3674736018050675
Jammu Kashmir,Bandipore,1009.0,5,"Middle development, no standout gap",0.6093950728107065,4,7.54489237465218,0.25902043655095175,-0.6514453999639386,0.730205597724096,-0.23623170396284418,0.7728484471485813,-0.0891673186499029,-0.2787904753467832,0.608334639171992,-0.4299426269609542,-0.3727077401092483
Jammu Kashmir,Baramula,1008.0,5,"Middle development, no standout gap",0.5860891053989866,3,9.141619407985997,-0.15583565699752025,-0.618518630123595,0.6649864686388174,-0.3718358777658603,0.8493543783595875,0.18885664298643615,-0.36371222737815273,0.740289161824515,0.16942156751475518,-0.7556577080673461
Jammu Kashmir,Doda,1016.0,1,"Low development, high tobacco & alcohol use and weak maternal care",0.5601382202342384,2,8.614494546909429,-0.8679726030452062,-0.3695459987108722,0.06768671070410809,-0.42252578286852605,0.6782622559801356,0.15895955388137784,-0.5733025572025489,0.6407322479845219,-0.11337839231738123,-0.08606325773691312
Jammu Kashmir,Ganderbal,1011.0,5,"Middle development, no standout gap",0.6156180406859235,4,8.103534634874057,0.5469518722887572,-0.8395289886369139,0.9251701541619783,-0.13521233220047416,0.6710600944425434,0.09762265523236668,-0.6171493522848327,0.7309374599048525,0.43364442412126947,-0.683841408809996
Jammu Kashmir,Jammu,1021.0,5,"Middle development, no standout gap",0.6820757209092189,7,6.547691934230833,0.33939636301421616,1.0691829066254053,1.05802318486692,0.2842019497509984,0.5534498783621377,-0.15961216782531396,-0.08648924786841304,0.5592420763935118,0.6982213924513124,0.5158537881276077
Jammu Kashmir,Kathua,1007.0,5,"Middle development, no standout gap",0.6766942917651279,7,6.561562850231834,0.9503026577018867,0.5643327173140129,0.6201349013839965,-0.04417829374323663,0.18610601101946925,0.11062635802840444,0.026601972204178554,0.47073733008982027,0.2602858943668204,0.9036483773367434
Jammu Kashmir,Kishtwar,1018.0,5,"Middle development, no standout gap",0.6377669555359491,5,7.802611370178984,0.434091586767488,-0.2337531699665319,-1.0669568003824836,-0.048773716689381325,1.298447182897666,-0.3387811605151729,-0.16549014495432746,0.5353488295049044,-0.8681141995277982,-0.2605219426196802
Jammu Kashmir,Kulgam,1015.0,5,"Middle development, no standout gap",0.6803562664144548,7,7.6425643799913585,1.0625458389911355,-0.4957765922615823,0.04836447629765406,0.1913479376544653,0.5803870497247878,0.1059066980042187,-0.021066654684995873,0.7732186236383002,0.4585664260183183,0.322567548948341
Jammu Kashmir,Kupwara,1001.0,5,"Middle development, no standout gap",0.6559997641877434,6,7.4536238561299895,0.46328822467327463,-0.19859396174914562,0.4372482617494155,0.1055379536862015,0.919563125099202,0.17016794057855225,-0.15242210146522292,0.4877050452074375,-0.508759083208612,0.06109039409160166
Jammu Kashmir,Pulwama,1012.0,5,"Middle development, no standout gap",0.6592939526135492,6,7.667615402264461,0.5522642106112389,-0.14309555635429233,0.7153685200431228,0.12516525143997445,0.7054494220506171,-0.3402171156180949,-0.14513444291711272,0.711176776776119,0.9482862642882927,0.06378378531814977
Jammu Kashmir,Punch,1005.0,5,"Middle development, no standout gap",0.6651183483437413,6,7.143273411235852,0.4549155940999373,-0.05371598878449403,0.1253130797115679,0.16518506316962403,0.9322293498515205,0.21979957152792573,0.09548221776312171,0.7287151823321212,-1.2319256186595884,0.11848747275614394
Jammu Kashmir,Rajouri,1006.0,5,"Middle development, no standout gap",0.6312659493581732,5,6.903254024099181,0.4648723330450106,-0.04667267719293751,0.12427991468170937,-0.023125838559206417,0.8117513993424642,-0.12222412202115396,-0.2767977204783583,0.5017673866492498,-1.2965509417834074,-0.09185698324232365
Jammu Kashmir,Ramban,1017.0,4,"Middle development, weak schooling",0.6123478602808035,4,7.859885808527247,-0.13409897512045713,-0.8687750891351224,-0.33467281558100725,0.1413620279875625,0.9752442851235678,0.3456109263750046,-0.468084188445203,0.6096474350070936,-2.0684805536796365,-0.05780829407312282
Jammu Kashmir,Reasi,1020.0,4,"Middle development, weak schooling",0.5946484721103774,3,8.154861029195999,0.14451389649703736,-0.48726299756239483,-0.04514720064504202,-0.4781922125074047,0.9164623768119724,0.23054842594937655,-0.6683599456198522,0.5007425310791095,-1.3914139786594204,-0.20284567491406474
Jammu Kashmir,Samba,1022.0,5,"Middle development, no standout gap",0.6480853208768629,6,5.256279856765405,0.3953057948464695,0.46039017700218476,0.7253801067867092,0.28031803325975857,0.38352317028458066,-0.10311729843350681,-0.12211972848642395,0.2117234432689537,0.3371951625773996,0.06364424525777579
Jammu Kashmir,Shupiyan,1013.0,5,"Middle development, no standout gap",0.6974771003573876,7,7.404187822443306,0.8148603801735107,0.10863251700810658,0.5946015144042482,0.09268428657044296,1.0991132237539827,0.11617066038127162,0.2646486623201249,0.5589529514090635,0.8421353207874948,0.07467681307773448
Jammu Kashmir,Srinagar,1010.0,5,"Middle development, no standout gap",0.7063140947199467,7,7.483512764806315,0.718006777219654,0.07765072592374134,1.275413524932213,0.07267549987365646,0.9465418612941351,0.2401339426863851,0.21068531500735876,0.8282531961148595,0.8097211961615618,0.4196423699124242
Jammu Kashmir,Udhampur,1019.0,5,"Middle development, no standout gap",0.607742250818872,4,6.199599093859448,0.08984081966915819,-0.1265453056974816,0.3668592533834654,-0.19969227574367096,0.49968516337387114,-0.16304150680743357,-0.1361770245048551,0.08645955648167991,-1.1471701159965966,0.3278171924662717
Jharkhand,Bokaro,20010.0,6,"Low development, weak clean energy and weak civil registration",0.5508386668623246,1,6.373063061636058,-0.0745276408926663,-0.07700305293230145,-0.11486770298133131,-0.3530626730685371,-0.09900528812289093,-0.20512679063302153,-0.5896063951445938,-0.07365769424417438,-0.7234071588576867,-0.07598290669081684
Jharkhand,Chatra,20002.0,6,"Low development, weak clean energy and weak civil registration",0.5063817365684526,0,4.85052948617357,-0.08689195612640656,-0.9901997293894903,-1.293641571585118,-0.6469228276894615,0.23527620274457728,-0.3792143678575038,-1.0479611766856214,-0.46818986145318214,-1.4886377603589613,-0.30322505391521243
Jharkhand,Deoghar,20005.0,6,"Low development, weak clean energy and weak civil registration",0.462601006745168,0,7.489589056849353,-1.0912709940397753,-1.2435577746464934,-0.8067325735455043,-0.7428098639097767,0.43036887404140256,-0.3482390066162389,-0.8970325084564199,-0.11800920137129398,-1.2572162884562155,-0.9026904345729857
Jharkhand,Dhanbad,20009.0,6,"Low development, weak clean energy and weak civil registration",0.5316050793444621,1,5.275316478866884,-0.3192301328281987,-0.1109424050168368,-0.17283035206931202,-0.5052142493810172,0.14763875685989894,-0.4253400595772296,-0.6439174534640523,-0.021859177188206583,-0.4570078913774348,-0.4039477730691069
Jharkhand,Dumka,20017.0,6,"Low development, weak clean energy and weak civil registration",0.5125131045123854,0,5.278093368729603,0.10699549361871731,-1.1779864427054703,-1.208403323144048,-0.5017803442906678,0.35449501381438997,-0.23184922493251492,-0.64575368133312,-0.888362108125719,-1.150187343734619,-0.8866505720086622
Jharkhand,Garhwa,20001.0,6,"Low development, weak clean energy and weak civil registration",0.5127357461516312,0,4.71988387380104,0.03276348871718153,-0.7673917509682672,-2.0621471444023536,-0.38075335031035046,-0.04611590956394888,-0.08500436009411871,-0.861387741185114,-0.08164929557181155,-0.7119826228134682,-0.7574110158823644
Jharkhand,Giridih,20004.0,6,"Low development, weak clean energy and weak civil registration",0.5067539041017933,0,4.367954880885728,-0.23860756259180987,-0.8436738653868283,-0.5137671293080601,-0.6502278907534063,0.12429999620154897,-0.2542552026609149,-0.8801496371233267,0.015850062140495114,-0.833084663417728,-0.6103845278527461
Jharkhand,Godda,20006.0,6,"Low development, weak clean energy and weak civil registration",0.5107224686960662,0,4.818544766359455,-0.32083093082481323,-1.4673829368160782,-1.1390434256765736,-0.09104577612936358,-0.02783206034707555,-0.20219087202615513,-0.7944491795110932,-0.11549631681654643,-0.7513318323167089,-0.568214401124869
Jharkhand,Gumla,20021.0,4,"Middle development, weak schooling",0.5889571828866778,3,7.000145468367848,0.686859253128773,-0.7734467325540892,-1.682894070168456,0.3993383687004869,0.41510120297455333,-0.24738381472362317,-0.46409876207714373,-1.4432663218418895,-1.91560631518789,-0.33676419698877363
Jharkhand,Hazaribagh,20015.0,6,"Low development, weak clean energy and weak civil registration",0.5290502917949998,1,5.364631498276103,0.08627834302987239,-0.3257568024258894,-0.21734563924361033,-0.4189922185771017,-0.04761091070933849,-0.17501116771515957,-0.6701699986674584,-0.1343615335502959,-1.0890222849614295,-0.7332424785310547
Jharkhand,Jamtara,20018.0,6,"Low development, weak clean energy and weak civil registration",0.5375374071573068,1,5.487647907489545,0.0017848603124748573,-0.9364094922491193,-1.2836340389729126,-0.27243744420779625,0.21345300164390194,-0.22251570740580714,-0.7963910753225051,-0.4290802707198424,-0.7271180538667187,-0.31603732824547587
Jharkhand,Khunti,20020.0,6,"Low development, weak clean energy and weak civil registration",0.5511237895829644,2,7.9653399188178575,-0.0689911972108045,-0.8960070229182945,-1.2322147684073659,-0.015204565934088388,0.5600787040909104,-0.10210818427675644,-0.8169096833299506,-1.7395990278931992,-2.141121889029609,-0.0035777647875807617
Jharkhand,Kodarma,20003.0,6,"Low development, weak clean energy and weak civil registration",0.550768549203547,1,6.222392235931847,0.1568740094463138,-0.5021375794665917,-0.37090656599091504,-0.15776445406280917,-0.023571281419482427,-0.1557809650728351,-0.5368122824061233,0.26155100739339615,-1.243718822603385,-0.56065080024797
Jharkhand,Latehar,20014.0,6,"Low development, weak clean energy and weak civil registration",0.5596472793810376,2,6.896284900111728,0.34724475964722673,-1.1362061447683944,-1.796420812335561,0.1309776199555957,0.3609655340830184,-0.449791165407784,-0.41839430296030183,-1.043261300309306,-1.6240821196825426,-0.3115019595073459
Jharkhand,Lohardaga,20011.0,4,"Middle development, weak schooling",0.6165784713759043,4,5.258111775707403,0.7740211405757337,-0.5576045889991821,-0.15453722856133367,0.18553646705390361,0.3574202929579075,0.013285313367218813,-0.430573978665371,-0.700919670103872,-1.098388447373086,-0.08487362591491422
Jharkhand,Pakur,20008.0,6,"Low development, weak clean energy and weak civil registration",0.478393435909428,0,6.2202656676946475,-0.07315782098406437,-1.7667950367757421,-1.4144166854867564,-0.48116557373729135,-0.2160158165782198,-0.2613843794384867,-0.5829207265707412,-0.3628999783030504,-1.5087161993655704,-0.9291902053446325
Jharkhand,Palamu,20013.0,6,"Low development, weak clean energy and weak civil registration",0.5525409638784444,2,5.151268656980585,0.2068120190016773,-0.55367974215678,-0.7432394403080373,-0.31038255814849386,0.1473886149828152,-0.14433355184691468,-0.2048734998046877,-0.2576450076363598,-0.8396470443932492,-0.5655992472088422
Jharkhand,Pashchimi Singhbhum,20023.0,6,"Low development, weak clean energy and weak civil registration",0.5194224895418925,1,8.209208652942156,0.3047238763191085,-1.1540687884468968,-2.4579470756395088,-0.36519204962704965,0.41572881284711843,-0.43539515773068205,-0.9683057410366095,-2.1570028291518137,-2.1010790122553584,-0.1268216843829258
Jharkhand,Purbi Singhbhum,20012.0,5,"Middle development, no standout gap",0.616579225856088,4,5.179052440336392,0.5347973247955972,0.2308082860815912,-0.08865364757777379,0.13074450412878486,-0.0952398591317765,-0.17330317544264953,-0.2511245188172598,-0.015089123506239449,-0.3161815234900952,0.18440240928219498
Jharkhand,Ramgarh,20016.0,4,"Middle development, weak schooling",0.5745180989667685,2,6.13530148267367,0.33617062259945435,-0.25097172808055546,-0.2677236365165346,-0.12673000676376506,0.10085889056293373,-0.08753393914001016,-0.6656231302156367,-0.4610489502839409,-1.3262316176840259,-0.026572517965835152
Jharkhand,Ranchi,20019.0,4,"Middle development, weak schooling",0.5981788579122136,3,5.423602794620348,-0.13417329262670336,0.2756432619082046,0.34822174153220037,0.08081640362549619,0.2207542380055369,0.03195788955285813,-0.489407913134473,-0.3869291670526027,-0.2781493158180522,0.10764239533309031
Jharkhand,Sahibganj,20007.0,6,"Low development, weak clean energy and weak civil registration",0.4915194029001076,0,5.720172750441411,-0.30506174464732866,-1.4087850731124074,-1.4161426813345694,-0.3732669529898531,0.21840364615993224,-0.4276123547659428,-0.6294522009187736,-0.34005889357599894,-1.3604825976362167,-0.9328830090494767
Jharkhand,Saraikela-Kharsawan,,4,"Middle development, weak schooling",0.616462481401611,4,5.437120631779309,0.6362031170917556,-0.572939559581107,-0.8947380911270063,0.24091430554200258,0.19379784744077475,-0.0908380314366344,-0.24487309385321063,-0.6403652291121391,-0.8898306037348274,0.3038990169766397
Jharkhand,Simdega,20022.0,6,"Low development, weak clean energy and weak civil registration",0.5447764826530025,1,8.681532313431527,0.2410239465537414,-0.6516807079136236,-2.3530422044486996,-0.0916332512482219,0.09947941657190658,-0.19588013783574043,-0.714425104860758,-1.5222463905428234,-1.6900430368158164,0.018601924357647737
Karnataka,Bagalkot,29002.0,4,"Middle development, weak schooling",0.5887594565885141,3,5.495123023160064,0.026399007071494975,-0.3468697638008978,0.2771358482169145,0.1337331571898214,0.26261245695114316,-0.6166474628579621,-0.09218613503879632,0.3971047111264955,-0.3992141720657967,-0.2546052618338752
Karnataka,Bangalore,29018.0,2,"High development, strong clean energy",0.6300811667553162,5,7.349536229220062,-0.31988363594724384,1.4314303974220994,1.1056339129994106,0.33952836113341467,-1.1383738648965525,0.14191700205275648,0.685425360538868,0.721907646302161,0.9796712020979449,1.0830937973020434
Karnataka,Bangalore Rural,29029.0,2,"High development, strong clean energy",0.6815763663272233,7,5.388737288826304,0.7683190934481782,0.6645833740391116,1.0794117493330906,0.3672957031693039,-0.5760757816337214,0.147194486208586,0.7282147515695993,0.41163637597192404,0.8434005820861287,0.9737264961762018
Karnataka,Belgaum,29001.0,5,"Middle development, no standout gap",0.6363872598128987,5,4.579618592049844,0.21421031032798693,0.40187346353417935,0.6781016046033583,0.0569210616444852,0.2611148696457152,0.1116598449476115,0.10939657326390957,0.6371366597490693,-0.11567284043229548,0.17922562112921409
Karnataka,Bellary,29011.0,5,"Middle development, no standout gap",0.6190115409469475,5,6.516865063948516,0.09683771327247086,0.029809357444472356,0.682931149672128,-0.22992693832209735,0.38362428449159613,-0.37545283914075095,0.4551398101293804,0.5764052341232389,-0.22420312093487907,0.19588496655681603
Karnataka,Bidar,29004.0,4,"Middle development, weak schooling",0.6136199347128892,4,4.621992821575498,-0.2585023410329213,-0.11373295494011779,0.44311097184804177,0.1200940520220629,0.2392982651261177,0.06062770991846813,-0.0346828226441076,0.46659913918947904,-0.23425891461533643,0.39633143248421837
Karnataka,Bijapur,29003.0,7,"Middle development, weak women's agency",0.574116659112425,2,5.069416518558443,-0.30902864453455625,-0.007101285315193107,0.20293829741790653,-0.1843806468529413,0.19157843320035411,0.2310900639637075,-0.13456517958910094,0.3612117184927651,-1.0399528013230026,-0.26743190226175784
Karnataka,Chamarajanagar,29024.0,2,"High development, strong clean energy",0.6631766507698592,6,5.619297608617559,0.46623258834493436,0.04193787252980661,0.9237844925260709,0.39496287927440743,-0.6267826152859968,0.3062261820696795,0.49777441296116587,0.6547051788443697,0.48662772889677414,1.1247516414500809
Karnataka,Chikkaballapura,29028.0,2,"High development, strong clean energy",0.6497969279950385,6,5.899471906770727,0.09037288405559075,0.11883707802618135,1.0770010309300888,0.27314058788747597,-0.3935987002281007,0.0834162886015185,0.6316673324697694,0.5137617453488037,0.7181486458624382,0.9781664337449556
Karnataka,Chikmagalur,29016.0,2,"High development, strong clean energy",0.6499623524725815,6,4.601075723727329,0.6452733261934842,0.4018553675611515,0.7892135742360802,0.19082084449798814,-0.6362963071045546,0.21556705279099253,0.3566325949204703,0.21106208996074588,0.8317068232052505,0.8581113846051421
Karnataka,Chitradurga,29012.0,2,"High development, strong clean energy",0.656190652951112,6,5.901251867957099,0.7479329466732422,0.5957765108912312,0.8827293053101591,0.19797691554027524,-0.6301465608872266,0.3541353394107592,0.5408211975601859,0.08768559866479428,-0.06906758268252408,0.8746146715748575
Karnataka,Dakshina Kannada,29021.0,2,"High development, strong clean energy",0.6577802952461034,6,4.831204525104254,0.5119454081884917,1.056790963510104,0.9117146839855317,0.23988430172349764,-0.6328385304712094,0.18063608850897647,0.7189142705241722,0.9219798376150433,0.5649017034689047,0.4289003882567138
Karnataka,Davanagere,29013.0,2,"High development, strong clean energy",0.5585972364013564,2,5.570176851365961,0.02897595660858892,0.403193162049292,0.7308943744106675,-0.4594565037902853,-0.4173898081569887,-0.0595437510916037,-0.1021304775404387,0.46852424455378006,0.6248718336542818,-0.46774167880625095
Karnataka,Dharwad,29008.0,2,"High development, strong clean energy",0.6487172414165195,6,4.723457077016067,0.28737692011695415,0.4173215118620012,0.8033618752304813,0.3311372318217563,-0.2264841558698749,0.293656021028503,0.6175017251770183,0.409144559554002,-0.10581997287988443,0.3919125550071295
Karnataka,Gadag,29007.0,7,"Middle development, weak women's agency",0.577983474830983,3,6.557142576298676,-0.18461781428053908,0.17919103728398614,0.2346909452337126,-0.10054856679843972,-0.023446010471722546,-0.7183866017826812,0.315943411462069,0.4343367713931201,-0.48893127486040466,-0.003559416874683442
Karnataka,Gulbarga,29025.0,7,"Middle development, weak women's agency",0.5829106810601363,3,5.313584669268606,-0.05664927061720085,-0.048737713308283706,0.3768627318642877,-0.155196654781161,0.31625122187777116,0.03328334659224241,0.018860503424146507,0.3446356649746698,-1.331916791417673,-0.3459110289148601
Karnataka,Hassan,29020.0,2,"High development, strong clean energy",0.6633537371246797,6,5.925073667567816,0.817599522011738,0.35648987532542664,0.9362108518040401,0.20879475267237865,-0.7951635958783674,0.34000672697696266,0.5481363769927647,0.2380295041547806,0.7440998345757682,1.1220196601789787
Karnataka,Haveri,29010.0,5,"Middle development, no standout gap",0.6035687630095949,4,5.600842421793592,0.5401561628200631,0.0250268949137536,0.3861774336585365,-0.1041345001932143,-0.011201676451026273,-0.2754731367410786,-0.06528731454084603,0.4735970719372741,0.21531860181746879,-0.32222297915091114
Karnataka,Kodagu,29022.0,2,"High development, strong clean energy",0.6315701594035719,5,5.442496458266759,0.10190403378890801,0.9465023031522832,0.7022533840785818,0.2203101568160956,-0.9304062577552196,-0.12076314888346262,1.1781710210450929,0.3272484854948727,0.4889035848334315,0.8730613667786269
Karnataka,Kolar,29027.0,2,"High development, strong clean energy",0.6591595923385196,6,4.5002813450934305,0.14356133765019746,0.4817303212602649,1.03904128467237,0.4377040018617246,-0.26383908678884255,0.19117733147981217,0.4154026226209692,0.6576993707095494,0.8943586615833773,0.6178006974828975
Karnataka,Koppal,29006.0,4,"Middle development, weak schooling",0.576640610517683,3,7.150873582605167,0.28583101171392855,-0.12682397460737996,0.12289425304580201,-0.28762119741784226,0.17478195953742068,-0.4793777332681237,-0.14545672837485452,0.20535630829868518,-0.3312652140107821,-0.3275078368821733
Karnataka,Mandya,29019.0,2,"High development, strong clean energy",0.6775128018249553,7,5.9660242457986765,0.8368544569864708,0.30481631421453265,0.9186065049826352,0.37996912381193443,-0.7530087533892812,0.058280871955343795,0.9509180005391213,0.6684178786199062,0.8000526625589401,1.0388302027049443
Karnataka,Mysore,29023.0,2,"High development, strong clean energy",0.6797090115153347,7,5.043498665515593,0.75715435921755,0.3449589681419981,1.1384197258450752,0.26934875052066565,-0.21325548813628195,0.04431471984884166,0.7339015950956322,0.49679474015896247,0.6052138030798151,0.7889535435624146
Karnataka,Raichur,29005.0,6,"Low development, weak clean energy and weak civil registration",0.5764841057381199,3,6.799173693819065,-0.08023838102624363,-0.8428050098153435,0.5456010705044676,-0.1411716588954196,0.639679934413781,-0.2826717223875538,-0.3259298325536852,0.4015248493945519,-0.6586452063144345,-0.6524810288040845
Karnataka,Ramanagara,29030.0,2,"High development, strong clean energy",0.6609584974779992,6,5.5025199459149965,0.6584349635913692,1.088475949912259,1.0945972694887298,0.2556586225232281,-0.7776709659719058,0.03773716235895012,0.41801817043421735,0.6315381528313047,0.8961809607335862,0.8633880607155641
Karnataka,Shimoga,29014.0,2,"High development, strong clean energy",0.6410490550646011,5,4.737945192602989,0.43958344599060045,0.7280132622391935,0.9520851486462527,0.14486629444612034,-0.5700706414573271,-0.07468117717404862,0.48606203266094355,0.3119404826652219,0.5208124121403518,0.764446075325626
Karnataka,Tumkur,29017.0,2,"High development, strong clean energy",0.6511404979410191,6,6.405225024876503,0.9174275698492865,0.2678564370067065,0.9558815286851619,0.032956774631602966,-0.8304113062590559,-0.071988028319645,0.8294785880595222,0.4573975872293333,0.6437699002491272,0.9381716037570855
Karnataka,Udupi,29015.0,2,"High development, strong clean energy",0.6354611671951724,5,5.66538647372694,0.36658002423170133,0.6378082341196039,0.593564295243007,-0.08745736320496461,-0.7600462740818686,-0.06684737353257676,1.0579259443592621,0.7342874095973414,0.03713106534862953,0.9966112101389436
Karnataka,Uttara Kannada,29009.0,2,"High development, strong clean energy",0.6332133153387611,5,5.937954777013444,0.214487603509648,0.5081507714705895,0.6491162259279861,-0.012899714234688504,-0.25381159529313285,0.25123602970978604,0.1463834027073807,0.5965271582023869,0.06701466737729422,0.6291024545726626
Karnataka,Yadgir,29026.0,4,"Middle development, weak schooling",0.5721075778301331,2,6.818652352815229,0.19086191922906862,-1.3731697803819418,0.12772379811456974,-0.2067677583150366,0.47178192925398543,-0.38972215176469954,-0.24153346239768855,0.24159309786514305,-1.1350850610356746,-0.26272392793364224
Kerala,Alappuzha,32011.0,3,"High development, strong schooling",0.6160406437852519,4,7.639234000777771,-0.15274696903418514,2.6172428543093424,0.8658218434380901,-0.004565821798130158,-1.127944864444579,0.21737836109907036,1.483128999035338,0.6085735294832875,1.2337138760139663,-0.037653697016883814
Kerala,Ernakulam,32008.0,3,"High development, strong schooling",0.6464996536428517,6,6.0540002573847955,0.21364303613425542,2.463126674152335,1.0683751058224102,0.13068283140828119,-0.9452384545885437,0.16649770318750132,0.8202609805744195,0.733398214693128,1.2214299309272063,0.3833356593702617
Kerala,Idukki,32009.0,3,"High development, strong schooling",0.6251358583987333,5,6.323897967557309,-0.0038660145165580174,1.6787545690424548,0.24159492862496126,0.4068255895742331,-1.1496555965148336,0.8035266261155338,0.6004529283540894,0.5364966559313877,0.19206367747293795,0.35365773869356654
Kerala,Kannur,32002.0,3,"High development, strong schooling",0.6228907645298017,5,6.785358696615058,-0.2032240421648212,2.2247836539148738,0.659472201014859,0.255551409294398,-1.2571152005996562,0.7043392161964803,0.8476116210981609,0.9917667582243042,0.957325111561869,0.13412411064873703
Kerala,Kasaragod,32001.0,3,"High development, strong schooling",0.6639031527136265,6,6.566262141776323,0.29610950855755547,1.3517785308005146,0.6994982773322933,0.5588989992559813,-0.5480425205228269,0.34063291948392754,0.764012224318301,0.9156223211278836,0.9109105395307444,0.06310740617071911
Kerala,Kollam,32013.0,3,"High development, strong schooling",0.6221299737357758,5,5.980800233331676,-0.1014064647570846,1.7874187577335194,0.872377384354669,0.3284404104256628,-1.2835248849867256,0.06722903887646721,1.341546480152129,0.6817945241058858,1.0150879982858503,0.24770331257698236
Kerala,Kottayam,32010.0,3,"High development, strong schooling",0.560417011108379,2,7.313093526161117,-0.30441809623376204,2.3640279329376224,0.6908723522246144,-0.34882457513172355,-1.3704628799358243,0.042866919820989585,0.668020964432852,0.6241868249751913,1.1398677855448343,-0.23294674889381609
Kerala,Kozhikode,32004.0,3,"High development, strong schooling",0.6576581655154256,6,6.734091749527457,-0.24052896283728195,2.4314808876934766,0.7177873467088887,0.4246194172544621,-0.8477382734652988,0.7493670340118762,1.0158530253662188,1.0547187116769414,0.9204732763015888,0.289523374606477
Kerala,Malappuram,32005.0,3,"High development, strong schooling",0.6104726497390263,4,8.346747428364482,-0.6462975542488288,1.912455410193197,0.42344840322968386,0.4733387105370339,-0.8349466217113444,0.5435291815280527,0.3590014386758105,1.1194577263888563,1.1907200682103065,-0.2732703185124936
Kerala,Palakkad,32006.0,3,"High development, strong schooling",0.5625093584096452,2,8.491642704474542,-0.9310579657339874,1.776687824818841,0.5028077250465994,0.04253866767374008,-1.4278303057973147,0.4383856930666166,1.069241693337181,0.5669295884783027,1.0064608919089084,-0.07070730489781928
Kerala,Pathanamthitta,32012.0,3,"High development, strong schooling",0.5994602522678962,4,7.220103625620036,-0.30108383117805204,2.30952362526953,0.434144712528459,0.04032804324835088,-1.4945455874842792,0.6043593788028513,1.0393179327606736,0.6413749154155822,0.9661882924211633,0.3100466261098181
Kerala,Thiruvananthapuram,32014.0,3,"High development, strong schooling",0.5866864716453845,3,8.998870449211843,-0.5246065212276564,2.1558374228462,0.7208949500612282,-0.13795742765843405,-0.6680161284850911,0.30629565814367093,0.9644561403379402,0.9566550331914212,0.769054984827124,-0.6357374842933631
Kerala,Thrissur,32007.0,3,"High development, strong schooling",0.5967346497432651,3,6.644236898486365,-0.4002714644347825,2.294658814087323,0.8178586186995487,0.07061653183062487,-1.2817124526153172,0.06467215963126587,0.7809218457953514,0.6596964480420006,0.9450411664751089,0.30506656264182774
Kerala,Wayanad,32003.0,2,"High development, strong clean energy",0.664723622448249,6,5.721601742423679,0.061351026409902046,1.8341156145423572,0.029021971234291094,0.7528587920271305,-0.642075691061524,0.17869811065938168,0.7357805976968947,0.3536073389019532,0.9203429986510129,0.5193468497453875
Ladakh,Kargil,1004.0,5,"Middle development, no standout gap",0.6663023673043793,6,7.087815275406788,0.7102330565152836,-0.09378960532241465,0.3323474446899878,0.15440343493558412,0.6781148442708259,0.4294213790250629,0.4335957818084791,0.7317886610460941,-1.2693821963017988,-0.12879020546980585
Ladakh,Leh(Ladakh),1003.0,5,"Middle development, no standout gap",0.6562460253990136,6,7.928206806701646,0.34226865437978726,-0.15939775206234424,1.1498088659618046,-0.11041484257299708,1.1200884962394395,0.23651675562477117,0.06932424582205554,-0.2880842242578807,-1.456256784087335,0.33068353953835905
Madhya Pradesh,Agar Malwa,,4,"Middle development, weak schooling",0.6234978310036305,5,7.737670437317637,0.4775779159901894,-1.1000629499077141,-0.004432347641036061,0.5952718374395606,-0.6293992267677335,0.23271069421743784,0.6059052959096296,0.6263208968367263,-0.7519074623465419,0.2638723794911967
Madhya Pradesh,Alirajpur,23048.0,4,"Middle development, weak schooling",0.6036400618582448,4,5.173034297191882,0.5338215203759945,-1.905819480734199,-0.5827664219067217,0.3162744173696165,0.16887801995705315,0.16415281866817635,-0.33569265919800473,-0.5170741354514279,0.18902785755665857,0.07902473028144093
Madhya Pradesh,Anuppur,23044.0,4,"Middle development, weak schooling",0.5931223722355016,3,4.175526891017696,0.49057211033341824,-0.6243979371919257,-0.6749086537390383,0.2742262333804104,-0.2873957153497695,-0.40460694607792,0.32704251240686805,-0.6196590922470973,-0.9524492937586481,0.13259990847864847
Madhya Pradesh,Ashoknagar,23042.0,4,"Middle development, weak schooling",0.5963376316816799,3,4.395142939165834,0.17742124395511116,-1.0980644801496353,-0.5106473635615772,0.3415745392027693,0.23207786266711733,0.03322498483760722,-0.2891544071216059,0.26472510553015316,-0.8734962080915563,-0.1947171470219939
Madhya Pradesh,Balaghat,23040.0,4,"Middle development, weak schooling",0.667670099686371,7,5.74308889326105,0.3594974464139188,-0.06848395096878383,-0.2749679541196871,0.556081145227441,0.08174924408902325,-0.0677281097621067,0.6875821977231826,-0.4168446786865019,-0.37777102669763546,1.0078671831994506
Madhya Pradesh,Barwani,23024.0,4,"Middle development, weak schooling",0.6113329411038655,4,4.276196136934792,0.2760336439170773,-1.4694670547683009,-0.00788433933666044,0.4519929387644387,0.25619207024075014,-0.06879648872355425,-0.383064417861616,0.06671566313146983,-0.5976313331367276,0.1463254201259277
Madhya Pradesh,Betul,23030.0,4,"Middle development, weak schooling",0.6669187972929591,7,4.892662523931267,0.6290536643976998,-0.10028069359865806,-0.2459866295756976,0.6440354038990479,0.050896353276868936,0.3278577691874021,0.36709488291999737,-0.05354057265883405,-0.8426351597791741,0.47365953262694704
Madhya Pradesh,Bhind,23003.0,7,"Middle development, weak women's agency",0.6199374051710351,5,4.681136562309156,-0.03776010918515596,-0.5086404869158765,-0.33742792232729585,0.4706055375679409,0.2942512497364197,0.3308373511405455,-0.09868382936537352,0.5902374826772925,0.38212930677244483,-0.3798967005737989
Madhya Pradesh,Bhopal,23027.0,2,"High development, strong clean energy",0.6521475048191842,6,4.21561806630004,0.2302951314978806,0.7266085787264563,0.9206849974364955,0.32541113563927376,-0.20490287030547802,0.19143351344317203,0.15182727619850514,0.47993966851459147,0.445253294115277,0.4791084091581882
Madhya Pradesh,Burhanpur,23050.0,4,"Middle development, weak schooling",0.6947213392128421,7,4.657149313779864,0.5913984466357237,-0.6622576448898561,0.4448329135644719,0.5980430118493728,0.8820192053846143,0.3529620965973355,-0.33798450007844094,0.3960985166256341,0.20477206699404835,0.4323159210750135
Madhya Pradesh,Chhatarpur,23008.0,6,"Low development, weak clean energy and weak civil registration",0.5731641908146796,2,6.004478511290456,0.15211657836858364,-0.5193067312023515,-0.5251522152934086,-0.19344626196436973,0.8764156844992973,-0.4384995132505783,-0.7085949786014215,-0.13014764068831086,-1.0311291205868724,-0.4320806289985718
Madhya Pradesh,Chhindwara,23038.0,4,"Middle development, weak schooling",0.6452823017755954,6,5.105049805063222,-0.011619248623485436,0.042202594385858314,0.00798590337417096,0.5059948029408504,0.04077876487474415,0.21221122491545039,0.6573298920068189,-0.2972773682952594,-0.10970064566265667,0.574521732548201
Madhya Pradesh,Damoh,23011.0,4,"Middle development, weak schooling",0.5469188509812621,1,6.126762086237012,-0.48632226375249404,-0.4134961160198128,-0.5061703150988586,0.12218201735747254,0.26496624686804676,-0.17794069606924268,-0.7969180973588618,-0.09069412704955811,-1.8943952082998727,-0.2935572577757043
Madhya Pradesh,Datia,23005.0,4,"Middle development, weak schooling",0.620697032795475,5,4.642228846398734,0.3068706825040985,-0.6372553493900739,-0.1400404850922664,0.3122885800294763,0.2806537748673458,-0.013507364403715583,-0.5229739705090405,0.4031637579577538,-0.06142427435815777,0.1321516036846077
Madhya Pradesh,Dewas,23020.0,4,"Middle development, weak schooling",0.6340693577033343,5,4.739997633586586,0.5866360591187616,-0.24784904715901404,0.24573975113853846,0.26493115299619274,0.037890953934093766,0.30630363827132706,-0.17733111771159582,0.31153274438527057,-0.09780396065373219,-0.014364892099791271
Madhya Pradesh,Dhar,23021.0,4,"Middle development, weak schooling",0.6367391697457714,5,4.0112151038691515,0.2391771601763493,-0.9050662420870113,-0.12418240477558193,0.3963243004896893,0.419998400375557,0.18630675575463695,0.0941257164864382,-0.06142357496664972,-0.6395959541241063,0.3292598484701833
Madhya Pradesh,Dindori,23036.0,4,"Middle development, weak schooling",0.5881854868243642,3,6.274169397399803,0.02386577999377592,-0.510688915631615,-0.7979419821811019,0.4948314374381309,-0.11545936917412127,0.06995633403909647,0.2000150259269233,-0.9944071362421206,-2.552110159938796,0.24010989833892976
Madhya Pradesh,Guna,23041.0,4,"Middle development, weak schooling",0.6425255792124699,5,4.582529022499869,0.3354171617828016,-1.1883172930556491,-0.25288655883556344,0.6859686892691058,0.5624187495368759,0.28202108227257117,-0.31128925088360027,0.3919904607808143,-1.3408431592400065,-0.012772022568198893
Madhya Pradesh,Gwalior,23004.0,4,"Middle development, weak schooling",0.6248120134884311,5,5.321495452673616,-0.03186374802285515,-0.27518015803652657,0.6228940622616662,0.4429301086811874,0.1252105231452846,0.14593146927252035,-0.3388513117719312,0.6704498717567308,0.6889069705722186,-0.13250906557981412
Madhya Pradesh,Harda,23031.0,5,"Middle development, no standout gap",0.6800441726218796,7,5.151413522748184,0.7420301955469308,-0.06724829979503157,0.28576177332459163,0.3041014419779347,0.35428358347871286,0.5250615068303871,-0.12116628422251059,0.14138845844649497,-0.20586209219160959,0.6401896546710882
Madhya Pradesh,Hoshangabad,23032.0,7,"Middle development, weak women's agency",0.5495965123174836,1,7.336879729649364,0.04723035192037484,0.14221361777908775,-0.12073446721133874,-0.4447705139875348,0.06139463664585866,0.1512197222483058,-0.13665777809048538,-0.16804718541568117,-0.14273810484877694,-1.0848827290963083
Madhya Pradesh,Indore,23022.0,5,"Middle development, no standout gap",0.6989253175521543,7,4.9802842821350275,0.15841046298928596,0.5125468888182633,1.0373193429559397,0.585522087934563,0.5058629704405062,0.27618808679853485,0.2582910379291858,0.5031799951838237,0.9471390402308357,0.7167454474152374
Madhya Pradesh,Jhabua,23047.0,4,"Middle development, weak schooling",0.6311513208286917,5,6.380784666203472,0.8415876320604396,-1.911660336619489,-0.5323843705024143,0.6337426322408961,0.1249782568578326,0.12464855019269834,0.03449799544086062,0.35076412778018506,-1.0369169814067232,0.010619880697727813
Madhya Pradesh,Katni,23033.0,4,"Middle development, weak schooling",0.6137384114896133,4,4.250173823299611,0.2787726689010839,-0.40875823808244766,-0.4047174356036723,0.49086662051221996,0.11961915959973564,-0.21139793074747693,-0.18865094490076553,-0.11406103182901418,-0.641012401018223,0.1113520171081845
Madhya Pradesh,Khandwa (East Nimar),23049.0,4,"Middle development, weak schooling",0.6775453920011983,7,5.5196289789221336,0.5038142911646702,-0.4995033736016629,0.15360562756898566,0.4870346873427046,0.42309100071848965,0.3595114305033702,0.5904260926141577,0.28540989175537745,-0.1483747800731448,0.40217922928193933
Madhya Pradesh,Khargone (West Nimar),23023.0,4,"Middle development, weak schooling",0.6500240629798173,6,4.056135263816917,0.5125531914627585,-1.0384040110046207,0.36857714096851274,0.2913942955731122,0.1865352041583247,0.14352527222673242,0.10514177104859558,0.22270125281043854,0.25913867030936305,0.5850781724910181
Madhya Pradesh,Mandla,23037.0,4,"Middle development, weak schooling",0.62609748852888,5,5.58244012650625,0.6575069604196314,-0.16475695235297066,-0.6866421821990548,0.41390531498684763,-0.391362099305861,-0.03897277584543737,0.638643563393279,-0.8077956605418599,-1.3465129828186815,0.5806380676964464
Madhya Pradesh,Mandsaur,23016.0,4,"Middle development, weak schooling",0.6116717142689331,4,6.768904820448202,0.2983118890527407,-0.8630107229274628,0.1701727552291528,0.5361197544375975,-0.5880532250223803,0.08260563012972755,0.4233997213358595,0.623638105415907,-1.2286351320826991,0.2262716739848738
Madhya Pradesh,Morena,23002.0,7,"Middle development, weak women's agency",0.5940224825169502,3,5.510833588810673,-0.2253871447381918,-0.6678046920271214,-0.14728885682679999,0.47112361124648683,0.10770607140840018,0.35794700368362276,-0.026339519054618458,0.584513187405575,-0.126167634723153,-0.6683889080628809
Madhya Pradesh,Narsimhapur,23035.0,4,"Middle development, weak schooling",0.6329645571513869,5,4.5898540900641756,0.17223890533148672,-0.25102165196068527,-0.12279268900829149,0.451163632597923,-0.025825339886626872,0.4661891595826016,0.16355206040990675,-0.3383962848247537,0.5439638554197551,0.2550561480672775
Madhya Pradesh,Neemuch,23015.0,4,"Middle development, weak schooling",0.6558120357989872,6,4.536039852106231,0.6511499596094481,-0.7487088011901587,0.27472512981391084,0.6129142912675719,-0.16245743435659957,0.16254809244922702,0.295694336620482,0.7211599742258827,-0.23918736639264626,0.28962944415182534
Madhya Pradesh,Panna,23009.0,6,"Low development, weak clean energy and weak civil registration",0.5303739551013725,1,4.654550818892141,-0.34427106681297287,-0.6830709062163478,-0.8115621186142722,-0.2926341580645114,0.5357848023165223,-0.5653384502895074,-0.7923112614564743,-0.02747486500260307,-1.5051564899520216,-0.4858217052528941
Madhya Pradesh,Raisen,23029.0,4,"Middle development, weak schooling",0.6573568025912898,6,4.052676810760172,0.2911096236884388,0.3285836979819573,-0.041010486394228884,0.4941934157632234,0.4389750841335098,0.12784808290248728,-0.41404529489894276,0.1457970164176382,-0.17150763117429077,0.45322242826354897
Madhya Pradesh,Rajgarh,23025.0,4,"Middle development, weak schooling",0.570085542097446,2,5.175853097055502,-0.06094971762974004,-0.9442416582367744,-0.5141034093885827,0.20085629716752632,0.2746855169901023,-0.09266009775003577,-0.23042643471209076,0.28184443460901126,-2.0581369449842626,-0.4472675541164059
Madhya Pradesh,Ratlam,23017.0,4,"Middle development, weak schooling",0.6713953597362011,7,4.35960260751834,0.6802393590961127,-0.671655888340283,0.216750318331785,0.6468634480520704,0.21723563223737488,0.5181553507314683,0.22022050389053552,0.5381635320240016,-0.2645483689000945,0.08162155878461316
Madhya Pradesh,Rewa,23013.0,6,"Low development, weak clean energy and weak civil registration",0.5585230867517468,2,4.9938765526116065,0.16499590276652668,-0.6758322970404469,-0.7415093903288431,-0.1608050711280438,0.09969783981624708,-0.09876866066711176,-0.1355720620987581,0.02398332464340079,-1.6328726520643668,-0.3805058613786595
Madhya Pradesh,Sagar,23010.0,4,"Middle development, weak schooling",0.5747277097960336,2,6.328273900600171,-0.24077646835685154,-0.12466791807430237,-0.25391972386542183,-0.14769521501674235,0.536463055022535,-0.3874247753538151,-0.32523122680802713,0.07515127808869265,-0.5498125546208859,-0.12280224533507338
Madhya Pradesh,Satna,23012.0,4,"Middle development, weak schooling",0.6000429984728318,4,6.31536617223547,0.08976533499545748,-0.3050105636208926,-0.29878345351438784,0.09597361018822423,0.7437752618053961,-0.2783918107476043,-0.6717468522434835,-0.015799730218592475,-0.6538533839565583,-0.0031110604392014353
Madhya Pradesh,Sehore,23028.0,4,"Middle development, weak schooling",0.5612584579715896,2,5.960681779340182,-0.2717834473093307,-0.3607932190673282,-0.1607483811346277,-0.013859790886340106,0.21188968297874056,-0.058294861345578264,-0.5230991869813104,0.2723300079403606,0.013695843056518553,-0.6506664890564359
Madhya Pradesh,Seoni,23039.0,4,"Middle development, weak schooling",0.6639191862913322,6,5.898070414077011,0.8569722161607485,-0.08248105338412202,-0.2580564381162351,0.6918973736667878,-0.19522563321729539,0.3728367275213172,0.8466128426134268,-0.6510338672302811,-1.4609491613822922,0.4296860322853583
Madhya Pradesh,Shahdol,23043.0,4,"Middle development, weak schooling",0.613022289944981,4,4.115010821706038,0.7477451881099708,-0.5895137222826103,-0.5151406285498223,0.3984176392720613,-0.15939614292155488,-0.46498054985338677,0.47315074635527377,-0.0706904074531896,-1.271426013758312,-0.11265635841396926
Madhya Pradesh,Shajapur,23019.0,4,"Middle development, weak schooling",0.6723226209445383,7,4.807501114152281,0.8537018229020374,-0.6512782950664207,0.006612404132408656,0.546351004104094,0.3322724374320936,0.24349870799054077,0.01336693728949954,0.35312565702368304,-0.03555797453169779,0.31719144124387866
Madhya Pradesh,Sheopur,23001.0,4,"Middle development, weak schooling",0.5484446667520376,1,5.598720945053083,-0.16734660349901878,-1.626381512305459,-0.5292848754128407,-0.06467096040065907,0.1541821072456923,0.07250433220606907,-0.3815262183403412,0.026297661994650223,-1.0130904630345685,-0.31697023827885246
Madhya Pradesh,Shivpuri,23006.0,4,"Middle development, weak schooling",0.5935356273826384,3,6.115120515925132,-0.23292501751535244,-1.1459500842948205,-0.42301055911165064,0.4655620691903405,0.48690112883651515,0.3413432928126288,-0.30531788052726344,0.3568238325450998,-1.0127032029567329,-0.5481741678986843
Madhya Pradesh,Sidhi,23045.0,4,"Middle development, weak schooling",0.5766409144948892,3,4.354804369549667,0.17371976300157024,-0.6775377159999478,-0.7639392280876347,0.07182676819413474,0.09893643642075271,-0.16110517802502586,-0.41613318864241,-0.044519965350975896,-1.5839729461996794,0.05196335368183067
Madhya Pradesh,Singrauli,23046.0,4,"Middle development, weak schooling",0.5587882810878021,2,5.724581056320752,-0.032353522879536495,-0.9958320761042289,-0.987220657171227,0.12462695306168964,-0.03811311965232514,-0.21362525934892165,-0.1776805710012271,0.05423409386909725,-1.6616090300355737,-0.26124412784206347
Madhya Pradesh,Tikamgarh,23007.0,4,"Middle development, weak schooling",0.6547055535052939,6,5.65607573465248,0.26540169592886,-0.6851183715500456,-0.13348494417568552,0.636965281364575,0.464115372951711,0.3800316881750332,0.11955296385879431,0.16376783705244924,-1.391565164254903,0.4539092375415078
Madhya Pradesh,Ujjain,23018.0,4,"Middle development, weak schooling",0.6629486614307127,6,5.136559119868336,0.5891818056107166,-0.3268558742171812,0.4103332672651412,0.3639430614271644,0.15821301126345055,0.542168696764553,0.14021856666857369,0.419542588460017,0.08260769121920154,0.23961298580989582
Madhya Pradesh,Umaria,23014.0,4,"Middle development, weak schooling",0.6169268510101494,4,3.882701114900844,0.6429163998796297,-0.5719903584118015,-0.42231367416231497,0.3549408536741942,0.16818969186038066,-0.13801878005625803,-0.11477947498053127,-0.46426047166549944,-1.5245452976898297,0.190301183064198
Madhya Pradesh,Vidisha,23026.0,4,"Middle development, weak schooling",0.6137415459848065,4,4.487190257526092,-0.009259357298484346,-0.6157405340294451,-0.26047526478200095,0.4705986333689289,0.21517884882623475,0.17988330132588118,-0.046791494354389056,0.11237321153968795,-0.12399122384941404,-0.07301023038776353
Maharashtra,Ahmadnagar,,5,"Middle development, no standout gap",0.6092011203568894,4,5.664566246709262,-0.09112405985593362,0.7274374367518888,0.1763474206200098,0.029513916917928616,0.09246625201516265,0.13929631455743055,-0.09773645197520915,0.3391009891270234,0.03021457264957869,-0.06446156281092444
Maharashtra,Akola,27005.0,5,"Middle development, no standout gap",0.636782435808657,5,7.3080797203551295,-0.8721736222484577,0.9613475522698499,0.5114255418915126,0.2684756173977623,0.5320296810221048,0.5042443662097597,0.18513054945408577,0.2719146536647136,-0.009200933562275193,0.44302185001007865
Maharashtra,Amravati,27007.0,5,"Middle development, no standout gap",0.676065935631186,7,4.555080712713728,0.4001504092379877,1.2090023378551276,0.6139196946793196,0.09922192215952137,0.2988128413349145,0.46092723259579094,0.5086466689024381,0.22587614534469122,0.2524396599144076,0.49128259844723293
Maharashtra,Aurangabad,27019.0,7,"Middle development, weak women's agency",0.5621463260099421,2,4.931496053320631,-0.5941837454051648,0.9864979595245795,0.4989991826135434,-0.22967866077001634,0.12477086689312557,0.38711457394431004,-0.2753427696451128,0.4915580308098373,-0.23213424427416207,-0.8426013860095356
Maharashtra,Bhandara,27010.0,5,"Middle development, no standout gap",0.6991432110848701,7,4.892331243608658,0.6873809768591335,0.9893362719760421,0.5714747916961196,0.475906020846311,0.39880124598341055,0.3050735579741625,0.28312695885033135,-0.5142423444171375,0.2341649278797504,0.7424055886842683
Maharashtra,Bid,27027.0,7,"Middle development, weak women's agency",0.5435947093180402,1,6.3338325469123715,-0.3184194193359389,-0.07556289713934106,-0.26360719292263063,-0.2108773347961991,0.0610417146216162,0.11575395139181695,-0.5066795701198076,0.5210880472623061,-0.7142956631066399,-0.7794937847980142
Maharashtra,Buldana,27004.0,5,"Middle development, no standout gap",0.6704718516297394,7,5.2478412978209965,0.04983244387233405,0.5678600349314457,0.3206017538358263,0.46120187006726976,0.4170954572376174,0.3723738988261072,0.32542931559639215,0.23867113438454923,-0.3620268172602451,0.6135015147057297
Maharashtra,Chandrapur,27013.0,5,"Middle development, no standout gap",0.6988029527251705,7,5.913536204776822,0.1796029173943617,0.9020255989491184,0.8671953426798522,0.6426853997366777,0.4070872732455259,0.41024629489526837,0.4376699729124371,0.0007291372571836957,0.351858444665944,0.7708269401513754
Maharashtra,Dhule,27002.0,7,"Middle development, weak women's agency",0.4960445576865314,0,7.976347589301965,-1.6559995630035862,0.572781821407799,0.10285891716448418,-0.30033109927400337,-0.026211566936681006,0.24245396178654857,-0.09169520605929586,-0.21604216073625693,-0.7023989780977158,-0.8935347902443553
Maharashtra,Gadchiroli,27012.0,5,"Middle development, no standout gap",0.7139386039552921,7,5.903499712579825,0.8634008858078459,0.2860866903889337,-0.01653458923262957,0.692835795747402,0.7922758416279982,0.44054786079520203,0.6724458941401711,-0.9083800882608356,-1.0027654465174514,0.6372522634869211
Maharashtra,Gondiya,27011.0,5,"Middle development, no standout gap",0.6887376840464717,7,4.884324141570146,0.34686837923945124,0.8448178197767264,0.42861422837897434,0.37366692456031675,0.5184640616257008,0.33773073523964986,0.48125918358778424,-0.2602663638008052,-0.05489504173694257,0.8190330467684775
Maharashtra,Hingoli,27016.0,5,"Middle development, no standout gap",0.6145337772263525,4,5.947502549291749,-0.056655117046741206,0.03840875406408489,0.1080490671020651,0.10346083361049248,0.49752562702698566,0.5684421712376114,-0.2688290778293834,0.5490727134347199,-0.1926669975297444,-0.41996043808251365
Maharashtra,Jalgaon,27003.0,7,"Middle development, weak women's agency",0.5246538949473816,1,5.32887123789218,-0.8799826437548226,0.6589860272719429,0.49761757510901694,-0.5586524757901469,-0.050352788853250126,0.2834183422129378,-0.14610202194034538,0.33693628931500713,-0.40393969771506033,-0.8767909625963319
Maharashtra,Jalna,27018.0,7,"Middle development, weak women's agency",0.5228645559096242,1,7.6214707276739935,-1.4149148794116648,0.3027861768685866,-0.11349825787095018,-0.3147066468378675,0.3260733798990228,0.4493508730899456,-0.4211522818983247,0.5788896199502529,-0.9727306588933037,-0.7081391405231794
Maharashtra,Kolhapur,27034.0,3,"High development, strong schooling",0.6220221056822799,5,8.892619999415349,-0.8097074759241719,1.0117646157798799,0.8468358891121572,0.12070113281715619,0.41375535290695553,0.2287678137160152,0.32749634862227517,0.6765836486509335,0.5667425947973719,0.30776232319171887
Maharashtra,Latur,27028.0,5,"Middle development, no standout gap",0.6445148808948394,6,6.219622419297624,-0.34257313330781725,0.7098671679054741,0.525225400411246,0.3702282686705013,0.43151473381983485,0.05294570492900194,0.533952880744087,0.5044581635463224,0.06588603549809427,0.13552056746008578
Maharashtra,Mumbai,27023.0,2,"High development, strong clean energy",0.6942391974004617,7,6.253196166589341,0.4436221561564857,2.122622010451646,1.2250314735279055,0.3227496670420332,-0.3066443386850779,0.3274013498862349,0.4976263857795373,0.7065974981374128,-0.09263943439406891,0.9185750215934754
Maharashtra,Mumbai Suburban,27022.0,2,"High development, strong clean energy",0.6075239297541122,4,5.76496516130252,-0.2432414353050696,1.689566908242821,1.1850013430790902,-0.0109368009336784,-0.4369658751055009,0.24146782024565683,-0.3034378769031192,0.8455223932834273,0.036139062888863205,0.2373285306726539
Maharashtra,Nagpur,27009.0,2,"High development, strong clean energy",0.6912908903648683,7,7.890918790130269,-0.12089284847106566,1.790889907094431,1.1653347203293496,0.2288407738446324,0.3619075303603393,0.47231315329208695,0.21756666930077007,0.35281556985906526,0.9451987038394498,0.9915742899030404
Maharashtra,Nanded,27015.0,7,"Middle development, weak women's agency",0.5901558199784941,3,5.4156682818784745,-0.5249282772333315,0.03097619271784055,0.13874827923110536,-0.13348346966739563,0.5602756386428968,0.1751848964707874,-0.16928529286683544,0.47854211382470213,-0.0805252670810494,-0.20114944921753714
Maharashtra,Nandurbar,27001.0,4,"Middle development, weak schooling",0.5462944547399126,1,6.27467543263185,-0.449084848195642,-0.4961551597304117,-0.386440528621222,-0.042163567999055705,0.15907925507654194,0.044253018758020846,-0.2445679142934749,-0.15781441118714196,-0.5830011994024898,-0.5877895889974816
Maharashtra,Nashik,27020.0,7,"Middle development, weak women's agency",0.5339820340030678,1,6.542377559216118,-1.1411674638677987,0.4478040005519819,0.17152192968262306,-0.09739755536878807,0.04954180847704896,-0.005487231763632083,-0.3618493023196156,0.34056983751460224,-0.5920132500906176,-0.5996887018405163
Maharashtra,Osmanabad,27029.0,5,"Middle development, no standout gap",0.6523655238848746,6,5.790964407739423,-0.027881016375783305,0.7292972923061953,0.29471992438141037,0.5873216425780016,0.11013012274313422,0.38794599569337734,0.24744375178142342,0.3241017367825306,0.130596247508784,0.15931389458823828
Maharashtra,Palghar,,5,"Middle development, no standout gap",0.6592991943540649,6,5.352408196341171,0.610134542378653,0.9086083865607536,0.5131515377393256,0.5437126991510183,0.08433401647495095,-0.520650878343844,-0.14422513098605774,0.40518492072527684,-0.05739241597990394,0.25502983216880637
Maharashtra,Parbhani,27017.0,7,"Middle development, weak women's agency",0.4984159730877444,0,6.810464444275933,-1.2680133073811604,-0.05584459058106303,-0.013767320092195888,-0.4943517829878071,0.3271680141519164,0.10750597948043657,-0.2852596482367625,0.4431377611605678,-0.7153579982772278,-1.2044680811659119
Maharashtra,Pune,27025.0,2,"High development, strong clean energy",0.5695950670503351,2,9.058731354426158,-1.69449448230329,1.7996487131976056,1.0186818311046761,0.04526745435631407,0.1973265129055413,-0.013350732830993492,-0.14177825474748476,0.5564751956300913,0.45753723920203704,-0.14872996069793773
Maharashtra,Raigarh,27024.0,2,"High development, strong clean energy",0.6389432563970624,5,4.997062136164912,0.2933925584710121,0.3649898056545122,0.7091492592070665,0.5180824120727933,-0.0932619319264255,-0.6997782906058836,0.2667923334197952,0.25018261034470957,-0.2706571930891686,0.4008997661907405
Maharashtra,Ratnagiri,27032.0,2,"High development, strong clean energy",0.595614688959889,3,5.141814253210041,0.057737222680677255,0.8615825284080653,0.344425361493291,0.12133560113928447,-0.9030173189426219,-0.21182740541421782,0.557365355597927,0.3159820524520135,0.30061255015377897,0.3025944072835981
Maharashtra,Sangli,27035.0,2,"High development, strong clean energy",0.6115229397631894,4,6.839421522416569,-0.3535040743129342,1.493728936799798,0.8281983772608936,0.22209336644434033,-0.2894194828150314,0.045752507945328286,0.3056824874667098,0.5719423173141689,0.6312498806800144,0.02969037435970351
Maharashtra,Satara,27031.0,2,"High development, strong clean energy",0.6299115993029096,5,4.89598381865667,-0.08663812138836816,0.9591387604628886,0.6843046489138901,0.3289381420911838,-0.22079498639448597,-0.04035347585068664,0.29635594368646645,-0.0591297657998119,0.3459525466049167,0.46634899836854393
Maharashtra,Sindhudurg,27033.0,2,"High development, strong clean energy",0.5840539847264032,3,7.3260278551695155,0.013794781773598812,0.9276676283710863,0.5321415461966398,0.4066468039643923,-1.3999123314119628,-0.08890293532959485,0.35521220523272995,0.6428404312195796,-0.7054056856618974,0.29666412024407246
Maharashtra,Solapur,27030.0,2,"High development, strong clean energy",0.5974720665676315,3,6.347556240796796,-0.3349517571831565,0.34305479731777294,0.40134673728864917,0.346432307201021,-0.06863070298050718,-0.09101898347064936,0.026778004316142818,0.35389944700545484,-0.357825181108251,-0.07086581601516864
Maharashtra,Thane,27021.0,2,"High development, strong clean energy",0.6060805519057342,4,6.08570736761771,-0.65825983188616,1.0579312651928414,1.0252373720212553,0.14522977856612304,0.12337848510496809,-0.15313171107515836,0.2877814980507711,0.6399109900906238,0.27245180221240434,0.037777683389198374
Maharashtra,Wardha,27008.0,5,"Middle development, no standout gap",0.7220455970216009,7,5.897360354906147,0.5104723130697504,1.5469912731614275,0.830272815583373,0.3728218243733998,0.7455818315976466,0.2924496240642936,0.6218107856182536,-0.09958172474225067,0.5769681662515698,0.7871207203135555
Maharashtra,Washim,27006.0,7,"Middle development, weak women's agency",0.5926017436373497,3,7.929103991306408,-0.5710122144036677,0.5049459166590697,0.17118970373348316,-0.07287262494072676,0.5176234798822862,0.5960230799592924,0.11752413674759417,0.29915349738476726,-1.6057079425849663,-0.406999685079622
Maharashtra,Yavatmal,27014.0,5,"Middle development, no standout gap",0.6577281938406109,6,5.551471815756517,-0.10046260082595003,0.6034779558008023,0.386509659607678,0.3623767373172067,0.5109679288780368,0.2896011050907172,0.24864901906871253,0.02919351741540109,-0.46247478882806276,0.5678242063483803
Manipur,Bishnupur,14004.0,1,"Low development, high tobacco & alcohol use and weak maternal care",0.4995255315678477,0,8.516905754036223,-0.7759891553670223,1.0978686582878672,0.5452485738984167,-0.35751227279470954,-0.27141197093039815,0.2769600162571156,-0.5612831807223337,-1.441372904942127,-1.673892975122334,-0.8793575355989717
Manipur,Chandel,14009.0,1,"Low development, high tobacco & alcohol use and weak maternal care",0.4694935792804225,0,8.276993650617161,-1.2203996809454902,0.4548122893161938,0.30267734345942654,-0.8247345866345098,-0.33638820168988504,0.312320226644139,-0.19725323157822738,-1.4214883007405519,-1.0831535712569174,-0.6622709677973031
Manipur,Churachandpur,14003.0,1,"Low development, high tobacco & alcohol use and weak maternal care",0.4906062791219083,0,7.817474381698479,-0.98225163191299,0.7139543781697679,-0.1966701762523032,-0.9785533166369227,0.021964310184449245,0.7337663193874581,-0.17557531153097208,-1.8638503045981176,-1.5988763387727856,-0.5290124772161637
Manipur,Imphal East,14007.0,7,"Middle development, weak women's agency",0.4942096667997809,0,9.989305385691592,-0.8898402543159231,0.9579877149889419,0.7046681566129649,-0.4913307662571639,-0.34158738291482127,0.21649444220602462,-0.5478257865474426,-0.973796976427631,-0.6628136941121222,-0.8771103450079545
Manipur,Imphal West,14006.0,2,"High development, strong clean energy",0.5315794318075068,1,9.884973492433042,-0.24772678777642299,1.468448147620042,1.0000483733847938,-0.26875087154489186,-0.8325262294113844,0.18357122472182422,-0.19548605553634033,-0.9664945575902798,-0.7585878805632404,-0.5611039883295494
Manipur,Senapati,14001.0,1,"Low development, high tobacco & alcohol use and weak maternal care",0.4943998684805016,0,7.800728622363214,-0.8053877593659201,0.7038377870170195,0.12841257480114152,-1.2786618129353815,0.0617553479975437,0.5841306952242319,-0.23129196700441038,-1.290452272147302,-1.3693289065528127,-0.5107567502662295
Manipur,Tamenglong,14002.0,1,"Low development, high tobacco & alcohol use and weak maternal care",0.4906191604561812,0,6.466146240734905,-0.6482475085109424,0.4355953430423066,-0.9033640162346852,-1.0552627966279282,-0.14314091886757338,0.8185073962086958,-0.5487748954959337,-0.4960066306930548,-1.951473117746174,-0.5880322226946594
Manipur,Thoubal,14005.0,1,"Low development, high tobacco & alcohol use and weak maternal care",0.563687279589779,2,9.225762499223748,-0.2879552313186126,1.074913929101045,0.6156416363957498,-0.005845775942711698,-0.177276038615685,0.3293349779983837,-0.4132848748778657,-1.2083538150851396,-1.6864647352240105,-0.21474132504126137
Manipur,Ukhrul,14008.0,1,"Low development, high tobacco & alcohol use and weak maternal care",0.427303458165322,0,8.799998630364199,-1.6719945235075242,0.8647565207233835,-0.8916223795119047,-1.6211671793912141,0.11252042777959365,0.7953195288475694,-0.6086676923298552,-1.1211373307727808,-1.8280434806726933,-0.9530779632214822
Meghalaya,East Garo Hills,17002.0,1,"Low development, high tobacco & alcohol use and weak maternal care",0.5378665330400021,1,9.55112103975409,-0.5951280257619596,0.5181590631865743,-0.4733885563845751,-0.6107625013904944,0.27768868095386107,0.2706163191669363,0.24917270932058191,-0.29940087017036365,-1.227270425721146,-0.736591641456148
Meghalaya,East Jantia Hills,,1,"Low development, high tobacco & alcohol use and weak maternal care",0.5106691366187847,0,10.701074639890384,-0.5026139175780808,0.6468753266531175,-2.0128023121592875,-0.8384555236201192,0.7763376167251672,0.9105744452968269,-0.3745628717290724,-1.6709704502857483,-0.7710601956019982,-1.6364912941873129
Meghalaya,East Khasi Hills,17006.0,1,"Low development, high tobacco & alcohol use and weak maternal care",0.4814867384412738,0,9.33189648114737,-1.994363117807689,1.6001689084487911,-0.1911315838400545,-0.9843220116991948,0.5551918577596119,1.1364424361589542,-0.6451487962649833,-0.5278362047591856,0.07958642747897118,-1.49559790320795
Meghalaya,North Garo Hills,,1,"Low development, high tobacco & alcohol use and weak maternal care",0.4274420354226927,0,9.560303454341105,-1.5011891977833547,0.7139772573267892,-0.558618696562881,-1.3557254363944053,-0.143325202228495,0.13755718692441263,-0.4687890138320619,-0.3665948132201563,-1.7046138435992126,-1.2418116832775759
Meghalaya,Ribhoi,17005.0,1,"Low development, high tobacco & alcohol use and weak maternal care",0.5364926014562134,1,9.634669511854938,-0.7002598807572897,0.7582751778500263,-1.2812192664385298,-0.7094685032066754,0.9383825745232348,1.130293918706444,-0.6716606384425772,-0.8792047981044122,0.0013601574371946978,-1.456611025169487
Meghalaya,South Garo Hills,17003.0,7,"Middle development, weak women's agency",0.5612785669142928,2,9.71521082057106,-0.12095197203703223,0.8954507409480275,-0.4692396797396168,-0.002518143082234925,-0.09798111674234336,0.41618248866175617,0.007817658308983325,-0.26313037876866613,-1.4739453659183184,-1.0054522940758017
Meghalaya,South West Garo Hills,,7,"Middle development, weak women's agency",0.5481054420246365,1,10.843699886540037,-0.04373552128066871,0.19287996126037474,-0.603490534474611,-0.31252746719180385,0.1523431729729635,0.15866807854008821,0.13626181297661674,-0.2675622513765491,-2.1806995865969236,-0.9829810976497377
Meghalaya,South West Khasi Hills,,1,"Low development, high tobacco & alcohol use and weak maternal care",0.5267737765365229,1,11.164599907459923,-0.30402646989299864,1.0594357659177565,-1.9453440784948044,-0.9569699267700692,0.7054371244134323,1.1847902743422938,-0.4608527445095363,-1.304344338529308,0.0977245300941939,-1.644524263512023
Meghalaya,West Garo Hills,17001.0,7,"Middle development, weak women's agency",0.5814512549573052,3,7.349109957806092,-0.24526496713836143,1.0131110741377845,-0.4164712347205979,0.0036451385296377777,-0.21522718981674946,0.15144687766446044,0.6670519712020253,-0.701428411199428,-0.11692354555488083,-0.3521360935125772
Meghalaya,West Jaintia Hills,,1,"Low development, high tobacco & alcohol use and weak maternal care",0.4659994482303278,0,11.2023388328263,-1.0013127491382117,0.4324796493925552,-3.0123984968594337,-1.4048312380807046,0.8558147515549961,1.0449164759991272,-0.15067824781230668,-1.3189955404826814,-1.3164967873727917,-1.7934172758590037
Meghalaya,West Khasi Hills,17004.0,1,"Low development, high tobacco & alcohol use and weak maternal care",0.477098285379982,0,11.280204393306994,-1.2435306015480967,0.7435540161633509,-2.295603665790567,-0.9996057323519595,0.8648934875900486,1.1155224861196809,-0.6104100114404306,-1.5515461103245087,-0.2605682510544044,-1.8194867930231777
Mizoram,Aizawl,15003.0,7,"Middle development, weak women's agency",0.5626807887610773,2,11.144955487828005,-0.7706393718222337,1.4090939278841466,1.177068248789366,-0.38740025027922614,0.2031736227091221,0.7419694092862451,0.5021632493735367,-1.3772669744771862,1.1254074295843361,-1.1156919735008766
Mizoram,Champhai,15004.0,7,"Middle development, weak women's agency",0.6485637777845585,6,8.28746468465115,0.41495723965447123,0.9663207648115242,0.8820405286235877,0.2080636765836215,0.29453550807106177,0.5766370974051885,0.04182189150568897,-1.5764107811019785,1.2214176905178065,-0.06260230725963431
Mizoram,Kolasib,15002.0,7,"Middle development, weak women's agency",0.607309295112654,4,8.842511391371428,-0.03388868194718074,0.7696649341571238,0.9410403968728078,-0.13865667267334916,0.20262888565036016,0.9485669193190335,0.27537754889231364,-1.5548662417953838,0.965834180697634,-0.4990381087576547
Mizoram,Lawngtlai,15007.0,1,"Low development, high tobacco & alcohol use and weak maternal care",0.4967239660613096,0,8.535111465919153,-0.621592945732902,-0.09974260335085477,-0.9247890678832915,-1.1863716739845906,0.4212599326491182,0.6740600013650407,0.3252623398937968,-1.658416764585796,-0.06799069133588764,-1.2681314573668914
Mizoram,Lunglei,15006.0,7,"Middle development, weak women's agency",0.5732887556949391,2,8.513212377325507,-0.39457483387633757,0.6618152643242936,0.6508341135130351,-0.35362721978516704,0.19523642221571405,0.6318437505794232,0.2518215649726873,-1.5077978223451964,0.966509255790386,-0.6622811889958627
Mizoram,Mamit,15001.0,7,"Middle development, weak women's agency",0.6054204224032614,4,9.067161032299742,0.40821661779742213,0.5145774877655256,0.5021108400972637,-0.27235454994783315,0.6034432342563637,0.4741997349347924,0.016721671912450053,-1.618821192220989,0.9440846281362985,-0.8637587189822163
Mizoram,Saiha,15008.0,1,"Low development, high tobacco & alcohol use and weak maternal care",0.5356246320667303,1,9.431737594237397,-1.1026560161018166,0.9086195377496165,0.9348332984308967,-0.693477854778786,0.7668587473456331,0.4843233599061813,0.2631132213010804,-1.527494392986016,0.7727844720144124,-1.3319492523976066
Mizoram,Serchhip,15005.0,7,"Middle development, weak women's agency",0.638643624697326,5,9.043411003930046,0.08987116036408381,0.9132511239894415,0.8471843315868249,0.02170730820723749,0.7080088971027823,0.6589689259393193,0.493030428091213,-1.547277194656704,1.1626133765681455,-0.5381841991324757
Nagaland,Dimapur,13005.0,1,"Low development, high tobacco & alcohol use and weak maternal care",0.5081114525870024,0,7.607460417441561,-1.398553946953253,0.7553661043725515,0.9572631361896883,-0.7718153253366368,0.12317009716464823,0.376319233009627,-0.5291640150752227,-0.15762451036860653,0.2340468906385743,-0.6130478776295316
Nagaland,Kiphire,13009.0,1,"Low development, high tobacco & alcohol use and weak maternal care",0.4370504109712254,0,8.21888503493125,-1.5659720563729655,-0.390559125061159,-0.6759377646375139,-1.630152223866524,0.5318189093059702,0.5977951782007046,-1.367542637880878,0.18682771496869324,0.2124485236727213,-1.0439239294346276
Nagaland,Kohima,13010.0,1,"Low development, high tobacco & alcohol use and weak maternal care",0.5994527038038355,4,7.458572743584948,0.21866212957152537,1.5355913424143537,0.4551929427827261,-0.5131052794076584,-0.19473137141523475,0.7551131918377445,-0.28058655156378026,-0.1964092269709466,0.3026709237863414,-0.007327527179186366
Nagaland,Longleng,13008.0,1,"Low development, high tobacco & alcohol use and weak maternal care",0.4418840806834486,0,7.516689171540448,-1.240449371920331,-0.14884207352105047,-0.592617396524967,-1.7636992815336499,-0.29419160152298524,1.0222343884332459,-1.0730375446131901,-0.07546113030272966,-0.5608498305872699,-0.14618191491994628
Nagaland,Mokokchung,13002.0,1,"Low development, high tobacco & alcohol use and weak maternal care",0.5903416432795624,3,8.972758467817329,0.6286134348086138,0.9660223978920532,-0.08311910929690626,-0.9484113011814658,-0.08277878671079716,0.059230663407000415,-0.13574911247271987,-0.34303989580746436,1.0912890430493711,0.2666087005708694
Nagaland,Mon,13001.0,1,"Low development, high tobacco & alcohol use and weak maternal care",0.4807412993248657,0,7.746193804314348,-0.6856123270709732,-0.1870692836365983,-0.9187211502141233,-1.51958483578214,-0.3501663406976886,0.22844387192909862,-0.7049551507883035,-0.007746034638652519,0.07086219180576009,0.34484238412278156
Nagaland,Peren,13011.0,1,"Low development, high tobacco & alcohol use and weak maternal care",0.4837855938453878,0,6.305317235114827,-0.9535813687202838,0.03733878207778976,-0.32914638556290376,-1.2307816991393834,-0.02784915597279557,0.4794816541543696,-0.8694436875807106,-0.18240949363915895,0.5328934310990656,-0.31492058072835316
Nagaland,Phek,13006.0,1,"Low development, high tobacco & alcohol use and weak maternal care",0.4692135606060261,0,7.928738978896736,-0.9932488025727442,0.3756277641634718,-0.3332790456823358,-1.2633507891502949,-0.5846757795207905,0.5834118990250937,-0.8294536061669079,0.01571307467004554,0.9015298209430376,-0.32122405717646185
Nagaland,Tuensang,13007.0,1,"Low development, high tobacco & alcohol use and weak maternal care",0.4247511371685928,0,7.984705410696318,-1.78326616608787,-0.0952041708204564,-0.764628004774208,-1.7277280770982582,0.24321517961157524,0.6430476442795917,-1.3861874839796178,-0.05550671651326035,0.4956025952283869,-0.6962272247549185
Nagaland,Wokha,13004.0,1,"Low development, high tobacco & alcohol use and weak maternal care",0.4709428696451376,0,9.021473940675234,-1.8050540539666178,0.5513277627021609,0.054920017214235006,-1.1214086164472448,-0.8976325802299325,0.9574777891874199,0.23252022501510153,-0.20156226348619594,-0.05776511988168953,0.2824223698738093
Nagaland,Zunheboto,13003.0,1,"Low development, high tobacco & alcohol use and weak maternal care",0.4676857353236694,0,9.523354067413116,-0.7861715800295387,0.35602372317999914,-0.4492205603838253,-1.7236243084933773,-0.9007056255211513,0.4343082462802556,-0.11684397219561497,0.07678136653271646,0.42313103765215493,0.28887846898423086
NCT Delhi,Central,7006.0,2,"High development, strong clean energy",0.6067907197888455,4,5.045394969819333,-0.17528641435676,1.1274943699395403,1.2595392280900002,0.13637580799212604,-0.5110837112953805,0.04908893395738203,-0.09739887249795998,0.5743603364432622,0.5378218828763754,0.19751455071024787
NCT Delhi,East,7004.0,2,"High development, strong clean energy",0.6323810702518,5,5.615933200980529,-0.6466722402509048,0.7403478684087292,1.2274462460622904,0.5862030929327129,-0.3662508836514638,0.08319816781114915,-0.2387141030219085,0.6601732361072971,0.49324185040485946,0.8803016818847738
NCT Delhi,New Delhi,7005.0,2,"High development, strong clean energy",0.6441602208672196,6,4.173115887011821,0.10237414675254278,1.0977102270656873,1.2733431407411147,0.4036852069288368,-0.2769705572032175,0.014857216716612392,-0.29057043607482363,0.4282881353595253,0.23295140711368031,0.6066712837247012
NCT Delhi,North,7002.0,2,"High development, strong clean energy",0.6379119657253207,5,4.957000965406712,-0.21587366271536096,0.8873845154472921,1.2757579132754995,0.4092622869334559,-0.6186509603995451,0.31628735830967575,-0.17160170245052161,0.7487856552106995,0.8865124271309646,0.7788408550842901
NCT Delhi,North East,7003.0,2,"High development, strong clean energy",0.6172840239674537,4,5.070193280162386,-0.709240958201508,0.7329319018105175,1.2878358300788009,0.43483068013066595,-0.3242567324430729,0.0069267826588648536,-0.11044897479272033,0.6390291246125017,0.9327967215115137,0.5781997839371715
NCT Delhi,North West,7001.0,2,"High development, strong clean energy",0.5674274907317932,2,7.139882777873247,-0.7318474926235652,0.5517295113121379,1.245046538752314,-0.2657808003528618,-0.049054757348744184,-0.0018132396923750775,-0.14974210443593425,0.4685366473477032,0.2734478406743787,-0.14523504768980638
NCT Delhi,Shahdara,,2,"High development, strong clean energy",0.637989054951261,5,4.199809608620033,-0.20282337993860294,1.129333673001264,1.2757579132754995,0.46264006970764915,-0.3452567149352063,-0.4585410985545894,-0.002987459647165384,0.6805479403137572,0.7696637632112628,0.657189856050975
NCT Delhi,South,7009.0,2,"High development, strong clean energy",0.6451226074951321,6,7.490218491519575,-1.182115324698576,0.9929742195288316,1.251602079668895,0.5610509316015976,0.06355679538447404,0.14400034440979426,0.12860441272439396,0.7220866076537078,0.7960539525349918,1.012177623900353
NCT Delhi,South East,,2,"High development, strong clean energy",0.6327976205307947,5,7.177069292385882,-0.8996385103165132,1.404729709289344,1.2878358300788009,0.4413306249517325,-0.04185587087117028,0.11150763474403402,-0.2961015731096421,0.5424582820471744,0.8622655003266676,0.750292856819172
NCT Delhi,South West,7008.0,2,"High development, strong clean energy",0.6474000645815928,6,6.706429468180479,-0.292380329043651,1.199980674026724,1.248842918791225,0.4312049564653547,-0.2759770059827049,-0.0033142183085155263,0.11478591845860753,0.4424031268289215,0.9970679329118033,0.7253801714617553
NCT Delhi,West,7007.0,2,"High development, strong clean energy",0.5837111299401948,3,6.0858140648642705,-1.0486100262658828,0.8471403941965869,1.2878358300788009,0.21429046265335647,-0.29816800299543045,0.02137232336415019,-0.15033285620910786,0.4982895902957136,0.5369107333012704,0.3056707944020282
Odisha,Anugul,21015.0,5,"Middle development, no standout gap",0.6186095414613355,4,5.614961650248891,0.5069187326631327,-0.13418090907005,-0.6676643361358858,0.3521303952140235,-0.11475261331561225,0.31907332680457273,0.013398248707762109,-0.6317015964251622,-1.2793571370975947,0.2435966141121262
Odisha,Balangir,21024.0,5,"Middle development, no standout gap",0.703682755123121,7,5.648641994146371,1.14055648169577,-0.3949491051643666,-0.35261344248293663,0.8677925012710133,-0.024017464928605712,0.715784356217573,0.22015720609452025,-0.31318155977573914,-0.257174283412387,0.7572171549168287
Odisha,Baleshwar,21008.0,5,"Middle development, no standout gap",0.6053449012511959,4,6.042608199204482,0.5254862009177177,-0.0011698601584854001,-0.5241149961321692,-0.09763206354576877,-0.08618681585716632,0.08032800265699709,0.0748252546651757,-0.46008208296733366,0.24899798774203558,0.06719261551279412
Odisha,Bargarh,21001.0,5,"Middle development, no standout gap",0.6658288908547175,6,4.331918779989742,1.1150746875408737,-0.1430511904287567,-0.294638631000809,0.3422056023370589,-0.24799826609400533,0.46232276950426104,0.12244260642335247,-0.2587114551445325,-0.0991023703066718,0.7214260106606791
Odisha,Baudh,21022.0,5,"Middle development, no standout gap",0.6432621961861913,6,4.890804494632405,0.86973693560297,-0.1524309704115755,-0.5689787257811352,0.5266532687190966,-0.029976904110041405,0.24252048886606373,-0.2832266385814999,-0.1466996015132538,-0.7543013555243759,0.12409435821238438
Odisha,Bhadrak,21009.0,5,"Middle development, no standout gap",0.6285018118600061,5,5.942224093116832,0.46436530866435455,0.470192457737656,-0.5534407090194453,0.34459070480304604,-0.21178431229123354,0.3835947260835251,0.3567580459173703,-0.6090052192748395,0.02726364162016942,0.017453360821358243
Odisha,Cuttack,21012.0,5,"Middle development, no standout gap",0.6101285564233092,4,6.382915188040317,0.13740101173061306,0.42600173469847596,-0.04550375138247392,0.35921311490994257,-0.5084996717693504,0.39603578502833114,-0.044800508283597225,-0.32698593611526866,-0.5091463432864476,0.38133480858164714
Odisha,Debagarh,21004.0,5,"Middle development, no standout gap",0.6327405043885695,5,6.096574006358501,0.8868701711449828,-0.34356286575659856,-0.9485559177014099,0.44483278464595727,-0.17111454237490292,0.48463858030017715,0.0709397025560169,-1.0858691801937121,-0.5417302456861199,0.1611354536354643
Odisha,Dhenkanal,21014.0,5,"Middle development, no standout gap",0.6065283854250764,4,6.6697615273751065,0.6513657994489068,0.18349224952629242,-0.6124567937941936,0.23282137353905225,-0.4555131592024939,0.6246047455475107,0.04832108725717917,-0.7309537729050174,-2.354707629508096,0.16242499707938768
Odisha,Gajapati,21020.0,4,"Middle development, weak schooling",0.6347405200786133,5,5.907298326304764,0.9644212945056627,-1.3251084934887305,-0.876100579275743,0.32603770522823045,0.10789146214316468,0.10548605600391042,0.15958884348966615,-0.23252251474075897,-1.4483111045720034,0.29396941782038644
Odisha,Ganjam,21019.0,5,"Middle development, no standout gap",0.6241511160919777,5,6.56668135421036,0.6652032869194761,-0.3010382178637729,0.47244479299808206,0.49947572822436725,-0.6774662260366199,0.39125955983182115,0.47613691563886906,-0.1050993613029579,-0.22710634743393332,-0.1497062165402084
Odisha,Jagatsinghapur,21011.0,5,"Middle development, no standout gap",0.6233386321425246,5,7.167280571168151,0.6935873872024758,0.7403651692075254,-0.347779843282786,0.20794955939602058,-0.7388475892522323,0.6073997934265816,0.3227315131672602,-0.30180344839514045,-0.07045088122233406,0.12955606838600536
Odisha,Jajapur,21013.0,5,"Middle development, no standout gap",0.5858190871219754,3,6.6048400642423015,0.14644476218494462,0.09185217472700272,-0.5361929129354707,0.24385210087645556,-0.318626819412976,0.2091228814018646,-0.009419803545640537,-0.7996537495124775,-0.9789720764996025,0.07061782041737544
Odisha,Jharsuguda,21002.0,5,"Middle development, no standout gap",0.6819979172247891,7,5.9806904822883045,1.1917872368293598,0.17688553099205495,-0.1259043464920121,0.6782088993923527,-0.34336335717870925,0.44284490558986617,-0.006341120633287578,-0.3933271951854842,-0.403080288672519,0.7646356928619086
Odisha,Kalahandi,21026.0,4,"Middle development, weak schooling",0.6499282685267391,6,5.171804711572536,0.8763107673749986,-0.594341591465793,-0.5016851583733758,0.6197742674107045,-0.3859423461040993,0.4493932699563719,-0.041871503677355815,-0.4622053190556943,-0.10306793197631303,0.6392702857463196
Odisha,Kandhamal,21021.0,4,"Middle development, weak schooling",0.6581365535388186,6,6.576448106782337,1.1289769919439,-0.5901684471109906,-0.6735311003658948,0.7374687193773257,-0.10208150446467681,0.5043896268630889,0.14580943810769162,-0.5890472001735568,-2.4978284455103505,0.3535750960757763
Odisha,Kendrapara,21010.0,5,"Middle development, no standout gap",0.6033841852563524,4,6.187502413370332,0.04911430890146166,0.5851723110272106,-0.24459691380840737,0.1891133129229664,-0.35929964272267195,0.5434572476039147,0.3093410493688968,-0.4832112480395595,-0.15691064579435876,-0.03746495575585232
Odisha,Kendujhar,21006.0,4,"Middle development, weak schooling",0.563255100777122,2,6.294316055408432,0.2507825626729003,-0.5842738815804407,-1.2591419252857872,-0.0463738336982715,-0.1990697891164708,0.23121784128950174,0.12887933944553667,-1.7312761475038376,-0.9166412014906979,0.003522921353947661
Odisha,Khordha,21017.0,5,"Middle development, no standout gap",0.6405908892956929,5,7.087225100855417,0.44196633713810185,0.5802432814669759,0.48831908984029443,0.5774144311279221,-0.7094035022824018,0.2547630639176516,0.1876005457150608,-0.10022642250221926,0.0905719629127905,0.5060655970693798
Odisha,Koraput,21029.0,4,"Middle development, weak schooling",0.6471140409564717,6,7.1162155034065595,1.134049452585772,-1.6908105596549698,-0.5686343374378484,0.716061389679769,0.02917204425951293,0.5724367455213101,0.1272854364647633,-1.375988297769849,-1.4146462748234852,0.30222475396423204
Odisha,Malkangiri,21030.0,4,"Middle development, weak schooling",0.6329132713385566,5,7.80378459137789,1.1393463837120656,-1.5460306622968212,-0.8364067289074486,0.7058792835944707,0.11228808326979796,0.32620128420747274,-0.21422339908103763,-1.7144482696154932,-1.0247324813828824,0.18467429880598435
Odisha,Mayurbhanj,21007.0,4,"Middle development, weak schooling",0.5530306583911615,2,7.482635594883834,0.041480048589414883,-0.8214461292049486,-1.600070594261771,0.2023641585495849,-0.18832950042795768,0.35798723869572013,-0.16386414196445429,-1.8819790520227935,-1.4630075350148544,-0.10583278459401993
Odisha,Nabarangapur,21028.0,4,"Middle development, weak schooling",0.6545489398542632,6,7.200340740441908,1.1445301325465291,-1.6741638688789129,-0.6824973596854759,0.7412549838577005,0.3203875166676788,0.2724040693926075,-0.03908853894076613,-1.2197276558034376,-0.659268540874623,0.2039249252769444
Odisha,Nayagarh,21016.0,5,"Middle development, no standout gap",0.6530852131797468,6,6.956450264643015,0.9647175671166314,-0.04785372671285604,-0.09139659192991734,0.6955138202924788,-0.6120961785375993,0.5086200110896348,0.20912144744790107,-0.2035113577912624,-0.8431590492764428,0.4218376629728698
Odisha,Nuapada,21025.0,4,"Middle development, weak schooling",0.6621088080422652,6,5.659268856470766,1.1930042626010366,-0.8846553920326836,-0.9337228941518197,0.4186431762620328,0.06371006024177754,0.7177948558051805,0.01995472345813389,-0.5276812276778935,-0.2532418700970522,0.41225445591323007
Odisha,Puri,21018.0,5,"Middle development, no standout gap",0.6678777883726063,7,6.932265552030963,1.0202386559124177,0.534199879937243,-0.11002194138703553,0.5624327038531354,-0.6009095044465257,0.4115792200382223,0.2900456756131468,-0.3134088806352896,0.1220417896093123,0.6341796760235572
Odisha,Rayagada,21027.0,4,"Middle development, weak schooling",0.5997608321426621,4,7.078140487254313,0.858741170880713,-1.5838039398252644,-0.5472376647089152,0.1211215438587037,-0.18347218166401688,0.5809972726264688,-0.18601548814971888,-0.7393439549788194,-0.9126424914667507,0.036842647153905075
Odisha,Sambalpur,21003.0,5,"Middle development, no standout gap",0.6656495882211882,6,4.942907620732308,1.0458433786071064,-0.2318458286522202,-0.0247958553401125,0.5125772910526621,-0.18555416668229402,0.18767039632193896,0.6350095610037888,-0.9195672621376461,-0.38856819217945726,0.5481209087180743
Odisha,Subarnapur,21023.0,5,"Middle development, no standout gap",0.6944345022927537,7,4.356820532398003,1.2862301065427408,-0.030537880820069564,-0.05757761405439421,0.5631887722034998,0.0008518728335042155,0.370530626067886,0.13345622934129567,0.009397251344308133,-0.16322239611147857,0.59498135269772
Odisha,Sundargarh,21005.0,4,"Middle development, weak schooling",0.6131270363793185,4,5.179864777626336,0.10969807956502789,-0.27515102479158116,-0.27980966158260173,0.2459190929021977,-0.08320256246912856,0.33774807352895553,-0.02273102335291198,-1.2071149727737316,-0.37137438749364493,0.669198982232531
Puducherry,Karaikal,34004.0,3,"High development, strong schooling",0.6705526372558456,7,4.597942526286998,0.4805911526473208,1.5180693253648725,0.8709957768501428,0.4486291623105681,-0.45469155275227957,0.05326469793803257,0.5682278395059714,0.46200948578549383,0.8075447852878237,0.5754457154605765
Puducherry,Mahe,34003.0,3,"High development, strong schooling",0.6756286015987577,7,7.639421950196693,0.7034944109918305,1.885876506576632,1.0839009601899547,0.46845469172257276,-1.5285887293111091,1.072110132119471,1.2302257552033569,0.8197539872212862,1.209145985840446,0.5228789670228139
Puducherry,Puducherry,34002.0,3,"High development, strong schooling",0.6904812405485269,7,4.96082105276319,0.2934298075623575,1.3267250145496101,1.20502046243488,0.6285247371838086,0.009897119243817783,0.2282476526846479,0.6807700019717693,0.7068833257159736,0.8242664410089302,0.4117256880455102
Puducherry,Yanam,34001.0,3,"High development, strong schooling",0.6334743660746895,5,7.374611311097115,0.46249262614650605,0.8018822022606701,1.255398459707804,0.48872440765618436,-1.1741597941586452,-0.9829410105493989,0.8026574885027041,0.9518752463000735,0.8066336357127186,0.7741271637021361
Punjab,Amritsar,3015.0,2,"High development, strong clean energy",0.5777086174221775,3,6.183032259218121,-0.23469175681179522,0.3737738693347761,0.9424260585087172,-0.06971624227525271,-0.9426350547381872,-0.43872062646788984,0.21684763019500922,0.9780038732551268,0.8490704056648024,0.42404196884038364
Punjab,Barnala,3020.0,2,"High development, strong clean energy",0.554954896489869,2,6.03186042026378,-0.7277390307402274,0.6452775605873022,0.7357320277421993,-0.04934359460214091,-0.9763324175713681,-0.08447319212019928,-0.33556278233758213,0.7221637571881332,1.027102720535951,0.30302376217094745
Punjab,Bathinda,3012.0,2,"High development, strong clean energy",0.5030129093362417,0,8.051322603968659,-0.7987957787929555,-0.2892029958545497,0.8551255341393131,-0.5253180839579091,-0.8949635925390744,-0.24336002519118294,-0.3031446896623591,0.5565284985375196,0.9029980083697182,-0.24064582325746203
Punjab,Faridkot,3011.0,2,"High development, strong clean energy",0.5493137797244805,1,4.604212829872718,-0.4782775164222498,-0.035190079763746995,0.7550502080172721,-0.04165953735081096,-0.6919564865084757,-0.394894930511333,-0.03173373397284052,0.6631778682397457,0.4658887709734616,-0.16693647347985463
Punjab,Fatehgarh Sahib,3006.0,2,"High development, strong clean energy",0.6335621696148377,5,4.752412371780739,0.5438996853776852,0.7563368879955985,0.7281392676643789,0.28559338708879817,-0.8918658508026491,-0.23211907190105716,0.027160765127270805,0.8551166736646068,0.9116373551560596,0.569694779949293
Punjab,Fazilka,,2,"High development, strong clean energy",0.564729868314826,2,5.17227558190788,-0.421816224530979,-0.13629684148855414,0.3961890204021228,-0.15244395888838735,-0.5319952461909343,-0.051359327852654284,-0.054023128721335155,0.8025439220566881,0.559689472678887,0.20370931655371152
Punjab,Firozpur,3009.0,2,"High development, strong clean energy",0.5910315228096771,3,4.72432184584128,-0.19493664486671727,0.1020713397444504,0.6101273687717912,-0.1294777332772641,-0.43905039590822537,-0.2525039524207177,-0.06618467539023282,0.7887367766470941,0.5610727712186971,0.6174506259595419
Punjab,Gurdaspur,,2,"High development, strong clean energy",0.5683227904888595,2,6.308710672806678,-0.04293887618056546,0.6093005590602705,0.8126765770247301,0.00562267280364801,-1.137206999411503,-0.41914756596574404,-0.1912513470588967,0.8966085460283783,0.70507158844175,0.08748772010476281
Punjab,Hoshiarpur,3004.0,2,"High development, strong clean energy",0.6403501064554179,5,6.564021188224682,0.7207340372434115,1.5199070776425436,0.8264845438072275,0.21854818636384776,-1.1414871948932517,-0.12802639542721517,0.44220940704028133,1.0054685902033764,0.9979790824869084,0.3071144374722278
Punjab,Jalandhar,3003.0,2,"High development, strong clean energy",0.6130699049484553,4,5.408865364266936,0.44279095966267396,0.8133636165681002,0.8937700029522211,-0.03923540180005207,-0.9416814238065201,-0.3786292146491857,0.2923662495890364,0.8749155496169971,0.9450806665982738,0.45237520472358106
Punjab,Kapurthala,3002.0,2,"High development, strong clean energy",0.5837130637206458,3,4.409854313925997,-0.16295663018338122,0.5145681257894249,0.9572631361896883,-0.06687913181889948,-0.9612612844997347,-0.07132193625341739,0.22333967378363107,0.8879359101270484,0.8967379985851627,0.23877589303372662
Punjab,Ludhiana,3007.0,2,"High development, strong clean energy",0.5911273712162664,3,5.598719700879747,-0.6272082673716851,0.5528991586007936,0.9244813774754066,0.03161852747085207,-0.5681256345599951,-0.39004364460586655,0.157933182562924,0.8718529900039218,0.8181244684655505,0.6034352907738484
Punjab,Mansa,3013.0,2,"High development, strong clean energy",0.5837607819510855,3,5.425411312098121,0.15000410256672853,-0.41431319454502175,0.2605768288195114,-0.02674561315668873,-0.7087771589710566,-0.017350553842997107,-0.1487981538482268,0.6701678977269391,0.8094851216792092,0.2823447645671767
Punjab,Moga,3008.0,2,"High development, strong clean energy",0.5842512014457824,3,4.091916661841899,-0.24391019196501076,0.2456107025065809,0.7064022607235418,0.21367931197227238,-0.8539030667431116,-0.4017372754180459,0.0653336501532401,0.6263099510444659,0.8879806145576447,0.37941635804038526
Punjab,Muktsar,3010.0,2,"High development, strong clean energy",0.5710787043728279,2,5.3520234043100245,-0.8521097837938616,-0.16081499373914904,0.6870759721857053,0.15496973329766464,-0.43750020399271494,-0.13065606013555267,-0.07103500962838362,0.5327615635263362,0.6291915070474525,0.38189489124109893
Punjab,Pathankot,,2,"High development, strong clean energy",0.6034135963955222,4,5.68680774574955,0.15480061202880785,0.8781414330765109,0.8782441485846781,-0.03096937284775323,-0.6754163818112595,-0.5911758435841906,-0.013714765919345081,0.7669987187564171,0.5478445282025264,0.45590562474582236
Punjab,Patiala,3014.0,2,"High development, strong clean energy",0.5977967283070281,3,4.049000437592841,0.12107253511260205,0.28067500793356714,0.866510620124662,-0.06947849834655878,-0.7601289752394664,-0.4834700821882951,0.18406361460019602,0.8922599406808436,0.892418325191991,0.4254854181607688
Punjab,Rupnagar,3017.0,2,"High development, strong clean energy",0.5994548640198827,4,5.040684772816468,0.16219639019547677,0.8246884183288541,0.5369751453967886,-0.04522652413440564,-0.9327763490274167,-0.6831106447704219,0.4777150138292207,0.9226214535573833,0.7109774865027774,0.4943776614493481
Punjab,Sahibzada Ajit Singh Nagar,3018.0,2,"High development, strong clean energy",0.6161397656930043,4,4.302189314138923,-0.30458269171920316,0.8794626599497214,1.030415359564691,0.28200452603323417,-0.7992487366567411,0.06646171476335322,-0.08082849180651717,0.8789332720727159,0.9239213002428197,0.700892838459426
Punjab,Sangrur,3019.0,2,"High development, strong clean energy",0.5878076622903983,3,5.989763049086926,0.1310333150760873,0.45545809655412056,0.6349719790649676,-0.117741137334268,-0.780033998878115,-0.27124044955159415,-0.14027517976913276,0.861438705688023,1.0809122859996907,0.1996913426612314
Punjab,Shahid Bhagat Singh Nagar,3005.0,2,"High development, strong clean energy",0.6460531466291178,6,6.680856214003064,1.0163029357591802,0.9682889571950919,0.8199290028906469,0.3718538788700653,-1.2168100918060092,-0.1934724600298913,0.21324339459642014,0.9663192852261505,1.042120114348025,0.43874383529856864
Punjab,Tarn Taran,3016.0,2,"High development, strong clean energy",0.6046349331150919,4,4.964674115423147,0.4840434371970683,-0.4391867023796079,0.572516064988742,0.08094167901912447,-0.6316712661853434,-0.5508597140412924,0.07782576388963307,0.8653697339089591,0.46232906155991266,0.3778744210283763
Rajasthan,Ajmer,8021.0,4,"Middle development, weak schooling",0.6690956335432382,7,5.736706669693167,0.21476910266941507,-0.2536433045364073,0.32131080117930877,0.36157819125194274,1.0436712147174299,-0.04309639568963713,0.3341702447609831,0.5102925295730087,0.4571831274785074,-0.2013359846046848
Rajasthan,Alwar,8006.0,6,"Low development, weak clean energy and weak civil registration",0.5440057676076354,1,6.224492197093317,-0.7288995550724764,-0.17108689670876928,-0.30499460608768203,-0.44459813764674805,0.5029478620456326,-0.2514653611896362,0.08153327872638161,0.3017384876137744,0.020918742948742658,-0.7100628430325303
Rajasthan,Banswara,8027.0,4,"Middle development, weak schooling",0.6315079571694711,5,5.277554128055566,0.5701246677007109,-1.1765015252280848,-1.1583697142144103,0.4989395085563572,0.4037098802177095,-0.19859871333035917,-0.07789410953789892,0.340500157161753,-0.990614094847917,0.12953515311809635
Rajasthan,Baran,8030.0,4,"Middle development, weak schooling",0.6913837237022566,7,6.402258580986209,0.6116149238008022,-0.9612368145503671,-0.14729696508956402,0.6425748583134416,0.92546181270999,0.3602322316952597,0.38839023285705315,-0.23449249948200052,-0.3180701193489178,0.37519903455281167
Rajasthan,Barmer,8017.0,4,"Middle development, weak schooling",0.6927151750740909,7,5.756957594084517,0.557632301613708,-0.7288028012566095,-0.750487812042571,0.5231505574472743,0.961093083280209,0.00491900655059115,0.2744245810503265,0.3375612679629715,0.7828588578731275,0.46525200486627777
Rajasthan,Bharatpur,8007.0,6,"Low development, weak clean energy and weak civil registration",0.5387857868003,1,6.226213671302572,-0.9580832447968419,-0.641942463756593,-0.46406574632756226,-0.3113840285922504,0.632348701257785,-0.07518302591589938,-0.3466987016553999,0.22238598085075145,-0.3227107561113104,-0.5270842430104273
Rajasthan,Bhilwara,8024.0,4,"Middle development, weak schooling",0.6554087422902692,6,4.938221416224918,0.2859869072371174,-1.000357602475422,-0.2977381260903843,0.5327949185210995,0.6741071169216712,-0.028389795252451683,0.2983228105011592,0.45790996863610145,-0.3859527806953201,0.11667335715766207
Rajasthan,Bikaner,8003.0,4,"Middle development, weak schooling",0.6472063448984126,6,6.328792243010749,-0.1580990761347207,-0.7209426996026381,-0.16870580021264406,0.20080634029840994,1.109812739558689,0.04907305534022688,0.06987830149545411,0.5952042375271922,0.34175091045292294,0.07209081145582392
Rajasthan,Bundi,8023.0,4,"Middle development, weak schooling",0.6286168360136178,5,5.31923455861113,-0.050669577785590864,-0.958283621199739,-0.4064393773201025,0.3240370638216412,0.7351649680146284,-0.1451591537907153,0.11478663119650656,0.05716473656325225,-0.43785515812197934,0.22160958751401058
Rajasthan,Chittaurgarh,8028.0,4,"Middle development, weak schooling",0.6521896624993094,6,4.829776213428961,0.8512508267208793,-1.2052952829403387,-0.23459343532758503,0.4303520943045954,0.2775466471471642,-0.07524204822447532,0.39222104649161715,0.43847083739532505,-0.05666560035458815,0.006267218068704727
Rajasthan,Churu,8004.0,4,"Middle development, weak schooling",0.6118078092317436,4,4.734487028494704,-0.03443919006873835,-0.6529297921627436,-0.3319177088347203,-0.042937550133324905,0.4177470986296852,-0.2009676349683891,0.2429920726097626,0.5219696549451275,0.5585422486214302,0.08861453388414745
Rajasthan,Dausa,8011.0,4,"Middle development, weak schooling",0.6560621205035196,6,6.045041176285386,0.47351734350169783,-0.5626038071499593,-0.41471685995311336,0.23059420039457734,0.8864720792602193,-0.019674459413480172,0.026861068699860786,0.2031243352599394,-0.1012787811804099,0.15704853930553203
Rajasthan,Dhaulpur,8008.0,6,"Low development, weak clean energy and weak civil registration",0.6038876459255225,4,7.415025146424284,0.16255552681170546,-0.6493358837578873,-0.30810220944001965,0.08798098117701679,0.9814173574654801,-0.5293809092353958,-0.4662650124261583,0.2675039719039824,-0.45081417830149145,-0.5299338271062292
Rajasthan,Dungarpur,8026.0,4,"Middle development, weak schooling",0.6571541197225185,6,5.449146504713178,0.39991483704755015,-0.6702456859523477,-0.26909713575829686,0.45451546917689634,0.4878108743395742,-0.08025101630527633,0.25643645748008925,0.49620938373164275,-0.4091705206833359,0.4001030997965394
Rajasthan,Ganganagar,8001.0,5,"Middle development, no standout gap",0.6905297833774895,7,5.138959537714178,0.3302128662935649,-0.30194777835889,-0.1942351330610092,0.43398653882340615,0.7026488539609852,0.10708268861308982,0.4386867770690526,0.6510569769384458,0.4379972458687465,0.6961204306309068
Rajasthan,Hanumangarh,8002.0,4,"Middle development, weak schooling",0.6746479340392845,7,4.875870086276286,0.41637910706073017,-0.3681536614550506,-0.13314460996378163,0.3064056546121776,0.5611862713069323,-0.1403413156487274,0.8277536482511589,0.602488799984467,0.6609305565806329,0.3840111536138896
Rajasthan,Jaipur,8012.0,5,"Middle development, no standout gap",0.6920365442344102,7,5.847686852737523,0.6663090632534255,0.22252556592386946,0.4220667957251576,0.12988387663524462,0.8506125242243796,-0.11653904254329117,0.18536469759963428,0.650684668140688,0.6417964155034352,0.4479753572758917
Rajasthan,Jaisalmer,8016.0,4,"Middle development, weak schooling",0.623078430474004,5,6.313101670503406,-0.5104782367316101,-1.1092484229018431,-0.44819955774811376,0.19361214045520406,1.0565739786861268,-0.11367545227083298,0.01528362209762831,0.4188058394803579,0.2155878246541283,0.2360653488727878
Rajasthan,Jalor,8018.0,4,"Middle development, weak schooling",0.650813399697259,6,5.9911222987123205,0.1397736242291923,-1.155894812669208,-0.19940095821029974,0.45870274379093484,0.8848258982354013,0.16647842401071244,0.17544845552020819,0.3944239350723664,0.46594051150602545,-0.24138554656447023
Rajasthan,Jhalawar,8031.0,4,"Middle development, weak schooling",0.6591029291459779,6,5.001786117794235,0.4093211798190738,-1.2713769707472848,-0.14660008014022835,0.5641814625094227,0.7021890611775796,0.1985332040904176,0.39477326732155665,0.03128414180648359,-0.4359997106174634,0.07827360642801334
Rajasthan,Jhunjhunun,,4,"Middle development, weak schooling",0.6721154741779097,7,4.696195950011514,0.4783588007999024,-0.1572516826978442,0.26643953891813765,0.24750261283507277,0.4514307188168779,-0.035706744333409944,0.5759415797273326,0.4284417821159162,0.5285074609972825,0.4493779835624613
Rajasthan,Jodhpur,8015.0,4,"Middle development, weak schooling",0.6635177450603194,6,4.746637115041186,-0.05883050613202185,-0.6423765308938966,0.2063943432449137,0.2950547571982881,0.9720839025310585,0.06405523594214031,0.37035802731919015,0.45436622844792823,0.2848537845403405,0.3250878305666791
Rajasthan,Karauli,8009.0,4,"Middle development, weak schooling",0.6333875236079991,5,6.875916552855452,0.44760980991356897,-1.053234377385083,-0.4178244633054511,0.1444974373011891,1.114762101306934,-0.3074926069833433,-0.10759166651672174,0.09382299918324703,-0.7188328188039066,-0.15229056343149258
Rajasthan,Kota,8029.0,5,"Middle development, no standout gap",0.6893776919132789,7,5.867515743575206,-0.07841114909936088,0.29344772714493056,0.6625757502358154,0.4227730460982226,0.8598974810019334,0.2404447467856842,0.355408622822554,0.3129406993523834,0.6022111315178411,0.6126034275718839
Rajasthan,Nagaur,8014.0,4,"Middle development, weak schooling",0.6766719875593424,7,4.751685894301155,0.3498448165958232,-0.6593840429033594,0.063541888190531,0.3458571461535815,0.7903303520336744,-0.1427980087174304,0.4126946087579521,0.46411198078079574,0.43637787284658347,0.564265561467949
Rajasthan,Pali,8020.0,4,"Middle development, weak schooling",0.6861024453979033,7,5.933619353596906,0.5970102460549331,-0.37018799727923535,0.3012957359549002,0.4434093833041122,0.5511935187006894,0.010935343507316583,0.8609553959040189,0.5411589403873116,0.4921277747017081,0.13697620997572446
Rajasthan,Pratapgarh,8033.0,4,"Middle development, weak schooling",0.6452100364707526,6,4.9286137600211095,0.5696406666799395,-1.124392031162166,-0.6479936592547639,0.35206316454400405,0.6501993763610303,-0.13213622803630667,0.16773406582323638,0.4402916058644289,-1.2265913146261862,0.20382385934711866
Rajasthan,Rajsamand,8025.0,4,"Middle development, weak schooling",0.6362940658274208,5,6.402387163570514,-0.4485205840816595,-0.571908530044269,-0.12658906904720085,0.4803903939580948,0.9379092758351709,0.24475558494151758,0.4067392623146487,0.4076598617448245,0.0640637363478849,-0.43356032161240654
Rajasthan,Sawai Madhopur,8010.0,6,"Low development, weak clean energy and weak civil registration",0.553035693677917,2,6.859537161037639,-1.0381735452377008,-0.9211582618946546,-0.7028689756473163,-0.07996345897621723,0.7949012085267185,-0.07338759962555733,-0.25108875395946045,0.23174569219984553,-0.108940681683034,-0.477636569074679
Rajasthan,Sikar,8013.0,4,"Middle development, weak schooling",0.6186150582125713,5,5.558961338423005,-0.4790005732401975,-0.17521226909643495,0.350636514066585,0.021065756467303264,0.5752116182606468,-0.16439357447823824,0.16980266789914897,0.5607121314921432,0.5511350147794167,0.19774140144236688
Rajasthan,Sirohi,8019.0,4,"Middle development, weak schooling",0.6623625246811813,6,5.171657482778101,0.25286186275250283,-1.005256657437755,-0.5462207162045831,0.48701996374410117,0.8602651691974483,-0.12351238598534466,0.5408789891013343,0.3654322613016757,-0.6444209248362892,0.2225239980809432
Rajasthan,Tonk,8022.0,4,"Middle development, weak schooling",0.6196361675267663,5,5.240442715982529,-0.1953469385036035,-0.9231257278829184,-0.5285960987262689,0.31886824167479466,0.763499576178419,-0.06230951441464797,0.19830154867993685,0.24811707315326112,-0.38354029533922795,-0.09633885411579678
Rajasthan,Udaipur,8032.0,4,"Middle development, weak schooling",0.6776798180299862,7,4.661669466331004,0.3862596750504749,-0.7991969058007343,-0.2811831608243642,0.5998752316702912,0.6227778985226969,0.056890224192364,0.3445113074347376,0.3904400600573018,-0.4810518920536854,0.6107656480924816
Sikkim,East District,11004.0,2,"High development, strong clean energy",0.5538036820689684,2,7.529780624817958,0.030272048230390425,1.7177566622624707,0.9793445314738136,-0.5845783271064897,-0.851520072645658,-0.021212954399776923,0.26732606320387925,-0.6630129856382252,0.44528644246958293,-0.2608978631934652
Sikkim,North  District,11001.0,2,"High development, strong clean energy",0.5783870304215633,3,8.098071440786992,0.6860852587236225,0.5985505029493036,0.4696815779890312,0.12946114063268035,-1.2112260988691617,0.03546523300863191,-0.17208917555404835,-1.074713405044245,0.47052940773585505,0.1027841318738121
Sikkim,South District,11003.0,2,"High development, strong clean energy",0.6006029378417962,4,8.024684654336665,0.14907876955964586,1.3142642665479185,0.5666493007587328,0.27133265007016655,-1.2628931338733866,-0.08391805525508296,0.7242408017831737,-0.9915948563859729,0.6631401158086778,0.6239013803572531
Sikkim,West District,11002.0,2,"High development, strong clean energy",0.6232654278072491,5,9.005121111398198,0.8043410209824418,0.9563436822354059,0.5383486446385509,0.002939672759763723,-0.8540145669165965,0.5951051495100964,-0.19137671972314393,-1.271221323642942,0.35556933967497595,0.8395603503749054
Tamil Nadu,Ariyalur,33015.0,3,"High development, strong schooling",0.6426558125601188,5,5.994960154562549,0.718420333380043,0.4922847963073618,-0.01237760432490545,0.3049637255101995,-0.512072222748323,-0.30039032265598914,0.727501027805524,0.4416430391087296,-0.6513560097135969,0.5004433164612607
Tamil Nadu,Chennai,33002.0,3,"High development, strong schooling",0.6741965221076976,7,6.0682424945389615,0.21626234709811093,2.049453308113009,1.248842918791225,0.4700734675876433,-0.7868326484630439,0.3158028711175413,0.6691944228816133,1.0089668509347915,0.9489613393810452,0.7374037511218677
Tamil Nadu,Coimbatore,33031.0,3,"High development, strong schooling",0.6833960409683376,7,7.108087189590623,0.28766769956554883,1.819466695250615,1.142904882570558,0.43857306194033163,-0.2017861377170521,0.05488559991898621,0.8200192607519523,0.5777637514022645,0.6030042438517701,0.5877635347501675
Tamil Nadu,Cuddalore,33016.0,3,"High development, strong schooling",0.6362685145095406,5,4.797046439189632,0.34572935187322545,0.4939876140933618,0.7067425949354457,0.1861056315667767,-0.24733728161335555,-0.13765562334385587,0.45020346510401815,0.29534337479310047,-0.02813214851142659,0.4644043057030872
Tamil Nadu,Dharmapuri,33029.0,2,"High development, strong clean energy",0.7012743841955407,7,6.6968981123436535,0.8430128968537917,0.5290804634395921,0.8737549377278143,0.8363622570497822,-0.5644652568936376,0.14926375230430391,1.0577542601461432,0.3884015272213708,0.3141803487174302,0.7460948922128091
Tamil Nadu,Dindigul,33011.0,3,"High development, strong schooling",0.6563707807486019,6,5.556277558993924,0.9638240718969283,1.0639350467665973,0.6729236170599227,0.5710299975871772,-1.0276076705256554,-0.45323775242976233,0.5495723125367887,0.40249707444850863,-0.038711831689153375,0.6670080393799496
Tamil Nadu,Erode,33009.0,3,"High development, strong schooling",0.7154017619524314,7,7.466106261109149,0.8819099304466129,0.7409255388316452,1.175342252941553,0.5773375270569769,-0.0315699602250399,0.31739286213839096,0.8927751257332431,0.37955816816355387,0.15718936296055924,0.9111535342924852
Tamil Nadu,Kancheepuram,33003.0,3,"High development, strong schooling",0.6208746671920773,5,5.713862043480003,-0.31978988364360916,1.5996358569668174,0.9896964524293037,0.0670463768765388,-0.4203598065814943,-0.07228577709741751,0.5484454827764492,0.543007139279003,0.4806037935945707,0.488436912088775
Tamil Nadu,Kanniyakumari,33028.0,3,"High development, strong schooling",0.6701520400566364,7,5.81370723577793,0.4477444277644051,2.061277153716004,0.7543654854620816,0.012850783662876442,-0.6396382304129098,0.05917973108892958,0.8650539513527905,1.0229765759972345,1.1227920181001991,0.8886167895573076
Tamil Nadu,Karur,33012.0,3,"High development, strong schooling",0.618621401264791,5,5.560551874716224,-0.016308311533400295,0.7731034176174081,0.5821711009948962,0.23678538683380695,-0.6828629200333209,-0.33430281763659947,0.9818059774446873,0.38545569888920284,0.04683678330776703,0.6514540753088054
Tamil Nadu,Krishnagiri,33030.0,2,"High development, strong clean energy",0.7001959065107234,7,5.95712525540733,0.5558572257507587,0.38838873870068014,0.9220625508096407,0.8160170884592074,-0.23691990858128786,0.2378629243746243,0.5924320142866294,0.5568188516279152,0.50517168376809,0.7799795325850946
Tamil Nadu,Madurai,33022.0,3,"High development, strong schooling",0.65904785506923,6,2.9402464440339386,0.41886888888035767,1.1524221607378382,0.993488778336832,0.3365307378901375,-0.5890715972391285,-0.15868871275848878,0.72868702689884,0.6703235404460245,0.5857255502790872,0.6214412676638796
Tamil Nadu,Nagapattinam,33017.0,3,"High development, strong schooling",0.6782764307795313,7,6.087120190548246,0.35763567308281013,1.2677047918107334,0.3389029856065686,0.4974691929314325,0.03969190489097132,0.10704986670451959,0.7742245385369632,0.20585307934994884,0.2952822821225844,0.5382281926648311
Tamil Nadu,Namakkal,33008.0,3,"High development, strong schooling",0.6502132158350205,6,5.388358075641004,0.32285276683551695,0.7094212881446772,0.9986667658802677,0.4641005262342545,-0.9962068496615938,-0.13067304637336793,1.3465938554041295,0.5207238480299929,0.462059838723254,0.6741337499197568
Tamil Nadu,Perambalur,33014.0,3,"High development, strong schooling",0.6944526665930258,7,7.026891928233305,0.7176417564576802,0.8531317494097392,0.6843127571766523,0.44999426160487255,0.3530529764617843,-0.04096282592698262,1.0748447769801457,0.4931336070478099,-0.13495816710497666,0.33330911268010205
Tamil Nadu,Pudukkottai,33020.0,3,"High development, strong schooling",0.6450037387232739,6,5.764740633171887,0.18916233519153122,0.4487929891901412,-0.025140243683397512,0.46870177020609194,0.16814904779874038,-0.059627052094621824,0.5588945560236167,0.23224884305737264,-0.4766473297736446,0.28251324754868834
Tamil Nadu,Ramanathapuram,33025.0,3,"High development, strong schooling",0.6699689901058209,7,3.88226180617656,0.4767484260583428,0.7234853676514739,0.8658177893067073,0.4037822595147921,-0.08643623530923024,-0.20418446446547986,0.629659552204596,0.5094030488032668,0.23801245230821577,0.5950394364728291
Tamil Nadu,Salem,33007.0,3,"High development, strong schooling",0.6400386946519365,5,6.389446639457352,-0.2465160714520372,0.21232739854923885,0.9272405383530764,0.3384583808720951,-0.15552530106281554,0.31955352068820736,0.7041340885804116,0.5090992279054478,-0.03197967293989193,0.7234339898071367
Tamil Nadu,Sivaganga,33021.0,3,"High development, strong schooling",0.6652436140933278,6,5.839438619635292,0.7556912551358107,0.7220540013300658,0.7226168917776583,0.23974098435553975,-0.737001332418597,-0.01912606053936565,1.3658120851510782,0.7148886577921885,0.2495881739479175,0.5981161314523105
Tamil Nadu,Thanjavur,33019.0,3,"High development, strong schooling",0.6071338954044341,4,4.02380759202147,-0.41936457008495276,1.1220647807308932,0.530067107874159,0.4614591007051783,-0.865702876205659,-0.0007329295787716813,0.8801763582928618,0.3820506705560739,0.6295124704166752,0.3123473829090421
Tamil Nadu,Theni,33023.0,3,"High development, strong schooling",0.6665377207232718,7,5.380549433416968,0.8223255833766557,1.186032703529905,1.0269633678690684,0.65868056253645,-0.9415814246138864,-0.7228128216127184,1.1131931530019414,0.6112224734634528,0.4584152404228358,0.5400138548367182
Tamil Nadu,The Nilgiris,33010.0,3,"High development, strong schooling",0.7259723273401781,7,7.107871743668207,0.7401044445954722,1.481475253523742,0.7564277613904156,0.5699632363162878,-0.09045037313295903,0.36779241443920746,1.1045801863405096,0.4672215548434888,0.5678898188548296,1.051409559149833
Tamil Nadu,Thiruvallur,33001.0,3,"High development, strong schooling",0.6333530290858472,5,7.015916907779435,-0.19384468099276633,1.4511816892276101,1.1477384817707068,0.1305728777109333,-0.14328021533138088,-0.13585884353660826,0.5390450949407606,0.6581341870059757,0.5068759456771227,0.3557136965906252
Tamil Nadu,Thiruvarur,33018.0,3,"High development, strong schooling",0.6652598045335716,6,5.910214184296257,0.8427053317977442,1.2465387487170831,0.2885209342022613,0.20821423387772245,-0.448610035427197,-0.0408817174931353,0.9075442309062275,0.22880410374271648,0.34465413695197683,0.6010317934295574
Tamil Nadu,Thoothukkudi,33026.0,3,"High development, strong schooling",0.66976112964725,7,5.253285724523584,0.9375421025498965,1.1418952388466177,1.1159939422176648,0.31258239964904866,-0.8716579581684702,-0.20854691713219276,0.5385587299952345,0.7485880360522331,0.4566260896269324,0.8432046380090942
Tamil Nadu,Tiruchirappalli,33013.0,3,"High development, strong schooling",0.6777059851640614,7,4.972938753858901,0.8162217962146019,0.8162090659632142,0.591489856920528,0.61204030860541,-0.37984384972904434,-0.25155566066696533,0.88559388578923,0.5998474322299107,0.09042077731730752,0.4944583166661828
Tamil Nadu,Tirunelveli,33027.0,3,"High development, strong schooling",0.6703964716747624,7,4.773769135139591,0.5753673424245146,0.8174884171318417,0.9976336008504094,0.2503403727001132,-0.09266928542733106,-0.5591826492730827,0.8703947917470406,0.8960123615007222,0.5382940318410804,0.5458732978954208
Tamil Nadu,Tiruppur,33032.0,3,"High development, strong schooling",0.6940689441761417,7,4.426616254481587,0.659145352141853,0.8143452347087596,1.1529124151827614,0.4904398567328112,-0.4055422015472684,0.014271661708132141,1.0710687356688853,0.5030452614420828,0.50517168376809,0.9289246224189179
Tamil Nadu,Tiruvannamalai,33005.0,3,"High development, strong schooling",0.6942683587562607,7,5.909309882787795,0.7046244941145152,0.7141740262688849,0.5811379359650379,0.82046308865889,-0.08403124990907461,-0.21923234530895233,0.7438560462267009,0.6554613866117355,-0.07544562970825658,0.483914658704625
Tamil Nadu,Vellore,33004.0,3,"High development, strong schooling",0.6635099147076206,6,5.835911226695291,0.4201212462756071,0.6974060224679821,0.9196477782752559,0.7231194058770236,-0.7971973559532548,0.08151894210695647,0.41947131076633326,0.7344101376498884,0.3867699435348383,0.6360235254407969
Tamil Nadu,Viluppuram,33006.0,3,"High development, strong schooling",0.6843302055253363,7,7.178672741560276,0.3125192818341642,0.6046952080572051,0.6222052855750944,0.5689231653635131,0.612073947827623,-0.1113761824233619,0.8523836957630363,0.16855719715478085,-0.36018592593177845,0.42158765468411524
Tamil Nadu,Virudhunagar,33023.0,3,"High development, strong schooling",0.6554314111620915,6,6.506473084156135,0.513968271372513,0.5290791803792774,1.051463589818958,0.15663977437942642,-0.2052139768872886,-0.10095833789125126,0.4722701538549879,0.7039156446365624,-0.21001198781103952,0.6047890270729531
Telangana,Adilabad,36001.0,0,"Middle development, strong clean energy",0.5651792934410328,2,6.155285331438591,-0.29296914372077193,-0.6169360671225874,0.8309656464013273,-0.02253770935865081,0.12904290602339238,-0.1995666963866579,-0.15232256716599946,0.14573155886538286,-0.6318160163803062,-0.45324231233267104
Telangana,Bhadradri Kothagudem,,0,"Middle development, strong clean energy",0.6048108615457032,4,3.1458408351230993,0.35564427420279066,-0.3537317967104498,1.0124706785313822,0.07765049069287912,-0.5575481979259954,0.014837195395406141,0.33984092582502146,0.07058079473200941,0.441018509608976,0.2982846473629353
Telangana,Hyderabad,36005.0,0,"Middle development, strong clean energy",0.5669547946838788,2,8.150484966673265,-0.8026816616025612,1.0168067554605942,1.2757579132754995,0.041986438665227555,-0.8268656652716402,-0.1329576457854481,0.03638179875954845,0.7140711429119345,0.7926454287169258,0.3288105896213899
Telangana,Jagitial,,0,"Middle development, strong clean energy",0.583164001485113,3,4.431698090860376,0.24934688357225543,-0.6881270769971578,1.1142638922384704,-0.23803493920556126,-0.1555256792858545,-0.051790789050432995,0.7103993271130006,-0.13192262037678928,0.372781736539045,-0.3433560730111542
Telangana,Jangoan,,0,"Middle development, strong clean energy",0.5926687278242777,3,4.7857121300302365,0.3016679541072994,-0.5240891079406177,1.0397300613589415,-0.24525516163719926,-0.4549193796805974,0.18116709636795317,0.655065792741897,-0.6529279655635941,0.776834922570924,0.22807835661953643
Telangana,Jayashankar Bhupalapally,,0,"Middle development, strong clean energy",0.5964416140723767,3,4.289317532083546,0.47440785028560806,-1.0280557998694813,1.0231669878301572,-0.06540415544013385,-0.18286110923138926,0.21364091036402458,0.45911627087235446,-0.2578848890997357,-0.14673681487272527,-0.12428147964007655
Telangana,Jogulamba Gadwal,,0,"Middle development, strong clean energy",0.5991838182749398,4,5.324943451470165,0.30448539165662286,-1.3334084310037566,0.9966004358205507,0.13480408342461386,0.15878673501528454,-0.3483895225226763,-0.10364237951634477,-0.04609027675780192,0.25561210925012096,0.0146569843974581
Telangana,Kamareddy,,0,"Middle development, strong clean energy",0.5681268201562975,2,4.083492787053189,0.07309896722593151,-0.9716571693009874,0.8816920861489197,-0.05765717495323631,-0.29808433714929444,-0.07933705220288523,0.3988756022235392,-0.529836522956251,0.2090585920329131,-0.31855333625476845
Telangana,Karimnagar,36003.0,0,"Middle development, strong clean energy",0.5475981040418536,1,5.411542347947173,-0.44493072293767433,0.03871348188909568,1.166716327833876,-0.46863673217779683,-0.45519339130155667,0.005091651580795238,0.3436147584247841,-0.10724437227328469,0.5153123663354173,-0.1678820760991595
Telangana,Khammam,36010.0,0,"Middle development, strong clean energy",0.5953169286270836,3,5.168199056968173,-0.05360050570110691,-0.45401879956170693,1.2122647800380322,-0.0365422180213072,-0.5069600122253669,-0.2660072055270591,0.6064320870383247,0.48453476659188754,0.7224683192556093,0.403921157110529
Telangana,Komaram Bheem Asifabad,,4,"Middle development, weak schooling",0.5945788386573799,3,6.011154453756109,0.4177964083439134,-0.9616367738670704,0.748830947181214,0.007170575984004505,0.1660503052882664,0.010241741220626452,-0.036892224194325696,-0.2625071740917474,-0.6479474858955315,-0.3310176567871145
Telangana,Mahabubabad,36007.0,0,"Middle development, strong clean energy",0.5882324003769902,3,4.377257051210429,-0.08487074212530944,-0.4683561064540023,0.9827965231694362,-0.10443359529332298,-0.19188985745415568,4.952301196581299e-05,0.3735954784273927,-0.6665230106544155,0.14946116574932256,0.41714705084196935
Telangana,Mahabubnagar,36007.0,0,"Middle development, strong clean energy",0.6289530802046575,5,4.815442738059303,0.4034956222040584,-0.47871884359743566,0.9441480002251473,0.24967664031514758,0.015821671922834835,-0.13456394548954095,0.012972232577427708,-0.22201589739393546,0.4153033953779991,0.40382170581518173
Telangana,Mancherial,,0,"Middle development, strong clean energy",0.5576243074206787,2,6.807107400463918,-0.5626419906819864,-0.14708073606204014,1.117371495590808,-0.14939004714517046,-0.3930232353660324,-0.24352803028329298,0.5100987492185313,0.08157858984703135,0.3247931802494626,-0.17484516812672787
Telangana,Medak,36004.0,0,"Middle development, strong clean energy",0.554214999427319,2,5.3410846267050385,0.04924015662387918,-0.7455223518084305,0.8240657171414616,-0.27066477684817875,-0.27486057127515184,0.04030829740624894,-0.023520170197731744,-1.0801981230012654,0.5924245606740433,-0.18994012491330609
Telangana,Medchal-Malkajgiri,,2,"High development, strong clean energy",0.5867265015754589,3,6.069897123100065,-0.7059983883312823,0.6832102508861475,1.2878358300788009,-0.042168365600275946,-0.5576309377512552,-0.11601330961648766,0.11388909194316754,0.30516400650274234,0.8745494454134277,0.7241901319322347
Telangana,Nagarkurnool,,0,"Middle development, strong clean energy",0.6127940827039419,4,4.314579390936059,0.12806554592803382,-0.7290661675823195,1.0335229629170302,0.16093056495165303,-0.004427093627873694,-0.20096136352968394,0.2663770158039058,-0.6879192326722947,0.3976705900817875,0.5141429743927587
Telangana,Nalgonda,36008.0,0,"Middle development, strong clean energy",0.6146733360275944,4,4.311288334006767,-0.026401583616434,-0.504067636263016,1.1846610088671863,0.1018899984414609,0.09862374006198742,-0.28521064414792524,0.035761813741927585,-0.2656309184532637,0.4859526538040222,0.6476999710119168
Telangana,Nirmal,,0,"Middle development, strong clean energy",0.5830144302496455,3,5.211737741472949,0.1911650041861197,-0.7416997556849194,1.0162670585702915,-0.3201023743192507,0.03586345028904191,-0.1743163740370355,0.8740169357155946,-0.2357104663071334,-0.02072491466941284,-0.32940787265762933
Telangana,Nizamabad,36002.0,0,"Middle development, strong clean energy",0.5845496519564554,3,5.312423678543108,0.3014742399255863,-0.44557294149760096,1.1391125566630298,-0.40105672621879845,-0.21566548569961405,0.04089268568821908,0.4712703282821451,-0.1851818807959384,0.3607007175803321,-0.16041097438971946
Telangana,Peddapalli,,0,"Middle development, strong clean energy",0.5984637429472833,3,3.8967849429520363,0.2000640227220733,-0.12176796034284607,1.1777570254759375,-0.2711260999695716,-0.21516935493048361,0.041412003219793096,0.3092366812398601,-0.023708230443411,0.46162083811285465,0.21718489634385868
Telangana,Rajanna Sircilla,,0,"Middle development, strong clean energy",0.6062464932280808,4,4.649936790335015,0.2839108387914516,-0.5069282881360508,1.2139907758858435,-0.08862897679372513,-0.3345774458002149,0.04338573458909678,0.9605671909263149,-0.19059462202643795,0.49050840167954546,0.17865132198407216
Telangana,Ranga Reddy,36006.0,0,"Middle development, strong clean energy",0.5827242602756657,3,4.302431824324975,-0.04425121024223898,0.2912165767030627,1.2101943958469343,-0.0692131206847934,-0.7598535891525222,-0.1371552314605363,0.2906734514770294,-0.06406215661475692,0.6639849686751702,0.3408623390925786
Telangana,Sangareddy,,0,"Middle development, strong clean energy",0.5747444584857997,2,4.275202457877179,-0.13203044494860283,-0.2681325188662142,0.8689253926590446,0.012273318800004521,-0.2542828996159259,-0.1758050369232449,0.1978079026364271,-0.28620591422642433,0.20200546991442841,-0.10401009248650872
Telangana,Siddipet,,0,"Middle development, strong clean energy",0.576072279100407,2,3.9574553720382153,-0.25724280472921185,-0.04898538441978778,1.1073639629786047,-0.28965796610171773,-0.2855915346303438,0.1625035346174726,0.4193238394780476,-0.28791381755536094,0.6346584044980804,0.07750149029454337
Telangana,Suryapet,,0,"Middle development, strong clean energy",0.5637627059031259,2,4.432402351375631,-0.6182701899442683,-0.38006048948502374,1.1222010406595775,-0.07515172382132329,-0.37121327540861787,-0.3324596912009088,0.5054688873774072,-0.03961775452446131,0.5757029049529361,0.30499012609832427
Telangana,Vikarabad,,0,"Middle development, strong clean energy",0.5479012033304308,1,5.785688021764071,0.09530094930756317,-0.90546939649167,0.7029462148965347,-0.276919528629606,-0.24147474208676253,-0.25709042082590244,-0.20366777987206822,-0.7856275512899256,0.17458609377441817,-0.17240915401578025
Telangana,Wanaparthy,,0,"Middle development, strong clean energy",0.6096012702500649,4,4.228004641351706,0.4031149410807672,-1.0868105391364187,0.9821036923514836,0.16148286475871027,-0.017519716993891477,-0.20352347480296165,0.3477084794632857,-0.4290243331613085,0.4806037935945707,0.1412475553408498
Telangana,Warangal Rural,36009.0,0,"Middle development, strong clean energy",0.570568881862589,2,4.525319375858844,0.03827555062756806,-0.48972267994311813,1.0197190502659157,-0.18408408159074557,-0.2094019242355784,-0.19702291939434322,0.1366778168516777,-0.23984279187096685,0.3996109264731734,-0.1413515500399624
Telangana,Warangal Urban,36009.0,0,"Middle development, strong clean energy",0.5829968706114199,3,5.046389064993591,-0.3503125334724387,0.32780103403116484,1.1484272584572783,0.017671531847369824,-0.5474861602556561,-0.2857568486446816,0.24700132371978353,0.3102752016635849,0.6490856121042722,0.2671615769613766
Telangana,Yadadri Bhuvanagiri,,0,"Middle development, strong clean energy",0.6035883429853836,4,4.064750668921836,0.0579803286555132,0.10900364996350936,1.1546384110305727,-0.018450320585260284,-0.3863720905609563,-0.013824330925320946,0.47200387754421474,-0.6220459769350788,0.7106233747792486,0.4720003696063837
Tripura,Dhalai,16003.0,7,"Middle development, weak women's agency",0.5594850952562176,2,7.860994495967902,0.16785018531589335,-0.39789397486336875,-0.3357059806108657,-0.23446427560583205,0.1589308684264396,0.1575591385960138,0.47349751351061303,-1.7967737771508423,-1.5994147844461042,-0.4402039577317158
Tripura,Gomati,,7,"Middle development, weak women's agency",0.5204900628753547,1,7.1550465817986515,-0.2587529749750817,0.4375599875763284,0.08079373840588694,-0.6477610629513768,-0.023764754095258845,-0.09096862975972105,0.14191956411023768,-1.5372940384985951,-0.18510857809224793,-0.7917618964513108
Tripura,Khowai,,7,"Middle development, weak women's agency",0.5359437239712328,1,7.682345194859514,-0.020242914258072196,0.2246454668526932,-0.02341424783558621,-0.29735727453690636,-0.3977319429085598,-0.04558269081627387,0.4014251540414581,-1.814536186232337,-0.8000472042316069,-0.4200273675844436
Tripura,North Tripura,16004.0,7,"Middle development, weak women's agency",0.5336544757117031,1,6.69711475949573,-0.5377987256210001,0.5802014435987225,-0.35952553413694754,-0.2312062200255733,-0.4531902394373831,0.4177745746204529,0.08520782103367212,-1.6038733995694086,-1.0446637707962179,-0.046467661532316906
Tripura,Sepahijala,,7,"Middle development, weak women's agency",0.5189066129456256,1,6.765479566349273,0.05693618093607141,0.10656764208498981,-0.1145111522438994,-0.5365483261870321,-0.3027340404621523,0.05214725858644953,0.060081983888949364,-1.2657326104812046,0.3401315374307603,-1.115784894131697
Tripura,South Tripura,16002.0,7,"Middle development, weak women's agency",0.4785536542915121,0,7.50523869185853,-0.6690472167423038,0.30386389563972516,-0.648346155860813,-0.6077620953205777,-0.30094351141299686,-0.10105640156770208,0.4323225185967319,-1.3218851697233127,-0.32347072009093303,-1.3828916999357106
Tripura,Unakoti,,7,"Middle development, weak women's agency",0.4559023185494986,0,8.475003523706006,-0.6165048083970744,0.2688029799428593,-0.5920973402264984,-1.0782859992058065,-0.42515116799740593,-0.21145228636232646,0.15589436014915395,-1.273414516474544,-1.294171604781623,-1.0097441762746662
Tripura,West Tripura,16001.0,5,"Middle development, no standout gap",0.5954541872001088,3,7.631139925367281,0.5683207020999418,0.921373770781309,0.5638901398810631,-0.04108104477657967,-0.584029243583961,0.1862400363285055,0.2655385540509663,-1.2283607526340656,0.5769681662515698,-0.17271305826792335
Uttarakhand,Almora,5009.0,2,"High development, strong clean energy",0.6285802830659845,5,8.616781730500218,0.1633568657384871,1.1117414609359997,-0.030654511307355914,-0.12653966245433582,-0.38190107537636586,-0.09773541799974395,1.2722055231530949,0.017974523005735182,0.5749760893276202,0.566401956217271
Uttarakhand,Bageshwar,5008.0,4,"Middle development, weak schooling",0.6399951868637811,5,7.57994964907794,0.036053923824784125,1.2781479266183828,-0.0696474225949334,0.14946559312681174,-0.13314909614492496,0.05948451643933827,0.7475715291373612,-0.1791883574243342,0.47044451884898497,0.482848358159879
Uttarakhand,Chamoli,5002.0,5,"Middle development, no standout gap",0.6547754728472361,6,7.317919682724974,0.46946471808191864,1.2288784115660714,-0.04791041565409471,-0.32430644588115803,0.258770421860649,0.07544622649738535,0.572367040918001,0.07750812518987206,0.5861128103569229,0.5436997477257007
Uttarakhand,Champawat,5010.0,4,"Middle development, weak schooling",0.6701354092117294,7,5.992271842804091,0.5976807807085004,0.7949213562838233,0.013856721735559352,0.1904655740972739,0.1546468343275641,0.16178657134079863,0.4507007837550761,0.10194812236643218,0.4747310438878497,0.48205297514941137
Uttarakhand,Dehradun,5005.0,2,"High development, strong clean energy",0.634393282867484,5,3.616699973909367,0.09774805767496378,1.0981474447186088,1.040422892176896,0.17722327009075978,-0.49573339052477083,-0.09844776454487898,-0.01622235728126727,0.6049426487341096,0.738160788160435,0.6725265988852716
Uttarakhand,Hardwar,,2,"High development, strong clean energy",0.5495372676159836,1,6.941043742563537,-0.43413102501393686,0.7620884103351968,0.47520800800713453,-0.43654269608822455,-0.18428545156182052,-0.5299141434006227,-0.30985132656972,0.4918201396175809,0.27776751406754896,-0.20182583697524362
Uttarakhand,Nainital,5011.0,2,"High development, strong clean energy",0.607182602777582,4,5.602845007018393,-0.2781366969500116,1.4820924392114296,0.6118493104882214,-0.17414795070192526,-0.27894029459398506,-0.21728384136824008,0.5042646788045686,0.22473496259843406,0.316744019669004,0.4545315900152297
Uttarakhand,Pauri Garhwal,5006.0,1,"Low development, high tobacco & alcohol use and weak maternal care",0.5718034389962683,2,8.145651690146448,-0.360878706487773,1.2608965118791644,0.16154277599009287,-0.41677291508606384,-0.27308231398215665,-0.341949350189033,0.6996327380092519,-0.034778622373621795,-0.23500432241890995,0.03269124805706698
Uttarakhand,Pithoragarh,5007.0,5,"Middle development, no standout gap",0.6663413048928165,6,6.193416179339999,0.7786419995808298,1.0206684718792325,0.14015015739253903,0.04993403900632964,-0.07175201695807656,0.4142342971242889,0.539795084057026,0.11210682587383497,0.2618203785021137,0.31568112695713846
Uttarakhand,Rudraprayag,5003.0,5,"Middle development, no standout gap",0.6709719991056451,7,5.885012811950052,0.6770244440756084,0.7494476210741121,-0.09552925204934926,0.26732782026557717,-0.24419249518299865,0.3564188832632201,1.0339342551877098,0.01270488514869901,0.5271904591660849,0.4550868732512782
Uttarakhand,Tehri Garhwal,5004.0,4,"Middle development, weak schooling",0.6165700819796852,4,7.0795021850945545,0.41330626919534247,0.5215444664720614,-0.051358353218336206,-0.10665998473525228,-0.10776640560296903,-0.15563970665879612,0.48836477471097356,0.03329386077021905,-0.1523071933884808,0.14457479593359182
Uttarakhand,Udham Singh Nagar,5012.0,2,"High development, strong clean energy",0.6134415624578261,4,5.003273626775837,0.2559323908075696,0.4077032995309335,0.5148896959812821,0.17063743087813546,-0.5170832516133905,-0.055799373117539956,0.11066847222976871,0.426712279810029,0.3349856033493551,0.2963877039228504
Uttarakhand,Uttarkashi,5001.0,4,"Middle development, weak schooling",0.6463798219687574,6,4.842275222767092,0.2930979498434424,0.11175956253428182,-0.1352109400234986,0.13630929238247963,0.29519758073460556,-0.07143437780666469,0.37096450202794456,0.32098640172264653,0.2708655775445472,0.3693561197487396
Uttar Pradesh,Agra,9015.0,6,"Low development, weak clean energy and weak civil registration",0.5693897551156601,2,6.143444557257368,0.03852399478342468,-0.3925994558433864,0.5269635586532023,-0.4786504156483408,0.5984122769519832,-0.34731822682712515,-1.017750071635969,0.09875031063399825,0.3253170697467321,-0.22327258477617584
Uttar Pradesh,Aligarh,9012.0,6,"Low development, weak clean energy and weak civil registration",0.5650034088490047,2,5.622454686421636,-0.2848004510161246,-0.37671595298300975,-0.26532913463906077,-0.14549758216165407,0.009603743526578683,0.04049408778823882,-0.8013796437962476,0.4372475638274451,0.28822916000410015,0.09911338354950472
Uttar Pradesh,Ambedkar Nagar,9047.0,7,"Middle development, weak women's agency",0.5531140838949603,2,6.155076716695841,0.024171944991015534,0.2311571967449877,-0.7956999841662048,-0.13769397472245737,-0.04492574012934621,-0.38520633337113436,-0.3391999853807823,-0.00525580093705913,0.08368861856804632,-0.6049569933679741
Uttar Pradesh,Amethi,,6,"Low development, weak clean energy and weak civil registration",0.564625514693985,2,5.292452854458148,0.07874143070829503,-0.6024571580892516,-1.1452626865126316,-0.062289493798022864,0.14438400458437978,-0.1920077074492229,-0.32993544911480305,0.2173841828449279,-0.09137417309543511,-0.45358635068713404
Uttar Pradesh,Auraiya,9031.0,4,"Middle development, weak schooling",0.6072041356512282,4,5.581924731475402,0.2642077330777312,0.14950146994445168,-0.788800054906339,0.11580963181431073,0.5631702762924612,-0.4487555745557155,-0.5794509203778838,0.2691576451839811,0.4303207891900731,-0.3332431184642496
Uttar Pradesh,Azamgarh,9060.0,7,"Middle development, weak women's agency",0.5174877250457446,1,6.932243089604943,-0.6103333268016258,0.4010444819292822,-0.4061071513709626,-0.32457034306589755,-0.18035337081759886,-0.3209921678231797,-0.37837944951247454,0.25312712939285653,0.40813223601833826,-0.808356642746018
Uttar Pradesh,Baghpat,9008.0,4,"Middle development, weak schooling",0.5902397335878773,3,6.466864019072821,0.38417409835027705,-0.08096905629846934,0.12323458725770586,-0.14198161856499733,-0.10497318063976836,-0.3370743149353154,-1.0088155200284985,0.6055031162165737,0.902761933887366,0.15503291642604525
Uttar Pradesh,Bahraich,9049.0,6,"Low development, weak clean energy and weak civil registration",0.4015492586538412,0,9.494079487560228,-1.2651177314011561,-1.7244083964833046,-2.6500812634172792,-0.824709815091293,0.22537404497463154,-0.7493643141954699,-1.458334557309087,-0.34017947780177715,-0.6004642269249608,-1.3960516709840507
Uttar Pradesh,Ballia,9062.0,6,"Low development, weak clean energy and weak civil registration",0.5396262939504938,1,6.102598664251982,-0.9780661073107816,-0.043308408166049445,-0.9644707558574407,-0.1250250747730123,0.3134957186827435,-0.5513201232441614,-0.39915242755296515,0.6384372237862782,0.004400013355682519,-0.2402475943558069
Uttar Pradesh,Balrampur,9051.0,6,"Low development, weak clean energy and weak civil registration",0.4641294009089672,0,7.738217298051868,-1.0522326246698661,-1.5202151254948042,-2.5508024089466876,-0.4755052407789175,0.3730330008423253,-0.5082040067498265,-0.9278832852085901,-0.25479165068244997,-0.0661312078291636,-0.8195186288816101
Uttar Pradesh,Banda,9039.0,6,"Low development, weak clean energy and weak civil registration",0.5380403576105809,1,5.641443035235055,-0.42166297137313635,-0.9779752065161417,-1.511396570650605,-0.0415472235632965,0.49309567674760457,-0.5201384875409625,-0.5938003127790331,-0.27137955540076913,-0.1785090127602117,-0.3357174664259615
Uttar Pradesh,Bara Banki,9045.0,6,"Low development, weak clean energy and weak civil registration",0.4597457585515782,0,6.6601367902104665,-0.6307181023116637,-0.597427769409476,-2.4513243810718683,-1.0101679080255868,0.3444091734047173,-0.982369287021306,-1.040617850499735,0.17451551149913327,-0.032333784663420906,-0.9194520675134727
Uttar Pradesh,Bareilly,9019.0,6,"Low development, weak clean energy and weak civil registration",0.5779731761991597,3,5.30892579489983,0.09092007238901816,-1.3119552607440748,-0.5372585110163832,-0.3400260558503956,0.44436805688905384,-0.06330803186057692,-0.6959544776554202,0.37082409525028814,0.6514649491060576,0.062351917735041965
Uttar Pradesh,Basti,9054.0,6,"Low development, weak clean energy and weak civil registration",0.5619981972072905,2,5.880123534337222,-0.4911605460384632,-0.5236576035436108,-0.23393303756068648,-0.053890191043954976,0.19685551860387776,-0.3992150744618545,-0.411247981107895,0.11002181825339445,0.10484798492350023,0.11543543631471949
Uttar Pradesh,Bijnor,9003.0,4,"Middle development, weak schooling",0.6137070440685924,4,5.752674621526553,0.5655594286920402,-0.0030747675222511208,-0.28464731491413364,-0.15004923657753114,0.036582224230949346,-0.24346327580998559,-0.4501444048674181,0.5074708879205252,0.5801406155872832,0.34445542891556147
Uttar Pradesh,Budaun,9018.0,6,"Low development, weak clean energy and weak civil registration",0.5260500529395137,1,5.251128713239241,-0.39827522596717657,-1.3539552767676148,-2.2688695540885426,-0.6540627634577231,0.7363233050548967,-0.07286578166783449,-1.5718045392002142,0.3456698576334546,0.2865248980950669,-0.0635516459624854
Uttar Pradesh,Bulandshahr,9011.0,4,"Middle development, weak schooling",0.5586653949255771,2,6.071300761839255,-0.19834677963900366,-0.37493227680447144,-0.2066614923389803,0.012317519510712834,-0.27023444422188964,-0.22962653136207442,-0.8979328536674948,0.49490495982039245,0.7149430481724188,-0.008011592301614046
Uttar Pradesh,Chandauli,9065.0,6,"Low development, weak clean energy and weak civil registration",0.5661051006235265,2,4.589606541780252,-0.025275241355705417,0.013188540704594007,-0.8643832673412528,-0.27877433454566763,0.32702641547895983,-0.33151683251609404,-0.7955152510493049,0.24344960646055144,0.03946269782005932,-0.18814526922523037
Uttar Pradesh,Chitrakoot,9040.0,6,"Low development, weak clean energy and weak civil registration",0.5291994636069064,1,6.333957470662012,-0.5647252186374302,-0.8203220123405934,-1.0821179957498324,-0.6512582257767701,1.1369425859708697,-0.9469092912399303,-0.9926313358339192,-0.08063029366760685,-0.34390327082107086,-0.30950119077848465
Uttar Pradesh,Deoria,9059.0,6,"Low development, weak clean energy and weak civil registration",0.5833881642400085,3,5.85135955289314,-0.29096553199159886,-0.03738772322784689,0.061791567554427634,-0.0998993514975587,0.5203011303230424,-0.4596932613201902,-0.46849951616435065,0.5687145350602809,0.2653655317396128,-0.21206897705004235
Uttar Pradesh,Etah,9070.0,6,"Low development, weak clean energy and weak civil registration",0.5222950252122243,1,6.219238243895447,-0.8105131335576368,-0.23126373459546318,-1.3913223958296834,-0.46593930771215614,0.7238596594291721,-0.8781633600327301,-1.0132030185862746,0.2917931299761103,0.03966562394810558,-0.2549128070673729
Uttar Pradesh,Etawah,9030.0,4,"Middle development, weak schooling",0.5991590993117487,4,5.999704229837443,0.13430290571994946,0.2697336270612074,-0.2749882247765963,-0.03888535689658621,0.48126684923564544,-0.6552951524375549,-1.06957225193813,0.283390573465919,0.5643301094412806,0.2001025436164337
Uttar Pradesh,Faizabad,9046.0,7,"Middle development, weak women's agency",0.5278389324405923,1,6.921182560146334,-0.05372426783011339,0.07543838370734054,-1.0783337781050681,-0.3232867471144118,-0.16034523206433338,-0.3129170714082297,-0.4324120409553966,0.4009759987167283,0.11190110704198492,-1.0623323350843683
Uttar Pradesh,Farrukhabad,9028.0,6,"Low development, weak clean energy and weak civil registration",0.5742050588067394,2,5.437621861834562,-0.11033371414295332,-0.6250085813696022,-0.8102088900294191,-0.3177543195636056,0.9792377964750117,-0.4263744637013373,-1.3479302642647675,0.13463131698253056,0.38265319626971384,-0.07722112527196381
Uttar Pradesh,Fatehpur,9041.0,6,"Low development, weak clean energy and weak civil registration",0.534897099286504,1,7.383407014853714,-0.8486040358961682,-0.45909288384992697,-2.635588574079593,-0.25115072012684414,0.92249738470789,-1.250237253340765,-0.7076292321948231,-0.3771989877755771,-0.007647857248724688,0.2372905931392691
Uttar Pradesh,Firozabad,9016.0,6,"Low development, weak clean energy and weak civil registration",0.5217873282145864,1,4.394171921654021,-0.6998588255354246,-0.008435715854841687,-0.10107189859298085,-0.451681750435827,0.46362388828107454,-0.4214590952479942,-1.4005514916378832,0.2582360689414961,0.23727108050685147,-0.47881482379644724
Uttar Pradesh,Gautam Buddha Nagar,9010.0,2,"High development, strong clean energy",0.594192248636629,3,6.782713684689244,-0.3110217150277508,0.7331475912574437,0.7184761233954622,-0.02986542563764855,-0.0256820891708471,-0.2201148537163927,-0.9215279738788409,0.6000774387937422,0.4443089961858664,0.42267162662491353
Uttar Pradesh,Ghaziabad,9009.0,2,"High development, strong clean energy",0.5822205192258598,3,7.024831940187996,-0.48299924778413916,0.317461382909332,1.1391125566630298,-0.11334027633108429,-0.4653847996873623,-0.41345651389139054,-0.036329958967271515,0.8371250398221691,0.7654621270592681,0.5503067834673426
Uttar Pradesh,Ghazipur,9064.0,6,"Low development, weak clean energy and weak civil registration",0.5536223653330554,2,5.118548375242651,-0.753639731665468,-0.1219589322588984,-0.9385727098774967,-0.2431608308030228,0.4879486071495416,-0.4000546379574474,-0.6489635597121118,0.5558202724186736,0.05832761606059783,0.02128768188998813
Uttar Pradesh,Gonda,9052.0,6,"Low development, weak clean energy and weak civil registration",0.4709809982053142,0,7.106893584353474,-1.2343595938340632,-0.8311396760354419,-0.9389373688776909,-0.3284914786978516,0.26691722114107486,-0.7251030293976539,-0.9417601898107568,0.0019022963039539292,-0.5863579826879917,-0.8723713359167018
Uttar Pradesh,Gorakhpur,9057.0,7,"Middle development, weak women's agency",0.5908708384969082,3,5.175024536720583,-0.38729201291742055,-0.17718982024348312,0.005198363576827958,0.08132512413681588,0.29467790284360584,-0.2350874347538546,-0.30782400998357906,0.25759565268086093,0.28299833703582433,0.16928602826523398
Uttar Pradesh,Hamirpur,9037.0,4,"Middle development, weak schooling",0.6403719531105257,5,5.4325899297897635,0.27948156194116325,-0.33358544414581787,-0.8136406110681342,0.3167159313531311,0.9325611120056642,-0.282498706597514,-0.27270370450062875,-0.24047729603726412,0.5440818926609321,0.09191435989889066
Uttar Pradesh,Hapur,,4,"Middle development, weak schooling",0.6271793364207714,5,6.730242439261297,0.5827403542823909,0.012281828343001441,0.5010817291987865,0.011123456950315047,0.14340396145275325,-0.13918946723886358,-1.223826862943001,0.6329888896310766,0.8533900790579736,0.459117071404137
Uttar Pradesh,Hardoi,9024.0,6,"Low development, weak clean energy and weak civil registration",0.5299301064663668,1,5.682216538250198,-0.5330525817882377,-0.7046779144378994,-2.8405566089982974,-0.19634307522664504,0.574772896347232,-0.7913233911653053,-0.7647276828655153,0.18715713165668607,-0.20105167765547532,-0.23110933062034844
Uttar Pradesh,Jalaun,9034.0,6,"Low development, weak clean energy and weak civil registration",0.5889928583982545,3,6.407037770520765,-0.44488426514924284,-0.20113756154703422,-0.3805697102598317,-0.02811296391596283,0.8275782255386555,-0.3069903290353941,-0.9253811059772822,0.1260509941319864,0.6076780289684696,0.02643060470219762
Uttar Pradesh,Jaunpur,9063.0,6,"Low development, weak clean energy and weak civil registration",0.6020142215498994,4,5.880339960004357,-0.28012665924413954,-0.022277923705851937,0.1636050519184269,0.0008370686667576936,0.7067709130159396,-0.46935785243422873,-0.3669326765693817,0.3424788422160091,-0.0068547449147965955,0.05191087212090499
Uttar Pradesh,Jhansi,9035.0,6,"Low development, weak clean energy and weak civil registration",0.5943051263989492,3,7.170411842461358,-0.8620000158187419,-0.12699026088866266,-0.2670551304868721,0.04589023992682982,0.9242760718478462,-0.17663284320800152,-0.3591042297734079,0.21353489478677107,0.22569535886714936,0.12869877885447298
Uttar Pradesh,Jyotiba Phule Nagar,9006.0,6,"Low development, weak clean energy and weak civil registration",0.57842636425749,3,5.469035521576431,0.17062170287297654,-0.6684203842665283,-0.25669510126861794,-0.31477214020715877,0.32069926711124697,-0.26175563626779813,-1.009338863647731,0.45266231464484763,0.6048265430019795,0.098686598034844
Uttar Pradesh,Kannauj,9029.0,6,"Low development, weak clean energy and weak civil registration",0.5773254205592606,3,6.424446892708226,-0.6758307096455065,-0.09801043838389836,-1.5607535652878177,-0.16381997348035948,1.1386124573132392,-0.8137950542308481,-0.7629818231754446,0.13515686798583215,0.3067731148754163,0.2696177200504172
Uttar Pradesh,Kanpur Dehat,9032.0,6,"Low development, weak clean energy and weak civil registration",0.5391235386623688,1,6.750016857785641,-0.9458189596127737,0.2085902127633783,-2.387922726273753,-0.21010944901019352,0.8172287362968438,-0.7438940521830779,-0.7169682441838692,0.08399063892513485,0.29369605745472815,-0.3243969741134519
Uttar Pradesh,Kanpur Nagar,9033.0,7,"Middle development, weak women's agency",0.6079488918282793,4,7.008585794454561,-0.42797288069209066,0.9420230555235117,-0.46205617410719163,-0.03247693052473933,0.7236316921975734,-0.43690422133107915,-0.8491396648370158,0.19528824297456507,0.5001769352821672,0.3722180111151671
Uttar Pradesh,Kanshiram Nagar,9071.0,6,"Low development, weak clean energy and weak civil registration",0.5060999765066762,0,4.202170537470009,-0.6125944917606982,-0.8123046129959504,-1.5500572559890409,-0.5581067481763626,0.5832361015986068,-0.4319940593328764,-1.1164783789837054,0.2456776027941452,0.2654835689807898,-0.7330855911034869
Uttar Pradesh,Kaushambi,9043.0,6,"Low development, weak clean energy and weak civil registration",0.5641762441493862,2,5.3038047742682375,-0.22838384140826587,-0.6977775025045672,-2.5683986475053304,-0.01997356761055856,0.5858949357999087,-0.11811481623120818,-0.5443088962586288,0.003957202084954731,-0.16178735703910502,-0.26185611527048813
Uttar Pradesh,Kheri,9022.0,6,"Low development, weak clean energy and weak civil registration",0.5071205465764616,0,4.593055081548631,-0.47478378048789155,-0.8173672247547937,-1.9268874494257913,-0.5075545845043775,0.3240731742454166,-0.5977460972637088,-0.9400112082382407,-0.10722713767733434,0.14807786720951258,-0.4603306115655263
Uttar Pradesh,Kushinagar,9058.0,6,"Low development, weak clean energy and weak civil registration",0.5706893182748405,2,4.408056309787517,-0.14584557004428675,-0.4999325786103875,-0.6456153739028164,-0.17469522380181998,0.3655676776580526,-0.3033182016869462,-0.2632241713995599,0.3053148828189776,0.41871191919606504,-0.29045348768061996
Uttar Pradesh,Lalitpur,9036.0,6,"Low development, weak clean energy and weak civil registration",0.5843267584302546,3,5.36046046039706,-0.023001610559756573,-0.9285756418374591,-1.0541536197101733,-0.05461259596857081,0.8999473098325861,-0.32226403846907,-0.7276491217136204,0.0952424274032402,-0.10397908155141813,-0.16298541957076076
Uttar Pradesh,Lucknow,9026.0,7,"Middle development, weak women's agency",0.5596752806475477,2,5.780566706020827,-0.38313109617201196,0.42995201076196293,0.47277296481584064,-0.3116893234066155,-0.19252878344437255,-0.4480396689729287,-0.4451963230395512,0.3899447511535543,0.6638669314339937,0.046664780877311574
Uttar Pradesh,Mahamaya Nagar,9013.0,6,"Low development, weak clean energy and weak civil registration",0.5023440825138424,0,5.446917037684164,-0.590658449958685,-0.31838326394394395,-0.41508962721607157,-0.7926002438326704,0.39041055942315445,-0.20314816893256823,-1.1512482092616232,0.32244872725683116,0.36434531588075036,-0.7621300294536113
Uttar Pradesh,Mahoba,9038.0,4,"Middle development, weak schooling",0.5878582680893597,3,4.873482236626621,0.2593212961909774,-0.7004857250418436,-0.042076084475141745,0.022864344419937264,0.037750267139348946,-0.21473043795781402,-0.4853154273468236,0.213644031588206,0.19301201140455784,0.019075575485184716
Uttar Pradesh,Mahrajganj,9056.0,4,"Middle development, weak schooling",0.6197937865340101,5,6.573461227125264,-0.2117792145867048,-0.7005606682134076,-0.6731907661539893,0.30026451225087436,1.2390895867560874,-0.3916618938529102,-0.21878792434832825,-0.11838856284190274,-0.07596951920552605,-0.081643871687838
Uttar Pradesh,Mainpuri,9017.0,6,"Low development, weak clean energy and weak civil registration",0.568895289905888,2,5.942184617097992,-0.2211077174065909,0.2578526549438178,-0.5175716176097335,-0.3776944395907625,0.651506945012398,-0.6323554503782174,-1.18011149454656,0.42215995698210074,0.04148792309831467,0.1245846307695723
Uttar Pradesh,Mathura,9014.0,6,"Low development, weak clean energy and weak civil registration",0.5099315572465476,0,5.323543942883713,-0.18699831670966358,-0.33700868123646743,4.470082168259171e-05,-0.7001754803095969,0.23578321309711095,-0.5648494041771696,-1.4313630332301563,0.31696894876208703,0.25343569837638286,-0.6831024538866715
Uttar Pradesh,Mau,9061.0,7,"Middle development, weak women's agency",0.5644118617753939,2,6.7608155134478185,-0.4996570392158815,0.1956096571846493,-0.3402154621246387,0.02202717938488994,-0.05340301162664985,-0.15141594591568994,-0.4050479239388159,0.4185014807716389,0.4769591952941511,-0.19326732178384567
Uttar Pradesh,Meerut,9007.0,2,"High development, strong clean energy",0.6029655093119133,4,6.74492959952922,0.4736107602097284,0.33752937560688867,0.487277816547672,-0.10417627681874445,-0.30535523245575685,-0.33823830947381506,-0.7313804489240683,0.7708946543712039,0.738835863253187,0.30774046833376145
Uttar Pradesh,Mirzapur,9068.0,6,"Low development, weak clean energy and weak civil registration",0.5451979966385901,1,5.569027395977697,-0.12217172700040427,-0.2794294478733287,-0.76361916453264,-0.32663651473498356,0.10049088602927961,-0.5131718160282922,-0.8711578249119936,0.39269763799851,0.2000982818773489,-0.20479644561231494
Uttar Pradesh,Moradabad,9004.0,4,"Middle development, weak schooling",0.5790694030819229,3,5.913294775781343,0.1805686986897443,-0.2371052326027912,-0.037927207830181636,-0.40796079887251935,0.02765590911608001,-0.3031466546936567,-0.5990143045607544,0.5974206353100093,0.6144950766046012,0.17441284845381155
Uttar Pradesh,Muzaffarnagar,9002.0,4,"Middle development, weak schooling",0.5689726169262657,2,6.618490275728378,-0.41589156721925075,-0.24931095959148186,0.21053105749572681,-0.04872846346558885,-0.13545094542310424,-0.14677899213200926,-0.8261715963982068,0.613267257574678,0.6594292207996468,0.2617644591688162
Uttar Pradesh,Pilibhit,9020.0,6,"Low development, weak clean energy and weak civil registration",0.581212656088848,3,5.829282192392308,0.42098194378596393,-0.9383512962023781,-1.360274741225977,-0.2669060712768067,0.2552874040386044,-0.1914516069205677,-0.9985557955884726,0.4422364376281014,0.5491946783880304,0.1127724030836289
Uttar Pradesh,Pratapgarh,9042.0,7,"Middle development, weak women's agency",0.5408407719956648,1,6.439110180366412,-0.06889073713037301,0.005074447974121266,-0.899575744458538,-0.27252858825803605,-0.18844035001397993,-0.2526559234317353,0.019781979280912815,0.3477379447108475,-0.46051586025841995,-0.7041425336417065
Uttar Pradesh,Prayagraj,9044.0,6,"Low development, weak clean energy and weak civil registration",0.5304601415871453,1,6.549982170803609,-0.9413646850170514,0.01934594155907704,-0.4319970890881425,-0.3513092401570142,0.3547117674574365,-0.33791131404821995,-0.2829599185170884,0.23717256930438185,-0.3188632316828459,-0.3868254597582834
Uttar Pradesh,Rae Bareli,9027.0,6,"Low development, weak clean energy and weak civil registration",0.5560668937765123,2,5.1032084056134766,-0.20032414092207562,-0.6203807914602302,-1.2867619129821595,-0.19152333945903,0.6630730724077978,-0.8824421580677719,-0.7632556219616734,0.04795719508954784,-0.33629311085101116,-0.07039194567844145
Uttar Pradesh,Rampur,9005.0,6,"Low development, weak clean energy and weak civil registration",0.5565235730510867,2,4.973102837353705,0.02795983578512801,-0.8759242065374984,-0.2642878613464382,-0.1720522988587431,0.09349350555105926,-0.20678969643470255,-0.8951353892547617,0.5008266073429869,0.6267790216913612,-0.42777534591936817
Uttar Pradesh,Saharanpur,9001.0,4,"Middle development, weak schooling",0.6080198646540442,4,5.683080002400844,0.3720561987189113,-0.24217486122454882,0.2046683473971007,-0.04619693581424895,-0.0029606394429939806,-0.3398308706632212,-0.4420113257917167,0.6426352325438586,0.7776280349048521,0.23534389997781555
Uttar Pradesh,Sambhal,,6,"Low development, weak clean energy and weak civil registration",0.5446361487770857,1,5.270109788222897,0.1447656835316919,-1.231103199228247,-0.9492690191762718,-0.4659120608798551,0.39027749571133974,-0.35772389739988375,-1.3288390229809688,0.38215169849613995,0.40813223601833826,-0.2535920918497717
Uttar Pradesh,Sant Kabir Nagar,9055.0,4,"Middle development, weak schooling",0.5856732961486991,3,5.704311740671262,0.3016290247811239,-0.7217765367431603,-0.2836263122784203,0.00961353714996817,0.13556377072203718,-0.26976810982094523,-0.6083928628184426,0.10899936578436578,0.13044506191330105,0.0032800139994192956
Uttar Pradesh,Sant Ravidas Nagar (Bhadohi),9067.0,6,"Low development, weak clean energy and weak civil registration",0.5326946214173487,1,5.532654692892428,-0.41537304843194456,-0.30390132138150205,-0.35848831497570804,-0.5307082812827186,0.4219721112387359,-0.3208149317339239,-0.7701485676796374,0.5709923633703882,0.06438469971710815,-0.7237479915728978
Uttar Pradesh,Shahjahanpur,9021.0,6,"Low development, weak clean energy and weak civil registration",0.5530996398862615,2,6.20555333563906,0.00304441495287515,-0.9048558205780529,-1.845798077629683,-0.4760471398529017,0.755037906201815,-0.6781874160802183,-1.0801062948035207,0.12139765903028568,0.28117603788561546,-0.035430003311990546
Uttar Pradesh,Shamli,,4,"Middle development, weak schooling",0.6064288339470234,4,6.127913973303749,0.7390119560269596,-0.735519638164563,0.1908684888773691,0.02125210077008369,-0.07088785000826597,-0.5047117718016529,-0.41849593772303045,0.6988016579361112,0.7722791746954006,-0.027134719676186237
Uttar Pradesh,Shrawasti,9050.0,6,"Low development, weak clean energy and weak civil registration",0.4801236279940945,0,7.08925417944979,-0.6653383585865147,-1.9159211232727698,-2.6769962579015534,-0.2172346700947494,0.6731464737381163,-0.8802839262370027,-1.1387384927354829,-0.2909829935534012,-0.15326604749394024,-1.0160414444586965
Uttar Pradesh,Siddharthnagar,9053.0,6,"Low development, weak clean energy and weak civil registration",0.5375449361791741,1,5.395734085329808,-0.17998818191420746,-1.3110834767923236,-0.8374763811197423,-0.2264364504145069,0.2860690161875285,-0.5163973655448039,-0.8674125887357403,0.020949406159686948,-0.6559780542977329,-0.10863425898539507
Uttar Pradesh,Sitapur,9023.0,6,"Low development, weak clean energy and weak civil registration",0.5284076577028505,1,5.4770140352978265,-0.36809674555596167,-0.9041959224215788,-2.788797004220847,-0.1578635998204523,0.4931338337763897,-0.3438383967386769,-0.6598670559856382,-0.09271130984957002,-0.3261855766379893,-0.597424942710105
Uttar Pradesh,Sonbhadra,9069.0,6,"Low development, weak clean energy and weak civil registration",0.5417565046860109,1,4.144704489899745,0.01403749348993134,-0.537095084988375,-2.19777149837911,-0.42941604247916954,0.3775287017032682,-0.2732335952944808,-0.7937969155515496,-0.03909735152119587,-0.3082172517965067,-0.31763866276575775
Uttar Pradesh,Sultanpur,9048.0,7,"Middle development, weak women's agency",0.5729014577031063,2,6.679848912564041,0.3395892529838763,0.09254612638201881,-0.7525663044964329,-0.14624068590080366,0.036174015574548454,-0.3536731809422138,-0.14523761453091974,0.18634374099977924,0.10587717173978092,-0.5959281802019734
Uttar Pradesh,Unnao,9025.0,6,"Low development, weak clean energy and weak civil registration",0.4779280505564382,0,7.618087280860369,-1.1349654815028385,-0.34081022052024257,-2.5424212854801818,-0.6900093513150488,0.5356468007565042,-1.2540966563910751,-0.6867525347759139,0.0919659874011719,-0.12481748453764907,-0.4116785491489944
Uttar Pradesh,Varanasi,9066.0,4,"Middle development, weak schooling",0.6303802089488186,5,5.193885125591776,0.10661531804831723,0.4574653542645658,0.380298507034384,0.05795570468901141,0.2902679766133217,-0.11057397330226713,-0.4705026094981972,0.4572715469300094,0.6766230254854595,0.4743648503714127
West Bengal,Bankura,19013.0,7,"Middle development, weak women's agency",0.555658414045892,2,6.6686198114621495,0.06725610800059534,-0.3664795645363119,-1.2612042012141211,0.21993456472198158,-0.4348445572883322,0.023078305060976193,0.333293578092626,-0.10267375236490267,-0.6513891580679035,-0.7109199863673428
West Bengal,Birbhum,19008.0,5,"Middle development, no standout gap",0.6032778223476298,4,7.468326237962217,0.2087927456565972,-0.37866540696074535,-0.4457807310823479,0.2843929669204099,-0.1341602393914486,0.5251426455115799,0.1968535942218181,0.04950839721061727,-0.2564474677870712,-0.1868478905610758
West Bengal,Dakshin Dinajpur,19005.0,5,"Middle development, no standout gap",0.6451161454710429,6,7.328514740837891,0.6625894993176916,0.2360503806920649,-0.5903713443786871,0.46410324544868875,-0.23766041125611573,0.7198570080796062,0.5759785652278692,-0.10744821784060364,0.6083531040612216,-0.11492727813365566
West Bengal,Darjeeling,19001.0,2,"High development, strong clean energy",0.6277852307611654,5,5.96025197473869,0.5859298675438168,0.14234865308230835,0.4451773019077585,0.3960647570372731,-0.7012660327630333,0.3878332495934216,0.5631436695553629,-0.5106658450720639,0.20277999007009875,0.28638779332976083
West Bengal,Haora,19015.0,2,"High development, strong clean energy",0.5975916174702169,3,6.005266120965367,-0.3765206481275915,0.5628087527661261,0.3989441271484114,0.20189856211229334,-0.716944606767233,0.4010476571161698,0.4000393917388721,0.20885037055325847,0.3809489343606811,0.48998393931227424
West Bengal,Hugli,19012.0,5,"Middle development, no standout gap",0.5984410606319169,3,6.558736490525862,0.545496585281435,0.32526406996188323,0.1753385803784433,-0.062348827779982824,-0.6918662927384719,0.15562055680564948,0.5931930113006715,-0.0802725133368547,0.4113378337083576,-0.018281635015930765
West Bengal,Jalpaiguri,19002.0,5,"Middle development, no standout gap",0.6469286912935668,6,5.577833795685052,0.6462902923087199,0.3859209020667228,-0.19181630639524327,0.43380173664085653,-0.34961397900995206,0.397570018560151,0.524914450929649,-0.48719232198595724,0.12742379817307067,0.4132980669439116
West Bengal,Koch Bihar,19003.0,5,"Middle development, no standout gap",0.6214241379618881,5,6.826975697375787,0.5981703736789393,0.3624462247591914,-0.4471582844554913,0.2698109469344156,-0.25133332792356744,0.3356272532338603,0.22963288534498674,-0.2268891980419855,0.4674086989327055,-0.14774894461557048
West Bengal,Kolkata,19016.0,2,"High development, strong clean energy",0.6000909016536673,4,7.3388619354784055,-0.37508717343214654,1.1300559241014185,1.0883861169154359,0.1885173982745071,-0.8776720821403983,0.43223835611192646,0.05040659272804845,0.18473537274702134,-0.05452233783515581,0.7184275165374939
West Bengal,Maldah,19006.0,5,"Middle development, no standout gap",0.592911623875736,3,6.686811426628178,0.4604901942563845,-0.17913438495953699,-0.37849121780597134,0.15527366767460574,-0.27703809525333345,0.26061658426680734,-0.014028505614991452,0.24699827626534981,-0.03415608381363,-0.42512715925913735
West Bengal,Murshidabad,19007.0,5,"Middle development, no standout gap",0.5824404339686596,3,7.413721841819858,0.3707086394410911,-0.19830022746881315,-0.524807826950122,-0.045314780917601195,-0.2534164519766043,-0.32035614331571205,0.3423335691458543,0.39924837269683566,0.24353109029140713,-0.29510427948384615
West Bengal,Nadia,19010.0,5,"Middle development, no standout gap",0.5976291120545132,3,6.863293005255647,0.48880228146886984,0.41028799586642317,-0.2711756282121589,-0.038370648391754004,-0.43455416855017853,0.28336605344590393,0.421382423261962,0.3128342365260844,0.49506414955506883,-0.4497819940217929
West Bengal,North Twenty Four Parganas,19011.0,5,"Middle development, no standout gap",0.6495079996058462,6,6.937550385407841,0.5517500764175076,0.8628961350402943,0.39722218543198123,0.3575400839121998,-0.44180075106764277,0.44275648555433267,0.3068029927148288,0.14310809640256442,0.645441013803854,0.3460475260032689
West Bengal,Paschim Barddhaman,19009.0,7,"Middle development, weak women's agency",0.5581318329199485,2,6.35111185900474,-0.14476134485348177,-0.022684568114611184,0.041444276380879136,-0.10033564608760001,-0.28533618531323207,0.3237866786267923,-0.15374759311773856,0.25337177470079897,0.06747226016595138,-0.6286050885695296
West Bengal,Paschim Medinipur,19018.0,7,"Middle development, weak women's agency",0.5801951726448785,3,7.324067332437257,0.26417765604571414,0.4411340582730378,-0.955111458617989,0.20721928198288403,-0.34495469142737517,0.35075959151075226,0.4478032016449454,-0.2236071738105678,-0.37960788202389334,-0.8127548134680742
West Bengal,Purba Barddhaman,19018.0,5,"Middle development, no standout gap",0.5940871147200499,3,7.673401764410879,0.5826400839208161,-0.11036915385603777,-0.483744531471448,0.17340604425113698,-0.39333474756652437,0.4384488211874342,0.26828152092464014,-0.05628011620232734,0.049570232033080364,-0.6037437354744981
West Bengal,Purba Medinipur,19019.0,7,"Middle development, weak women's agency",0.5512445708507836,2,7.655917862280285,0.323140870932536,0.46053700507528483,-0.530658374654603,-0.2572887071168987,-0.5370520285210887,0.05443114776508392,0.0009599263292670579,0.17840316078063367,-0.44698524605128387,-0.7273979874339318
West Bengal,Puruliya,19014.0,7,"Middle development, weak women's agency",0.5347510946330346,1,7.106712140910447,0.10328845140485064,-0.7149074260868762,-1.6583979023499476,-0.001264757012307142,-0.20438483704312954,0.22558214824987713,-0.01959289875341086,-0.3292293922818321,-1.6328734460432905,-0.9010413204108028
West Bengal,South Twenty Four Parganas,19017.0,5,"Middle development, no standout gap",0.6329090682557573,5,6.107974377911016,0.5539640185847664,0.6034396812796714,-0.10898877635717702,0.28161521291337516,-0.40907006822416736,0.18496210363441726,0.5235208308157868,0.1785466959416328,0.3129150874187959,0.15744147269276226
West Bengal,Uttar Dinajpur,19004.0,5,"Middle development, no standout gap",0.5920528413231617,3,6.614261440320055,0.14941710163978159,-0.6364140473098905,-0.5731154400319483,0.08707234816482404,-0.1619611960214277,0.34535345368214987,0.32836793273479614,0.06628432620345771,0.07845779559977073,-0.10196627661353679
