state,district,census_code,cluster,cluster_name,silhouette,gmm_max_probability,fuzzy_membership,label_margin,confidence
Andaman Nicobar Islands,Nicobar,35001.0,3,"High development, strong schooling",-0.018181771827454986,0.9999415027156429,0.14274069272054546,1.003542974175656,borderline
Andaman Nicobar Islands,North  & Middle Andaman,35002.0,2,"High development, strong clean energy",0.05437909538470452,0.7473452547666065,0.17874497388029953,1.106762815133978,borderline
Andaman Nicobar Islands,South Andaman,35003.0,2,"High development, strong clean energy",0.04024968277238478,0.7482613833613381,0.18813216150478057,1.0310384795213359,borderline
Andhra Pradesh,Anantapur,28012.0,0,"Middle development, strong clean energy",0.13990426931429775,0.8761064532765261,0.2768101672844608,1.3395939162151134,typical
Andhra Pradesh,Chittoor,28013.0,0,"Middle development, strong clean energy",0.19244546154199804,0.9349593007971672,0.28914000165581233,1.477557045761698,firm
Andhra Pradesh,East Godavari,28004.0,0,"Middle development, strong clean energy",0.15236052488303362,0.9679413591953555,0.2525591589330083,1.3014407754041757,typical
Andhra Pradesh,Guntur,28007.0,0,"Middle development, strong clean energy",0.20670480833209198,0.5154389026129758,0.2918991824021897,1.356902352816394,firm
Andhra Pradesh,Krishna,28006.0,0,"Middle development, strong clean energy",0.16431780625023232,0.6199678778709742,0.2832889589179056,1.2680133675858418,typical
Andhra Pradesh,Kurnool,28011.0,0,"Middle development, strong clean energy",0.19096262989316817,0.9623767899865757,0.274308140794602,1.4424460145043336,firm
Andhra Pradesh,Prakasam,28008.0,0,"Middle development, strong clean energy",0.2053739603420529,0.9660904698174267,0.25025177824176664,1.336963284663932,typical
Andhra Pradesh,Srikakulam,28001.0,0,"Middle development, strong clean energy",0.19429180741371674,0.9637791536865263,0.3121058107524854,1.4740559661019699,firm
Andhra Pradesh,Sri Potti Sriramulu Nellore,28009.0,0,"Middle development, strong clean energy",0.21162198566137394,0.9621452428969911,0.27403818183597567,1.3790426467373331,firm
Andhra Pradesh,Visakhapatnam,28003.0,0,"Middle development, strong clean energy",0.1302302160290711,0.9589614891436181,0.2681167304411005,1.295432184825944,typical
Andhra Pradesh,Vizianagaram,28002.0,0,"Middle development, strong clean energy",0.22143417891711503,0.9697771613111126,0.3024148340835448,1.5276662428531889,firm
Andhra Pradesh,West Godavari,28005.0,0,"Middle development, strong clean energy",0.1915695976190193,0.7589147433109903,0.2896402834040492,1.3316618845359898,typical
Andhra Pradesh,Y.S.R.,28010.0,0,"Middle development, strong clean energy",0.19338719784871222,0.959717531717935,0.3313253347109742,1.474501040459697,firm
Arunachal Pradesh,Anjaw,12016.0,1,"Low development, high tobacco & alcohol use and weak maternal care",0.01488965815408526,0.9998632503200321,0.1876603414332229,1.1724774893227863,typical
Arunachal Pradesh,Changlang,12009.0,1,"Low development, high tobacco & alcohol use and weak maternal care",-0.014273740340828513,0.9814123501777379,0.24790757183410653,1.305689041942148,typical
Arunachal Pradesh,Dibang Valley,12013.0,1,"Low development, high tobacco & alcohol use and weak maternal care",-0.019705787253795487,0.9997569511912838,0.18105004373018754,1.095965236241209,borderline
Arunachal Pradesh,East Kameng,12003.0,1,"Low development, high tobacco & alcohol use and weak maternal care",0.08424181526320591,0.9995773464932158,0.3585227151170806,1.5824803130867322,firm
Arunachal Pradesh,East Siang,12007.0,1,"Low development, high tobacco & alcohol use and weak maternal care",0.15190198236309935,0.9999998208398876,0.3168317736727267,1.5392142554921626,firm
Arunachal Pradesh,Kra Daadi,,1,"Low development, high tobacco & alcohol use and weak maternal care",0.06626518178093489,0.99624937838617,0.27780911284746646,1.37194591094287,firm
Arunachal Pradesh,Kurung Kumey,12012.0,1,"Low development, high tobacco & alcohol use and weak maternal care",0.0543723776838708,0.9994841448187092,0.2628654775355177,1.3786862901144035,firm
Arunachal Pradesh,Lohit,12015.0,1,"Low development, high tobacco & alcohol use and weak maternal care",-0.04232227570239165,0.9805238574769449,0.20853436379364462,1.1605841609704497,typical
Arunachal Pradesh,Longding,,1,"Low development, high tobacco & alcohol use and weak maternal care",0.13880378452775355,0.9999854250606521,0.3279685565989582,1.5652136228486977,firm
Arunachal Pradesh,Lower Dibang Valley,12014.0,1,"Low development, high tobacco & alcohol use and weak maternal care",0.01475005396899605,0.9994445244054799,0.21916873760568423,1.250730239414299,typical
Arunachal Pradesh,Lower Subansiri,12011.0,1,"Low development, high tobacco & alcohol use and weak maternal care",0.07343948754714386,0.9998820269417519,0.24364350619665873,1.377977411685613,firm
Arunachal Pradesh,Namsai,,1,"Low development, high tobacco & alcohol use and weak maternal care",0.10319598799228383,0.9989574954082032,0.34220646859541054,1.6337243081605797,firm
Arunachal Pradesh,Papum Pare,12004.0,1,"Low development, high tobacco & alcohol use and weak maternal care",0.11736538476471119,0.99978776797982,0.3300181677291079,1.5559771285763397,firm
Arunachal Pradesh,Siang,,1,"Low development, high tobacco & alcohol use and weak maternal care",0.1284946382496311,0.9999820913009219,0.30961111377822315,1.6041686571689175,firm
Arunachal Pradesh,Tawang,12001.0,1,"Low development, high tobacco & alcohol use and weak maternal care",-0.0033405827335954387,0.9978421734420021,0.19725274299187173,1.2069458140409481,typical
Arunachal Pradesh,Tirap,12010.0,1,"Low development, high tobacco & alcohol use and weak maternal care",0.15589167039854052,0.9999278980181219,0.42336379825113063,1.9163447869271504,firm
Arunachal Pradesh,Upper Siang,12008.0,1,"Low development, high tobacco & alcohol use and weak maternal care",0.1860411710686769,0.9999956459326714,0.37638127571829894,1.791015422023466,firm
Arunachal Pradesh,Upper Subansiri,12005.0,1,"Low development, high tobacco & alcohol use and weak maternal care",0.14042013230262107,0.9999962874977077,0.31854037653207673,1.585498943280294,firm
Arunachal Pradesh,West Kameng,12002.0,1,"Low development, high tobacco & alcohol use and weak maternal care",0.10489840332333017,0.9993454477599985,0.28056661560848994,1.3867175982028588,firm
Arunachal Pradesh,West Siang,12006.0,1,"Low development, high tobacco & alcohol use and weak maternal care",0.15369895327257566,0.9999998970016701,0.2687016614499828,1.4570658955892222,firm
Assam,Baksa,18025.0,7,"Middle development, weak women's agency",0.0027001894602006337,0.538468649365266,0.2530691849689717,1.2444806439596616,typical
Assam,Barpeta,18004.0,7,"Middle development, weak women's agency",0.0797362605581257,0.834823531558795,0.28530237395107727,1.3489694628967845,typical
Assam,Biswanath,,4,"Middle development, weak schooling",0.12187604326505252,0.7288412938260419,0.21485792828536662,1.1339225890640778,borderline
Assam,Bongaigaon,18020.0,7,"Middle development, weak women's agency",0.07982295645669482,0.9369801278271346,0.3558206280917422,1.5397292957836484,firm
Assam,Cachar,18017.0,7,"Middle development, weak women's agency",0.01277424877834586,0.9943389010211656,0.22638263051422342,1.1223476827264525,borderline
Assam,Charaideo,,7,"Middle development, weak women's agency",-0.028511788597671964,0.7905332099907121,0.2369846906519348,1.140221131192591,borderline
Assam,Chirang,18021.0,4,"Middle development, weak schooling",0.09410516430410214,0.9288590705614447,0.2321581075437124,1.0348347606165624,borderline
Assam,Darrang,18026.0,7,"Middle development, weak women's agency",0.03211072752436002,0.8266545821213891,0.2583581351182329,1.1949588752752982,typical
Assam,Dhemaji,18009.0,4,"Middle development, weak schooling",0.089562366369059,0.889672228113264,0.2119058383947156,1.1554453278899952,typical
Assam,Dhubri,18002.0,6,"Low development, weak clean energy and weak civil registration",0.052670106893004026,0.5265284537153876,0.22009594473045324,1.0901028797590835,borderline
Assam,Dibrugarh,18011.0,7,"Middle development, weak women's agency",-0.04710787201039701,0.7463352162377427,0.19497154431551827,1.0182050171430364,borderline
Assam,Dima Hasao,18016.0,7,"Middle development, weak women's agency",0.012987643723378699,0.9826784580659593,0.19429527351133516,1.0371310265615867,borderline
Assam,Goalpara,18003.0,4,"Middle development, weak schooling",0.0827807527317634,0.908136865142085,0.22278544761038863,1.0081257913216903,borderline
Assam,Golaghat,18014.0,7,"Middle development, weak women's agency",-0.05507757304959193,0.912577522847874,0.26186354785414356,1.13873207986927,borderline
Assam,Hailakandi,18019.0,7,"Middle development, weak women's agency",-0.024034497441440046,0.7891487114030155,0.21965520345121956,1.1010210516770762,borderline
Assam,Hojai,,7,"Middle development, weak women's agency",0.09881369293515839,0.5694803130431977,0.23482718587127238,1.2061700261350912,typical
Assam,Jorhat,18013.0,7,"Middle development, weak women's agency",0.030592468588503258,0.584264846581364,0.23368537794491248,1.2435736337791987,typical
Assam,Kamrup,18022.0,7,"Middle development, weak women's agency",0.1399095683013801,0.9932833360252868,0.3236766336122531,1.588973966751174,firm
Assam,Kamrup Metropolitan,18023.0,7,"Middle development, weak women's agency",0.0858182991571266,0.7040547844142093,0.21911950624381576,1.2762455628381546,typical
Assam,Karbi Anglong,18015.0,1,"Low development, high tobacco & alcohol use and weak maternal care",-0.03183035210504172,0.9936638130290656,0.2866640921607919,1.236515322151182,typical
Assam,Karimganj,18018.0,7,"Middle development, weak women's agency",-0.02455442115546018,0.6413717134413837,0.22584598998565583,1.1116963980802175,borderline
Assam,Kokrajhar,18001.0,7,"Middle development, weak women's agency",0.010075114073930882,0.7306563274622296,0.23543042475842899,1.2157303337987724,typical
Assam,Lakhimpur,18008.0,4,"Middle development, weak schooling",0.09643845178348245,0.7735771259464727,0.22227029909578006,1.0673040122193773,borderline
Assam,Majuli,,7,"Middle development, weak women's agency",-0.04120983721254449,0.7536273551961159,0.20716932552518685,1.0711403603524163,borderline
Assam,Morigaon,18005.0,4,"Middle development, weak schooling",0.08322207094028816,0.9106082528250318,0.21865052645971544,1.0186509130877324,borderline
Assam,Nagaon,18006.0,7,"Middle development, weak women's agency",0.10749644097587722,0.9959740531373156,0.3005550931768557,1.4148151134086617,firm
Assam,Nalbari,18024.0,7,"Middle development, weak women's agency",0.11505320895197592,0.8783560128791702,0.33899778279246673,1.6725795713865481,firm
Assam,Sivasagar,18012.0,7,"Middle development, weak women's agency",-0.030569879195788328,0.44844548473844986,0.2152335159916133,1.0615043715386534,borderline
Assam,Sonitpur,18007.0,4,"Middle development, weak schooling",0.08674149694945339,0.8030125914595848,0.19768347586398535,1.0529141877708785,borderline
Assam,South Salmara Mancachar,,6,"Low development, weak clean energy and weak civil registration",0.03931253653649402,0.7195747950199811,0.21606732759216665,1.1021809736449284,borderline
Assam,Tinsukia,18010.0,7,"Middle development, weak women's agency",0.03299342366245317,0.9020803102223642,0.2375443398910564,1.2451867981286922,typical
Assam,Udalguri,18027.0,7,"Middle development, weak women's agency",0.06381312682497335,0.9975086304350309,0.22578212896112,1.0694615295574454,borderline
Assam,West Karbi Anglong,,1,"Low development, high tobacco & alcohol use and weak maternal care",0.022009919493103325,0.9970696004060006,0.25083248225218413,1.2510433356964266,typical
Bihar,Araria,10007.0,6,"Low development, weak clean energy and weak civil registration",0.250375903512951,0.9994019226014218,0.3234894990486039,1.4690221788886888,firm
Bihar,Arwal,10038.0,6,"Low development, weak clean energy and weak civil registration",0.1831637311803322,0.9976861211374932,0.3520487284722092,1.5562762481227017,firm
Bihar,Aurangabad,10033.0,6,"Low development, weak clean energy and weak civil registration",0.12048068770832451,0.9275831395254293,0.3407855623535169,1.4030854835347575,firm
Bihar,Banka,10023.0,6,"Low development, weak clean energy and weak civil registration",0.13783705043920746,0.9980297777318454,0.266343943890642,1.3303801890413527,typical
Bihar,Begusarai,10020.0,6,"Low development, weak clean energy and weak civil registration",0.20973942492679065,0.9583816177664398,0.3715820117219368,1.4791406762621668,firm
Bihar,Bhagalpur,10022.0,6,"Low development, weak clean energy and weak civil registration",0.17822562133396616,0.9965875580376508,0.2931345091418028,1.3239755030662557,typical
Bihar,Bhojpur,10029.0,6,"Low development, weak clean energy and weak civil registration",0.18946948351401283,0.8474827753850427,0.38292656158187377,1.4833745595804362,firm
Bihar,Buxer,,6,"Low development, weak clean energy and weak civil registration",0.16543718296398954,0.8966582275828565,0.3568349338589346,1.521628292941831,firm
Bihar,Darbhanga,10013.0,6,"Low development, weak clean energy and weak civil registration",0.23775344361547146,0.9983186076362621,0.36521225501805016,1.5536128983449142,firm
Bihar,Gaya,10034.0,6,"Low development, weak clean energy and weak civil registration",0.12685862559816638,0.9116016259955294,0.3749641564690479,1.4832498129625922,firm
Bihar,Gopalganj,10015.0,6,"Low development, weak clean energy and weak civil registration",0.14844640706130507,0.9138068817581135,0.35706812984846326,1.5880074811821234,firm
Bihar,Jamui,10036.0,6,"Low development, weak clean energy and weak civil registration",0.2066531524531131,0.9982501194380112,0.33674827552876474,1.5089844121967617,firm
Bihar,Jehanabad,10037.0,6,"Low development, weak clean energy and weak civil registration",0.16023772604112177,0.9865739664040123,0.3344310997413297,1.4527877974138994,firm
Bihar,Kaimur (Bhabua),10031.0,6,"Low development, weak clean energy and weak civil registration",0.025769726400804438,0.9320994803027028,0.2770243252359867,1.1008083301087723,borderline
Bihar,Katihar,10010.0,6,"Low development, weak clean energy and weak civil registration",0.21978972714853204,0.9907527445659778,0.32086620092542945,1.4028674891140596,firm
Bihar,Khagaria,10021.0,6,"Low development, weak clean energy and weak civil registration",0.2073461590996592,0.9985724230103716,0.31293709807403924,1.3767690295046007,firm
Bihar,Kishanganj,10008.0,6,"Low development, weak clean energy and weak civil registration",0.22961828578479712,0.9830782250327017,0.28876528853546773,1.3103513710809853,typical
Bihar,Lakhisarai,10025.0,6,"Low development, weak clean energy and weak civil registration",0.19886910746232286,0.9967310435225119,0.33499802709182697,1.4272882424754147,firm
Bihar,Madhepura,10011.0,6,"Low development, weak clean energy and weak civil registration",0.24150143198384078,0.999634851228142,0.33431885049386795,1.4981930094487175,firm
Bihar,Madhubani,10005.0,6,"Low development, weak clean energy and weak civil registration",0.21039032050215783,0.9992624229534092,0.32512889273987394,1.4476251413488717,firm
Bihar,Munger,10024.0,7,"Middle development, weak women's agency",-0.028657115883361065,0.782363362229732,0.2153423556261038,1.087366554544327,borderline
Bihar,Muzaffarpur,10014.0,6,"Low development, weak clean energy and weak civil registration",0.2165498567703777,0.9959127546180396,0.35748991786441986,1.6037635955819907,firm
Bihar,Nalanda,10027.0,6,"Low development, weak clean energy and weak civil registration",0.22499430575866816,0.9730674572088415,0.40597946962965714,1.7655247692662117,firm
Bihar,Nawada,10035.0,6,"Low development, weak clean energy and weak civil registration",0.18001863269521548,0.9461096537312007,0.35928160484534133,1.583652284358481,firm
Bihar,Pashchim Champaran,10001.0,6,"Low development, weak clean energy and weak civil registration",0.27082047694930667,0.9899843913551103,0.3860531636283511,1.7033706484229694,firm
Bihar,Patna,10028.0,6,"Low development, weak clean energy and weak civil registration",0.11637698785655018,0.5293581699218332,0.27915965946021903,1.1567138065356335,typical
Bihar,Purba Champaran,10002.0,6,"Low development, weak clean energy and weak civil registration",0.25838087636687285,0.9936959332209038,0.33224490938863427,1.46013166889225,firm
Bihar,Purnia,10009.0,6,"Low development, weak clean energy and weak civil registration",0.19537515368130992,0.98800922367264,0.2813253932385274,1.3143223395551533,typical
Bihar,Rohtas,10032.0,6,"Low development, weak clean energy and weak civil registration",-0.0027373337968397238,0.9533877344671565,0.21955525395573605,1.0234756595683727,borderline
Bihar,Saharsa,10012.0,6,"Low development, weak clean energy and weak civil registration",0.23244033338550918,0.9988817468986478,0.31756346118482487,1.4387218385758922,firm
Bihar,Samastipur,10019.0,6,"Low development, weak clean energy and weak civil registration",0.2195752873799459,0.9988464266530828,0.3928516297051773,1.6121370292570965,firm
Bihar,Saran,10017.0,6,"Low development, weak clean energy and weak civil registration",0.20179990893538483,0.9975791460398143,0.3514978604131118,1.445298527911443,firm
Bihar,Sheikhpura,10026.0,6,"Low development, weak clean energy and weak civil registration",0.11757329809018116,0.814213740768938,0.31205742443120543,1.3408915374906127,typical
Bihar,Sheohar,10003.0,6,"Low development, weak clean energy and weak civil registration",0.2293778756466807,0.641995942776417,0.476135633458879,2.0016631487756653,firm
Bihar,Sitamarhi,10004.0,6,"Low development, weak clean energy and weak civil registration",0.264080883851999,0.9987042644087852,0.37711936213087355,1.638434743337068,firm
Bihar,Siwan,10016.0,6,"Low development, weak clean energy and weak civil registration",0.1376157583410891,0.9093917239092785,0.24880021786906564,1.2656492915663093,typical
Bihar,Supaul,10006.0,6,"Low development, weak clean energy and weak civil registration",0.23336163891397788,0.9998224733829042,0.3494597575298809,1.5736952462492313,firm
Bihar,Vaishali,10018.0,6,"Low development, weak clean energy and weak civil registration",0.2038459461652136,0.9902337020936809,0.34707709280691224,1.4334306078686172,firm
Chhattisgarh,Balod,,4,"Middle development, weak schooling",0.07146165418659128,0.8863806702680337,0.23737429210871844,1.1009040265624999,borderline
Chhattisgarh,Baloda Bazar,,4,"Middle development, weak schooling",0.17260718404182604,0.8838182713801271,0.2949197856253495,1.4919602152222704,firm
Chhattisgarh,Balrampur,,4,"Middle development, weak schooling",0.1451321887901896,0.8860038907971802,0.2355952779527339,1.2748248646789104,typical
Chhattisgarh,Bastar,22015.0,6,"Low development, weak clean energy and weak civil registration",0.03637237512866605,0.5449488360087532,0.20894990135877264,1.1137962867929239,borderline
Chhattisgarh,Bemetara,,4,"Middle development, weak schooling",0.13610534205165026,0.9959126561751661,0.3249626551939823,1.3200376380596102,typical
Chhattisgarh,Bijapur,22018.0,6,"Low development, weak clean energy and weak civil registration",0.03041403692910966,0.8200652836959482,0.20567398657803335,1.0783882362636137,borderline
Chhattisgarh,Bilaspur,22007.0,7,"Middle development, weak women's agency",-0.03996018543800238,0.9235653724256133,0.18685468577828065,1.0572810456507673,borderline
Chhattisgarh,Dantewada,22017.0,4,"Middle development, weak schooling",0.16874022506900865,0.9973981421221361,0.25628067207364796,1.35421019159824,firm
Chhattisgarh,Dhamtari,22013.0,4,"Middle development, weak schooling",0.07328268539019804,0.9767187955577256,0.23990678158386336,1.1084539885123328,borderline
Chhattisgarh,Durg,22010.0,2,"High development, strong clean energy",0.045768793550476215,0.5900146591758347,0.24688362236939715,1.1100125561604604,borderline
Chhattisgarh,Gariyaband,,4,"Middle development, weak schooling",0.1805903096826093,0.9941542025767971,0.39346006467051664,1.5998052391995623,firm
Chhattisgarh,Janjgir - Champa,22006.0,4,"Middle development, weak schooling",0.11589660197327836,0.812904880532925,0.3020093743519856,1.3052003165838741,typical
Chhattisgarh,Jashpur,22003.0,4,"Middle development, weak schooling",0.1726561139799736,0.9437410149869894,0.23539688084618887,1.3357134123812913,typical
Chhattisgarh,Kabeerdham,22008.0,4,"Middle development, weak schooling",0.16654939670473443,0.996733635248742,0.3354103862920024,1.4144723687783207,firm
Chhattisgarh,Kodagaon,,4,"Middle development, weak schooling",0.1612719069136175,0.9938639195949667,0.28730200801005784,1.4056771115178648,firm
Chhattisgarh,Korba,22005.0,1,"Low development, high tobacco & alcohol use and weak maternal care",-0.14785786593574918,0.47876419843457113,0.1794428605236702,1.037541547638504,borderline
Chhattisgarh,Koriya,22001.0,4,"Middle development, weak schooling",0.14990434804548292,0.9802076503967841,0.24884432560173259,1.2706366726958376,typical
Chhattisgarh,Mahasamund,22012.0,4,"Middle development, weak schooling",0.139693178926972,0.9267262909976961,0.3897566317197145,1.4457607619910615,firm
Chhattisgarh,Mungeli,,4,"Middle development, weak schooling",0.16477562308234528,0.9633867833545569,0.24746029972794767,1.3714797072417735,firm
Chhattisgarh,Narayanpur,22016.0,4,"Middle development, weak schooling",0.11271985545771401,0.9891695371149416,0.2398630255998482,1.2022420220139187,typical
Chhattisgarh,Raigarh,22004.0,4,"Middle development, weak schooling",0.16174897210380365,0.9932995143549375,0.28030613525472836,1.3721837130083303,firm
Chhattisgarh,Raipur,22011.0,4,"Middle development, weak schooling",0.08115585103406357,0.6490067904521722,0.25698660636297227,1.1428590887893946,borderline
Chhattisgarh,Rajnandgaon,22009.0,4,"Middle development, weak schooling",0.11556068406830601,0.9924955430746566,0.27537871722765844,1.2130853452453159,typical
Chhattisgarh,Sukma,,4,"Middle development, weak schooling",0.07093345540438528,0.9881500517806645,0.2144530481415056,1.1041524472810227,borderline
Chhattisgarh,Surajpur,,4,"Middle development, weak schooling",0.18030710666172164,0.9674782495386357,0.2615257572980019,1.2991731921330756,typical
Chhattisgarh,Surguja,22002.0,4,"Middle development, weak schooling",0.1328887992996156,0.9181710934260059,0.22944224969479718,1.2509285471967737,typical
Chhattisgarh,Uttar Bastar Kanker,22014.0,4,"Middle development, weak schooling",0.10777922622119207,0.9826407514638631,0.25566798504809773,1.1914758384775312,typical
Dadra Nagar Haveli Daman Diu,Dadra & Nagar Haveli,26001.0,5,"Middle development, no standout gap",0.049759779055629706,0.8327594724843241,0.24296322212708557,1.1762044801623053,typical
Dadra Nagar Haveli Daman Diu,Daman,,7,"Middle development, weak women's agency",0.054083952444307234,0.9913644325296274,0.24468592781618487,1.319286291376325,typical
Dadra Nagar Haveli Daman Diu,Diu,,5,"Middle development, no standout gap",0.09044586074379184,0.4670546946106555,0.233485272851232,1.229231393975878,typical
Goa,North Goa,30001.0,3,"High development, strong schooling",0.0786896570040263,0.9909946906285629,0.3444817640048677,1.3610256388350448,firm
Goa,South Goa,30002.0,3,"High development, strong schooling",0.030459094995128586,0.989917346646444,0.258896736367105,1.138582974083633,borderline
Gujarat,Ahmedabad,24007.0,7,"Middle development, weak women's agency",0.008464131620683374,0.9890320609759001,0.19645489544434747,1.1250218064891773,borderline
Gujarat,Amreli,24013.0,7,"Middle development, weak women's agency",0.02267938972917941,0.9938086197779542,0.2324938272404536,1.2140155800331043,typical
Gujarat,Anand,24015.0,7,"Middle development, weak women's agency",-0.016443207621516045,0.9131672436887873,0.1940299887760369,1.0797542902244668,borderline
Gujarat,Aravali,,7,"Middle development, weak women's agency",-0.0565007400075117,0.9571085385382365,0.21308288006451295,1.060275595394034,borderline
Gujarat,Banaskantha,24002.0,7,"Middle development, weak women's agency",0.027766167572492232,0.9844861892372168,0.2241527499840079,1.124823589764017,borderline
Gujarat,Bharuch,24021.0,7,"Middle development, weak women's agency",0.1171183952110955,0.9592027680084736,0.2675338151196356,1.4490115962066352,firm
Gujarat,Bhavnagar,24014.0,7,"Middle development, weak women's agency",0.07670199019103581,0.9963461866253907,0.2591321470841173,1.3722280872045227,firm
Gujarat,Botad,,7,"Middle development, weak women's agency",0.10026656316390536,0.9894858643394765,0.2750562834601143,1.429114950150411,firm
Gujarat,Chhota Udaipur,,4,"Middle development, weak schooling",0.17984894126755827,0.8070239949403848,0.2874161246671229,1.3955846043686428,firm
Gujarat,Dahod,24018.0,4,"Middle development, weak schooling",0.06145101892501626,0.6251940155751048,0.2196485673516036,1.0854298901437989,borderline
Gujarat,Devbhumi Dwarka,,7,"Middle development, weak women's agency",0.0063428469639007536,0.9866991686031334,0.2947813943550884,1.2904289339980046,typical
Gujarat,Gandhinagar,24006.0,7,"Middle development, weak women's agency",-0.02794363591864317,0.6077825148721254,0.19978390145487462,1.0605455185019887,borderline
Gujarat,Gir Somnath,,7,"Middle development, weak women's agency",-0.03898517928139835,0.9903171478394491,0.205534444440061,1.0748944038488308,borderline
Gujarat,Jamnagar,24010.0,5,"Middle development, no standout gap",0.05925237763358334,0.9615228060613287,0.2373644584977595,1.1921532855141197,typical
Gujarat,Junagadh,24012.0,5,"Middle development, no standout gap",0.06527022496411411,0.4404112547998968,0.21647644172902758,1.0670550103868273,borderline
Gujarat,Kachchh,24001.0,4,"Middle development, weak schooling",0.04166306406506864,0.9898518445711229,0.1837276926992075,1.0245088978676562,borderline
Gujarat,Kheda,24016.0,7,"Middle development, weak women's agency",0.10355305383784386,0.8487819620498015,0.2784841996566894,1.4555194484719534,firm
Gujarat,Mahesana,24004.0,7,"Middle development, weak women's agency",0.07306126560072632,0.9663018279940485,0.21176023047772502,1.2260255241535274,typical
Gujarat,Mahisagar,,4,"Middle development, weak schooling",0.10043824225489313,0.9333983186917045,0.22697150967017243,1.1715288523090972,typical
Gujarat,Morbi,,7,"Middle development, weak women's agency",0.027243003173352237,0.9969374387092871,0.1897003031425244,1.1335026982653416,borderline
Gujarat,Narmada,24020.0,4,"Middle development, weak schooling",0.15494643171464917,0.9366757945803434,0.2892979961220909,1.3653044554234293,firm
Gujarat,Navsari,24023.0,5,"Middle development, no standout gap",0.004356475424435051,0.6156899358966175,0.21376140997681997,1.0455592806617262,borderline
Gujarat,Panchmahal,24017.0,4,"Middle development, weak schooling",0.05251704254612378,0.9109691196848647,0.20457294073594845,1.0631491138649365,borderline
Gujarat,Patan,24003.0,7,"Middle development, weak women's agency",-0.015424038666576784,0.9653573890263135,0.18718478497956872,1.056252382539504,borderline
Gujarat,Porbandar,24011.0,5,"Middle development, no standout gap",0.07752918010410598,0.661826858123762,0.2333807850052118,1.2205410571041333,typical
Gujarat,Rajkot,24009.0,5,"Middle development, no standout gap",0.04969392561247092,0.9791106659184343,0.20624471163951621,1.1257708860582938,borderline
Gujarat,Sabarkantha,24005.0,4,"Middle development, weak schooling",0.04911441565936812,0.47576474755780773,0.20256739279837943,1.0466517626352851,borderline
Gujarat,Surat,24025.0,2,"High development, strong clean energy",0.05413902997140401,0.8041782154490086,0.2391912116519886,1.1104705956685992,borderline
Gujarat,Surendranagar,24008.0,7,"Middle development, weak women's agency",0.024951001659040024,0.9974516754748181,0.2470603340834775,1.2381448669308524,typical
Gujarat,Tapi,24026.0,5,"Middle development, no standout gap",-0.015228168783225205,0.9726349608933496,0.19769972439930558,1.0255062295881985,borderline
Gujarat,The Dangs,24022.0,4,"Middle development, weak schooling",0.1484036903391409,0.9989632980046892,0.2950237432765221,1.3420261866907437,typical
Gujarat,Vadodara,24019.0,2,"High development, strong clean energy",0.06250978480216725,0.6646265670650409,0.20016248443742787,1.1161043245006337,borderline
Gujarat,Valsad,24024.0,2,"High development, strong clean energy",0.07346146048516596,0.4673075274043319,0.25195073056528133,1.1856028188853323,typical
Haryana,Ambala,6002.0,2,"High development, strong clean energy",0.1625386420054798,0.9398463896023084,0.3465059964329752,1.5229962490537308,firm
Haryana,Bhiwani,6013.0,4,"Middle development, weak schooling",0.0317182226490193,0.8843127469463656,0.23561468386102274,1.0341273309247916,borderline
Haryana,Charkhi Dadri,,5,"Middle development, no standout gap",0.02975410724158782,0.555230276669287,0.27792908447703507,1.2178834561798413,typical
Haryana,Faridabad,6020.0,2,"High development, strong clean energy",0.12022694866610519,0.7555319689619272,0.2728948291259642,1.336418527920994,typical
Haryana,Fatehabad,6010.0,5,"Middle development, no standout gap",0.0633852799043823,0.8072102871016918,0.2538432817918958,1.2085474643413674,typical
Haryana,Gurgaon,6018.0,7,"Middle development, weak women's agency",-0.04705598725090043,0.989641673708126,0.1839222031113253,1.0325902712601247,borderline
Haryana,Hisar,6012.0,5,"Middle development, no standout gap",0.004635830566802998,0.6473722606620838,0.23566975780915542,1.0401719478828109,borderline
Haryana,Jhajjar,6015.0,5,"Middle development, no standout gap",-0.012219610200713266,0.5619333280147917,0.22651337334205174,1.0009311791003306,borderline
Haryana,Jind,6009.0,5,"Middle development, no standout gap",-0.002839755070799628,0.9262901347624961,0.22769013195867602,1.0815799567844557,borderline
Haryana,Kaithal,6005.0,5,"Middle development, no standout gap",0.08407259249483597,0.8164996403187047,0.26986496630402507,1.3031493096372715,typical
Haryana,Karnal,6006.0,5,"Middle development, no standout gap",0.05945023067202986,0.7671214430985028,0.2688128863274751,1.1814442710566195,typical
Haryana,Kurukshetra,6004.0,2,"High development, strong clean energy",0.1522853371281898,0.9634166308681326,0.3163514259260687,1.4319264576141932,firm
Haryana,Mahendragarh,6016.0,5,"Middle development, no standout gap",-0.012999222180253593,0.8273852507973941,0.2126027973288369,1.005562161020279,borderline
Haryana,Mewat,6019.0,6,"Low development, weak clean energy and weak civil registration",0.15710122812816862,0.9976979407200929,0.25682805306062306,1.2518631080784395,typical
Haryana,Palwal,6021.0,4,"Middle development, weak schooling",0.1028808602160491,0.952959167842192,0.23040496341453645,1.235765157338012,typical
Haryana,Panchkula,6001.0,2,"High development, strong clean energy",0.046525108838518146,0.8908985525399777,0.2649190193927954,1.106578473743837,borderline
Haryana,Panipat,6007.0,2,"High development, strong clean energy",0.03430527013318417,0.8811228700244346,0.21563368391785248,1.0710607123281646,borderline
Haryana,Rewari,6017.0,2,"High development, strong clean energy",0.06239582668613505,0.49171705018456513,0.28234848796441264,1.187974191626474,typical
Haryana,Rohtak,6014.0,2,"High development, strong clean energy",0.040442087806431985,0.8642841018911587,0.25353541300166876,1.1211964972410753,borderline
Haryana,Sirsa,6011.0,5,"Middle development, no standout gap",0.0070326572410309525,0.5505337112942243,0.21150785281782872,1.0444884610472,borderline
Haryana,Sonipat,6008.0,5,"Middle development, no standout gap",0.009719721148508486,0.8599490393882989,0.22836630600059543,1.065650636281108,borderline
Haryana,Yamunanagar,6003.0,2,"High development, strong clean energy",0.14155423289305832,0.8975654305728668,0.4026111850999475,1.6022003932347224,firm
Himachal Pradesh,Bilaspur,2008.0,5,"Middle development, no standout gap",0.12008348816509166,0.9466107205996801,0.27985161491172006,1.3437958092054334,typical
Himachal Pradesh,Chamba,2001.0,5,"Middle development, no standout gap",0.029978834876590234,0.8692650066677655,0.2696696915130677,1.1590540285588913,typical
Himachal Pradesh,Hamirpur,2006.0,2,"High development, strong clean energy",0.07886835473079752,0.8774563103490246,0.19922157144308297,1.121901582392081,borderline
Himachal Pradesh,Kangra,2002.0,2,"High development, strong clean energy",0.02748205646568523,0.8921673222257073,0.23063471227655505,1.0684037495366971,borderline
Himachal Pradesh,Kinnaur,2012.0,5,"Middle development, no standout gap",0.051738083890436305,0.6920783082127259,0.27125977980431343,1.2139335383192935,typical
Himachal Pradesh,Kullu,2004.0,5,"Middle development, no standout gap",0.07823431772250572,0.9172805556343243,0.2906022221314666,1.3329693293521414,typical
Himachal Pradesh,Lahul and Spiti,2003.0,5,"Middle development, no standout gap",0.055324826860859926,0.9112272984148222,0.28277040870304293,1.2528109666959042,typical
Himachal Pradesh,Mandi,2005.0,5,"Middle development, no standout gap",0.12480941029823571,0.8237456373560167,0.3002665052035823,1.3922166857211558,firm
Himachal Pradesh,Shimla,2011.0,5,"Middle development, no standout gap",0.06725783240535571,0.8631195908791571,0.30674924555084376,1.2404401077213512,typical
Himachal Pradesh,Sirmaur,2010.0,5,"Middle development, no standout gap",0.09071136126479887,0.9120338552019324,0.32976471764722537,1.354518757160949,firm
Himachal Pradesh,Solan,2009.0,5,"Middle development, no standout gap",0.0750374035811126,0.6563169650633616,0.34914283652767075,1.3236525709496771,typical
Himachal Pradesh,Una,2007.0,2,"High development, strong clean energy",0.08841964042770682,0.8932557624721512,0.22447124412247108,1.216984292357455,typical
Jammu Kashmir,Anantnag,1014.0,5,"Middle development, no standout gap",0.12318299722146642,0.9993391560318565,0.24653356954940872,1.3018960189683713,typical
Jammu Kashmir,Badgam,1002.0,5,"Middle development, no standout gap",0.12663170942345583,0.9998956795491244,0.2756750360890222,1.3305628982849804,typical
Jammu Kashmir,Bandipore,1009.0,5,"Middle development, no standout gap",0.0760611407087708,0.9960476273846229,0.2102233859895565,1.1826324314970686,typical
Jammu Kashmir,Baramula,1008.0,5,"Middle development, no standout gap",0.0430374435751246,0.9516804061271726,0.16128601859204608,1.0116442555162992,borderline
Jammu Kashmir,Doda,1016.0,1,"Low development, high tobacco & alcohol use and weak maternal care",-0.06082363066898717,0.9918195848151041,0.1705888672780739,1.0246865021450684,borderline
Jammu Kashmir,Ganderbal,1011.0,5,"Middle development, no standout gap",0.08972064544978624,0.9961117435401745,0.20464971285810746,1.1820668310860598,typical
Jammu Kashmir,Jammu,1021.0,5,"Middle development, no standout gap",0.07034645955914672,0.996919544327307,0.25477454951052064,1.1722501493035287,typical
Jammu Kashmir,Kathua,1007.0,5,"Middle development, no standout gap",0.09405267240774642,0.9985582808553248,0.2644213713289004,1.2593491253899998,typical
Jammu Kashmir,Kishtwar,1018.0,5,"Middle development, no standout gap",0.04806561976288879,0.9980550728083364,0.20988367086980977,1.126718880959823,borderline
Jammu Kashmir,Kulgam,1015.0,5,"Middle development, no standout gap",0.0949845392134805,0.9987252991736001,0.24288313358889435,1.2287765741511312,typical
Jammu Kashmir,Kupwara,1001.0,5,"Middle development, no standout gap",0.11001944234822955,0.9999564758384315,0.25214816866523254,1.2568658415142184,typical
Jammu Kashmir,Pulwama,1012.0,5,"Middle development, no standout gap",0.11012402893528354,0.9994076985565479,0.23249758875271365,1.2150105709666945,typical
Jammu Kashmir,Punch,1005.0,5,"Middle development, no standout gap",0.05072337257572229,0.9996544758898137,0.23283229411345113,1.1372700910180795,borderline
Jammu Kashmir,Rajouri,1006.0,5,"Middle development, no standout gap",0.07612962363608165,0.9997288681117478,0.24873380712233475,1.206994424053134,typical
Jammu Kashmir,Ramban,1017.0,4,"Middle development, weak schooling",0.060265176704207585,0.7803698386699175,0.19172476299679347,1.0958063741019577,borderline
Jammu Kashmir,Reasi,1020.0,4,"Middle development, weak schooling",0.030711236102860643,0.685579777580979,0.16966149488615725,1.0339959228001718,borderline
Jammu Kashmir,Samba,1022.0,5,"Middle development, no standout gap",0.111474194788889,0.9980980145189464,0.29735661576799516,1.3456569951541277,typical
Jammu Kashmir,Shupiyan,1013.0,5,"Middle development, no standout gap",0.1314064937272525,0.999993362897748,0.26035202981141364,1.3029061833183355,typical
Jammu Kashmir,Srinagar,1010.0,5,"Middle development, no standout gap",0.14677178378338676,0.9999233793029052,0.2544225250570382,1.3061852371799065,typical
Jammu Kashmir,Udhampur,1019.0,5,"Middle development, no standout gap",0.06706398471554614,0.9966963400955043,0.24573096363764368,1.2215241455065025,typical
Jharkhand,Bokaro,20010.0,6,"Low development, weak clean energy and weak civil registration",0.005424271003696921,0.43923236455483217,0.19519334861203053,1.061335178544981,borderline
Jharkhand,Chatra,20002.0,6,"Low development, weak clean energy and weak civil registration",0.1807516941022829,0.8853144942545086,0.3819552496717835,1.6393776634309538,firm
Jharkhand,Deoghar,20005.0,6,"Low development, weak clean energy and weak civil registration",0.2250152930190026,0.9296709800964382,0.3016049268713385,1.4085820994384401,firm
Jharkhand,Dhanbad,20009.0,6,"Low development, weak clean energy and weak civil registration",0.07401317080658347,0.8577138558715643,0.2544641229157793,1.2098696346769302,typical
Jharkhand,Dumka,20017.0,6,"Low development, weak clean energy and weak civil registration",0.18449777727272676,0.9742135875326944,0.3673069729084126,1.598698339450265,firm
Jharkhand,Garhwa,20001.0,6,"Low development, weak clean energy and weak civil registration",0.1631625483375835,0.9773174099338745,0.375151671963578,1.6124966992753713,firm
Jharkhand,Giridih,20004.0,6,"Low development, weak clean energy and weak civil registration",0.2095232299216525,0.9849349947362736,0.4145195812996775,1.7861409420680057,firm
Jharkhand,Godda,20006.0,6,"Low development, weak clean energy and weak civil registration",0.16059220556121617,0.9466861988540722,0.3826389803072882,1.6080466167155454,firm
Jharkhand,Gumla,20021.0,4,"Middle development, weak schooling",0.07591564457067758,0.9886965242920491,0.23250082340134642,1.1361751991513758,borderline
Jharkhand,Hazaribagh,20015.0,6,"Low development, weak clean energy and weak civil registration",0.09839649836739801,0.8994405576601455,0.2835122100821144,1.3206293175130215,typical
Jharkhand,Jamtara,20018.0,6,"Low development, weak clean energy and weak civil registration",0.07586178804259612,0.7663044752203951,0.2980825327380725,1.2640045207523665,typical
Jharkhand,Khunti,20020.0,6,"Low development, weak clean energy and weak civil registration",0.03999410980482094,0.8073196592272484,0.2141686738000419,1.1091110255510122,borderline
Jharkhand,Kodarma,20003.0,6,"Low development, weak clean energy and weak civil registration",0.07410176212193077,0.9831835458187296,0.2440583641386681,1.1828447295425635,typical
Jharkhand,Latehar,20014.0,6,"Low development, weak clean energy and weak civil registration",0.040767117939136684,0.9261552613060735,0.25550112115953033,1.1216642803640613,borderline
Jharkhand,Lohardaga,20011.0,4,"Middle development, weak schooling",0.1125598383916065,0.9823169754492816,0.28375955058228836,1.2992067745723963,typical
Jharkhand,Pakur,20008.0,6,"Low development, weak clean energy and weak civil registration",0.19036327155606841,0.934511516451659,0.32028004270974303,1.434315301737128,firm
Jharkhand,Palamu,20013.0,6,"Low development, weak clean energy and weak civil registration",0.10155969501835925,0.8673907662179873,0.32311485987690114,1.3529587219913977,firm
Jharkhand,Pashchimi Singhbhum,20023.0,6,"Low development, weak clean energy and weak civil registration",0.0851529811664565,0.6804938566758191,0.2412256226907635,1.186079344636162,typical
Jharkhand,Purbi Singhbhum,20012.0,5,"Middle development, no standout gap",-0.03170315997083028,0.696447160458226,0.21386733509784434,1.0390633055854306,borderline
Jharkhand,Ramgarh,20016.0,4,"Middle development, weak schooling",0.064223058762062,0.7250277423232064,0.22315789313772003,1.1382949244799139,borderline
Jharkhand,Ranchi,20019.0,4,"Middle development, weak schooling",0.09848872156505989,0.7785890972543054,0.2088996258369558,1.1129894040289294,borderline
Jharkhand,Sahibganj,20007.0,6,"Low development, weak clean energy and weak civil registration",0.21794245297721973,0.9548904512741112,0.36006464784516845,1.564680093544295,firm
Jharkhand,Saraikela-Kharsawan,,4,"Middle development, weak schooling",0.1336873390204556,0.9945334491698105,0.2738588680050175,1.3260468777716592,typical
Jharkhand,Simdega,20022.0,6,"Low development, weak clean energy and weak civil registration",0.0029245749801245988,0.5543967245059419,0.18613679160629842,1.0314652417028587,borderline
Karnataka,Bagalkot,29002.0,4,"Middle development, weak schooling",0.044191942749110286,0.9773505088016693,0.20320377206594503,1.0373470104333715,borderline
Karnataka,Bangalore,29018.0,2,"High development, strong clean energy",0.09792857675759595,0.6633578431786012,0.25434426279066086,1.1582689856741366,typical
Karnataka,Bangalore Rural,29029.0,2,"High development, strong clean energy",0.09867852872665281,0.9199182232312876,0.2821866158787895,1.2188408607728183,typical
Karnataka,Belgaum,29001.0,5,"Middle development, no standout gap",0.012264122945977068,0.9205443774194758,0.25215939640186524,1.166594339223642,typical
Karnataka,Bellary,29011.0,5,"Middle development, no standout gap",-0.019682550047901412,0.9351881861070697,0.18528476322173185,1.0233277205630547,borderline
Karnataka,Bidar,29004.0,4,"Middle development, weak schooling",0.10478102912618593,0.9284008152203453,0.2652492742305233,1.2571299597258732,typical
Karnataka,Bijapur,29003.0,7,"Middle development, weak women's agency",-0.04332404281550432,0.9795432953559031,0.23158482388358298,1.1391922671497918,borderline
Karnataka,Chamarajanagar,29024.0,2,"High development, strong clean energy",0.09809027893870083,0.9232143935956787,0.26660855475525397,1.2186903494882553,typical
Karnataka,Chikkaballapura,29028.0,2,"High development, strong clean energy",0.06689956156333424,0.7516552996356122,0.23130688684321382,1.1746671992175444,typical
Karnataka,Chikmagalur,29016.0,2,"High development, strong clean energy",0.09324614758567326,0.9387690791134978,0.30940142126634473,1.2403886635822001,typical
Karnataka,Chitradurga,29012.0,2,"High development, strong clean energy",0.07971846399740914,0.8844836787598809,0.2488292012174331,1.154943325122757,typical
Karnataka,Dakshina Kannada,29021.0,2,"High development, strong clean energy",0.1490386429094306,0.9196836161705441,0.32187685078020695,1.436915789620292,firm
Karnataka,Davanagere,29013.0,2,"High development, strong clean energy",0.03682280338866813,0.532430498835406,0.20784194006087064,1.1069919895180127,borderline
Karnataka,Dharwad,29008.0,2,"High development, strong clean energy",0.04081371987277819,0.5466264059332808,0.27156858614366525,1.0965851490103886,borderline
Karnataka,Gadag,29007.0,7,"Middle development, weak women's agency",-0.07081284842675735,0.9581687875254667,0.17073647983788554,1.0149590914865447,borderline
Karnataka,Gulbarga,29025.0,7,"Middle development, weak women's agency",-0.06093201926921649,0.9570993909813558,0.21593978123329666,1.0728623893470215,borderline
Karnataka,Hassan,29020.0,2,"High development, strong clean energy",0.07583380296908587,0.8337230025498722,0.2522067504687548,1.141207305665191,borderline
Karnataka,Haveri,29010.0,5,"Middle development, no standout gap",0.04756050670875016,0.8591784957949434,0.23107882064318505,1.2243899518583596,typical
Karnataka,Kodagu,29022.0,2,"High development, strong clean energy",0.15274046522697365,0.9586430557720197,0.29971815889648173,1.3687758673151644,firm
Karnataka,Kolar,29027.0,2,"High development, strong clean energy",0.12297593528305288,0.8619973648734808,0.3183720662705381,1.421116759515612,firm
Karnataka,Koppal,29006.0,4,"Middle development, weak schooling",0.06934892636642397,0.8416796941072522,0.184168919644231,1.0271583288440618,borderline
Karnataka,Mandya,29019.0,2,"High development, strong clean energy",0.08053244448059721,0.8947727826220124,0.24861625588319775,1.1556473714202138,typical
Karnataka,Mysore,29023.0,2,"High development, strong clean energy",0.07119378715442648,0.9194807349654399,0.2799661324550071,1.152674108429219,typical
Karnataka,Raichur,29005.0,6,"Low development, weak clean energy and weak civil registration",-0.004372765478828524,0.9622810260972395,0.19511484925476505,1.0366542970018215,borderline
Karnataka,Ramanagara,29030.0,2,"High development, strong clean energy",0.0957917286131234,0.8739210720265589,0.2695116576831304,1.2646662116452418,typical
Karnataka,Shimoga,29014.0,2,"High development, strong clean energy",0.10779640306318056,0.9369836346519005,0.31233786699455723,1.3000510555508824,typical
Karnataka,Tumkur,29017.0,2,"High development, strong clean energy",0.08582368847905483,0.9335243491145726,0.23634508596137155,1.1700393806726912,typical
Karnataka,Udupi,29015.0,2,"High development, strong clean energy",0.12186493115314756,0.9588790781278127,0.27455015590672227,1.3291443915189542,typical
Karnataka,Uttara Kannada,29009.0,2,"High development, strong clean energy",0.06332324858827318,0.710320487356795,0.25049587052685157,1.1340446835286921,borderline
Karnataka,Yadgir,29026.0,4,"Middle development, weak schooling",0.03546702909549897,0.8355542637780904,0.21032601685979563,1.0475241901599057,borderline
Kerala,Alappuzha,32011.0,3,"High development, strong schooling",0.09364023762856176,0.9975492032949593,0.2606793777063142,1.2386336476833217,typical
Kerala,Ernakulam,32008.0,3,"High development, strong schooling",0.13554053105447772,0.9988036025768355,0.34647209489873165,1.3910368701753761,firm
Kerala,Idukki,32009.0,3,"High development, strong schooling",0.06218540314768316,0.990163995751187,0.2985290841735643,1.2147096200555558,typical
Kerala,Kannur,32002.0,3,"High development, strong schooling",0.1264976010818895,0.9989254555672296,0.3134454973740147,1.3316498328927713,typical
Kerala,Kasaragod,32001.0,3,"High development, strong schooling",0.08230621622310713,0.9890268052016903,0.2808894778905179,1.2397706020747785,typical
Kerala,Kollam,32013.0,3,"High development, strong schooling",0.1618677561125728,0.9996895298964918,0.3646559872208352,1.4699238888772699,firm
Kerala,Kottayam,32010.0,3,"High development, strong schooling",0.09071046988195632,0.9973714893491957,0.2727626682502678,1.2378697658515552,typical
Kerala,Kozhikode,32004.0,3,"High development, strong schooling",0.13585616023118938,0.9994602145733631,0.3235793097107125,1.347265117210053,typical
Kerala,Malappuram,32005.0,3,"High development, strong schooling",0.04803920213260046,0.9760847445413781,0.23157609297389045,1.1126986900668348,borderline
Kerala,Palakkad,32006.0,3,"High development, strong schooling",0.05349993372902023,0.9487275179887918,0.22286583324655176,1.1260655564989472,borderline
Kerala,Pathanamthitta,32012.0,3,"High development, strong schooling",0.18974336055304797,0.9998230698599311,0.3428307654454919,1.4630707961482758,firm
Kerala,Thiruvananthapuram,32014.0,3,"High development, strong schooling",0.15200223431667997,0.9934333006918927,0.2647248784899112,1.3207358414500199,typical
Kerala,Thrissur,32007.0,3,"High development, strong schooling",0.17000817629923443,0.9998074403364359,0.33981936040443295,1.4364408538200693,firm
Kerala,Wayanad,32003.0,2,"High development, strong clean energy",0.04846366399981986,0.654769275937833,0.2625424572503794,1.0983044500558132,borderline
Ladakh,Kargil,1004.0,5,"Middle development, no standout gap",0.09924808194575012,0.9999171459478092,0.2480544374371907,1.2528493434126016,typical
Ladakh,Leh(Ladakh),1003.0,5,"Middle development, no standout gap",0.09828463503188213,0.9999705565509898,0.23168172045189547,1.2252708670399588,typical
Madhya Pradesh,Agar Malwa,,4,"Middle development, weak schooling",0.05643419438225096,0.9940408673627472,0.19269948311649512,1.066428848123252,borderline
Madhya Pradesh,Alirajpur,23048.0,4,"Middle development, weak schooling",0.190851441202242,0.995026750503361,0.3513401101828951,1.569958485173309,firm
Madhya Pradesh,Anuppur,23044.0,4,"Middle development, weak schooling",0.20022186051879806,0.9977414764752709,0.36266185032880144,1.6382911408764558,firm
Madhya Pradesh,Ashoknagar,23042.0,4,"Middle development, weak schooling",0.16786180258589642,0.562974270410422,0.33436965388490625,1.4496505150032593,firm
Madhya Pradesh,Balaghat,23040.0,4,"Middle development, weak schooling",0.13957355217369102,0.9956312997210544,0.28358033371898134,1.3132531358455688,typical
Madhya Pradesh,Barwani,23024.0,4,"Middle development, weak schooling",0.21773491589972516,0.9547270145787692,0.3927478752468978,1.7448880614277789,firm
Madhya Pradesh,Betul,23030.0,4,"Middle development, weak schooling",0.09206136102479497,0.9880489030670817,0.2903697785070525,1.187617693515623,typical
Madhya Pradesh,Bhind,23003.0,7,"Middle development, weak women's agency",-0.0785252505848842,0.9277779224698086,0.2652439685436373,1.069288258837592,borderline
Madhya Pradesh,Bhopal,23027.0,2,"High development, strong clean energy",0.044076384676210834,0.75769272404328,0.28406900006015384,1.1474203235551554,borderline
Madhya Pradesh,Burhanpur,23050.0,4,"Middle development, weak schooling",0.11088370626729797,0.7350594683508862,0.33527291769752776,1.2701328214280259,typical
Madhya Pradesh,Chhatarpur,23008.0,6,"Low development, weak clean energy and weak civil registration",0.018459234834261318,0.6528723450544577,0.25081109957965037,1.1099346261455991,borderline
Madhya Pradesh,Chhindwara,23038.0,4,"Middle development, weak schooling",0.1277697521427464,0.7254577783408128,0.277060859157235,1.3035768239776517,typical
Madhya Pradesh,Damoh,23011.0,4,"Middle development, weak schooling",0.029571277619988103,0.811893571092272,0.22609918298842463,1.0188018648939658,borderline
Madhya Pradesh,Datia,23005.0,4,"Middle development, weak schooling",0.13159463763097143,0.7816023538047137,0.2917110518629593,1.3006272372198546,typical
Madhya Pradesh,Dewas,23020.0,4,"Middle development, weak schooling",0.12145712416907883,0.8344196726364929,0.29627919214066567,1.2839681815812547,typical
Madhya Pradesh,Dhar,23021.0,4,"Middle development, weak schooling",0.15048431414484487,0.7957337942196421,0.37452050453236596,1.523605072791643,firm
Madhya Pradesh,Dindori,23036.0,4,"Middle development, weak schooling",0.20313011080114235,0.997340130432951,0.28233564256511456,1.4754018644066702,firm
Madhya Pradesh,Guna,23041.0,4,"Middle development, weak schooling",0.19800061074080025,0.6645888121756741,0.36509479793058575,1.5534522079093962,firm
Madhya Pradesh,Gwalior,23004.0,4,"Middle development, weak schooling",0.06140331559906505,0.9675161912200333,0.2058047949607188,1.0783824259618913,borderline
Madhya Pradesh,Harda,23031.0,5,"Middle development, no standout gap",-0.017943870401784995,0.8133754974266826,0.27867210679286225,1.067206640910392,borderline
Madhya Pradesh,Hoshangabad,23032.0,7,"Middle development, weak women's agency",-0.04856511033269487,0.7468556767479406,0.18279656892935428,1.057517527384264,borderline
Madhya Pradesh,Indore,23022.0,5,"Middle development, no standout gap",0.014461880190058176,0.8712468891315992,0.25024520234507286,1.1555756004932627,typical
Madhya Pradesh,Jhabua,23047.0,4,"Middle development, weak schooling",0.19291378868364217,0.9974643247649048,0.2932232688293407,1.4195550467968323,firm
Madhya Pradesh,Katni,23033.0,4,"Middle development, weak schooling",0.12044360765640282,0.8065348305967005,0.33177713539162274,1.342917259333879,typical
Madhya Pradesh,Khandwa (East Nimar),23049.0,4,"Middle development, weak schooling",0.08778984890653299,0.7965982870396067,0.28799779521384433,1.1812314310448684,typical
Madhya Pradesh,Khargone (West Nimar),23023.0,4,"Middle development, weak schooling",0.1635597358241335,0.8670751683474875,0.3781626111089175,1.496496591111325,firm
Madhya Pradesh,Mandla,23037.0,4,"Middle development, weak schooling",0.13044617094746147,0.9993183614484209,0.28769642854943256,1.2833285634804148,typical
Madhya Pradesh,Mandsaur,23016.0,4,"Middle development, weak schooling",0.10762583277028996,0.9837500378943239,0.22907784013256244,1.197668911938366,typical
Madhya Pradesh,Morena,23002.0,7,"Middle development, weak women's agency",-0.05298498179987794,0.930819689188983,0.2514690361913435,1.1018281177300129,borderline
Madhya Pradesh,Narsimhapur,23035.0,4,"Middle development, weak schooling",0.11678646291536081,0.9109401149596712,0.30295637101826184,1.2799816013824152,typical
Madhya Pradesh,Neemuch,23015.0,4,"Middle development, weak schooling",0.119361934657484,0.8964673367498962,0.3161051257444295,1.2750378979285402,typical
Madhya Pradesh,Panna,23009.0,6,"Low development, weak clean energy and weak civil registration",0.12200938631146573,0.8946322756977008,0.3667637904849134,1.5113962676195556,firm
Madhya Pradesh,Raisen,23029.0,4,"Middle development, weak schooling",0.09961397648657391,0.4971965017709027,0.3396676231215639,1.2515005297584914,typical
Madhya Pradesh,Rajgarh,23025.0,4,"Middle development, weak schooling",0.13868203718977098,0.7234581113078512,0.3023746995845861,1.3539848687844438,firm
Madhya Pradesh,Ratlam,23017.0,4,"Middle development, weak schooling",0.11524588493936977,0.9619492690141092,0.341544374338698,1.2743294091761177,typical
Madhya Pradesh,Rewa,23013.0,6,"Low development, weak clean energy and weak civil registration",-0.02623097838158433,0.6167065178273199,0.25801355921377767,1.026716883424869,borderline
Madhya Pradesh,Sagar,23010.0,4,"Middle development, weak schooling",0.07664492460940807,0.7784391629313746,0.21702849313740957,1.13653917113,borderline
Madhya Pradesh,Satna,23012.0,4,"Middle development, weak schooling",0.022623375858180587,0.9527639352967744,0.21203607327343968,1.0124200095444378,borderline
Madhya Pradesh,Sehore,23028.0,4,"Middle development, weak schooling",0.09511003501836825,0.9063227929764616,0.2157961349384463,1.0667854543952657,borderline
Madhya Pradesh,Seoni,23039.0,4,"Middle development, weak schooling",0.06499475644013192,0.9993142117378627,0.2578148892499002,1.1005267475383487,borderline
Madhya Pradesh,Shahdol,23043.0,4,"Middle development, weak schooling",0.17776072154614841,0.9981348306097365,0.36793004881598235,1.5694864066200447,firm
Madhya Pradesh,Shajapur,23019.0,4,"Middle development, weak schooling",0.13972070007872842,0.9490365317633483,0.3375980645679444,1.33556740711055,typical
Madhya Pradesh,Sheopur,23001.0,4,"Middle development, weak schooling",0.054790422325652226,0.5876834088059847,0.26518732841863696,1.0902878263715148,borderline
Madhya Pradesh,Shivpuri,23006.0,4,"Middle development, weak schooling",0.08424130347728526,0.936181356685691,0.23356052781722658,1.0559127486422126,borderline
Madhya Pradesh,Sidhi,23045.0,4,"Middle development, weak schooling",0.12752765566665464,0.9597671039748574,0.34677233648754086,1.406964362010858,firm
Madhya Pradesh,Singrauli,23046.0,4,"Middle development, weak schooling",0.07856338338897749,0.7876305630856574,0.25377050315604904,1.1533096981823305,typical
Madhya Pradesh,Tikamgarh,23007.0,4,"Middle development, weak schooling",0.12367550975796951,0.8313396425342348,0.2799685176168058,1.2648177765632005,typical
Madhya Pradesh,Ujjain,23018.0,4,"Middle development, weak schooling",0.05129502303072552,0.8240144251061734,0.2625172718664845,1.0525108715102727,borderline
Madhya Pradesh,Umaria,23014.0,4,"Middle development, weak schooling",0.18318213276710832,0.9960207422466156,0.41032364379854747,1.644280678084511,firm
Madhya Pradesh,Vidisha,23026.0,4,"Middle development, weak schooling",0.17178972301827075,0.6995328349597005,0.3198991588863768,1.3471895931658557,typical
Maharashtra,Ahmadnagar,,5,"Middle development, no standout gap",0.018357895368625712,0.727929493037087,0.2209019653642857,1.0868344746802312,borderline
Maharashtra,Akola,27005.0,5,"Middle development, no standout gap",0.0035772991124668114,0.9900860004308354,0.1754099918101161,1.0184389773576084,borderline
Maharashtra,Amravati,27007.0,5,"Middle development, no standout gap",0.12359615865439602,0.6349130985979794,0.33816946163815736,1.522569424220702,firm
Maharashtra,Aurangabad,27019.0,7,"Middle development, weak women's agency",0.11102052603404008,0.9897666856511373,0.3085111329065169,1.558342806829334,firm
Maharashtra,Bhandara,27010.0,5,"Middle development, no standout gap",0.10390672454811103,0.679488688742876,0.3258552426538908,1.4102544631955636,firm
Maharashtra,Bid,27027.0,7,"Middle development, weak women's agency",-0.0055356799306777215,0.9564049668272019,0.2085392667349649,1.1612725197080207,typical
Maharashtra,Buldana,27004.0,5,"Middle development, no standout gap",-0.0023646350469771742,0.5873495088616444,0.2589034906993168,1.0823509091173154,borderline
Maharashtra,Chandrapur,27013.0,5,"Middle development, no standout gap",0.08651792873257932,0.5033153994148388,0.2660137242521027,1.2499039570554675,typical
Maharashtra,Dhule,27002.0,7,"Middle development, weak women's agency",0.03249401557395702,0.9513750731024776,0.2092388201821428,1.1443946759770858,borderline
Maharashtra,Gadchiroli,27012.0,5,"Middle development, no standout gap",0.03345565678603326,0.9894841001394218,0.2778353621577144,1.1400507857518016,borderline
Maharashtra,Gondiya,27011.0,5,"Middle development, no standout gap",0.023089200412331166,0.8101186125627288,0.2879883507116533,1.1561438456774382,typical
Maharashtra,Hingoli,27016.0,5,"Middle development, no standout gap",-0.009955543596610125,0.9759163771979841,0.20734531401816153,1.0469640359685701,borderline
Maharashtra,Jalgaon,27003.0,7,"Middle development, weak women's agency",0.08128252027199112,0.9882021585642045,0.2776302330380338,1.4109294219735933,firm
Maharashtra,Jalna,27018.0,7,"Middle development, weak women's agency",0.030928228942965808,0.9953212918948363,0.21379380314414484,1.1476424534458138,borderline
Maharashtra,Kolhapur,27034.0,3,"High development, strong schooling",-0.027509476231081926,0.5245623422220403,0.1878477737106122,1.0452458731842635,borderline
Maharashtra,Latur,27028.0,5,"Middle development, no standout gap",-0.0019034842013633854,0.9521380671299701,0.20039901533179447,1.0581559515352525,borderline
Maharashtra,Mumbai,27023.0,2,"High development, strong clean energy",0.02963256105989789,0.458068328806374,0.23135169271178374,1.0556035415014116,borderline
Maharashtra,Mumbai Suburban,27022.0,2,"High development, strong clean energy",0.07029180578681243,0.7537659635980004,0.24779959892978348,1.0968559852979811,borderline
Maharashtra,Nagpur,27009.0,2,"High development, strong clean energy",0.017698051447922983,0.6341331780595866,0.20337821559145,1.0285875059646292,borderline
Maharashtra,Nanded,27015.0,7,"Middle development, weak women's agency",-0.023121423104793138,0.9955942198376369,0.2376160667844653,1.1765081596342646,typical
Maharashtra,Nandurbar,27001.0,4,"Middle development, weak schooling",0.02651656639518655,0.6687451545504159,0.20536244615286947,1.0189051817388872,borderline
Maharashtra,Nashik,27020.0,7,"Middle development, weak women's agency",0.057043914638620595,0.9976452426322748,0.21804629493680514,1.2841564862059545,typical
Maharashtra,Osmanabad,27029.0,5,"Middle development, no standout gap",0.015487958017559738,0.4764607004503895,0.2257182381121107,1.065588358831909,borderline
Maharashtra,Palghar,,5,"Middle development, no standout gap",0.06282447225475213,0.612035437711655,0.26425751761452865,1.2322172884449385,typical
Maharashtra,Parbhani,27017.0,7,"Middle development, weak women's agency",-0.02700626312719862,0.9667380994847613,0.23500285832388113,1.0546436696198254,borderline
Maharashtra,Pune,27025.0,2,"High development, strong clean energy",0.04763788602657506,0.9701920929367681,0.1736876823802306,1.018213410767599,borderline
Maharashtra,Raigarh,27024.0,2,"High development, strong clean energy",0.01958794875568392,0.5446754111646526,0.24256435355290942,1.0324323652318617,borderline
Maharashtra,Ratnagiri,27032.0,2,"High development, strong clean energy",0.1314212009102846,0.9306645690298248,0.27794316078967607,1.4153645715522825,firm
Maharashtra,Sangli,27035.0,2,"High development, strong clean energy",0.062058990032661326,0.6738864390554166,0.21520050863847412,1.1094252528538036,borderline
Maharashtra,Satara,27031.0,2,"High development, strong clean energy",0.06382627143232394,0.7608851976831938,0.2707276679481775,1.1800407802314514,typical
Maharashtra,Sindhudurg,27033.0,2,"High development, strong clean energy",0.0861609341801888,0.6927816812380517,0.21787811139920082,1.1296108373843845,borderline
Maharashtra,Solapur,27030.0,2,"High development, strong clean energy",0.028282631536259203,0.7523864156026706,0.1937194582183604,1.0660091860770546,borderline
Maharashtra,Thane,27021.0,2,"High development, strong clean energy",0.08941626395360423,0.7472763447226515,0.23385656986521594,1.2866982339214332,typical
Maharashtra,Wardha,27008.0,5,"Middle development, no standout gap",0.12632204851689502,0.9255257427938143,0.2853135416198848,1.3717887284721009,firm
Maharashtra,Washim,27006.0,7,"Middle development, weak women's agency",-0.044247287044065525,0.9523375671047081,0.17885080156708844,1.0392241525424595,borderline
Maharashtra,Yavatmal,27014.0,5,"Middle development, no standout gap",-0.025726923554167974,0.9411169739845682,0.22005935638490753,1.0124060703249225,borderline
Manipur,Bishnupur,14004.0,1,"Low development, high tobacco & alcohol use and weak maternal care",-0.062163156736207065,0.999943650695349,0.18427830796925196,1.0176401263173007,borderline
Manipur,Chandel,14009.0,1,"Low development, high tobacco & alcohol use and weak maternal care",0.08692556722083122,0.9999910160615665,0.26510402239665065,1.3257875324547221,typical
Manipur,Churachandpur,14003.0,1,"Low development, high tobacco & alcohol use and weak maternal care",0.07521427023373761,0.9999996483108934,0.2790162226505443,1.3246087056433196,typical
Manipur,Imphal East,14007.0,7,"Middle development, weak women's agency",0.005820492226323521,0.9976724244270223,0.1641514956826387,1.0782341964832642,borderline
Manipur,Imphal West,14006.0,2,"High development, strong clean energy",0.042133514829831804,0.9722401935191798,0.16819358566370418,1.0476478003296057,borderline
Manipur,Senapati,14001.0,1,"Low development, high tobacco & alcohol use and weak maternal care",0.15961046056508393,0.9999998247901598,0.31752020863130054,1.553489026846027,firm
Manipur,Tamenglong,14002.0,1,"Low development, high tobacco & alcohol use and weak maternal care",0.12116442388212827,0.9999936423234552,0.3411609845657218,1.6036138862166787,firm
Manipur,Thoubal,14005.0,1,"Low development, high tobacco & alcohol use and weak maternal care",-0.05261918696423256,0.9933585662460971,0.16387734557986178,1.055479021643053,borderline
Manipur,Ukhrul,14008.0,1,"Low development, high tobacco & alcohol use and weak maternal care",0.15763307391854187,0.9999263604438919,0.3141518272539718,1.508371195145892,firm
Meghalaya,East Garo Hills,17002.0,1,"Low development, high tobacco & alcohol use and weak maternal care",0.003241153629725447,0.9999649526863333,0.21462704868516233,1.1458267310068846,borderline
Meghalaya,East Jantia Hills,,1,"Low development, high tobacco & alcohol use and weak maternal care",-0.00663588096945307,0.9999354417472952,0.21451375495872765,1.1089489733392548,borderline
Meghalaya,East Khasi Hills,17006.0,1,"Low development, high tobacco & alcohol use and weak maternal care",0.08958508525111569,0.9958631772053496,0.2671414237495038,1.3314499315139718,typical
Meghalaya,North Garo Hills,,1,"Low development, high tobacco & alcohol use and weak maternal care",0.10940334877577752,0.9999989596631533,0.27573146495025064,1.324711699691922,typical
Meghalaya,Ribhoi,17005.0,1,"Low development, high tobacco & alcohol use and weak maternal care",-0.011302433182641732,0.9999918245629833,0.22115907540648605,1.1344242653343386,borderline
Meghalaya,South Garo Hills,17003.0,7,"Middle development, weak women's agency",0.0757199668559807,0.9999626326656963,0.1926316660302119,1.151225292398977,typical
Meghalaya,South West Garo Hills,,7,"Middle development, weak women's agency",0.026233832126416712,0.9998240829096153,0.17789053899048177,1.0874134038886023,borderline
Meghalaya,South West Khasi Hills,,1,"Low development, high tobacco & alcohol use and weak maternal care",0.013985692528029905,0.9999846723933443,0.21458840853484737,1.1317709399410427,borderline
Meghalaya,West Garo Hills,17001.0,7,"Middle development, weak women's agency",0.06873490959920482,0.9975751912401385,0.22268138003877494,1.2831300213084507,typical
Meghalaya,West Jaintia Hills,,1,"Low development, high tobacco & alcohol use and weak maternal care",0.01038321870916677,0.9999998825296978,0.22967283863449148,1.1250348126309404,borderline
Meghalaya,West Khasi Hills,17004.0,1,"Low development, high tobacco & alcohol use and weak maternal care",0.035948529335018346,0.9999996366131704,0.2317241356166416,1.1598749619415534,typical
Mizoram,Aizawl,15003.0,7,"Middle development, weak women's agency",0.054617461017030154,0.999992603186789,0.17050216610263363,1.0132404086408775,borderline
Mizoram,Champhai,15004.0,7,"Middle development, weak women's agency",-0.010392646802244944,0.9983376761473396,0.19171382886558072,1.0508921385243022,borderline
Mizoram,Kolasib,15002.0,7,"Middle development, weak women's agency",0.08568024786080529,0.9999933485911876,0.19481747087680773,1.1119028425308979,borderline
Mizoram,Lawngtlai,15007.0,1,"Low development, high tobacco & alcohol use and weak maternal care",0.056657018462117674,0.9999999797570658,0.272147786641172,1.2598392623840389,typical
Mizoram,Lunglei,15006.0,7,"Middle development, weak women's agency",0.10446358248941238,0.9999997030644622,0.21736685491847602,1.0954078151635658,borderline
Mizoram,Mamit,15001.0,7,"Middle development, weak women's agency",0.06642461885791921,0.9998685441713857,0.193913893670901,1.1134256392637223,borderline
Mizoram,Saiha,15008.0,1,"Low development, high tobacco & alcohol use and weak maternal care",0.03503158718122703,0.9999866008675361,0.24798933261855025,1.1959458492072077,typical
Mizoram,Serchhip,15005.0,7,"Middle development, weak women's agency",0.05645679990357529,0.9999947970380344,0.19895198071710093,1.1543931576161084,typical
Nagaland,Dimapur,13005.0,1,"Low development, high tobacco & alcohol use and weak maternal care",-0.017914521053383804,0.7210637420415923,0.23409049438747526,1.1407570183866433,borderline
Nagaland,Kiphire,13009.0,1,"Low development, high tobacco & alcohol use and weak maternal care",0.057750968343512905,0.9716483705475283,0.31228384246883995,1.3223763188277708,typical
Nagaland,Kohima,13010.0,1,"Low development, high tobacco & alcohol use and weak maternal care",-0.0025702177261382043,0.9944951918984036,0.22516149376261893,1.27515258525716,typical
Nagaland,Longleng,13008.0,1,"Low development, high tobacco & alcohol use and weak maternal care",0.11609658826921655,0.9987156700343456,0.3320530138787018,1.4980223243580824,firm
Nagaland,Mokokchung,13002.0,1,"Low development, high tobacco & alcohol use and weak maternal care",-0.015851349290044326,0.9966082657404916,0.19655548431154052,1.1889198115476711,typical
Nagaland,Mon,13001.0,1,"Low development, high tobacco & alcohol use and weak maternal care",0.07514538160305739,0.9953111722129462,0.29396347405894907,1.3923765464490512,firm
Nagaland,Peren,13011.0,1,"Low development, high tobacco & alcohol use and weak maternal care",0.06797932893448166,0.9596453471817507,0.35814701442017455,1.5107018623302575,firm
Nagaland,Phek,13006.0,1,"Low development, high tobacco & alcohol use and weak maternal care",0.11843557958851748,0.9982796568924064,0.31522110541033455,1.4755757706803123,firm
Nagaland,Tuensang,13007.0,1,"Low development, high tobacco & alcohol use and weak maternal care",0.09927897264931601,0.963447543774971,0.3329620088433491,1.433649148369415,firm
Nagaland,Wokha,13004.0,1,"Low development, high tobacco & alcohol use and weak maternal care",0.14711137459671414,0.9990668091547631,0.27418567322425796,1.4300118052358008,firm
Nagaland,Zunheboto,13003.0,1,"Low development, high tobacco & alcohol use and weak maternal care",0.13480096314946557,0.9999920956868744,0.2674708030596582,1.4256299201213578,firm
NCT Delhi,Central,7006.0,2,"High development, strong clean energy",0.17693776562038124,0.9678628315825265,0.33052882085449137,1.6159043873772434,firm
NCT Delhi,East,7004.0,2,"High development, strong clean energy",0.1753424631353728,0.9141715710675349,0.3118268654899135,1.437759867623877,firm
NCT Delhi,New Delhi,7005.0,2,"High development, strong clean energy",0.160621055759647,0.9511555574395462,0.3790641410112356,1.5619249632130283,firm
NCT Delhi,North,7002.0,2,"High development, strong clean energy",0.19669126529128825,0.9737797865484125,0.3592238264563905,1.6161746767470457,firm
NCT Delhi,North East,7003.0,2,"High development, strong clean energy",0.13882601673868986,0.7363197744146982,0.3113015526802937,1.379869870558412,firm
NCT Delhi,North West,7001.0,2,"High development, strong clean energy",0.10692962350693261,0.947141665134976,0.19411874799998624,1.1280289654560982,borderline
NCT Delhi,Shahdara,,2,"High development, strong clean energy",0.19639936641135333,0.9392126237966862,0.40698045672336963,1.7061259721236472,firm
NCT Delhi,South,7009.0,2,"High development, strong clean energy",0.15048172361052692,0.8058251019162085,0.24423958591159872,1.2948530663909923,typical
NCT Delhi,South East,,2,"High development, strong clean energy",0.13444792606861114,0.7628791588391977,0.24363338089444012,1.2761363404114268,typical
NCT Delhi,South West,7008.0,2,"High development, strong clean energy",0.13557761290256193,0.8469150909672445,0.26112079761717183,1.2952524157691383,typical
NCT Delhi,West,7007.0,2,"High development, strong clean energy",0.16389780936065018,0.8060845163697323,0.2715442622932618,1.4700252501339783,firm
Odisha,Anugul,21015.0,5,"Middle development, no standout gap",0.047066661965646184,0.9664951457482828,0.255381287403637,1.1865509613200065,typical
Odisha,Balangir,21024.0,5,"Middle development, no standout gap",0.06080956285499437,0.8813512315621442,0.29115297263031215,1.2396544630350015,typical
Odisha,Baleshwar,21008.0,5,"Middle development, no standout gap",0.03711826857736207,0.8067377405290941,0.2304060306708721,1.1578592940685115,typical
Odisha,Bargarh,21001.0,5,"Middle development, no standout gap",0.10125092139938752,0.7200864467862581,0.34871396849133035,1.4850501137984478,firm
Odisha,Baudh,21022.0,5,"Middle development, no standout gap",-0.004940793062765803,0.8313982206272523,0.2782842642481847,1.0936388909738362,borderline
Odisha,Bhadrak,21009.0,5,"Middle development, no standout gap",0.0681467997646104,0.9609031855498549,0.24450014135626205,1.2247996634524798,typical
Odisha,Cuttack,21012.0,5,"Middle development, no standout gap",0.059769729225836364,0.9462580069482169,0.22738857083361874,1.149045708492224,borderline
Odisha,Debagarh,21004.0,5,"Middle development, no standout gap",-0.011920604918251154,0.8704431262906802,0.23362856845825422,1.03107035848896,borderline
Odisha,Dhenkanal,21014.0,5,"Middle development, no standout gap",0.04646245372933685,0.7789631475449991,0.21993602244747149,1.1449293057565675,borderline
Odisha,Gajapati,21020.0,4,"Middle development, weak schooling",0.0973385304906372,0.9968732882660428,0.264734856283555,1.1832767946744713,typical
Odisha,Ganjam,21019.0,5,"Middle development, no standout gap",0.027906952326928473,0.8900769473861023,0.1931431827226163,1.0712554897488036,borderline
Odisha,Jagatsinghapur,21011.0,5,"Middle development, no standout gap",0.04242697718978101,0.9886619553686269,0.20708221649348454,1.092308162944472,borderline
Odisha,Jajapur,21013.0,5,"Middle development, no standout gap",0.026180694067550064,0.5974077755024577,0.20023982334704077,1.102380820885153,borderline
Odisha,Jharsuguda,21002.0,5,"Middle development, no standout gap",0.10856784980569449,0.674065113779998,0.27085299107191485,1.2900901243354854,typical
Odisha,Kalahandi,21026.0,4,"Middle development, weak schooling",0.07228268190761013,0.9981252365433104,0.27697514853413396,1.1246348904765542,borderline
Odisha,Kandhamal,21021.0,4,"Middle development, weak schooling",0.040084153066790015,0.9849247467042619,0.23973830578910937,1.0342165878354317,borderline
Odisha,Kendrapara,21010.0,5,"Middle development, no standout gap",0.08943249597672837,0.9774083774686113,0.2098037601925159,1.097786258513259,borderline
Odisha,Kendujhar,21006.0,4,"Middle development, weak schooling",0.11546796400664214,0.9736642690110429,0.22080076165357174,1.1898803697048759,typical
Odisha,Khordha,21017.0,5,"Middle development, no standout gap",0.027671820440405632,0.5524837885667143,0.20127226989614072,1.0591413638077336,borderline
Odisha,Koraput,21029.0,4,"Middle development, weak schooling",0.13889829896491868,0.9995865166522545,0.25999268243084583,1.2520035531311966,typical
Odisha,Malkangiri,21030.0,4,"Middle development, weak schooling",0.11788474247841299,0.9994073390643787,0.23608492612769677,1.1959163851099859,typical
Odisha,Mayurbhanj,21007.0,4,"Middle development, weak schooling",0.12603187419245007,0.9692188310577716,0.21151523160563923,1.2215939970004435,typical
Odisha,Nabarangapur,21028.0,4,"Middle development, weak schooling",0.12590078661445933,0.9997416818933388,0.2625928995407513,1.2137009554585885,typical
Odisha,Nayagarh,21016.0,5,"Middle development, no standout gap",0.1385577418431707,0.9982137512414939,0.23565591887666407,1.3198124460090463,typical
Odisha,Nuapada,21025.0,4,"Middle development, weak schooling",0.08305978312397376,0.9986738530517542,0.2793861055102049,1.1498202792128573,borderline
Odisha,Puri,21018.0,5,"Middle development, no standout gap",0.09906633143925513,0.99640004076382,0.22860909905897328,1.1918719179444601,typical
Odisha,Rayagada,21027.0,4,"Middle development, weak schooling",0.11380734952057277,0.9939816874369428,0.22367641589943432,1.2043909666059753,typical
Odisha,Sambalpur,21003.0,5,"Middle development, no standout gap",0.08056013779544971,0.544043617811869,0.3106978260204861,1.339339658708377,typical
Odisha,Subarnapur,21023.0,5,"Middle development, no standout gap",0.10814538529678556,0.7005698587189211,0.3753441803460789,1.5148682351499871,firm
Odisha,Sundargarh,21005.0,4,"Middle development, weak schooling",0.03771035141068902,0.9787655224275781,0.23175150348988777,1.0431658683409897,borderline
Puducherry,Karaikal,34004.0,3,"High development, strong schooling",0.12430356611340741,0.9615257184112611,0.3878028889391575,1.543624730978453,firm
Puducherry,Mahe,34003.0,3,"High development, strong schooling",0.10120229260171304,0.9971706680104739,0.29694390836268825,1.26730848224708,typical
Puducherry,Puducherry,34002.0,3,"High development, strong schooling",0.1342404772110264,0.8603408105565704,0.3707485603254028,1.54687710121906,firm
Puducherry,Yanam,34001.0,3,"High development, strong schooling",-0.024266330313927952,0.7633402083769769,0.2230035426095195,1.0408857478630416,borderline
Punjab,Amritsar,3015.0,2,"High development, strong clean energy",0.18402626845034317,0.9936120552285452,0.29469659109872526,1.4609854274592553,firm
Punjab,Barnala,3020.0,2,"High development, strong clean energy",0.18997479806312068,0.9903432441020357,0.30773461754604564,1.5428311381751634,firm
Punjab,Bathinda,3012.0,2,"High development, strong clean energy",0.12443685619903082,0.9076722375210298,0.21047868579622553,1.272992219198829,typical
Punjab,Faridkot,3011.0,2,"High development, strong clean energy",0.1683018690121634,0.5955197980402681,0.3163550137575315,1.5416571587107437,firm
Punjab,Fatehgarh Sahib,3006.0,2,"High development, strong clean energy",0.1702932422447247,0.9778627090482124,0.3503730428204613,1.4522614278570283,firm
Punjab,Fazilka,,2,"High development, strong clean energy",0.1340696177840677,0.5009854108074417,0.2598113207418265,1.4048975850883676,firm
Punjab,Firozpur,3009.0,2,"High development, strong clean energy",0.16048456393261898,0.9767354780855992,0.3399888395134664,1.6506730954943283,firm
Punjab,Gurdaspur,,2,"High development, strong clean energy",0.2188690905078952,0.9894934036609067,0.3004467294985092,1.4878468895696118,firm
Punjab,Hoshiarpur,3004.0,2,"High development, strong clean energy",0.16857646979119453,0.9970687291238073,0.2964580599739767,1.3255134192764604,typical
Punjab,Jalandhar,3003.0,2,"High development, strong clean energy",0.1544302797234853,0.9852310682217671,0.3281284540368558,1.3454864052202762,typical
Punjab,Kapurthala,3002.0,2,"High development, strong clean energy",0.2177944757897999,0.9640450690893684,0.3919011649265348,1.687000764675667,firm
Punjab,Ludhiana,3007.0,2,"High development, strong clean energy",0.22344080909332492,0.5877484589490929,0.30648007349854384,1.5386911497264528,firm
Punjab,Mansa,3013.0,2,"High development, strong clean energy",0.16312214555049728,0.9939965777587718,0.2918163593148468,1.4984392935150102,firm
Punjab,Moga,3008.0,2,"High development, strong clean energy",0.20442541276558787,0.9723495095605104,0.39773775261744604,1.834169304936146,firm
Punjab,Muktsar,3010.0,2,"High development, strong clean energy",0.12398558048765022,0.8642230216742314,0.25518837965945695,1.3570211374039602,firm
Punjab,Pathankot,,2,"High development, strong clean energy",0.2041702909078417,0.9818488105256628,0.31266352777312845,1.57036528724847,firm
Punjab,Patiala,3014.0,2,"High development, strong clean energy",0.17095817560262086,0.9486057003741788,0.3983498255989067,1.7036365013896024,firm
Punjab,Rupnagar,3017.0,2,"High development, strong clean energy",0.14421355457801657,0.8922106792893612,0.3048811766323336,1.3815250861380206,firm
Punjab,Sahibzada Ajit Singh Nagar,3018.0,2,"High development, strong clean energy",0.19158967529966586,0.8684254981420303,0.3857088000325854,1.6071356305285558,firm
Punjab,Sangrur,3019.0,2,"High development, strong clean energy",0.1947255298441618,0.9969678407923976,0.29914257620323703,1.5553502224785227,firm
Punjab,Shahid Bhagat Singh Nagar,3005.0,2,"High development, strong clean energy",0.13369586508284922,0.99094269504613,0.2806741361829697,1.2389862960160778,typical
Punjab,Tarn Taran,3016.0,2,"High development, strong clean energy",0.17864176323859055,0.9850195645975144,0.32171164320756124,1.5286810696597353,firm
Rajasthan,Ajmer,8021.0,4,"Middle development, weak schooling",0.07912622139086241,0.9243588471799344,0.2478425136543298,1.1096384708682216,borderline
Rajasthan,Alwar,8006.0,6,"Low development, weak clean energy and weak civil registration",0.07868562877815041,0.9726309739508867,0.24840309411300915,1.2425588676025907,typical
Rajasthan,Banswara,8027.0,4,"Middle development, weak schooling",0.18066653581814718,0.9246660667800687,0.3241535591648416,1.4450811873669929,firm
Rajasthan,Baran,8030.0,4,"Middle development, weak schooling",0.08884423135998766,0.8782237846387518,0.27335928027084894,1.1346382990150607,borderline
Rajasthan,Barmer,8017.0,4,"Middle development, weak schooling",0.12025275774960931,0.8068286767668422,0.2919464859062717,1.2173913731354744,typical
Rajasthan,Bharatpur,8007.0,6,"Low development, weak clean energy and weak civil registration",0.056891809171543704,0.9679239995857953,0.2530743284375869,1.195636474028384,typical
Rajasthan,Bhilwara,8024.0,4,"Middle development, weak schooling",0.17850404167187575,0.7374575770475844,0.3391130672472944,1.4484188994686635,firm
Rajasthan,Bikaner,8003.0,4,"Middle development, weak schooling",0.12097816251738423,0.9785968061055516,0.23989255167358928,1.2203229098279222,typical
Rajasthan,Bundi,8023.0,4,"Middle development, weak schooling",0.17115462291897265,0.5440068493842211,0.3169215464894863,1.422066200301928,firm
Rajasthan,Chittaurgarh,8028.0,4,"Middle development, weak schooling",0.10801336079713307,0.9753704846322443,0.3192611960037844,1.2372249901304269,typical
Rajasthan,Churu,8004.0,4,"Middle development, weak schooling",0.14198581382936437,0.7590319834245486,0.3007124670696996,1.3936228679872205,firm
Rajasthan,Dausa,8011.0,4,"Middle development, weak schooling",0.13446131943088066,0.8545234902795834,0.27773300428908687,1.2500207315764882,typical
Rajasthan,Dhaulpur,8008.0,6,"Low development, weak clean energy and weak civil registration",-0.014925786483744066,0.9502058366691432,0.22487583497084493,1.0191627071639822,borderline
Rajasthan,Dungarpur,8026.0,4,"Middle development, weak schooling",0.10494422198437404,0.6181786100080038,0.27905828317508186,1.1881839599308917,typical
Rajasthan,Ganganagar,8001.0,5,"Middle development, no standout gap",-0.024515437293620865,0.8394671984601741,0.27636659028266575,1.060206634995539,borderline
Rajasthan,Hanumangarh,8002.0,4,"Middle development, weak schooling",0.08676740451534552,0.46344689491977814,0.2901985847636902,1.1663385236968986,typical
Rajasthan,Jaipur,8012.0,5,"Middle development, no standout gap",-0.028269602980615205,0.5029433756741809,0.24718544931841993,1.0432626173595274,borderline
Rajasthan,Jaisalmer,8016.0,4,"Middle development, weak schooling",0.0941174232492384,0.9702636729519621,0.25344359640995284,1.1678047467461259,typical
Rajasthan,Jalor,8018.0,4,"Middle development, weak schooling",0.14943171771968275,0.9540246545504483,0.2602218576726389,1.2212245279587397,typical
Rajasthan,Jhalawar,8031.0,4,"Middle development, weak schooling",0.15651539078874682,0.8899596495944273,0.3413494901966728,1.3714725463947643,firm
Rajasthan,Jhunjhunun,,4,"Middle development, weak schooling",0.08113789552758922,0.4870847672178782,0.2917209212743781,1.1491838284612808,borderline
Rajasthan,Jodhpur,8015.0,4,"Middle development, weak schooling",0.15633003035157997,0.8778402041771656,0.31886808396202054,1.3762398842479253,firm
Rajasthan,Karauli,8009.0,4,"Middle development, weak schooling",0.10887582419118427,0.9148542698919702,0.25574484074131915,1.184299122151083,typical
Rajasthan,Kota,8029.0,5,"Middle development, no standout gap",-0.024082399189688453,0.6562466285013325,0.24370446367541748,1.0371800464770793,borderline
Rajasthan,Nagaur,8014.0,4,"Middle development, weak schooling",0.13872444981583612,0.7305537862904941,0.3294219225931209,1.310525289015878,typical
Rajasthan,Pali,8020.0,4,"Middle development, weak schooling",0.043699522907029026,0.5568658181531083,0.23677837184456116,1.0190745224331876,borderline
Rajasthan,Pratapgarh,8033.0,4,"Middle development, weak schooling",0.20800897993481376,0.8583109574938302,0.3612656212926411,1.5680705180976329,firm
Rajasthan,Rajsamand,8025.0,4,"Middle development, weak schooling",0.13532486991212295,0.9413155651932522,0.23661541929942845,1.1425117722654523,borderline
Rajasthan,Sawai Madhopur,8010.0,6,"Low development, weak clean energy and weak civil registration",0.0493620074018649,0.9914719663774293,0.2343741113041142,1.154067259026761,typical
Rajasthan,Sikar,8013.0,4,"Middle development, weak schooling",0.11556744289818291,0.9713423384515328,0.22651479341969408,1.1941942851283653,typical
Rajasthan,Sirohi,8019.0,4,"Middle development, weak schooling",0.16825811414596625,0.7047788429424356,0.3260440479993518,1.4044966124117655,firm
Rajasthan,Tonk,8022.0,4,"Middle development, weak schooling",0.1664542511609028,0.7153819420300123,0.2988118399681694,1.398252638526879,firm
Rajasthan,Udaipur,8032.0,4,"Middle development, weak schooling",0.14081026783591127,0.7799349833929841,0.34900393392505286,1.3308410285540686,typical
Sikkim,East District,11004.0,2,"High development, strong clean energy",0.1122001304763518,0.8880522617437641,0.2044650381076151,1.2164990188572664,typical
Sikkim,North  District,11001.0,2,"High development, strong clean energy",0.11435645201424315,0.5061769159491514,0.21937305775956709,1.2570119031039602,typical
Sikkim,South District,11003.0,2,"High development, strong clean energy",0.14335907987143992,0.5671849565450401,0.2331931575630822,1.315129376455972,typical
Sikkim,West District,11002.0,2,"High development, strong clean energy",0.08600929497412162,0.776855741508215,0.2068335045516713,1.1468220005181375,borderline
Tamil Nadu,Ariyalur,33015.0,3,"High development, strong schooling",0.16015868391937424,0.952118426564915,0.32288800932183154,1.5040470791581775,firm
Tamil Nadu,Chennai,33002.0,3,"High development, strong schooling",0.22336592002125363,0.9996716693827951,0.4206318097928566,1.6831771664493236,firm
Tamil Nadu,Coimbatore,33031.0,3,"High development, strong schooling",0.2057795808723133,0.9979770448335235,0.354239212916072,1.5162956946897905,firm
Tamil Nadu,Cuddalore,33016.0,3,"High development, strong schooling",0.09720815462511845,0.7311742902550638,0.3314874766082175,1.4749253151161494,firm
Tamil Nadu,Dharmapuri,33029.0,2,"High development, strong clean energy",0.02150313432991957,0.5392272463868022,0.20799189362641704,1.0157110471915825,borderline
Tamil Nadu,Dindigul,33011.0,3,"High development, strong schooling",0.12898503849266035,0.9750469368230653,0.3357387571923067,1.4480968858585759,firm
Tamil Nadu,Erode,33009.0,3,"High development, strong schooling",0.15933564442444212,0.971243173624426,0.30527093374540154,1.4041133301609374,firm
Tamil Nadu,Kancheepuram,33003.0,3,"High development, strong schooling",0.16593141560119964,0.9512849467532539,0.37163594425417884,1.559912914983953,firm
Tamil Nadu,Kanniyakumari,33028.0,3,"High development, strong schooling",0.24963544667471216,0.9998868404723446,0.446526950063456,1.8285692608684,firm
Tamil Nadu,Karur,33012.0,3,"High development, strong schooling",0.17486340325162164,0.9687196820695476,0.37677807953395615,1.648467767773937,firm
Tamil Nadu,Krishnagiri,33030.0,2,"High development, strong clean energy",0.04708824325285016,0.6094000922489008,0.22804803823843606,1.1005303363307477,borderline
Tamil Nadu,Madurai,33022.0,3,"High development, strong schooling",0.19391347071252885,0.9848309672465702,0.6150028135037027,2.393322032906918,firm
Tamil Nadu,Nagapattinam,33017.0,3,"High development, strong schooling",0.23136696020888817,0.9938390532882688,0.38293314141435203,1.717357287119988,firm
Tamil Nadu,Namakkal,33008.0,3,"High development, strong schooling",0.06237504944029306,0.9837433271055122,0.3144137676591023,1.258605137619926,typical
Tamil Nadu,Perambalur,33014.0,3,"High development, strong schooling",0.16466129883296937,0.9615520250219,0.3135845471399531,1.4444347582880952,firm
Tamil Nadu,Pudukkottai,33020.0,3,"High development, strong schooling",0.15705122447566358,0.8558960173472535,0.33816213306626597,1.563958402412819,firm
Tamil Nadu,Ramanathapuram,33025.0,3,"High development, strong schooling",0.20818506402774506,0.948745867080794,0.4828007284065807,1.994884065975512,firm
Tamil Nadu,Salem,33007.0,3,"High development, strong schooling",0.19020138515662915,0.9370616201509894,0.34850569414962035,1.556955622247855,firm
Tamil Nadu,Sivaganga,33021.0,3,"High development, strong schooling",0.12680546064016981,0.9484779695013802,0.30093825378154854,1.4211124678527736,firm
Tamil Nadu,Thanjavur,33019.0,3,"High development, strong schooling",0.19551393997191083,0.9949232594844166,0.5115047033849746,2.0602140654701246,firm
Tamil Nadu,Theni,33023.0,3,"High development, strong schooling",0.2098862415380582,0.9978189823595682,0.41871466184426387,1.7393190195535861,firm
Tamil Nadu,The Nilgiris,33010.0,3,"High development, strong schooling",0.15330625503350154,0.8167246039684983,0.3261034985543823,1.410181805561513,firm
Tamil Nadu,Thiruvallur,33001.0,3,"High development, strong schooling",0.18959796768331136,0.9606359423424581,0.335224266405144,1.5071612086367663,firm
Tamil Nadu,Thiruvarur,33018.0,3,"High development, strong schooling",0.2905280184524965,0.9991723251229785,0.4328136993242455,1.9418330450636172,firm
Tamil Nadu,Thoothukkudi,33026.0,3,"High development, strong schooling",0.1481487763177422,0.9925777896279857,0.3740968407917189,1.5032888876746584,firm
Tamil Nadu,Tiruchirappalli,33013.0,3,"High development, strong schooling",0.22666702823866702,0.9906629436684677,0.4194253014870142,1.8585154857213382,firm
Tamil Nadu,Tirunelveli,33027.0,3,"High development, strong schooling",0.23343057823366822,0.9811655760986637,0.45213117433525485,1.9196160814697494,firm
Tamil Nadu,Tiruppur,33032.0,3,"High development, strong schooling",0.1190090793509734,0.954016522863241,0.41223027552384356,1.5272658389315643,firm
Tamil Nadu,Tiruvannamalai,33005.0,3,"High development, strong schooling",0.12119557462116795,0.8541837312952724,0.27645246375637844,1.3342064661889659,typical
Tamil Nadu,Vellore,33004.0,3,"High development, strong schooling",0.0681230493566065,0.978988468610238,0.30044437505447497,1.2350308137507675,typical
Tamil Nadu,Viluppuram,33006.0,3,"High development, strong schooling",0.1231437359377509,0.7289271580896324,0.2762816127476426,1.3503058793044729,firm
Tamil Nadu,Virudhunagar,33023.0,3,"High development, strong schooling",0.006399728249669284,0.7083611595176533,0.206217863298708,1.0952867154892263,borderline
Telangana,Adilabad,36001.0,0,"Middle development, strong clean energy",0.07165994149772403,0.9079518625970945,0.19148878174643533,1.083699959164532,borderline
Telangana,Bhadradri Kothagudem,,0,"Middle development, strong clean energy",0.24276613485954796,0.9545928332826678,0.5173687247088096,2.0918049543529262,firm
Telangana,Hyderabad,36005.0,0,"Middle development, strong clean energy",0.056182434617982134,0.8499152530527248,0.21852063163202337,1.0738722198387365,borderline
Telangana,Jagitial,,0,"Middle development, strong clean energy",0.2923761085799455,0.9890509971654294,0.41991297520542764,1.9658663232736189,firm
Telangana,Jangoan,,0,"Middle development, strong clean energy",0.2640603803256294,0.9898586600078497,0.37324135312087653,1.7007707480159748,firm
Telangana,Jayashankar Bhupalapally,,0,"Middle development, strong clean energy",0.29157970710211634,0.99353691857757,0.4449210127008109,2.0012400055044526,firm
Telangana,Jogulamba Gadwal,,0,"Middle development, strong clean energy",0.17924281060013902,0.8408367546307599,0.3129769145676951,1.4603107711820213,firm
Telangana,Kamareddy,,0,"Middle development, strong clean energy",0.2669485932582615,0.9629703284283117,0.39498124531421075,1.8507489891661535,firm
Telangana,Karimnagar,36003.0,0,"Middle development, strong clean energy",0.2291480378739929,0.990097029306925,0.34483591018776,1.5619215797105483,firm
Telangana,Khammam,36010.0,0,"Middle development, strong clean energy",0.1701746288648995,0.9870031815080221,0.3330003660555216,1.3993469983172815,firm
Telangana,Komaram Bheem Asifabad,,4,"Middle development, weak schooling",0.02201338019804939,0.7164721874497308,0.20683808604315893,1.133310369230924,borderline
Telangana,Mahabubabad,36007.0,0,"Middle development, strong clean energy",0.2738368437506514,0.9827772293100562,0.40674605911924594,1.872398911422516,firm
Telangana,Mahabubnagar,36007.0,0,"Middle development, strong clean energy",0.1595415478620155,0.8600746515666478,0.283655059632051,1.3217012590273884,typical
Telangana,Mancherial,,0,"Middle development, strong clean energy",0.1239873968875316,0.9808008359171988,0.2508833173464719,1.1952661904583386,typical
Telangana,Medak,36004.0,0,"Middle development, strong clean energy",0.27066291649595137,0.9500460325712846,0.33050529559285446,1.701251056164089,firm
Telangana,Medchal-Malkajgiri,,2,"High development, strong clean energy",0.011482410275870849,0.9539662998953851,0.26036595245708577,1.1322758766807013,borderline
Telangana,Nagarkurnool,,0,"Middle development, strong clean energy",0.25364580920884255,0.9475309560069062,0.3855741085477311,1.7540662498654078,firm
Telangana,Nalgonda,36008.0,0,"Middle development, strong clean energy",0.22978640560603383,0.9220909838298623,0.3750661136976971,1.6694120851340324,firm
Telangana,Nirmal,,0,"Middle development, strong clean energy",0.24707170713464133,0.9900837104716744,0.3334061642364786,1.6416606202426645,firm
Telangana,Nizamabad,36002.0,0,"Middle development, strong clean energy",0.20538558228845485,0.9901515943799286,0.30733452340999184,1.4613342016823792,firm
Telangana,Peddapalli,,0,"Middle development, strong clean energy",0.2379506186810432,0.9952211765079374,0.44903461256877497,1.824152612810262,firm
Telangana,Rajanna Sircilla,,0,"Middle development, strong clean energy",0.24568658797280626,0.9922469740239878,0.389430183532602,1.6877188883522818,firm
Telangana,Ranga Reddy,36006.0,0,"Middle development, strong clean energy",0.10448595621823747,0.9927019043578479,0.3354782978872611,1.1997159430748863,typical
Telangana,Sangareddy,,0,"Middle development, strong clean energy",0.19915592692696876,0.9296980892232647,0.3455200544700093,1.5908501995360704,firm
Telangana,Siddipet,,0,"Middle development, strong clean energy",0.25141477467030265,0.990008273981115,0.44225665478705556,1.8528475590842453,firm
Telangana,Suryapet,,0,"Middle development, strong clean energy",0.2921330400122833,0.9765257048582332,0.44580291189393034,1.9764121695552643,firm
Telangana,Vikarabad,,0,"Middle development, strong clean energy",0.1919623735743475,0.8842588371789604,0.2697185365462171,1.4195678021538245,firm
Telangana,Wanaparthy,,0,"Middle development, strong clean energy",0.2513886001054878,0.8910451754563581,0.3944055197867442,1.770146410720058,firm
Telangana,Warangal Rural,36009.0,0,"Middle development, strong clean energy",0.29974506718099764,0.9972903631122113,0.43408660988582515,1.9948646013576503,firm
Telangana,Warangal Urban,36009.0,0,"Middle development, strong clean energy",0.13018997307804622,0.9603920356854293,0.3033713664946432,1.2744150271102792,typical
Telangana,Yadadri Bhuvanagiri,,0,"Middle development, strong clean energy",0.2388787637967477,0.9926158052593969,0.4187473656446163,1.707201912729717,firm
Tripura,Dhalai,16003.0,7,"Middle development, weak women's agency",0.005480536534314113,0.868336378837566,0.20368058578928988,1.1200100533515147,borderline
Tripura,Gomati,,7,"Middle development, weak women's agency",0.11856728317965547,0.5652441570958895,0.23633768354740922,1.3545300445162258,firm
Tripura,Khowai,,7,"Middle development, weak women's agency",0.07098136560263252,0.6326821400599173,0.2186175923307792,1.2558422091527988,typical
Tripura,North Tripura,16004.0,7,"Middle development, weak women's agency",0.11853270477402206,0.9925065240763872,0.2612481299172786,1.4312301890696388,firm
Tripura,Sepahijala,,7,"Middle development, weak women's agency",0.12243547621511963,0.8683271872235107,0.25636468931364037,1.3939498403012462,firm
Tripura,South Tripura,16002.0,7,"Middle development, weak women's agency",0.09653576062021992,0.9978788315926912,0.2447824876381651,1.3039188577699292,typical
Tripura,Unakoti,,7,"Middle development, weak women's agency",0.03680664080970025,0.9995638558537339,0.2172423438959025,1.1292475784206921,borderline
Tripura,West Tripura,16001.0,5,"Middle development, no standout gap",0.021736756870303863,0.9883630196607356,0.19004197202056902,1.0664175579856954,borderline
Uttarakhand,Almora,5009.0,2,"High development, strong clean energy",-0.011351217472527594,0.401411457515745,0.15912961802521705,1.0177995544480942,borderline
Uttarakhand,Bageshwar,5008.0,4,"Middle development, weak schooling",0.036871476071188784,0.6397799090551821,0.1765750214421384,1.039925781897334,borderline
Uttarakhand,Chamoli,5002.0,5,"Middle development, no standout gap",-0.0008532023226013324,0.5655492623109855,0.1855031827582392,1.0600536559717837,borderline
Uttarakhand,Champawat,5010.0,4,"Middle development, weak schooling",0.03784443654288538,0.7554210385247178,0.20774838244811544,1.0263778347898875,borderline
Uttarakhand,Dehradun,5005.0,2,"High development, strong clean energy",0.15690598888162915,0.8399105316712278,0.4058010157195528,1.6974754552642195,firm
Uttarakhand,Hardwar,,2,"High development, strong clean energy",0.0811447029121315,0.9139052866205847,0.18995527587481856,1.207531442046743,typical
Uttarakhand,Nainital,5011.0,2,"High development, strong clean energy",0.09872948205688589,0.5518000209161421,0.23343286495667787,1.2480497118834972,typical
Uttarakhand,Pauri Garhwal,5006.0,1,"Low development, high tobacco & alcohol use and weak maternal care",-0.1163573020752847,0.5050806064856743,0.15526855392588942,1.0405944482557297,borderline
Uttarakhand,Pithoragarh,5007.0,5,"Middle development, no standout gap",0.0018447012446290501,0.45035342039593057,0.21203229980773985,1.031316162506519,borderline
Uttarakhand,Rudraprayag,5003.0,5,"Middle development, no standout gap",0.020165493515982773,0.5952702146165667,0.2133200981125488,1.1115386050492846,borderline
Uttarakhand,Tehri Garhwal,5004.0,4,"Middle development, weak schooling",0.06670967610842296,0.7015113944045913,0.18428559274482179,1.1038796066637933,borderline
Uttarakhand,Udham Singh Nagar,5012.0,2,"High development, strong clean energy",0.05220317335258124,0.636133279916328,0.22679094069097946,1.1461130912707533,borderline
Uttarakhand,Uttarkashi,5001.0,4,"Middle development, weak schooling",0.06416862474011328,0.49863761340852264,0.2660496447761635,1.1271813910583752,borderline
Uttar Pradesh,Agra,9015.0,6,"Low development, weak clean energy and weak civil registration",0.039416298365143036,0.9787497353335932,0.22440599335526815,1.1398749436575737,borderline
Uttar Pradesh,Aligarh,9012.0,6,"Low development, weak clean energy and weak civil registration",0.025174668914762798,0.9867990552123015,0.2180339506651344,1.113559448772282,borderline
Uttar Pradesh,Ambedkar Nagar,9047.0,7,"Middle development, weak women's agency",0.010383939073969376,0.9690392899286379,0.23802393192312793,1.1697977803159345,typical
Uttar Pradesh,Amethi,,6,"Low development, weak clean energy and weak civil registration",0.04379641429672459,0.929182734605535,0.2644965751271889,1.1894930485183712,typical
Uttar Pradesh,Auraiya,9031.0,4,"Middle development, weak schooling",0.05647490404412145,0.8908147169695065,0.24507723144554644,1.1167749905938988,borderline
Uttar Pradesh,Azamgarh,9060.0,7,"Middle development, weak women's agency",-0.014205656977746206,0.9944019392043484,0.20939441884351287,1.0918917509375898,borderline
Uttar Pradesh,Baghpat,9008.0,4,"Middle development, weak schooling",0.08096597389099275,0.9574500073474991,0.1932197499819241,1.1144300704048262,borderline
Uttar Pradesh,Bahraich,9049.0,6,"Low development, weak clean energy and weak civil registration",0.20171113616658504,0.5000505553816752,0.26329254041821243,1.2352701248023898,typical
Uttar Pradesh,Ballia,9062.0,6,"Low development, weak clean energy and weak civil registration",0.12543219274556303,0.9987649136754466,0.26748970427782115,1.1958701370958686,typical
Uttar Pradesh,Balrampur,9051.0,6,"Low development, weak clean energy and weak civil registration",0.20357412102744218,0.8331362433777486,0.27832324345524,1.2972719045512804,typical
Uttar Pradesh,Banda,9039.0,6,"Low development, weak clean energy and weak civil registration",0.09988702518994089,0.979307349079534,0.2997786655385107,1.317476371379182,typical
Uttar Pradesh,Bara Banki,9045.0,6,"Low development, weak clean energy and weak civil registration",0.2506448001210849,0.7747649896360753,0.3252970517058204,1.421511888088177,firm
Uttar Pradesh,Bareilly,9019.0,6,"Low development, weak clean energy and weak civil registration",0.031182467303798356,0.9640301312762328,0.26488784499539686,1.1428682416534215,borderline
Uttar Pradesh,Basti,9054.0,6,"Low development, weak clean energy and weak civil registration",0.0087356236170909,0.9393548608130307,0.22946002137936847,1.0673298718201236,borderline
Uttar Pradesh,Bijnor,9003.0,4,"Middle development, weak schooling",0.08757036832335469,0.9211089852446802,0.2183725247175214,1.1469014791772527,borderline
Uttar Pradesh,Budaun,9018.0,6,"Low development, weak clean energy and weak civil registration",0.19804823513104525,0.6944760180110173,0.3890274655538656,1.7043862676004007,firm
Uttar Pradesh,Bulandshahr,9011.0,4,"Middle development, weak schooling",0.02980922693287363,0.9810907179832014,0.18551891184529928,1.0273387524468964,borderline
Uttar Pradesh,Chandauli,9065.0,6,"Low development, weak clean energy and weak civil registration",0.05565147772877529,0.9736660466038847,0.27728811461195596,1.247296570164726,typical
Uttar Pradesh,Chitrakoot,9040.0,6,"Low development, weak clean energy and weak civil registration",0.1850934775039406,0.995019897199358,0.31729995509015874,1.4974529802956738,firm
Uttar Pradesh,Deoria,9059.0,6,"Low development, weak clean energy and weak civil registration",0.058708954718574874,0.994642446363831,0.2295079632674055,1.0935125263869574,borderline
Uttar Pradesh,Etah,9070.0,6,"Low development, weak clean energy and weak civil registration",0.19964447973004606,0.6727189189829675,0.32876208020044073,1.5607701787289168,firm
Uttar Pradesh,Etawah,9030.0,4,"Middle development, weak schooling",0.020557673146725783,0.9782851026752429,0.2123043665342814,1.0294468889353934,borderline
Uttar Pradesh,Faizabad,9046.0,7,"Middle development, weak women's agency",0.01357500092247304,0.8933536669865897,0.24758927522494567,1.1520683303077435,typical
Uttar Pradesh,Farrukhabad,9028.0,6,"Low development, weak clean energy and weak civil registration",0.14248221600201982,0.9822734322452734,0.34340061294544705,1.4578819654256452,firm
Uttar Pradesh,Fatehpur,9041.0,6,"Low development, weak clean energy and weak civil registration",0.15425883293185094,0.9935844054948137,0.2688759252702411,1.3427309227287905,typical
Uttar Pradesh,Firozabad,9016.0,6,"Low development, weak clean energy and weak civil registration",0.19284293671930777,0.9634477345877522,0.38381298106440054,1.681709840486348,firm
Uttar Pradesh,Gautam Buddha Nagar,9010.0,2,"High development, strong clean energy",0.0321053902361986,0.9668444409523671,0.1802750645669586,1.0468022620767286,borderline
Uttar Pradesh,Ghaziabad,9009.0,2,"High development, strong clean energy",0.11548289348728842,0.8907625441345358,0.2059358525356803,1.1712921362658513,typical
Uttar Pradesh,Ghazipur,9064.0,6,"Low development, weak clean energy and weak civil registration",0.1403016292234521,0.9974699557993705,0.31574195586486864,1.360278461336478,firm
Uttar Pradesh,Gonda,9052.0,6,"Low development, weak clean energy and weak civil registration",0.19297133775569636,0.7231029616676979,0.28355607149777246,1.3670254997984772,firm
Uttar Pradesh,Gorakhpur,9057.0,7,"Middle development, weak women's agency",-0.06443473229611968,0.9817602198593964,0.2209261780877157,1.0754766784565863,borderline
Uttar Pradesh,Hamirpur,9037.0,4,"Middle development, weak schooling",0.1407554490536422,0.7528535836599269,0.290155517110184,1.3588317087079007,firm
Uttar Pradesh,Hapur,,4,"Middle development, weak schooling",0.05773220727423173,0.8297831057637033,0.20060262125752648,1.0707575260853797,borderline
Uttar Pradesh,Hardoi,9024.0,6,"Low development, weak clean energy and weak civil registration",0.19215940483349225,0.969165777036894,0.3510332812538455,1.5705830879951208,firm
Uttar Pradesh,Jalaun,9034.0,6,"Low development, weak clean energy and weak civil registration",0.013219948433125805,0.9841069229833127,0.222614368826617,1.0642507634940555,borderline
Uttar Pradesh,Jaunpur,9063.0,6,"Low development, weak clean energy and weak civil registration",0.0008880150126579951,0.9833637700198533,0.2246707910111461,1.0436121521684052,borderline
Uttar Pradesh,Jhansi,9035.0,6,"Low development, weak clean energy and weak civil registration",0.016158720379341726,0.9919003553284419,0.20585503078941564,1.0595576194333174,borderline
Uttar Pradesh,Jyotiba Phule Nagar,9006.0,6,"Low development, weak clean energy and weak civil registration",0.0010382377204655362,0.9519282217444794,0.24404816643297197,1.082774603400669,borderline
Uttar Pradesh,Kannauj,9029.0,6,"Low development, weak clean energy and weak civil registration",0.15170337228455844,0.9948003525375981,0.2984626662804124,1.3949405446088468,firm
Uttar Pradesh,Kanpur Dehat,9032.0,6,"Low development, weak clean energy and weak civil registration",0.16539573069357275,0.9983790807734336,0.2694690303695528,1.2712686295826485,typical
Uttar Pradesh,Kanpur Nagar,9033.0,7,"Middle development, weak women's agency",-0.06235827696780762,0.9950988877430696,0.17179329861099696,1.037304208047234,borderline
Uttar Pradesh,Kanshiram Nagar,9071.0,6,"Low development, weak clean energy and weak civil registration",0.25604356093631336,0.7276033703821255,0.4718015321305996,2.067940083749829,firm
Uttar Pradesh,Kaushambi,9043.0,6,"Low development, weak clean energy and weak civil registration",0.14703984427547362,0.9879542747512111,0.33261200436613875,1.362807051135712,firm
Uttar Pradesh,Kheri,9022.0,6,"Low development, weak clean energy and weak civil registration",0.17842420471086778,0.9660896883949306,0.37647889859130174,1.6026006861319846,firm
Uttar Pradesh,Kushinagar,9058.0,6,"Low development, weak clean energy and weak civil registration",0.10586232432336999,0.9472204245156457,0.3368428313409293,1.4472942947063574,firm
Uttar Pradesh,Lalitpur,9036.0,6,"Low development, weak clean energy and weak civil registration",0.008518214391761562,0.8624511206837807,0.2863901780757778,1.089248962328142,borderline
Uttar Pradesh,Lucknow,9026.0,7,"Middle development, weak women's agency",-0.013909950906298364,0.9918657396878181,0.21623127513335552,1.133254647099043,borderline
Uttar Pradesh,Mahamaya Nagar,9013.0,6,"Low development, weak clean energy and weak civil registration",0.21138760412583188,0.6906058273700274,0.3246084259339942,1.4638122521474588,firm
Uttar Pradesh,Mahoba,9038.0,4,"Middle development, weak schooling",0.04953390435279328,0.6545686915788798,0.24823573481185865,1.1100730232870273,borderline
Uttar Pradesh,Mahrajganj,9056.0,4,"Middle development, weak schooling",0.05018180356380105,0.9431851380462665,0.23972461535455108,1.0908361317693285,borderline
Uttar Pradesh,Mainpuri,9017.0,6,"Low development, weak clean energy and weak civil registration",0.1088188562369979,0.9798877096966331,0.28217379001126375,1.3169974425925979,typical
Uttar Pradesh,Mathura,9014.0,6,"Low development, weak clean energy and weak civil registration",0.16887824863066203,0.5220539366696157,0.32209582723571356,1.5423003547283596,firm
Uttar Pradesh,Mau,9061.0,7,"Middle development, weak women's agency",-0.03862273754170572,0.9901958059662455,0.1872185160176091,1.0816699838637702,borderline
Uttar Pradesh,Meerut,9007.0,2,"High development, strong clean energy",0.01431910464475155,0.9179116892551984,0.18610632077330136,1.0854807330934209,borderline
Uttar Pradesh,Mirzapur,9068.0,6,"Low development, weak clean energy and weak civil registration",0.026085469112127616,0.9662085468964309,0.23366629807777312,1.120458529288144,borderline
Uttar Pradesh,Moradabad,9004.0,4,"Middle development, weak schooling",0.041030477062694554,0.9461909197451599,0.20016671142026096,1.0550259679073157,borderline
Uttar Pradesh,Muzaffarnagar,9002.0,4,"Middle development, weak schooling",0.042799192373667944,0.9901430111031901,0.16973988081502117,1.0250983829779095,borderline
Uttar Pradesh,Pilibhit,9020.0,6,"Low development, weak clean energy and weak civil registration",-0.013818985352203852,0.8392481837439212,0.2207050011463054,1.021718107454696,borderline
Uttar Pradesh,Pratapgarh,9042.0,7,"Middle development, weak women's agency",-0.053773570436747214,0.8699675278751287,0.2234306682444286,1.0115170774653794,borderline
Uttar Pradesh,Prayagraj,9044.0,6,"Low development, weak clean energy and weak civil registration",0.11492283719916828,0.9969354937662304,0.25597890658251987,1.156067145438802,typical
Uttar Pradesh,Rae Bareli,9027.0,6,"Low development, weak clean energy and weak civil registration",0.12351607681888284,0.9462404526511756,0.33092197289418296,1.4070915620226563,firm
Uttar Pradesh,Rampur,9005.0,6,"Low development, weak clean energy and weak civil registration",0.0713478127890779,0.9042036021975237,0.2737936173592126,1.286490168676443,typical
Uttar Pradesh,Saharanpur,9001.0,4,"Middle development, weak schooling",0.06868980341223904,0.8379915646464201,0.22373513646741613,1.0874282740536287,borderline
Uttar Pradesh,Sambhal,,6,"Low development, weak clean energy and weak civil registration",0.11987301031541138,0.6939274700357368,0.33686196930387385,1.4066315984410613,firm
Uttar Pradesh,Sant Kabir Nagar,9055.0,4,"Middle development, weak schooling",0.030301077702447724,0.5432259090849267,0.24223085703281852,1.0418389705990216,borderline
Uttar Pradesh,Sant Ravidas Nagar (Bhadohi),9067.0,6,"Low development, weak clean energy and weak civil registration",0.14511141482007348,0.9964406946380525,0.2940086179181395,1.282382062230083,typical
Uttar Pradesh,Shahjahanpur,9021.0,6,"Low development, weak clean energy and weak civil registration",0.15089104876526446,0.8139799799528309,0.31946188612901444,1.401253852352525,firm
Uttar Pradesh,Shamli,,4,"Middle development, weak schooling",0.11890907813538977,0.7591361088611129,0.23461178050710954,1.226468808096121,typical
Uttar Pradesh,Shrawasti,9050.0,6,"Low development, weak clean energy and weak civil registration",0.2217357189145546,0.5409159609637254,0.3329297633947286,1.5456738800055454,firm
Uttar Pradesh,Siddharthnagar,9053.0,6,"Low development, weak clean energy and weak civil registration",0.1372895254303649,0.4787907055685767,0.3499125348005002,1.4730914019569232,firm
Uttar Pradesh,Sitapur,9023.0,6,"Low development, weak clean energy and weak civil registration",0.1472598704223761,0.9328308892508202,0.34312904372373687,1.4770346674987744,firm
Uttar Pradesh,Sonbhadra,9069.0,6,"Low development, weak clean energy and weak civil registration",0.1262408901463691,0.8100422277385657,0.387756736172905,1.5813050756229716,firm
Uttar Pradesh,Sultanpur,9048.0,7,"Middle development, weak women's agency",-0.02119744129364506,0.7219950910527617,0.20162971509372035,1.081548924493494,borderline
Uttar Pradesh,Unnao,9025.0,6,"Low development, weak clean energy and weak civil registration",0.17425509751309548,0.9864554321734487,0.2575303431231603,1.2849576251743902,typical
Uttar Pradesh,Varanasi,9066.0,4,"Middle development, weak schooling",0.041342343351008046,0.9308119935418384,0.2038384597716437,1.0216064259216275,borderline
West Bengal,Bankura,19013.0,7,"Middle development, weak women's agency",0.01639731279750448,0.9966894742916887,0.22121382489056624,1.1670900788659566,typical
West Bengal,Birbhum,19008.0,5,"Middle development, no standout gap",0.07331091394578995,0.9995419747374874,0.2106390771957678,1.1318722610526821,borderline
West Bengal,Dakshin Dinajpur,19005.0,5,"Middle development, no standout gap",0.13202024128972878,0.9994199520560564,0.22648965430528217,1.2197917571199182,typical
West Bengal,Darjeeling,19001.0,2,"High development, strong clean energy",0.009365749629247504,0.41396492920853417,0.232056715295638,1.006472983643857,borderline
West Bengal,Haora,19015.0,2,"High development, strong clean energy",0.043360493703345826,0.8441662575583226,0.23007892018928708,1.1053210608410409,borderline
West Bengal,Hugli,19012.0,5,"Middle development, no standout gap",0.058899880419614276,0.998730287755605,0.21193268723023265,1.144804867780476,borderline
West Bengal,Jalpaiguri,19002.0,5,"Middle development, no standout gap",0.13170545541870246,0.9867805865144741,0.2827798638418027,1.4038468233355403,firm
West Bengal,Koch Bihar,19003.0,5,"Middle development, no standout gap",0.09507760671709584,0.9964466794357894,0.22911015091871587,1.2329641156931657,typical
West Bengal,Kolkata,19016.0,2,"High development, strong clean energy",0.07662485680113978,0.5550190515076083,0.21422737958691848,1.1263177089306082,borderline
West Bengal,Maldah,19006.0,5,"Middle development, no standout gap",0.08621094285391977,0.9992267412239985,0.21513889868679428,1.1196516219134696,borderline
West Bengal,Murshidabad,19007.0,5,"Middle development, no standout gap",0.056837824307200684,0.9982888082903485,0.19027405897832575,1.0462626897898533,borderline
West Bengal,Nadia,19010.0,5,"Middle development, no standout gap",0.09611817310298129,0.9979089883387127,0.217210645421272,1.1304384157995457,borderline
West Bengal,North Twenty Four Parganas,19011.0,5,"Middle development, no standout gap",0.08018744907820134,0.9735612009433557,0.23161971435090442,1.1840368760823348,typical
West Bengal,Paschim Barddhaman,19009.0,7,"Middle development, weak women's agency",0.0087342243006536,0.9586274947115554,0.22242399910055166,1.1522023119766482,typical
West Bengal,Paschim Medinipur,19018.0,7,"Middle development, weak women's agency",0.00550688458990905,0.9984529813610082,0.2099784003522584,1.1281630794553035,borderline
West Bengal,Purba Barddhaman,19018.0,5,"Middle development, no standout gap",0.11943640103194327,0.9996389976420079,0.2066490268800061,1.1797906885573508,typical
West Bengal,Purba Medinipur,19019.0,7,"Middle development, weak women's agency",0.00032008561200041195,0.9975052895351845,0.20168969480640536,1.1081883169183722,borderline
West Bengal,Puruliya,19014.0,7,"Middle development, weak women's agency",0.027385177729248623,0.9904098881665866,0.22475025504119844,1.17702468132887,typical
West Bengal,South Twenty Four Parganas,19017.0,5,"Middle development, no standout gap",0.13014588259989737,0.9988200089695015,0.25255886050009285,1.3365601637591646,typical
West Bengal,Uttar Dinajpur,19004.0,5,"Middle development, no standout gap",0.017984576980525357,0.9704905830430159,0.19778356274960043,1.0912971504327105,borderline
