child_health_immunisation,education,energy,maternal_health,ncd,nutrition,population_household,tobacco_alcohol,wash,women_empowerment
0.5148494742899954,0.6660809265060924,0.7066841410643272,0.7218453839930041,0.4395538262534436,0.606232254769936,0.5226366381701162,0.003234627184207059,0.8614646930240397,0.7633620118124409
0.5623612391211631,0.629523656205392,0.6264505289583964,0.7787240080107879,0.44136015415875335,0.44607950887237086,0.5403203483613943,0.34829957905990006,0.8048593547747034,0.8243853291842468
0.6895264076235488,0.7962727661760042,0.949500086930739,0.7490086111057506,0.4681241692475448,0.562392580037691,0.5490806968066414,0.6156617479958006,0.8969987560406769,0.6771079635294385
0.6975616524189836,0.30966767581948607,0.9173649088434248,0.7426871988646396,0.4599889638509753,0.4654105474103715,0.6589885223471875,0.8701250548512809,0.7638272002268054,0.5987527557465108
0.7145173884955199,0.3853265869321284,0.9207875406584638,0.7524712896369846,0.44483746947575137,0.422344675729748,0.6660606917690292,0.8755504271949712,0.7866094212451562,0.5654268357981849
0.5205607778386263,0.46737446508162367,0.8636914358880384,0.561259592334247,0.31168550172888104,0.39861792693156967,0.6017939478645383,0.8189153203383288,0.8041631071515035,0.5811871091138813
0.8066191606068696,0.31057542975329083,0.939315215461927,0.6602153964093725,0.3458028577272497,0.4846717410018629,0.6702148506684035,0.8356795172569258,0.8667109198326681,0.5998391381382732
0.7778813755479936,0.48973339999006005,0.9372302916610372,0.6127008675896188,0.42931970742137354,0.5011302490930473,0.7612776026383369,0.8581739204952887,0.7730416707171748,0.7117971855593004
0.6485744023886291,0.20237376222718828,0.875632243383615,0.6787245227154479,0.3724943877758661,0.4508583298991035,0.6027705576821873,0.872538157743953,0.7705501997950787,0.5862920756923493
0.48911403916125157,0.25844566891053344,0.9363108116595029,0.6341118877287878,0.2916620804550312,0.5191476949909459,0.6009931761783985,0.8440652426024283,0.8182304061548683,0.5712534020380591
0.7274397271001816,0.26327525048018496,0.8557668605660027,0.6614283389590107,0.4712802332409556,0.4354396515653338,0.779059405619109,0.8109306302315529,0.6319950645694588,0.6787830436243663
0.5161401437039204,0.37004736049071374,0.895577542046439,0.722070965830675,0.47127348657178714,0.4173240267264442,0.6871947480135931,0.8134669118849814,0.8091616502073805,0.5960091010550604
0.6912666633857181,0.362842787856644,0.8384876535381991,0.692060875120348,0.4584663139441415,0.47537783250233395,0.6483493572823366,0.7944584343165157,0.7311956981245225,0.6560758025245034
0.7884329966329029,0.3400744507126757,0.7626148020353973,0.6748170058475067,0.5514559258590025,0.43485501347701944,0.7226497214145359,0.7747024642712431,0.6180672086541542,0.5700463209555998
0.7589303565800223,0.4284591140976154,0.9129397730505471,0.6901957598053252,0.4114191636757588,0.368436406118913,0.6345785534970313,0.8513376956271791,0.8434843159137496,0.6657241485753346
0.7432174249893535,0.31484598179160317,0.9680308698652947,0.6996907754460898,0.44226011650030983,0.4526146432715706,0.6364144501971863,0.8943276840395754,0.8899729071448369,0.6519003240924711
0.7010361834288387,0.24014145042634094,0.509859948497994,0.44168047013666256,0.2696052878546243,0.7603306023451416,0.4150253899432801,0.1930278759517859,0.7403394018283913,0.6975059046556809
0.6205663334728162,0.3410098290011948,0.5126090641093193,0.5606348789392669,0.4829342818027822,0.7392341029190955,0.5083197960490388,0.21851321117329514,0.6462788449022054,0.7040611754406143
0.7268666075581218,0.37616578421767966,0.24076622928877364,0.5287929645730177,0.32989897525777423,0.6297834452723124,0.48866773470981956,0.2602389054828365,0.9680117164991356,0.7469651047446839
0.4865751151158306,0.24653228896347323,0.40197445302519014,0.3895937134514959,0.516451382780395,0.715338210405906,0.324453130156537,0.3201793320870955,0.7353564599841989,0.6010222531197764
0.45694907080278313,0.5791229002833346,0.6668672433217051,0.4038037608522083,0.3847856413742798,0.6402435210561283,0.49308851022263306,0.3766066918964752,0.8465263199161643,0.5000048515749396
0.5655503477588028,0.1476298079023262,0.8722926355448806,0.34993813726381956,0.6220417133296853,0.5737320544281319,0.3326595903912893,0.6672177910308135,0.9199755857219036,0.46244098842613235
0.610053639778665,0.3761448637645749,0.7383242834249072,0.3848120380744169,0.5984981939786935,0.6128333919297212,0.3233225138978594,0.38673808559225614,0.8319417807407907,0.6338282561721724
0.6540904321224142,0.36818460032897243,0.770124257475911,0.5202816144378977,0.5757459252126128,0.6323436814482545,0.4382929452724296,0.38283826266502213,0.8400884779788333,0.6116154740303585
0.35421558655819757,0.24673913417305093,0.49383853363912805,0.45625963028729244,0.4541000839566192,0.7493512328100973,0.39837582951000816,0.34866876193000845,0.42248631543007653,0.740128447208712
0.6323580280088541,0.46589531724121114,0.4053047364706469,0.5498437954430532,0.38716440427272114,0.7368273197498492,0.4913970769704756,0.3856014116763312,0.9211495091539812,0.8049579155111726
0.5215865725573259,0.5022117273935842,0.7272168238234678,0.47224912827906984,0.42105823289571903,0.7388485997201816,0.5458391145518725,0.4491669555480081,0.8473973940206747,0.6984828215910541
0.5992288511766722,0.2476392826836923,0.5103612004869134,0.4380024267643681,0.4614794015452869,0.6910777079071492,0.41687624896467607,0.1827122542500888,0.7301456165688206,0.6434145857467345
0.5053805603917867,0.5133208496791628,0.8672801156556864,0.3879776708966638,0.5395932956848911,0.6598256091802955,0.3525224399551736,0.4969038888609618,0.727691619524915,0.5379806142014905
0.5323560812313358,0.48147362349724443,0.5738106412917747,0.456743455061498,0.4864128281632821,0.6554246337520636,0.38583159611157875,0.2684468009678628,0.8928556858776255,0.7598324088032676
0.5487278069633962,0.23232553556503785,0.9295516801368222,0.5470531280187211,0.4706391114170863,0.6553025293793195,0.4838992493566481,0.556425964117842,0.8591522295531349,0.6393662129570822
0.4801929421732468,0.3581383904580122,0.6889929222860939,0.37607103875406206,0.4665187825749887,0.6943339489422685,0.45326329748360866,0.4775478060142541,0.8266091859339773,0.6317947262957225
0.45265786483465187,0.348261092679296,0.6223885703816625,0.3892302948575424,0.4687560553327326,0.621616646407798,0.32323881556712036,0.2902943454506331,0.9399832686721564,0.6348526492020479
0.5668194401020875,0.26500696110756555,0.3201789260249376,0.4232724858603596,0.4737657387729087,0.6259455431151569,0.4034594783782783,0.245230761154738,0.7910751229173401,0.5407865375104194
0.42524385181965213,0.38611393643705055,0.8846361303976089,0.4098317040786264,0.5672080762881837,0.6391409280118899,0.47214577425251075,0.4840224800060004,0.9167743564498632,0.5946356291624737
0.5782106157831101,0.481236837814496,0.48920694418943733,0.3891329121476826,0.3461836805383275,0.6129922898465937,0.41463827187620295,0.3718861247160118,0.8987055208564476,0.52497896167691
0.6125784497793538,0.341943839240552,0.5844044163799241,0.6394658030599093,0.4200360769982977,0.5516269530736261,0.6337385207890346,0.5198762957821514,0.6357822103150678,0.5854384721477819
0.5051629282206351,0.36066448591956224,0.3974787257803786,0.615378846121264,0.5418286647653795,0.5201155825230578,0.5933776873112336,0.765388280044787,0.6945386962807426,0.5052842235665632
0.6105106951706458,0.2864111324536423,0.4254502725280986,0.5620099656678884,0.5050025656548655,0.6132643419995474,0.594293354393859,0.42627597351814966,0.5329401455572764,0.6974828220853151
0.5581660982473177,0.3892862137710692,0.6449138285721105,0.586626691465958,0.5938159291630285,0.6167036461968803,0.537040410378415,0.7261418668477735,0.7311051491564566,0.4928096033782151
0.5388663855641418,0.37973841181970386,0.26030884059444603,0.5172647733895498,0.587371438114445,0.4725182206531702,0.5699974935777757,0.6291201889267405,0.16869677956335233,0.5106774536491006
0.5608733190315879,0.31882527589166276,0.3939855025134056,0.6413539774075818,0.5499487484085781,0.6207825649395632,0.5873405438151718,0.3579403412317521,0.7716179730474056,0.6536304464847522
0.6245459979889402,0.32143397361927467,0.6319798414919731,0.586425763429249,0.5108762022994359,0.5674654571753217,0.5907561961718468,0.5503842053131763,0.7292214673744348,0.6298322471755007
0.4902260035966984,0.3493172848760377,0.36075547207867015,0.5586511881042658,0.5990538679781395,0.5647188988791938,0.4674416695586136,0.7994933692939136,0.7475005128424111,0.41770091864644987
0.7541784309926053,0.45461512534194426,0.4350664086871502,0.6600344185536298,0.5640924033226791,0.6078259570374244,0.5616956151131532,0.19551609401607956,0.7174999247502847,0.633338306442728
0.5632153041587136,0.28946214249652163,0.4903111209301363,0.5111523001172518,0.5989858667614648,0.5643326884955987,0.5395023037053266,0.71647738807597,0.6624025616839624,0.4746783730996153
0.6669480221931227,0.3980587318767287,0.5565096773463233,0.6812610758893605,0.47290749412611677,0.5508950240653834,0.6040131463873739,0.3316860696307232,0.787374345169916,0.6776664195024257
0.4763709946789969,0.5411467962668443,0.6107705343980263,0.6172850642520077,0.5697852912987381,0.6656096415300459,0.5222780941984315,0.3052585702372965,0.37837729688200267,0.6552250534806747
0.6417853845532862,0.33815585207462767,0.39923466180714257,0.6594645738432262,0.6016589778733412,0.5821276724011673,0.6225313744407012,0.6680972154623012,0.6978856400956647,0.5881205530064183
0.5911598154745243,0.383241123749557,0.5338152630721738,0.6853343819354216,0.5098576458657055,0.5567990221377447,0.6175530757746631,0.507997968394065,0.7165580838592738,0.5936113873253892
0.6100787036953654,0.4201938061535559,0.42887290434313774,0.598427991567849,0.44348210089775686,0.41260036978903264,0.5284237739532148,0.566066117876851,0.1879041551955951,0.6050890340514546
0.2868318900892075,0.3875333961573527,0.6419893406148984,0.5700144306835839,0.4469236728431225,0.5187589107493482,0.6334878784518831,0.6697972528442979,0.711504375228581,0.5340763914188688
0.5563552484665958,0.5430656236877829,0.593322171286521,0.6314487507878063,0.38301887057159506,0.5851507834411993,0.5513309318766672,0.631488400356258,0.68065458569845,0.5627268405864594
0.5243286546544661,0.45300839298176865,0.6397290444681221,0.5003036626490525,0.46785687317575675,0.516325016769925,0.4402434008350833,0.705364540426609,0.6619956526615851,0.4329546420432305
0.3493370271018618,0.539350086910412,0.9007530017571498,0.5900986041237869,0.506024520377946,0.5430078925831944,0.5975487085152391,0.7075308356374775,0.5747288620901727,0.5992110421716743
0.45386337865639786,0.3712289591739233,0.5490925702753919,0.521622566949124,0.5087216174676467,0.6915598307324186,0.49440579430999315,0.37361590975588477,0.5628522751662773,0.6488709095742392
0.6171825511912818,0.3977894028806005,0.3621637715447534,0.5651721415130252,0.5973622060208198,0.5355435302463533,0.5477710604363,0.6177983103389308,0.2440000918171955,0.6149353547978749
0.4745381120285614,0.3423120191599443,0.5370594144102332,0.6067847103546301,0.5701460106898854,0.6169206316426713,0.5732136935215667,0.49038152770390275,0.6319596811762085,0.5797766029223054
0.6193575935859044,0.5279915900395367,0.5693761811056194,0.6300616914947326,0.5735212678692293,0.629946973388154,0.5915260127165469,0.4209064034069445,0.5741981111914198,0.6305860019703318
0.6637980094523162,0.4666102471045225,0.3878168632181339,0.6596729803162431,0.5027993641056,0.6457331324765825,0.5182120323972731,0.2841368793401463,0.7157910694495734,0.5974612384323024
0.5905239749128351,0.35285697736462646,0.40457616947046227,0.6251458137733137,0.535482850080516,0.5857456748021447,0.6199865049003588,0.619696309091209,0.6410086549421307,0.6154872031698724
0.3713947835362922,0.38008284184295466,0.5231229233522567,0.6011019435311122,0.5062180682753787,0.5994312886063111,0.5839670602489361,0.6962753423879605,0.6895599354064309,0.4946995288840724
0.5867140468678473,0.4961451009524591,0.6006655787744257,0.556217004840116,0.4165106106085796,0.5154766741355705,0.5889740875458331,0.7480902015224382,0.7466825138277757,0.5456272397960374
0.6546789509316924,0.5494937163451732,0.6197899620674832,0.6823167973038188,0.43703246384222916,0.6431188796969208,0.5681533588699631,0.42161115389953746,0.7780932888629273,0.6164265118542366
0.5804755741427887,0.34297194903793493,0.4231837601191372,0.5634704678628892,0.5085014870791609,0.5357034769053879,0.7263006162565189,0.5614464225242299,0.5787501808617888,0.6859160969095086
0.5571803847632701,0.23408074191034073,0.12599906817597686,0.590270050567361,0.6267372307279814,0.5993919156995474,0.5090733354043936,0.7410004919907263,0.658133559159595,0.5710616665625363
0.623701476504879,0.30199421896523876,0.5636102291674996,0.58711681530066,0.4737168484779337,0.613844257509953,0.5567334393057475,0.43862663410522845,0.7028269270917857,0.5893853467105553
0.37119427389171056,0.27843717729386674,0.5187870277978687,0.5589132312206899,0.4862095993769127,0.5474916715909529,0.6837465184619581,0.5573857314492501,0.5842992569979841,0.4687422115759558
0.3959159276956127,0.31473927003389357,0.40551740638964495,0.5834486737142947,0.5793829171665066,0.6916847261516942,0.514508237502103,0.3176377324668356,0.3215554773032845,0.6656169048309848
0.41796882776725347,0.08721778027360927,0.42472170552791433,0.4049669941312221,0.5776064339888473,0.4882316379591987,0.1895413414819537,0.7488294833549322,0.5,0.24668733054385053
0.6663100086469043,0.30978730805917903,0.5341535752395768,0.5565886851560519,0.6083230351998961,0.48103189515409633,0.24256719750010025,0.7366630897048716,0.5538438335805882,0.4790224682484923
0.7310251653077438,0.349085886161857,0.597006307554844,0.5652930132516177,0.5858942667059163,0.49462899258984283,0.292398298878813,0.7390528970673351,0.5846645111722901,0.5853934718573555
0.6982521129033474,0.27838312163845036,0.5246328955812003,0.5181243862805284,0.5151225623953738,0.42759494051658997,0.30603532120412963,0.7641451044374346,0.4686928073322641,0.47324505920040466
0.5216395083742233,0.3962280992115388,0.6000044950950827,0.4935016828346325,0.5861427496551236,0.412932402509135,0.3604061855718091,0.7727662176745894,0.6946271547638682,0.3599954167335907
0.5675287378059672,0.3644825331503074,0.5850561756659896,0.47130772955317524,0.5892869603116073,0.3702748391338531,0.2281515310275413,0.7589453930474154,0.6709207845511317,0.4559900134799354
0.5304976173966621,0.3637995432806719,0.624885505932982,0.502431181763739,0.5751594472544798,0.453939444034321,0.25290255572595727,0.7848526019107023,0.5714329028801856,0.48489478908165096
0.5637963804817386,0.3716258969347269,0.6489269526145587,0.5515064507523131,0.6373039446992046,0.5008871294794649,0.2896608585434977,0.8230542832578838,0.6246621853761708,0.5175229531266019
0.48394202279380044,0.11362839276084623,0.6015113591929335,0.4711350821095559,0.4863503372440779,0.5106356672308923,0.3325317221475747,0.7581327286742067,0.5950508146097966,0.43022649025243115
0.6308868394008703,0.26890551958382963,0.5769748767846227,0.532276023387004,0.608183018258122,0.5238547271746786,0.26002647540692453,0.6935779507338976,0.5533817589833953,0.601075514713244
0.6685575573773274,0.2534897708590205,0.5661164891120968,0.49333950931605197,0.5719645920906437,0.5146398365668643,0.41390569682357053,0.7846697093643901,0.6874951556882776,0.4388054864447124
0.5604846692589692,0.2485696072505171,0.6091100548719368,0.5186170129186921,0.6024271973114416,0.41174341585299046,0.29044552151538233,0.7140298214865796,0.39375116755519557,0.473857476086045
0.6417905159016712,0.33485739339972076,0.6061948913080024,0.561575478828757,0.6112500818355283,0.4721651656957076,0.33775572938324316,0.7016518571572095,0.5694409804334728,0.43914070960650253
0.7094287051744164,0.26569424753647886,0.5166221881517673,0.5890956501447595,0.685444515623723,0.5355729894719031,0.3073274430513364,0.7703005335673013,0.6565152528269497,0.6497014509553946
0.5242165738141322,0.14804790844282753,0.33998304178389377,0.42676733016601764,0.5387507636832878,0.49495043664603994,0.27051115051069446,0.7783635905925558,0.5549823736194155,0.24744343932466806
0.5443288674293042,0.19086484565114142,0.4915720212301664,0.4524240926502273,0.5158546673141796,0.456017857542546,0.24080913112141303,0.8289084078225903,0.7134078391921682,0.27318212436028444
0.5152219355930115,0.10083257264290715,0.41628966195477357,0.3391876127464632,0.5528708559547225,0.4674628880783997,0.3357811491466251,0.7685511690585655,0.6270807990268263,0.22124125089943142
0.518170158145098,0.31778051756294484,0.6253867579219013,0.48286697950083524,0.5862671518777787,0.36800328054855896,0.2781908085755394,0.766475798265536,0.5795619084216027,0.42926259425817115
0.5721715037461373,0.1708914438370996,0.4323776034622667,0.5024177147258111,0.584834313159103,0.4379895547671959,0.27960309489425955,0.7415800742225604,0.49153485222270593,0.36200836726714647
0.5725985703271846,0.17679467339370383,0.6237200621336265,0.5221292028379169,0.4788699468127184,0.4602405315683323,0.3530597102647055,0.7649087788746978,0.5134371598693899,0.3909418809931683
0.5699455950051596,0.4677993173193005,0.7325614396178801,0.5856565615991861,0.46465965967487083,0.39765086053417814,0.3954251801909828,0.8192197086132984,0.6824987031173407,0.5455697734404379
0.5963357617482005,0.27751963891133874,0.5874026039201627,0.46025226596029234,0.5113924853750499,0.5189002964142615,0.2897981266801108,0.7619126944593262,0.6482800971057819,0.4951683905184031
0.5346042671860881,0.2642481648424539,0.6363250614396391,0.5305940957697661,0.6156935664535624,0.3933962263444933,0.28534475987192026,0.7453156257813149,0.6145787312662315,0.5191075858343513
0.6065628042321224,0.32713291103991105,0.6007610352751008,0.5418892223883695,0.619428235698372,0.4684221332758394,0.2685309093287444,0.7209842549189192,0.582601821939077,0.491548119712694
0.4030266182741006,0.1813111166836468,0.45851425501022514,0.4644830017207189,0.5533635135126638,0.4687899307310244,0.27788424031583836,0.778972622780938,0.5506249126119226,0.33671799009862785
0.5106055734365398,0.43388307483514776,0.7764682691170692,0.4479556250937519,0.5280831497166882,0.44242112350739066,0.27542050298482684,0.788769221825537,0.6813955464717636,0.4212876264489359
0.4190852570886855,0.13802899844524955,0.5626046170585681,0.3752375775263762,0.551551919961904,0.5368756422767783,0.28216599947224064,0.7302638942773787,0.5930588921630838,0.2991213053817336
0.46334032899367245,0.14491000494886727,0.36302198448763184,0.40503268338198556,0.5164440563104211,0.4350167010965358,0.29038398744658367,0.7710221340413332,0.495162772698689,0.1113656460275585
0.7661702092991083,0.41271013874540696,0.6647024036756037,0.5883229085577024,0.6039500694581699,0.4758041573584866,0.32925205418310916,0.8019748082332224,0.7550945865151946,0.6149586564412817
0.6180843276384912,0.05747326915074069,0.5056901008962148,0.40139261633270035,0.588761101611988,0.5056472274770426,0.326344423791757,0.7434955209215641,0.5318442281836225,0.23512349971914617
0.6100408503544178,0.1812366894092951,0.5355649828367527,0.4941248400778891,0.5593643968452692,0.49502532777484776,0.3460029086919951,0.7821538264508691,0.5813394400238739,0.4227044954506721
0.5890320549179531,0.3068143187979221,0.4923192370169065,0.489625533137623,0.5241416223760792,0.46672040108944063,0.26455855288927255,0.7772779522796256,0.5018061662133055,0.3694418397137714
0.5959316503262527,0.2134075406837839,0.5961698515296139,0.5811330458697473,0.6323763880530645,0.4060560376546003,0.3262879869041648,0.761023780321613,0.6221374215457649,0.5521030834494784
0.4694809833067015,0.1269307815873652,0.5503472543132366,0.5214639699059332,0.5952770742319569,0.47640611371715846,0.38341038568400077,0.7387613484417974,0.6710977015173827,0.5173276703382255
0.4768780150972531,0.166491108195012,0.502667048307235,0.44610236788684077,0.5472557666411061,0.4694905395209026,0.3988187215469992,0.7467111996728736,0.6098476541446712,0.30886351200343143
0.5410352418258841,0.4074110849006262,0.5960775031600316,0.5167499479602307,0.4840275460661604,0.45486243070160065,0.4904065917101224,0.8017847400010558,0.5870477414296954,0.44785639216961837
0.5368807891417576,0.055812324762687306,0.44834803232796855,0.5418737548461654,0.6145095166267093,0.4833788389884021,0.240086648518836,0.7561304974682737,0.6098476541446712,0.3878300146695522
0.5043472512688814,0.3857540899573777,0.5816428682442285,0.46954061059739716,0.5701242041521939,0.4095676178309831,0.3989772948139522,0.7635368844589046,0.6190069590602248,0.37226368000298604
0.8006379264444139,0.4397006194585403,0.609368451194128,0.7446844112020052,0.5155485016704512,0.46001242239137835,0.7304381465402218,0.7335057402120294,0.872330762755364,0.9254162649149444
0.6850157024872601,0.3773831634946713,0.5490188706923653,0.605011647191332,0.5553828412992647,0.5481372522895037,0.6414300685463173,0.6643417059181891,0.7762782833824655,0.6885154676326488
0.7095042189873142,0.24672022680320221,0.45266432242358684,0.672762823858909,0.45665772910289437,0.6023372036451488,0.5539891582275136,0.4295877630677205,0.47764399285819736,0.5695506927504417
0.4886011957199959,0.22732316683934778,0.5340674431321796,0.5797537773216729,0.5536450036695154,0.5027439092272227,0.6016902026809361,0.3528744959160833,0.6245581256813606,0.6116659303115813
0.8609485828569915,0.28972516927448355,0.5252327122018872,0.7302087459315714,0.48384336529351024,0.5487692551515255,0.6179829207603137,0.717944837381292,0.8374554734837362,0.7773344797109782
0.6761414456982557,0.05653049332799232,0.23211930322873836,0.589408540256628,0.6335419431855883,0.533230243249707,0.5978295157471456,0.12052003638628454,0.4310695109563198,0.5497814156728028
0.49021704886791995,0.35349260539718624,0.6365741333685523,0.5514312065933881,0.47518117131207466,0.5473401560706562,0.6234939184841096,0.6790157711605931,0.7745715185666946,0.5953907586369066
0.7154179505256989,0.11645394860059097,0.5313090031275766,0.6972447627904063,0.5898449789426002,0.5584347386601409,0.7347918661375828,0.2875206259913012,0.6326496573445872,0.6968773044699321
0.7495779287076331,0.4406205893901537,0.5998539877979369,0.7132881439456488,0.5081595046151158,0.549241194030458,0.7808090134060843,0.6790475562977898,0.91551197453466,0.887379524160566
0.7170751711530841,0.4951118108827066,0.8583530363558114,0.713289492299412,0.5173764704877112,0.48287680442313324,0.6020027172415003,0.7317962701718241,0.9058552116286634,0.8592703252358127
0.745178611367182,0.3029091769431599,0.492174945981946,0.6684487345627813,0.5583910004173299,0.5566862052155074,0.6747845474591848,0.626604956192385,0.8172708735672323,0.7736722246216963
0.7273177973569657,0.3676263476131866,0.5551968343809147,0.6554747256329492,0.5159919170118562,0.5359947375353405,0.5902884450317756,0.685819611137006,0.8045013398723206,0.7342263754991417
0.8681816601218444,0.34583173710932247,0.4674661993588409,0.6235260175317114,0.41345652849911196,0.528009182780227,0.6570465758498539,0.4306203375239057,0.6549011274641849,0.6468582899328613
0.875202651342176,0.24116819103047504,0.5563653863113625,0.7406168041001294,0.5174592880500115,0.5434923882918595,0.5996412734205205,0.6954965659443026,0.8249710974197666,0.7974045910408121
0.595302222553621,0.15937429181707227,0.45041024253899553,0.6723073886716854,0.5887829888811503,0.5239702559477721,0.6509874840663147,0.4156132835758123,0.829452400303635,0.7580902918454395
0.6199530504329084,0.4184541876857526,0.5816490845064138,0.5280434286092878,0.484613139108295,0.4671019576134445,0.6186334358758124,0.6331539335872705,0.579088413582606,0.5707756608253075
0.7564743698202151,0.3480914364640352,0.5439202186957738,0.7101764590250589,0.39924745339449913,0.5180180856030226,0.5957611686686077,0.5968000052209347,0.6443909821503029,0.6326797146066456
0.7136930322756337,0.3247230750414647,0.5631214097029508,0.7041401342079692,0.6315523995428443,0.5902980380614472,0.7169747707018742,0.6231912375320001,0.8670668442501105,0.7413620812184862
0.7622284106246193,0.2507144968453205,0.548603750810843,0.6999694217381415,0.44717060593781455,0.5130840021188318,0.6401493655480998,0.7237292376881832,0.8293816335171347,0.6727154787191183
0.6985786793089167,0.14753304453917176,0.31234669907248386,0.6769142260068907,0.6173830989584891,0.5707944342407402,0.6755021055445719,0.29954928476830195,0.5153978798927331,0.696812251235443
0.8220083162822073,0.3790368992122449,0.5731402332191539,0.684574337014141,0.4432030516217591,0.5306363863371325,0.6122269072895229,0.6279940081254158,0.7080908455970393,0.7163610648731388
0.6006411109415701,0.4276791226766089,0.7637833539658451,0.7210424379352837,0.6289525854160887,0.5692525826628261,0.6613743003681989,0.7055253826243926,0.8763499910420398,0.7651424462656851
0.866897842098211,0.38827146386412986,0.5658798497075537,0.7704095075005973,0.4754431934676219,0.5178175896447388,0.6981411676153725,0.6224763864726341,0.8270514783496047,0.8095468899404807
0.6116091044902241,0.008866745525887369,0.4673831753825363,0.6917751548345665,0.7031478625473889,0.5481066662576327,0.575121242736618,0.14821330821175538,0.45162772698689113,0.676255738609155
0.7187050055398192,0.2589472027483509,0.5324899875823947,0.629133144793403,0.46147153886614556,0.5298177481483641,0.594663427617767,0.5334571690737228,0.6104065491647512,0.6124768125087866
0.7730086460761846,0.32149716149662744,0.5489358467160608,0.7080306063303093,0.384151672325244,0.5298903241326155,0.6841959689385396,0.4850370990967159,0.7708176657293955,0.5767909918462204
0.8005140330623697,0.37284285912084936,0.5593697901137866,0.7631330444223813,0.4900580574472844,0.5059076384205751,0.7804300605571011,0.6480019688651355,0.8362461666584085,0.8732628398120253
0.8645873106698214,0.3212678521709157,0.8489215969359247,0.7601641006909309,0.5854192202956157,0.40517650830120955,0.5513019648843661,0.7549166693008775,0.6498297271368672,0.7009675094425359
0.5973350644964636,0.5377282705574281,0.9484145589765958,0.6162307652741654,0.542632503237901,0.45170769421696716,0.5021910795913479,0.7534107757279118,0.6963537017612045,0.5428467310542461
0.8932788556280268,0.5346189735549733,0.9199541927643264,0.7580221946108299,0.4846281767378571,0.5312348680745537,0.8222042349557815,0.7944829593949952,0.9219675081686164,0.8100156443798175
0.6720386798358832,0.7522769985845594,0.9865616527998505,0.749019341225146,0.3597879468904948,0.650363390348447,0.7044835701116591,0.782449984982531,0.8866124526031705,0.7569192039638873
0.8269635129296122,0.7636043305188801,0.983640272973731,0.7535801821302709,0.37232316859196035,0.5793758693857557,0.7162515276910245,0.7405125456592052,0.9014977506211705,0.8046944968444685
0.5221950128777487,0.47702083095554354,0.9343919358112224,0.6846885088722787,0.4558755121097691,0.5122201751719769,0.6110434525602564,0.871107481984259,0.8834642984210054,0.7421642056582445
0.5611018299834223,0.3824037217622145,0.7958355080768547,0.7411236468557945,0.5480449475300243,0.49650451652537697,0.6627027703177694,0.802531122981012,0.7677402783337306,0.6883845174578126
0.66058978853702,0.3928951584014297,0.7568488500972775,0.6844499354011145,0.3884136741388646,0.489243322542727,0.5166799248269873,0.85218286591317,0.8611441519998475,0.5383019771181127
0.5605837136654428,0.309592410833812,0.6225421858099011,0.6404185429352893,0.49420794646028193,0.4639651738081674,0.5969391337726329,0.8015092746838557,0.6401531820493049,0.5898089698107182
0.3033981299471308,0.18120193993923955,0.48738352484183145,0.5962356429993884,0.571808438041509,0.5443313437648182,0.5622853785428767,0.8458358302490547,0.5616897719760038,0.3904330923362497
0.5583965322325848,0.36883799852793825,0.732727487570489,0.6039337673982911,0.3871815188612928,0.48035749511489884,0.6275278378275009,0.8215181496090835,0.7956979593742095,0.44269468773688186
0.5605870907027732,0.33389544418506,0.7010873452099091,0.656397342576222,0.5028384660618898,0.4882312123613349,0.6201296546585598,0.7837014652323482,0.7318877647778417,0.4815756538480045
0.5171696281867649,0.27137363250868424,0.7738820933272601,0.6601124963576344,0.5723269851257716,0.5757939829079799,0.6124568646890797,0.8216836456472428,0.7742665787541874,0.5655111254384477
0.6732811434347628,0.08830600003751252,0.46578396291510316,0.7709980374296567,0.5584732882889133,0.44651627076815775,0.6039720599224563,0.7635706312745639,0.6004406654763663,0.725656197265772
0.47200232895428684,0.19538641464604947,0.3369662054570993,0.7613469940253251,0.5676837619642381,0.4695879704687093,0.562233857925765,0.699030575079183,0.391162385720505,0.5901726196866194
0.5545888509342282,0.17012333516053435,0.7498406466456835,0.6567488123220279,0.5745983198180927,0.5344851042134082,0.6076392808854743,0.6932598630695741,0.7213776194639597,0.5813117255748268
0.6265737871681065,0.44062784977282643,0.8212852542245149,0.5982427626672967,0.37318351627407853,0.4799430515422796,0.5420758123927306,0.8597294447680892,0.8811518349501004,0.49110798301618913
0.6705492180692639,0.3793061117918696,0.6837375467301715,0.6888194166113981,0.6147336808641964,0.561456140631987,0.6038315615437262,0.7041393160416409,0.7805805788151428,0.6153289145962353
0.7060367642437152,0.4048613366862634,0.8735411033205402,0.723630557415854,0.5635050145761377,0.618154380694487,0.6386141709514467,0.8014052193976026,0.8971579813103028,0.8851000124770401
0.7574925617223555,0.4154904915654043,0.7984216838666638,0.6781036762334053,0.41206023949069315,0.4995040405725308,0.6331254552908144,0.7608180051922903,0.8252916384439586,0.6054382354220402
0.5631910873353645,0.31003674340318493,0.7961676039820728,0.7578247461375828,0.556197605836871,0.5290681867109756,0.5907627613688229,0.8429278224337152,0.8556856248317178,0.6907616646563446
0.5966515995572631,0.3693493589695488,0.6321427813134896,0.6172620818798634,0.40598175318163554,0.3861733976742187,0.548417720549892,0.7805109770020047,0.6865002397073914,0.3534166460656285
0.4943133998618867,0.36010395208225965,0.7384010911390264,0.5560181000187874,0.33462810676910226,0.42872254476929594,0.5287018722457232,0.853659889892081,0.7484621359149874,0.4402067360927296
0.6703020128324029,0.30900471687492487,0.5903177674840973,0.687244019252815,0.5997824493125238,0.4658270415952607,0.6085662398134752,0.8256635565130307,0.5001722586689754,0.6688092838330915
0.46088719050989446,0.36715737299889906,0.8493398249485398,0.7102271753613968,0.48046000679071804,0.5806102256489639,0.5908469735925898,0.7897719951239904,0.8282077100850571,0.7283640444669168
0.6518224805358515,0.25642000642348944,0.43989733996827246,0.7599076121118278,0.5364919754803027,0.47455006008464934,0.6158087937190585,0.7343192433748952,0.6059897416125617,0.6849145575184867
0.7774003640202878,0.4612717622939866,0.802425483515834,0.8106686705657383,0.44886852033797553,0.40656873051036396,0.7197241483260823,0.833510068978359,0.8173239486571076,0.8164576525542498
0.7754776655022811,0.31937055535465153,0.5748775204593626,0.6873912705738667,0.41756441671657535,0.4559175760842234,0.5631345276110099,0.8118620679960944,0.5702631604179889,0.5949159899997498
0.7149747392247103,0.2472479441045867,0.7490041906204534,0.6899803687574283,0.48269864659434986,0.5421161575493313,0.6145527802852239,0.8534516994882612,0.7854885729029539,0.6154672338992889
0.7341772718788296,0.43229140403499766,0.8663668519163371,0.7888765147439305,0.5062332852895611,0.6357844339942341,0.6801530555458971,0.7144456511959021,0.8476294765617415,0.8036483380462173
0.6192186279099369,0.4587587274052018,0.9010051818171556,0.77473449563701,0.5514185411958653,0.5790431700505109,0.6613888245825591,0.799079480156341,0.8851356798435259,0.8055337624270414
0.7347372516735029,0.3805748759954879,0.6585950314389883,0.6389575789176737,0.41506547990306314,0.4578511592892274,0.5808350533083378,0.8362739005382538,0.5834416936202181,0.5805117816731531
0.7150342502067839,0.5437962914472512,0.923456740424577,0.7730441239606161,0.4544705487839589,0.4742331873101609,0.5613257528341746,0.8367386955731011,0.8506693900792157,0.7975626975222857
0.47772164006412765,0.26486840197766054,0.7404953393331939,0.6364516174252891,0.4958994307571269,0.5031476685929496,0.6291537994561337,0.8321594999545132,0.6808273216948202,0.616411655307615
0.7854370985046822,0.3127183905876973,0.6333144413750297,0.7825103430359519,0.3579073448584771,0.4783145903223814,0.7414615617987389,0.7821461268113723,0.7574424333793497,0.741136748127613
0.7425572310145123,0.268055717581675,0.4658700950225004,0.7671948673153118,0.5731905986154349,0.5257605852323269,0.6636048431583733,0.6798011640485128,0.6751211107739392,0.6474471665687225
0.5831942341273971,0.5801963623521781,0.817026166384246,0.6851066355122171,0.4554817161241403,0.493240112221266,0.6948681805084042,0.877541855012569,0.886736294479546,0.5227456192403998
0.7208598137180767,0.5683656282139292,0.8171154066227356,0.8116661502941617,0.4127385207290268,0.5050445452912635,0.64167029129573,0.8098867363820954,0.8661957701456,0.7426415387942519
0.7168516898073325,0.6502877797430309,0.8893196625126778,0.6302221694162081,0.439020023590414,0.47357794605228754,0.48045376794552735,0.8743464623037395,0.8971225979170525,0.6947579227507718
0.738386028854772,0.41856388745096595,0.6354117977002898,0.7062699148372559,0.5503744649606728,0.5090285795583559,0.5400819876321903,0.8417222656963042,0.8953627580114065,0.7264529337385051
0.7913611931947196,0.508579646672457,0.6218042944164387,0.6890374068799466,0.5272896828274168,0.5575251040634827,0.5800534619630033,0.8356980380141569,0.8985462955868218,0.7218800873507922
0.6059788702834588,0.5587069117874002,0.9433252313732823,0.6357560864044755,0.5230440990859693,0.4849428357869076,0.5032928256382107,0.8834551651159871,0.856183082822161,0.7800887993001188
0.8177712768708651,0.3664129944109116,0.6723872314620041,0.7424623541042986,0.48235681856330903,0.4770169082609385,0.5429074693421806,0.8865831746052296,0.9039694393617013,0.7766026643519444
0.5676918614550183,0.5570248294789069,0.8813058469521524,0.6760236703179852,0.5040395011304392,0.5781646815941112,0.45978702215535794,0.824148378560035,0.8803515276320903,0.7240574790325007
0.7914518968239098,0.39300644491902237,0.6765601871948759,0.7480475244442218,0.4429176517082059,0.4790063134056702,0.5100096498555399,0.8412867451273986,0.9123284369592447,0.7305179730156159
0.8121146781742581,0.5450655695679516,0.7436688992193192,0.7170367967624076,0.5116283078152315,0.5188189015569219,0.6779468372758509,0.8384420764462239,0.9004851429436592,0.7944394314647305
0.7193701132189775,0.40615456914016446,0.667546975787604,0.6984003152284718,0.5478763271282705,0.46198650831421056,0.5250594307749373,0.8257908056021835,0.8700380814660247,0.8100047327377051
0.7618322765054893,0.3618951249712222,0.7481770589885015,0.767200211475459,0.48423334466799645,0.49108236875993866,0.5338846305206058,0.8923894905548085,0.9074558262646837,0.6947206919108816
0.776240894903251,0.5726231990616506,0.8364826455825214,0.8176735705589354,0.6336847166325804,0.521498939382546,0.5261339675274392,0.8364159754535156,0.8747670681026447,0.8242885605761907
0.6614290541510013,0.5589799945827064,0.865948623903722,0.7531958608585971,0.40880962108524027,0.5828705758853704,0.5106124621789295,0.862785915517149,0.8675643022405536,0.7233041544454483
0.6670019784476999,0.4656443485264749,0.6123728549965518,0.6885458353220054,0.5123373955361434,0.520930666207816,0.550323892780642,0.8452309859064467,0.842737083685615,0.7327809304109364
0.4531025499064457,0.02609743766744716,0.5185503883933256,0.5512394419489017,0.6923319117516981,0.5131201398173239,0.27823218666028704,0.8569015550874459,0.7464702134682747,0.33568512380007165
0.6110977434239024,0.3242241066768725,0.5989313996653098,0.6049240337725028,0.5569135497846417,0.5515907024659596,0.4193280451963308,0.8393724058197206,0.8104594155158338,0.6690490325115479
0.8721770422823748,0.5569356777027383,0.8841442028019673,0.7367754389366599,0.38425922165123966,0.5531097982991398,0.535976208298457,0.8797660228106805,0.8590991544632596,0.7788453594581124
0.6310379820419357,0.4952498441040487,0.8390719295034228,0.6423087985215202,0.5185156325361902,0.4843253735344111,0.4997463867380203,0.8421735639628911,0.8411541607462198,0.7017181615926026
0.7454068122860039,0.5533969796015529,0.7423342993362625,0.7036090707450257,0.506115647388269,0.49197596889469347,0.4749930437254048,0.8137465655888914,0.8955573666742827,0.7810435959022304
0.6493782017327103,0.5385435142491217,0.8080222793702522,0.7435372472193943,0.4962739547800664,0.48442040262382363,0.5327134133458796,0.8383026381793933,0.9098567482187141,0.7449064263598186
0.757328514839583,0.3803748201981772,0.6460117890506245,0.7436643977462842,0.38475830952368767,0.4519052071634356,0.49999013907949635,0.8995983336259947,0.8547063100625165,0.6988658867302264
0.6908837290523256,0.5522447442368771,0.8141971349277088,0.7076144264212981,0.5261661609303567,0.46134661514032765,0.512192577900363,0.8366979711653193,0.8677256179951199,0.7305437615960841
0.6947040637560989,0.5960366365606972,0.8710410596381283,0.6519800944133439,0.42127267334787566,0.4665893364617338,0.5825296791413607,0.8538807059493257,0.8759763749279723,0.8072497064134614
0.9431652727266508,0.5941584923751622,0.6307375899784986,0.729101876467788,0.4259280570863188,0.5674180635912297,0.6486133063368027,0.7955545568347875,0.7685072927434309,0.7770640809944802
0.9487240506387505,0.512685823558802,0.6057766632953874,0.6421077613939012,0.5678165428406615,0.6011293567801274,0.6408678713062804,0.7031848165873569,0.7246361047957561,0.7994468530653177
0.6802750317385337,0.6844745955106785,0.6759759112296521,0.6695962434547198,0.30658648460415083,0.5904517041155347,0.755742068433479,0.7887314053585573,0.8677963847816202,0.6418816905593671
0.8081741916981601,0.6318346186578105,0.7016840536995034,0.6126017565057338,0.42233350706342315,0.5522167030754043,0.6135223218979461,0.7601750654879919,0.7774147329363523,0.6764875938733332
0.8467238172844768,0.5432248900018607,0.8238807544076017,0.6892216749090209,0.63990948828628,0.5919619026113824,0.5672437724895646,0.6457440657719539,0.8112774145304691,0.7333523490806774
0.7858568288318322,0.5433577355264656,0.783313532747147,0.6856144091809605,0.6550025319158992,0.6473170376025151,0.614995644329218,0.7590773156552081,0.7886388175700595,0.7708318312659067
0.7605613929642244,0.49320915480244365,0.8359845017246945,0.6940562497532323,0.6823480460477445,0.6601853325053958,0.7499905904036978,0.6928221305685831,0.5709042424663732,0.7342313423150972
0.9424972336788726,0.620159185036751,0.6358269175818122,0.7213740034975306,0.5084689208978834,0.5894113892097474,0.6949201135319928,0.76459516465171,0.8616613921718561,0.7344241201728618
0.8317423521426455,0.6579346821618458,0.8773020473029821,0.7691202862476281,0.5725276537673345,0.6098031672857989,0.6023561653706176,0.7675125108199063,0.8737367687285081,0.8492632212558984
0.8751137978209782,0.494644614135905,0.6769753070763982,0.7784842241181504,0.6026288536454847,0.6152953388554632,0.5419724301217909,0.8267989972201054,0.8303786399829612,0.8351311862485451
0.865433952690926,0.6141289801324081,0.7687066336165498,0.72652585472558,0.5430767793053484,0.6074514494280719,0.6049918261874171,0.8016384046504926,0.8200454116353301,0.7616623030466771
0.7486402276153481,0.6399279244435476,0.6576910920929171,0.6043520184044339,0.36887665712115375,0.41683777480341644,0.5841747932823042,0.8190682176873556,0.8446582393458273,0.6723978093685741
0.698411854838588,0.376918628255701,0.8392348693249394,0.6470326945997865,0.6111224318717838,0.5558358484857936,0.6059649512567616,0.8442322859742314,0.8771149149667996,0.7106097806865803
0.8061712125090259,0.3406704474807978,0.8257166062795779,0.6273578208699306,0.6775337511871518,0.5893066519455704,0.4762340035836536,0.8522202539220575,0.7731655125935504,0.7212693606597615
0.7035683787583606,0.2787525923476855,0.8541769724918472,0.5761463143798858,0.6751045166538338,0.520760631585584,0.4652536410490937,0.8477297071227194,0.6189757566368552,0.5639948925112828
0.6114255614778525,0.285777719295216,0.8392348693249394,0.5496836403528023,0.6758926304293535,0.5815992577328545,0.44450269052472374,0.8755000996971368,0.7485349931864282,0.4819422064239949
0.4519387607352128,0.3400727496256704,0.6602834841449111,0.5407816005249033,0.6398023989696047,0.5793574674930178,0.40205532259952553,0.8514131059249501,0.6856489477844463,0.6200394049444526
0.7670644415972911,0.23747154682152508,0.9034253096543559,0.5998231013025407,0.6552207323144933,0.5626776716543198,0.39724094401540344,0.8732293615711417,0.8013001106002804,0.49933277196975323
0.7172943832535393,0.6529906359180403,0.9351453678601478,0.6959074531485533,0.6316077401765551,0.5049403852179027,0.5214969280516839,0.8327127976359568,0.856359999788412,0.7597827278706577
0.8529334413626591,0.5419383806655365,0.8150335909529389,0.6163985364352226,0.5474350972380587,0.5664993595713886,0.5294740183171772,0.8137992373123507,0.7639885159813717,0.8402986269989515
0.7411411120758078,0.36895231873846507,0.4647534857574307,0.6190434265015267,0.7869658604739448,0.46999540046868366,0.4875161188429731,0.8281146931479848,0.5250744249802952,0.5870088829759312
0.8780910585767547,0.3118586498625509,0.6525218486443916,0.6691705071719379,0.6393783446239275,0.5714100038064737,0.5168966655030419,0.8804930144903336,0.8084321096758709,0.7122861385568063
0.7458033705925241,0.37638245121470604,0.7680393336750212,0.649631404072224,0.7063599062385717,0.5831545408518805,0.4973319749114345,0.8191462817404308,0.6044109996430473,0.6466733677054917
0.7647141525808472,0.38893271206004754,0.8488354648285275,0.656004762705788,0.6661956175369742,0.46376560839616093,0.504239821980241,0.8665760443315091,0.9166151311802373,0.6630375864208677
0.7441879482672817,0.4071310614031735,0.6753916352644281,0.6633275081652792,0.7096420017949723,0.5980775261132751,0.5454257633691053,0.8701804564906819,0.4609655620262413,0.6702146642538589
0.7496850711580204,0.40857091557060865,0.6716369075441713,0.6216552287349655,0.6848216573889603,0.5195819869635985,0.472738599989101,0.8203476060199664,0.44463887464184687,0.6162269711215654
0.6150009536985858,0.2308160802188612,0.5721315129791299,0.658163890546812,0.7162194082571165,0.6248514156304811,0.42093622991149976,0.8446063185769108,0.2773944273592982,0.6264556012369498
0.6747539567062453,0.3133420118031056,0.6249778543025644,0.5309299007818071,0.7091707885345431,0.5988739398967572,0.3753352633997815,0.8207957152775509,0.4253253488298535,0.5932208041205929
0.7294258535716442,0.5197290547656069,0.8435800892726051,0.6933960228600564,0.5917123152106681,0.5198397270565439,0.5123510122107345,0.7572566769393799,0.7827338170164218,0.6589693365024534
0.8223533799144167,0.4430604813969147,0.8055191275567477,0.6514809903501018,0.7487258413594179,0.5687902850711283,0.5848020631034284,0.8341621290254795,0.890311139865654,0.6589935247406922
0.8033939669338286,0.4371154312015828,0.9964943442086567,0.6445484758227805,0.7147207336126412,0.5995732075493742,0.5876188591988242,0.8917063182965904,0.8842469140423903,0.7353103666780808
0.6687841240873106,0.39100017120081515,0.7412487713821193,0.5807817683725579,0.6193774008336584,0.50860309616028,0.5017830852252492,0.7303445352980334,0.48093786158324403,0.7107502981585575
0.6482796782174832,0.4045775790526695,0.6353163411996148,0.5518629551711596,0.49163799360978594,0.49178468831013783,0.39581173438185496,0.6989519596660294,0.55865194894347,0.6206794028544621
0.6441723612724713,0.20515009781706134,0.3626867804513211,0.4849969982080596,0.56071328014976,0.45473261614732197,0.29427029001433064,0.6134209285348182,0.39071334452266165,0.5656397051536034
0.4162922421645783,0.1502718747902943,0.4596921313339507,0.467349978155859,0.6007142209676605,0.4605236680532652,0.32778813278031166,0.6873084536720284,0.4293913807515833,0.4329156241363812
0.5896081673293989,0.39871759297592835,0.6051062552227666,0.5148339083888988,0.5446394929405496,0.44294052710637516,0.38927613772032243,0.7099604789240417,0.6144944537529867,0.5509370219788097
0.685140181238986,0.16510717639518682,0.3740433119816739,0.5169347470333363,0.5865681222907254,0.48606833562688595,0.38126623176320235,0.5249579989431266,0.45035859628947217,0.43910717292498447
0.6702371865411999,0.25524394721196436,0.2277709751499799,0.5422972426096488,0.4989991485401509,0.5169357691131361,0.3368372764756031,0.6952708558377547,0.5499880115334191,0.46679077022948984
0.6086302105107044,0.23957096519737436,0.5319794112001974,0.486491282895787,0.5340399336825199,0.48290394939618947,0.3302369188808959,0.715291026997794,0.5315476503108766,0.49745423290589824
0.5856910970059167,0.1029049653786391,0.3901539670790295,0.6045566078990239,0.5030047109195078,0.4940674573285773,0.3501046782546033,0.6868445700402996,0.5430880949988952,0.5007710966911537
0.8183967679633353,0.2508302846382072,0.2874687963656772,0.716521889974924,0.5986010626875101,0.48803753679362716,0.418969917960124,0.41207160860862724,0.30876563803131857,0.5697579638510487
0.6820059794355516,0.35098475401945495,0.5960069117080977,0.5341666654724989,0.5029571411120523,0.49875359966458355,0.3791095291873285,0.6842341611814685,0.4773411435306303,0.4759187092391935
0.663931863286661,0.21801006896823322,0.3643565843706885,0.5672156933178959,0.5572738651720577,0.48869095082598424,0.3586826210111889,0.6260425185446168,0.5456305505259261,0.5611496700169036
0.6482227822909331,0.2260550456288386,0.370786728119244,0.626266335278527,0.6259171133204716,0.5199429061022226,0.35923840949857194,0.3506409342137227,0.2697670607782047,0.6363904508351234
0.7000163458528446,0.3132590226232597,0.5653692733253564,0.5896376830779843,0.5016679706460672,0.5011481618257848,0.41169106336955646,0.7671428427028812,0.44518731723722493,0.5119624993123608
0.741360017440173,0.17268491008547157,0.2565851941851154,0.655973239005256,0.5880063396046165,0.4409938571114888,0.4307554501100315,0.4951592919371939,0.367541906178559,0.5645339754322426
0.8357952769753445,0.29935359193244176,0.6021879835277397,0.6683215752525988,0.5888155197627469,0.5458567757274678,0.43076897769020306,0.5677297220774336,0.48831754441158615,0.6245048437610812
0.6452535698373144,0.03605795780439005,0.3332208021301205,0.5211566650565163,0.4626097600145839,0.48060363569620757,0.3981667294013273,0.6354981577568769,0.3763764891000395,0.4313460545783777
0.7102635307963816,0.3014976307292156,0.475301534442387,0.5580888457767339,0.5438382389038116,0.506886718412809,0.47051279732566237,0.6572801273838602,0.5165874045364954,0.5100036043238183
0.7334232339913935,0.1715048718850593,0.13569822831133266,0.5507452871439099,0.6012192417808316,0.4444851568688497,0.31295510108385405,0.2681479938623851,0.25910911043650076,0.6088694030764804
0.7807569379016759,0.47255509422581216,0.6611843153598901,0.6593852891306855,0.49176003551874353,0.5010755581490769,0.4805080660423971,0.7139171800609321,0.6449768986238715,0.681186705819223
0.737574747498129,0.3657564670423199,0.5794811367292199,0.5978176413953752,0.5338413062943498,0.5171565775538692,0.38407857642367554,0.6164331979858364,0.4397485722506608,0.629990868568199
0.6359212905667122,0.4822609326663324,0.7429154671703937,0.6444094864387951,0.5587746532916917,0.5472550217480192,0.42538831920814735,0.6325346969757704,0.6598819788234371,0.6644395729622801
0.5937817913723579,0.11410382353140361,0.3338881020716487,0.5440991530407266,0.5514644768810654,0.44386568658781617,0.3825511896234488,0.6413082011431386,0.4107543203812245,0.42249420857692555
0.8072637560403957,0.2964695275055417,0.45909853097544906,0.6811218945488621,0.5506725543034051,0.522573474559655,0.48024280578920636,0.5832604159395027,0.5221760450358219,0.6997898898719008
0.7189902564967755,0.27725629388783746,0.15606797124895705,0.6080942374251777,0.5363466851597514,0.49649059059266193,0.36849460764210956,0.39608135934364175,0.37563970929660667,0.6487624827623502
0.6475014995664116,0.3454299147470088,0.7274721120145666,0.6580289341765173,0.5658780083391137,0.4058233511341374,0.5174290592596266,0.8030414683426024,0.6086029639260933,0.5752804378615448
0.5774171966719377,0.7360699814566075,0.9624340740108766,0.7058491250129889,0.2667181529209939,0.5649612697528983,0.6841066674452042,0.8706971144306377,0.9215231252680487,0.8731926709118968
0.8129410893933234,0.5680241279585199,0.9504164588011809,0.7142045940820904,0.3897820412168625,0.5715673980182124,0.6966437769537558,0.8089511859635256,0.8929972194506264,0.8549350853575115
0.6924117344408691,0.5121042073352896,0.8383184974544975,0.639313391964528,0.5635700707302852,0.5642094853891838,0.5649086574841136,0.8534507886942545,0.6818066364640216,0.6680035408244687
0.6639402446284609,0.43356967309905414,0.84199020119845,0.5829734506589309,0.5914155181460843,0.4595025503218177,0.6343346231924953,0.8416409744522421,0.6566234934916406,0.6755737919998512
0.5896221794762009,0.39644060014758176,0.7754657651392303,0.6542730400138704,0.5621864445514996,0.5478933080938412,0.5281589119107849,0.8168476408753258,0.6465910239866361,0.7183174508850196
0.5792693558138609,0.42425256771948017,0.7215401121238378,0.5872930295477957,0.5505761905810158,0.5900081278038085,0.5107529114198311,0.7953208393725617,0.4755594309584783,0.5731383874269743
0.7464628334087389,0.43468160911245657,0.9122693649779262,0.7170757329389003,0.3784300565351055,0.6009120744057923,0.650579818292833,0.8556152268487769,0.808341560707805,0.8816637881447313
0.667288868434214,0.4494890913654642,0.9416554274539152,0.6907628614568696,0.427744417409924,0.553760204145512,0.6701116415565674,0.8346121633946825,0.8642038476988873,0.8490644339412597
0.7863669398569517,0.5085194017549445,0.8673662477630832,0.6704381997684441,0.37813639881571565,0.5843486378380792,0.6247553751403806,0.7630550382880956,0.8944032254237705,0.8231251159069382
0.8109282512133194,0.555709403764962,0.8879850626296211,0.6727252936357506,0.3786571784519152,0.611694254155831,0.6581769207219557,0.7381307341553414,0.6861089318966987,0.8271100340146932
0.7581910985383994,0.6509452856580262,0.8961649261427556,0.6846231855570115,0.3771799126917322,0.5830218606879718,0.698697270673664,0.915552144386379,0.8469571920899877,0.742300323440668
0.651504537232306,0.5110580368658698,0.8566801243053516,0.5276991302700661,0.41767114283445395,0.5190092071997875,0.5228563248949961,0.8187027468898103,0.844143089658759,0.5389991366797017
0.7063659355252755,0.5111212913740778,0.8702046036128984,0.7029115132690565,0.4643877346660491,0.6039659895853648,0.6715723640128425,0.8029981556499833,0.6960373417068931,0.7216789907891783
0.6042765105757488,0.4620065315464115,0.7189570444651214,0.6032990249161035,0.5064803075628318,0.38594638315176644,0.6107044387258892,0.8096669732024137,0.5950705967913621,0.6307788704542746
0.63568343745576,0.414191286930476,0.7498437547767762,0.591821365286786,0.569463876392177,0.5464609725038619,0.5353118143326098,0.7918627065537764,0.40930198810042084,0.5567814948810937
0.8259754606482954,0.49869216376578185,0.9088498412939797,0.6736692525997974,0.34283432081393006,0.6090255613777315,0.666230330653088,0.7687710667874283,0.8724920785099304,0.8808931054961011
0.7643803947786807,0.42755199065278926,0.7559355863579282,0.611430534942709,0.5086728777109691,0.47909664511636035,0.534303139691082,0.8192748573668037,0.7482477450705459,0.5660225666030803
0.6682318787429453,0.6273358280535357,0.8497518366989696,0.6766159636915539,0.31182142019995035,0.5087538168646503,0.7927221759452511,0.788428703303083,0.8286031988656305,0.82887029386291
0.6773227199928878,0.5287553041919733,0.9355604877416701,0.7271695540872666,0.4519724192243848,0.5789572100593596,0.636998358406241,0.8623499593979195,0.9034542896746331,0.7724779630497917
0.7056702611521057,0.3996741860134517,0.6804809628677416,0.5598044100121264,0.5477752700817093,0.4411307047280637,0.5021609048928483,0.7670859551016717,0.6299281943663648,0.5666309876822486
0.8284319217251558,0.4902143933677151,0.9142712648025113,0.7133069297473777,0.3526468677666992,0.5487807672655228,0.7483146720319324,0.8601622833559178,0.8822372998990526,0.8632467323301004
0.8116612310080623,0.49776643719954494,0.9636057340724171,0.6906585297751572,0.4644695061793032,0.5445726078698913,0.6918301534949932,0.8238725598776965,0.8435571731851905,0.8139778973245578
0.6263581354481684,0.24118527057985367,0.7939996562048788,0.6009537140498254,0.6459850791086467,0.4886410769525266,0.45870246204184206,0.8062987640395534,0.5593242334152236,0.4961893331947911
0.7888924486494724,0.6674378793588442,0.9500843628959628,0.6861378244270663,0.3434651950362739,0.5438232459346131,0.6424935010585889,0.8505070487440374,0.9042369052960181,0.8295834450657967
0.7416889592713394,0.5825650055201058,0.9110208972022666,0.6619298788330329,0.3897922809862267,0.5215213600665544,0.6390653999072186,0.7854229613518608,0.8258796454024675,0.8033714859617987
0.8467793495693438,0.4783373555999253,0.9109378732259619,0.636303584448751,0.33532980618195724,0.5198113871272689,0.7163605180531113,0.8162868221739585,0.8508307058337818,0.8436120637299087
0.7244132849527589,0.5575239965574151,0.8086895793117803,0.604836548052983,0.3473100027918007,0.5234211457988912,0.7705905334017985,0.8760978595398101,0.7402884172234565,0.8634425414307139
0.6934040972046925,0.5304303217547489,0.830138633941363,0.6234045175195859,0.45975450163243237,0.5965161307191099,0.584178480417534,0.8469510754224929,0.7409804838767755,0.7759855238978229
0.6851976784284809,0.123521725494259,0.6841526666116938,0.5813082017349502,0.6122413373562059,0.46104945471535436,0.4785409328227315,0.7717900968036135,0.44898797370957827,0.5756399691920108
0.6120037820177348,0.9984696694801608,0.882059279001078,0.6299667142968502,0.2551277754360143,0.5815953815714842,0.8628104783886713,0.8445190271781966,0.9806510907947565,0.6438852373254861
0.6920021742680265,0.9632352941176471,0.9380667476862672,0.6655169638927838,0.2967867515920634,0.5761647827821897,0.726709046895328,0.8721217102486079,0.9782324771441011,0.7358619887551668
0.6408373122796959,0.7876589274226545,0.7162878446990081,0.7251429027998576,0.25424943511589465,0.716986058753954,0.6897945985743293,0.829654113570605,0.7739720913663817,0.7223234988256616
0.5976938819849279,0.9096819435659798,0.826134834292193,0.6923333332066319,0.23275768687517337,0.6949186560896151,0.7360125433609324,0.9289341012694312,0.926232283655009,0.687141748982424
0.7143185369318042,0.7141551617074166,0.8397392294449514,0.7626759847633193,0.3821217917284915,0.6202309683877413,0.7123684547573194,0.913244028500297,0.9169908377792452,0.6643781697309001
0.6250680144804797,0.809427575425179,0.8850636828035017,0.7120338034047745,0.22392023557567273,0.5510316932236413,0.8365299445639489,0.8603145375871831,0.9360192059602965,0.7092309148399221
0.5806072087368949,0.9406108597285068,0.8361505496773034,0.5535192581567014,0.2027296299274956,0.5445974662692156,0.7016442196497928,0.8482079979253342,0.9617528820129958,0.6031950410992579
0.5944521773955697,0.9560325747055111,0.843746137225214,0.7310937111968193,0.3190925630460394,0.708242958021926,0.7745053898688252,0.9422231315877277,0.9189764427030426,0.7144048252528531
0.5019949038803785,0.8396464115912491,0.7595273742566689,0.747789371129289,0.32898796816431697,0.6582267282080353,0.6320124435863308,0.956987302293026,0.9721859430174624,0.5937403669204465
0.4407664968731074,0.8126239012888486,0.7911581922239712,0.648282563810032,0.19777843983485255,0.6334796798713488,0.7814044858656893,0.8373492843434347,0.9359067382576307,0.6349013485604436
0.5790014757716558,0.9281674208144797,0.7637003299895404,0.6455458464244127,0.17245069273535782,0.6664009476234919,0.7771883951504349,0.8513199676498832,0.9278745992071946,0.7198836683305416
0.530156637810915,0.8942943286136347,0.8411599614354053,0.6103184875694047,0.33708906102070096,0.6000678302952691,0.7567771111844612,0.9204542485641964,0.8853521611729079,0.5218620593494802
0.5589923983617372,0.9247737556561086,0.867369355894176,0.6552326846443918,0.22083281796103665,0.5510965408389175,0.7281273431314162,0.8561002172368782,0.9238136700043535,0.71594790652564
0.6565077109200872,0.8258330795719463,0.6793861105203204,0.8055319746628289,0.36966987810898727,0.5809309417734156,0.7153044766782474,0.7943234683994028,0.9174706040730629,0.7569338763194673
0.801292214826318,0.3989962379093942,0.7407444112621071,0.6613245773955273,0.6567669368500254,0.6417376245487464,0.6100871612590045,0.8718681147889977,0.4277376910256878,0.6185740445796111
0.7242823648723511,0.3855588099184444,0.9633566621435035,0.5984386668445089,0.7499723604210224,0.5929706893341858,0.5496779456090539,0.6525017890064204,0.39104948675853846,0.7172161300237537
0.7667729043072745,0.18336442192993987,0.6410854012688272,0.7626473962979387,0.3731045550624565,0.5931863665328445,0.6737071271659123,0.8480802741334343,0.5614108857998831,0.6872873640295581
0.7799220434853116,0.005904393784018299,0.48941961410843543,0.6976539185181954,0.5533114290122256,0.5812103116101383,0.46450281506235097,0.6063635154914846,0.7598121529100106,0.6355004053645645
0.7748681924574427,0.2835838633617459,0.48073228234419624,0.6905330624781232,0.45256654289228027,0.4497153360735558,0.6161105961536625,0.5845729790282069,0.5188530643723461,0.6583888423274591
0.7033094951819086,0.1813010629763194,0.5086176969845193,0.7046939440101472,0.5585703138676963,0.5481347257005174,0.47769324741302394,0.7716842642923277,0.5177634184535133,0.5806338955324976
0.7440779201667392,0.4048838363501456,0.5739735811132912,0.7512611280466133,0.530261674891522,0.524280011129318,0.7050768892045706,0.6308561848621235,0.642810149695848,0.8562073721140224
0.7228313575191272,0.10130330706844302,0.6424200011518839,0.7319227310326094,0.565287181006958,0.5306246463141763,0.454405731235582,0.7299686433667263,0.579813773144235,0.6537942521024016
0.8065136953476789,0.3993858476552567,0.5890786241017152,0.779504739408868,0.5200158573414136,0.6117170243875847,0.6216709834111546,0.7060244060349452,0.5303029600922986,0.7314528170842544
0.6554955860335684,0.3096599240244837,0.5621189057251118,0.733485742151945,0.5696875875282005,0.6106013381606229,0.5156540174153058,0.8419250034181285,0.7927465043398607,0.5592534971175155
0.7058742800379657,0.5826113060599658,0.9010051818171556,0.7054042097563346,0.46800869056487787,0.5729725425436855,0.5840897842137748,0.819606170092475,0.8048572642897629,0.7474829968397094
0.7983622745347151,0.2750328520986359,0.7817236446729916,0.7657604044720218,0.6985262843087358,0.6167348523106587,0.473236265121092,0.8022935872127067,0.7515749067039025,0.7234803654136519
0.6923927469542523,0.3106730931112166,0.525303303653821,0.5849042987243094,0.6765889837100795,0.4466452737992907,0.3707895149659631,0.6855946485899537,0.4886339044658974,0.5292583630173586
0.6582548790771008,0.43097843556626725,0.6515162365354603,0.7416446039792975,0.5200991664391379,0.5815143895997313,0.6871588212362303,0.6573609492560071,0.6929422626146031,0.7548953449836995
0.551789335633323,0.33252560519755486,0.5248881837722987,0.6560067419013503,0.5704669306404853,0.5040305581330675,0.3594310566321888,0.6975489342688841,0.3028762386893654,0.5585788382815845
0.7310370065157804,0.2809232795163051,0.5993527358090172,0.6968929997084764,0.5638074181912681,0.539600381163836,0.43609096777703144,0.8009397522433526,0.6915341661565186,0.6616310147435365
0.7946463579956619,0.37004989312239944,0.710531217154166,0.689470434824153,0.5219774704304551,0.6022852532033369,0.5020255293322732,0.7815516090488276,0.687338020903592,0.6293210130379936
0.7119158831369774,0.22603127008105633,0.6292245096184624,0.7256979135011018,0.5975061226899473,0.5841008293901573,0.5529931009510589,0.7022050749836171,0.5725048571023934,0.698698135103026
0.6660351441510026,0.3118901566016889,0.4413939230006313,0.7406304083584094,0.49133644146225447,0.5605681921683091,0.5891831766556065,0.5080751012906881,0.18111195593027316,0.6728941861828253
0.7399902569285205,0.16194077913414143,0.5848226443925391,0.7843048107093459,0.6314156466482986,0.6047975442423276,0.4816752372151607,0.7983502168271759,0.42775956369219376,0.6233624310165087
0.6556132259505169,0.3584141807629195,0.8181210187316672,0.728591465166339,0.5351441529303298,0.5694890188062659,0.47844266957211223,0.8592083686995895,0.8566451574193539,0.612390614938011
0.8295625282383223,0.4070895647331283,0.7310607917822143,0.7045001928900594,0.5893325604701543,0.6538869079196942,0.5140818429051656,0.7447266238989514,0.6652145736302506,0.7763969134080912
0.6756770293749701,0.45521633357083474,0.6348150892106955,0.530498613642213,0.5266265608762903,0.5693385030848374,0.5054628306261042,0.685008940587056,0.677325333580153,0.4044262504315176
0.695554183480023,0.5337519372038023,0.9293026082079088,0.7629200300936283,0.6106847763888782,0.5973292387816802,0.5973997928491939,0.8220884105641062,0.914693975520025,0.789124422072524
0.8507524349705469,0.004736273730492062,0.49902020961202387,0.7717830570874847,0.5351171429361327,0.5664029584667297,0.5364978187913351,0.7891039140516029,0.48971936941484945,0.616512247610739
0.7242352136523256,0.3309216212562674,0.5465925265929801,0.7361389499212316,0.5367058830761408,0.5029876857750818,0.4859185028033071,0.6897880419535067,0.5633257700052742,0.6514015034753485
0.7727682030096753,0.3127959703987379,0.6879935264393476,0.7372156136788415,0.6020091852786579,0.6197218063183229,0.6596949365352537,0.7753215329707541,0.6849038060412519,0.7261871425043384
0.7761896173732761,0.19324937511734872,0.7544318303911701,0.6927646996066346,0.5531299637003585,0.5737866174593035,0.5626809204671609,0.7631970511994615,0.7620673603211594,0.7595378559737762
0.8106790145948837,0.38825815888007514,0.47972977836635733,0.7250318760399725,0.4309444109784381,0.53399182248722,0.6765256979350007,0.5509196679289177,0.4296099525659056,0.749253923008028
0.7282385632343942,0.23208762702687508,0.6857425546858493,0.7476764219348226,0.3898803182636291,0.5537039421972437,0.6380791192511585,0.8472723363499919,0.46023602149473153,0.6808174199124906
0.6135016446065227,0.27477253803009144,0.6007703596683784,0.7336382858606921,0.5305514017425091,0.6188606180121986,0.5276002348723569,0.8399912929606091,0.6744425548473643,0.4913118189570735
0.7002020394801135,0.36567586239565697,0.6134552748196026,0.7309165722767331,0.5080851870161778,0.6366142109298423,0.5821358999785353,0.6501931248723753,0.8215377856066592,0.6804655262646708
0.8095547051183126,0.2567381418554625,0.7187110806673006,0.7647302827351452,0.4812508366920716,0.5735850591916475,0.6063873306190105,0.869467187457424,0.6587590399962946,0.6944002901133032
0.5844503521036624,0.275016373831572,0.45602042758999844,0.5641276673383274,0.625151107733968,0.4213518477514901,0.34513185287794507,0.7100404742247161,0.3829048800054366,0.5184778128181021
0.7279274093103442,0.49642466200065327,0.6330715857083016,0.7413050435502019,0.6025131171780915,0.5629445535389471,0.4604744920554728,0.7458119218099687,0.6728263389996594,0.7274888609345503
0.6474842723473971,0.218437483662201,0.5168774763428658,0.6732794226688718,0.5719038875535997,0.5167974516115517,0.4804579681240466,0.7747739911158841,0.27826550146380863,0.5254877174510842
0.8189071365746015,0.27514177746282814,0.7092765331163213,0.7751099627645196,0.5607706919741574,0.6501716243685537,0.5849636628653991,0.8294772336012348,0.654295428809051,0.6457008411626783
0.6978418944536801,0.2746926311084842,0.46770905502556903,0.5906265698432599,0.5316588862769264,0.5210715904648714,0.49694596621497117,0.7178549190862531,0.36019551625852664,0.5365946526757664
0.6046450432688442,0.3932657494152637,0.5810679166722823,0.5939963654779946,0.6077298411596582,0.453142529868742,0.4615544729273176,0.7309487070925093,0.5974933914118983,0.6025592533259018
0.6727423228940009,0.35410595111596466,0.5776421767261508,0.6528058074122745,0.6480329359655117,0.475946606391451,0.3848372335416708,0.70786339576256,0.5628106203182061,0.6251593512917708
0.5982239500351306,0.3442174169254153,0.6004351556320681,0.6268080043204617,0.5538540772959613,0.5219407547383932,0.4264235470894311,0.7739928838827982,0.7152249351575705,0.4935711493330289
0.8549546701615275,0.4043856537756527,0.572974185266545,0.7855885904940402,0.47073197470339484,0.6219702435319191,0.7162690421921779,0.5846589854773748,0.4047473506177167,0.7221500811245993
0.8293099058441029,0.29123656733367054,0.5200479280978987,0.7178423346814639,0.4779443993072055,0.43970207936656963,0.6517206753092025,0.6995149222815584,0.44757263797957053,0.6038102921289641
0.8496296448552892,0.282742731877345,0.6395847534331617,0.7510449644314829,0.5824108598968376,0.5919652439345445,0.5365084760858512,0.7890358719684275,0.7047855566301886,0.6975121709053721
0.6224095080140395,0.06619066016608564,0.510284392772794,0.6143383731790403,0.5468487614961112,0.5568703466201493,0.449995869858619,0.7221687693699318,0.48423896958021384,0.5537426973874411
0.6104031801426152,0.17037158239770708,0.549510798288007,0.7314250548295028,0.6131063359200759,0.6155842451451546,0.4742057084679108,0.7913234465580744,0.49226182494188053,0.5129966021404193
0.7026161959818127,0.2727277667085858,0.46253359531485855,0.6429890449511365,0.5345826203008419,0.5072505019008144,0.44476533002600965,0.7027920563947411,0.3683401230116287,0.6327843168936005
0.6532780074659384,0.20282314855361994,0.442234443829168,0.6595731243131566,0.504062712584795,0.49496568072303354,0.5142945653924759,0.7243793892537993,0.36142460526542,0.5707856267122391
0.7190154244138534,0.2703721922129395,0.6023571396114413,0.7683069263722918,0.6024377430520728,0.6269572150856091,0.562876216604938,0.7471796626303085,0.41883234131770675,0.7252370089787525
0.7932633687820806,0.3517066036768695,0.7604437461271105,0.7126010286817908,0.546897478383863,0.6560926011640269,0.5741245986281663,0.8041380465624334,0.7262502301585207,0.6864075777731394
0.8037839380971481,0.2967217777701135,0.5381635911509322,0.7083505334896382,0.5458019386126508,0.5136690679243155,0.5059290221382539,0.6153413428518519,0.3895768949687748,0.6620567255881562
0.6605937257356016,0.28645067951245545,0.5780635128698586,0.7321712867219083,0.5549199516469052,0.5755582154542138,0.5359380809868969,0.7377143925981434,0.6775199422430291,0.608720705342022
0.626315673755223,0.5819590878275288,0.7498219978591278,0.6391090245341008,0.531335016079079,0.5694600824471873,0.5190203258113528,0.7922455741520635,0.7230333996747955,0.6236310006927452
0.4542601796857048,0.6306813815541102,0.808597230942198,0.6901681021727788,0.6221441279872834,0.6527012058449556,0.5917067646803188,0.7744328874789513,0.7046773159654977,0.7328727775852191
0.7329980190223272,0.686899871826987,0.8202059425325567,0.6510356762820019,0.5749223461947338,0.6396816024768597,0.6487120324656432,0.7641714882190017,0.7627615174594189,0.7438150289337109
0.51880701742958,0.6410726160533873,0.8120167546261445,0.5728107221906722,0.5334947096155993,0.6186234894681425,0.4765058095800421,0.8217354124342752,0.6603596546323147,0.457943367233027
0.7989842233795226,0.6389097337669232,0.8116908749831118,0.7357129392468745,0.5946596403785084,0.6111169879237591,0.6087673482212858,0.607329693751465,0.7656266044955826,0.803274496931925
0.5774678567340439,0.4068131717137385,0.6222007655114052,0.5803907576433864,0.5194018041292939,0.5628733344047454,0.4211896376855835,0.8270559070330596,0.5625650270503952,0.46434363207035545
0.6556271369058518,0.5471822858820756,0.7605174457101371,0.7330115439985786,0.5998311218702737,0.6241877434125931,0.6143858985747592,0.7682073642589855,0.63457290348974,0.7627358656792975
0.6836690737017815,0.6193640252881343,0.8939907621033765,0.7739570358347092,0.5967502999681045,0.6344710977177929,0.6367499900262632,0.7153216707416912,0.7840315823248749,0.8037405365232629
0.28216442566443567,0.5527649114176786,0.7117672524054554,0.5623984051769289,0.504264011174405,0.5873479359552828,0.5181655875856696,0.6921864675366309,0.5569607853393839,0.4377014430402612
0.8359202777142456,0.4872210031318559,0.680382398235974,0.7874540710938724,0.6751477505397511,0.6434224793300332,0.6848876067978297,0.5263122251675768,0.5015293705221251,0.777946460228685
0.7202257845698375,0.6062153194349948,0.7783010128579528,0.7074422222992205,0.6193548021707881,0.6182230328264143,0.644874316246913,0.6612071899676872,0.7007663283435129,0.8161502290666689
0.6327078047223857,0.4315902924111707,0.6889898141550013,0.6485878322595924,0.6171296246117666,0.6626269670104286,0.47965091447913566,0.8343805658309101,0.6680244950915988,0.5476558191568822
0.4543190581579302,0.5691230071293988,0.813935630474425,0.5054166279371113,0.49900596255729673,0.5976370741863269,0.5093532509611783,0.790695955660599,0.6165727441978845,0.4483628746089523
0.33741417019010816,0.4935844282788024,0.6541730037772033,0.5584072347957683,0.5701401104202438,0.6377585184935654,0.4417074107492677,0.8404477786990248,0.5087144446875911,0.480727711403157
0.4655325194187639,0.6437180201948591,0.8893995783578899,0.6581404737897029,0.5473175511088844,0.5876545473998015,0.6128011047079349,0.8637690108070386,0.831320480873972,0.7087786856495091
0.5711781218558623,0.5819129916675202,0.8171091903605506,0.7121020695234129,0.6012619362278038,0.550912879533652,0.6441155144760323,0.8217398037346673,0.7226400013791625,0.6637590229361906
0.7512573990925066,0.8894808681401019,0.9868937487050682,0.7103807794165782,0.44160117207767446,0.6119859116336374,0.6543585340515734,0.8688643617288777,0.6766998527434535,0.8451707942734945
0.599152135591643,0.793485035796216,0.9802145330275995,0.6282687371854616,0.40174191464089565,0.5873425067908393,0.4853943274331863,0.8991654662848719,0.7062935318132026,0.6960165907629813
0.620123046550275,0.8164779442953566,0.9712013216203277,0.680759930760453,0.5853934698797295,0.6495747347371547,0.5914815311058069,0.7892178912264148,0.91314643597388,0.8537681491005282
0.5310781384665793,0.4316540930163476,0.7172779161524766,0.5941628647472942,0.6288414455609731,0.5777424222775494,0.49848262122346143,0.817336253649264,0.6890447857193628,0.592696063224232
0.5468372151525143,0.31656248231977585,0.5713749727991118,0.6180058504890413,0.5435814148589212,0.5489106827965576,0.4846378927248867,0.6922817454125676,0.5753834548653012,0.500179501838427
0.3952229809487384,0.5196094902408293,0.7392251146398858,0.6061512436156777,0.524180407940343,0.5377050914922501,0.466371865548373,0.793157108805775,0.5886546275205367,0.5092455469811314
0.6385616620497743,0.5858813598153148,0.7566765858824833,0.764811018654776,0.5347370440827434,0.6243451987934773,0.5874706156615658,0.7844759997451988,0.7340035291009301,0.6703938236486378
0.7752742731076268,0.6249079489705414,0.8079299310006699,0.756303620405676,0.5291344142968794,0.4329768823971177,0.5174900416290508,0.8043746863270816,0.7011222527609552,0.6967865441454774
0.3666610366407796,0.41224007217242725,0.6696194670641231,0.5163542987308164,0.57492749101924,0.560887013593148,0.46618379845875507,0.8102286172572414,0.5556807117275557,0.3739309617561889
0.27652063982302855,0.8212334120481097,0.9309693039961835,0.6398681992572601,0.5431056711338244,0.5333693329600968,0.5123071797577491,0.8387142795020059,0.8072758779404184,0.6129103582929435
0.7109045588516594,0.5023460579255388,0.8609329958834355,0.7446566819809541,0.49069030050823825,0.3941582833952815,0.6055366175570632,0.7741213960634123,0.6588142055711101,0.7283133115585373
0.6583816844277297,0.6117911281474812,0.7429984911466984,0.6548656788441803,0.31855344204229197,0.495667139955094,0.6612033937710049,0.7900717338517865,0.782735907501362,0.710193889140409
0.5653146679748076,0.7536621708060027,0.8910662741461646,0.6771052607080588,0.4234508683074271,0.5473882227024274,0.6014615371450968,0.8417262083027643,0.8468822443336066,0.6479284630381037
0.625880029292659,0.633866862219726,0.8539216843007487,0.7025248550696559,0.46629003310414696,0.5285539912333287,0.5987524075347964,0.7140108075362953,0.7843521233490669,0.7402632755979972
0.6457301043526105,0.6236212212254952,0.7936644521685683,0.7181553967130888,0.20934280084579235,0.5246330710826945,0.6197502296812617,0.8575608617705008,0.5870956677325879,0.7112644127595845
0.5714994817873766,0.4997875728423007,0.783304208353869,0.7081783115771895,0.49749319508060075,0.5174150737873924,0.5456669837623481,0.7926825707265661,0.6342346707689228,0.6107332584785373
0.5003302589978239,0.6517203731316015,0.9339737077986072,0.661138369672314,0.5117237130924368,0.5043502792292035,0.6005120878095817,0.854426051067255,0.7656422057072674,0.6517986162258685
0.756511098606035,0.7631209988442805,0.8847253706360986,0.7121963805863646,0.669456272144402,0.6043917580195878,0.6700104753304292,0.6920244850469186,0.8314266310537226,0.813877755877878
0.5210182008094224,0.534050157420287,0.7171980003072647,0.6139787370683351,0.619734249533161,0.6742601336517883,0.5637352960706946,0.7832929793454936,0.3818610699045559,0.5455939584709341
0.6205171373630777,0.5556742541735848,0.7779627006905496,0.705838747099032,0.6183394405263254,0.6076707481376498,0.5904795380149509,0.7225044312507458,0.6121466068888317,0.7633840251855007
0.4738118708784892,0.6640375786535635,0.8065984392487056,0.5643782341874809,0.450233915660592,0.5951413360207457,0.3830680400698476,0.4212933140558045,0.35900599161476454,0.4542940672474843
0.37139241337909545,0.5215852422945481,0.7231362164601787,0.46631804651504294,0.4402069213281754,0.608831517737039,0.4751313627817751,0.4251696628425802,0.5098592561812395,0.496824186407178
0.4284655815054012,0.5779027849425822,0.6503259276873641,0.4290077254786769,0.5120443201083975,0.7015148399667822,0.47541743235479955,0.3362708986692798,0.40407924711584386,0.5263751531027256
0.4462483234389966,0.629348256138595,0.8515876885709455,0.5419317096574339,0.42129792517821374,0.5817282944398939,0.39011047934374626,0.5187269359473342,0.5653905497234277,0.45471817287071425
0.5878125670478613,0.7430854629875755,0.9257108203091684,0.5911532271108287,0.3215386972568843,0.5800157127777017,0.47281450001454456,0.5191608352396899,0.5456857161007418,0.5290914469557769
0.46783652688649546,0.5774621470231073,0.6866558184251983,0.3682444224363766,0.5242274966310094,0.6718367283715184,0.47945477264649616,0.452912303922626,0.45266591097339437,0.5291945968775201
0.49933876987006026,0.5186803557464468,0.45550985120780113,0.4121831456727062,0.4791182955136322,0.7235225406933047,0.40141316818006123,0.6109689347858839,0.3311591651194059,0.507520028099616
0.5776652748574195,0.661125351678186,0.8264638220663181,0.6493125429038419,0.4726480542559154,0.6112263963293773,0.4268155429096339,0.47222051121815356,0.365748773364603,0.5918802719988909
0.2716872646166003,0.6101682059276798,0.4426619962350608,0.2924331936219839,0.5370495859578982,0.7201984623713891,0.3856470735171449,0.48134955800819934,0.35916992124975994,0.4323382038971399
0.5164375034327253,0.5294288007964596,0.532985023309129,0.4934267066093612,0.5643144306708118,0.617975406480641,0.5743933416706613,0.646249525452141,0.4801063518418645,0.4952809896047935
0.5326525387917455,0.5693248486846817,0.240542022408601,0.45327792704994996,0.6769521996386622,0.7487036985044244,0.4492717024877557,0.372825254972731,0.5696127486127409,0.2866826252399124
0.2061139117984287,0.7753426988913646,0.6218748858683726,0.41889188146825146,0.6263151076244253,0.7988649437962355,0.3920343751841808,0.611066029307713,0.7342377021269371,0.3313637167538931
0.3151692489553629,0.5743811213077473,0.507778132828197,0.3352078628537043,0.4781206125139975,0.5862957110697664,0.43083325618763807,0.6309421270075118,0.387180677380114,0.3901924943390007
0.4901684793508735,0.5880220416037525,0.36619243624266445,0.4772830980134977,0.708639646281458,0.7972776058188017,0.3928038394318243,0.5356222936648147,0.7234975647569287,0.3334452901565528
0.6139290131141177,0.6160672605194578,0.5203032162889972,0.6260834755617061,0.486094817789373,0.64900624276596,0.5432369578083972,0.6569322977926345,0.43630593068069,0.43960223510169205
0.6347763863510776,0.4606653647271612,0.5182027518326447,0.5546064955889584,0.5391782693352155,0.594382629110442,0.574424243486349,0.6565784874529512,0.2791391894487484,0.44687540126063946
0.5746529471002509,0.6578334779566186,0.22725633396447587,0.4278068801824715,0.6642845403841685,0.8076747747732945,0.4316995813597368,0.45221567230303694,0.7470270180034142,0.28847117307368153
0.5885812687880944,0.6421823483091068,0.5802159199915895,0.629601241454991,0.46241114845321335,0.5873519780347181,0.6777587015266514,0.5656306642298101,0.7012679673038369,0.5755120386729478
0.42436228937215625,0.5201149440164392,0.04251191922969059,0.32706532079485295,0.6925453147159929,0.7787204684520783,0.49715448616537367,0.4458474811584018,0.45321435356877215,0.25605362452335234
0.36959613384351453,0.5860698224004706,0.16188801731133354,0.4170862258680542,0.6971898546286053,0.7954314068585709,0.39617813129869184,0.39784786906231207,0.6745747586635015,0.24594234800986642
0.4801055445387146,0.725016822899182,0.9722038255981666,0.5527324986268197,0.5277830921267548,0.7028448507764545,0.6487564420415697,0.4387598777868228,0.9562568809666756,0.42556788215141894
0.7336100419368164,0.6273710022379329,0.8854819108161167,0.6782856702216684,0.566947007847238,0.6714088052974665,0.577311075253855,0.4001542357710196,0.9774915624388814,0.6395622991345069
0.6359647206326359,0.583196546652107,0.912521545037932,0.6032600025519044,0.5398372532970916,0.7495505473269652,0.6193604382851602,0.40433402749584874,0.9255798274329148,0.550902456250887
0.507473039406917,0.39616939808623297,0.502565375544375,0.3768626429744934,0.5908252304472402,0.6949822070832314,0.6033507133592251,0.38156573420711365,0.7151406576443257,0.37989276548993856
0.5565465861081738,0.560804705824956,0.8433216929504139,0.5565869354817693,0.5458090148153362,0.6832563473269859,0.6053125867053226,0.414683251718001,0.9244412873940875,0.5203297919592773
0.7310089517085571,0.52809325696665,0.802505399361046,0.5730443817402338,0.6261878486847615,0.6480291284639915,0.562661404876258,0.38987375789624135,0.9169533639010545,0.47508439104477007
0.40429858646922445,0.6149159134815179,0.9038435376669709,0.48054647260402134,0.664179289068463,0.647768149663767,0.5895927611968483,0.4101190125224247,0.881954232753051,0.3720427909931542
0.663721146758707,0.61413836797411,0.8837259747893524,0.6388245384717302,0.6457006624336181,0.6869741802793864,0.6562705738514629,0.40560457871391287,0.9658074936929217,0.5441798931748947
0.3357946989295847,0.5825117902659052,0.9090189973776814,0.4660147967341904,0.5348981416763883,0.6256008526989404,0.40593418476679394,0.6849317907503165,0.7648616805708227,0.5138810782199608
0.30103656414647034,0.3325776250778012,0.47005237514864995,0.27258100865267365,0.6187879415676435,0.6775564421747821,0.2112572373717042,0.756162563854053,0.7627282245511091,0.4215468025169626
0.6933194993752554,0.7561055838142138,0.7707946655485318,0.5122838632990478,0.473965098694369,0.7123584655197978,0.45451028564998425,0.674537638168228,0.7850483709722671,0.6515498803125694
0.37073356324395407,0.38415260843892224,0.4797132810386799,0.24514648572683487,0.44661670564394096,0.7711104798641712,0.2797709578899649,0.6961700695469969,0.6141801841836156,0.6014723750979419
0.7823327952343739,0.6292077806224694,0.6396584530161883,0.41950934043066823,0.4982281718856555,0.5601391514464994,0.4792108484379584,0.6462497868120228,0.9501749634467869,0.7002320407763934
0.4914645715129326,0.37693302197326023,0.4188531241547202,0.2949785871975476,0.439895200366266,0.5994107284231361,0.37845049160835315,0.7102846610039154,0.7383474793816787,0.7074494545718901
0.43168843127000905,0.42621041867694276,0.5644560095860074,0.3573061860840416,0.5071037925867568,0.6519612850326943,0.31462309696724133,0.6770773446104552,0.8324964947909901,0.5666829085619576
0.42409903559139034,0.5013157718660122,0.5494370987049804,0.35118441202183015,0.391628544729597,0.674265158915942,0.3339536718190288,0.7182611741219869,0.9058198282354132,0.563582773046192
0.2498303103728109,0.3972218053689206,0.4600304435013538,0.24959770819412694,0.5628219978841863,0.68907155298439,0.208558985784305,0.7052248416571436,0.8279090417273709,0.4900299144786532
0.24884144877656042,0.5372775501893041,0.6555262524468157,0.382254754697149,0.322709950817164,0.7515554646827453,0.5559717077165872,0.6722476038049628,0.7152468078240763,0.7028381774950763
0.4723954151711134,0.49373400454668925,0.5167176446524423,0.25137402518586704,0.32499532467934944,0.6431745390698497,0.47700730288897075,0.7297535554504444,0.8103553558210237,0.6955933682031435
0.6089654595806907,0.669709474282944,0.99432328830037,0.6642167662134761,0.39515389604803025,0.5442965474076334,0.5170729322480613,0.8375444624338478,0.8203284787813316,0.6889238356304769
0.512723751270143,0.581424246922823,0.9887296005770445,0.7663061458699877,0.43823712446535823,0.5552541718555469,0.49979057950092654,0.8554614445642301,0.8126105632321725,0.8279292986141076
0.6744530691819117,0.6626060084826938,0.9959100682434328,0.72418954763318,0.4502091058011349,0.5364481301127947,0.47952554036384704,0.8044956591255386,0.7522492816605966,0.7755899912795494
0.6064472846173062,0.615147536083194,0.9977459201154091,0.728639597100848,0.38478121342266164,0.6038274893473997,0.5040290645887608,0.8758363295039664,0.9022272911526803,0.8123073294470284
0.4902616498749464,0.5786294890470662,1.0,0.729123787727224,0.4438926763948331,0.5355807401555064,0.523919101372401,0.8507377122194133,0.9099628983984647,0.7667827784258497
0.48535737908180826,0.5408779359183851,0.9902333565438026,0.574608623178774,0.4976245497156206,0.5355478060182002,0.49638003160647887,0.8138410946773561,0.761070353855333,0.6185722695939354
0.6073162568698526,0.670383302315068,0.9977459201154091,0.7389119082325858,0.4403553859536838,0.4362758072244242,0.5372408169894359,0.8603900982242041,0.8727574539593068,0.7835836383555291
0.393871266884557,0.6378074553952564,0.9932377603462268,0.7598748249013877,0.5273999069484301,0.5755324995265592,0.571075907097852,0.869690691533708,0.8783772968820027,0.8592120187959864
0.4501192618127857,0.7297916006487568,1.0,0.73388035474232,0.49800150363924367,0.5594012210207178,0.495096678086086,0.8297911910767012,0.8939567520382623,0.8042406435962345
0.5915060293032922,0.685447429828344,0.9901503325674985,0.7304959614702027,0.45361966684869764,0.5347963706055601,0.5667770596726804,0.809076317177386,0.9239948140085793,0.7982666304211838
0.4139853218812565,0.6065107623613156,1.0,0.6812339190489537,0.4451819101327386,0.53973845322473,0.5064216350696256,0.8200633838482626,0.8199371709706391,0.7044578926667565
0.7777829999414126,0.391565552555197,0.48623983796012477,0.7104806038478549,0.4820578601128285,0.6125178882174366,0.548805371272857,0.5822234160098924,0.4513087991202447,0.6895486028511356
0.9205745753879206,0.3348337052608825,0.5624510016303296,0.8311909511317839,0.5071559827702261,0.7029260663767231,0.5886387057870555,0.6545632745819941,0.6524627316319641,0.8004094637028445
0.7829206855592401,0.41949760881394677,0.5221328518987881,0.6073042069788618,0.49038330283250725,0.5576596743641843,0.5557764985979523,0.6288234155040748,0.7569980504787819,0.6536112897101384
0.9155558126646883,0.38968366768622564,0.5718855491813092,0.7060587597259821,0.45436320790952,0.644194787518967,0.5696545617866077,0.6663215132054429,0.6789238577312329,0.795153388341457
0.8611010881294601,0.39050733721736935,0.5187071119526567,0.7502943834121572,0.5044580321622175,0.5986619909901145,0.47777117746002923,0.6884572099492944,0.5403843237172977,0.6622948656330707
0.7696427763652942,0.5242327580383412,0.5057762330036117,0.7079474445937373,0.4640378935949725,0.6244624657387432,0.6114867704369161,0.5947478352382207,0.7039103015557975,0.6498512488361985
0.6944392529772123,0.513883377884461,0.644501816821681,0.7107781792981128,0.39691923964360426,0.6251509906645687,0.5370483895899276,0.6522212116130311,0.5963881442813808,0.721733271004225
0.8657905650156886,0.345915262106558,0.4231318174537588,0.7321595518594235,0.4741950202173097,0.6511190340452789,0.561930813336505,0.4868727151815156,0.6002502377833709,0.6714207807647645
0.8121768705870372,0.46257733285357405,0.5064373166829549,0.6825552144943584,0.4139825362419012,0.6797018464906356,0.5512800825641188,0.5662905874950633,0.23089232540146667,0.6720297559163587
0.8822385816948141,0.13369093400864873,0.45743183518717434,0.7088310937264037,0.5349929327431504,0.5733706354300832,0.5681570876945712,0.6719083526972265,0.4094607360426519,0.6943209458946266
0.8146883095590484,0.35607727463185973,0.7779720250838275,0.7452102050613435,0.362698317125096,0.6252053106893793,0.6476737205242747,0.6961624848463817,0.665375889384817,0.611713102788588
0.820268357072391,0.5822491071534738,0.5591975258989923,0.6792708210638984,0.3508198363360548,0.6718411846358864,0.6122129960267495,0.6576105252848573,0.6826579283869666,0.6734751649732964
0.6931864609945115,0.43968966467315806,0.5198787720141972,0.6838945727183606,0.4362517386042596,0.5859803796469524,0.5382541614781157,0.5555404336259662,0.4903208871001027,0.6547724087448651
0.9330178393429898,0.4583363516223767,0.6229666300847011,0.7894318572244637,0.43625329430053356,0.6377199055335544,0.547093038818904,0.636102823323252,0.627655295258591,0.801145222539108
0.8609693084544516,0.2940382836282399,0.527308311609499,0.7701116096926526,0.4327561912740906,0.642917741205472,0.5289626173094307,0.6211315100233998,0.6807919383015699,0.7700696826631775
0.9183590352888247,0.2925954265593013,0.4857385859712052,0.7972966181707999,0.4919629549125692,0.6576172957946915,0.5720481035457307,0.5951529290901844,0.19656756921015722,0.7105355438480572
0.6730702311426839,0.5475878390444379,0.5733093893028555,0.6770529334484617,0.42962180261750504,0.6599852679919199,0.6090317414497021,0.6208403105521625,0.6626679371333388,0.6350778910986205
0.7223058487325313,0.2930804794365657,0.38396667899720205,0.62158864006474,0.47079701484970826,0.5918451267170117,0.557968724142908,0.3588304609399385,0.5028052631640725,0.6314811151610665
0.7658726389621068,0.5462204508720868,0.7801430809921142,0.7634781160494081,0.3539143463573827,0.5947631868540857,0.5912071710769138,0.6988701806435766,0.7282421526052334,0.7495312092315773
0.9200739473056623,0.054290581088844755,0.5199586878594091,0.7948863531667224,0.5201513008723105,0.673562726064227,0.560951060666092,0.4342496570303192,0.39606363102610037,0.6947966717459644
0.920490973973489,0.08823529411764705,0.4490091160073117,0.7901134715280625,0.5339959699444904,0.6167294873384,0.48092511628594714,0.36599759492429773,0.47495373230334426,0.665551273479003
0.6781949693679761,0.2428999305608999,0.29698947602405373,0.6738604307749795,0.47526054772599446,0.6194539083040677,0.5036845499709726,0.3285134591078137,0.4024348871468118,0.6106678382154301
0.9219439128294104,0.05741678973354192,0.47397315082151564,0.8034457867525082,0.5841755514512633,0.6085251707872974,0.5208855946500301,0.465112024726321,0.5497715302040371,0.6686608216424854
0.8826953105436763,0.4091547572176423,0.6303961696800029,0.7884049261895091,0.373603799156148,0.6541869680962383,0.5894392048025833,0.6734639024235072,0.5379345076432729,0.7253498466983788
0.933418601589643,0.23017426541858965,0.43539850459236795,0.72343127712063,0.524487476030672,0.7014104618805934,0.5343336101619509,0.6072333457894122,0.6448665674742402,0.7204530080099033
0.8953367503486541,0.5364477966997129,0.6112873270424086,0.7616859054726081,0.375539527535114,0.6287431074953517,0.6193687339483963,0.6545313610015431,0.7281869870304176,0.7797294147429162
0.8593581598257075,0.07818209836344775,0.5213794198498627,0.6650348801868362,0.4705339571819965,0.6721150707963437,0.4914405595387201,0.5673431017928772,0.5066652661811222,0.635687148202065
0.8993260479945075,0.3686585996355517,0.6434193969986302,0.7473033523311607,0.47159796300334106,0.5836325656981832,0.6790555099381664,0.525465876567994,0.6224600530548973,0.7595874680346049
0.9538284372762523,0.4133928626523299,0.6353225574618002,0.760840058363977,0.5112660606504164,0.6229659786703382,0.5739034634944784,0.7221341985992066,0.671384949633265,0.7653355294549675
0.6909853166860949,0.35997529272157835,0.5910774157952077,0.6889157352238438,0.49437958419612055,0.6160209286767234,0.537278464760926,0.46495532719143273,0.6291299775332951,0.781860926605389
0.7505898355759999,0.7566848373921311,0.8869825586517823,0.7322880595054759,0.40181894422263775,0.5501904638804626,0.6683347892048915,0.8141292243716748,0.8811695266467257,0.7732568214126074
0.8030170429393914,0.8314479638009049,0.9459114071630913,0.7464111761271195,0.1710145620753654,0.7787784798467515,0.7989089642136228,0.8910899709101884,0.9758138634934456,0.762306774733528
0.7097191405376884,0.7126430280336403,0.9766289613910442,0.775225167335056,0.484410625373019,0.5832218319579758,0.6902419808793495,0.8666427174530404,0.8847797554260836,0.7365426512020599
0.7582992116707238,0.5977409157768294,0.9931547363699221,0.7410866598255796,0.25225160191620044,0.3220555876108309,0.709036611163743,0.9197859925562326,0.8807782188360329,0.8015035773513377
0.6054495395097189,0.5009477552745107,0.903677489714362,0.6090008621181396,0.30872449114861367,0.44449363583097273,0.5876025528516136,0.9250783068384028,0.8911468305769142,0.7360509207750302
0.49676092997068694,0.5661121326882714,0.8465014690987247,0.6210388390155899,0.3054014380623659,0.5207619798331468,0.47690528382892533,0.8688775098395318,0.9311798881740452,0.709570591730247
0.4740327358787034,0.35772710647439004,0.8778863232682059,0.5138763401260131,0.3201979405026429,0.48491261722694246,0.47821643950924303,0.8327025190587226,0.9043076720825185,0.5953573409786619
0.5489267373985638,0.4130804969897713,0.8611882840745338,0.6194036768391932,0.3618822168887234,0.44953908561673095,0.5363228518494672,0.8555103011385806,0.8172906557487978,0.6095332349727662
0.7849161739605314,0.5852262273233811,0.8466675170513335,0.6950888728047999,0.3184573324246855,0.485328254921029,0.5598629226192097,0.8979859392563876,0.9051610544904038,0.7669530845769319
0.5595803759320525,0.3917405905992359,0.7506802108020059,0.5900681604991181,0.39697369241755015,0.5255926294549925,0.5248089015039873,0.8864178679084151,0.8297198662379518,0.6828184005510488
0.6148895076877022,0.4433391016582847,0.8133637870335715,0.5950242016294122,0.4136601029572269,0.4801230727148529,0.5253144235950885,0.883533035834027,0.8331708697476841,0.7752416246214026
0.6519292041649947,0.5529119067103245,0.8762964351940505,0.6280864518226139,0.2758089554475711,0.4460667298024918,0.5080498869139005,0.9077026389145612,0.8621588501622992,0.6683275650933886
0.8228677779819721,0.7536693792865014,0.870958035661824,0.6755290010219965,0.27186382427107175,0.5095895317170578,0.6412674027302788,0.9312763836471317,0.9243861218192719,0.7163171730524793
0.7635573588244398,0.5972161016820275,0.893409594269245,0.6191680349529779,0.3093147711210151,0.4511674476219214,0.6080363840023767,0.9028650584329929,0.9123815120491201,0.7385765082360842
0.6224790859918913,0.5312748469365015,0.9090189973776814,0.6120902575091515,0.30908512518005454,0.521852745146496,0.5905345782484089,0.9053208926698879,0.902333441332431,0.6992635272041838
0.5252625367790896,0.5393838308066865,0.9009221578408515,0.6373406722760703,0.38989552401766425,0.4503080450064431,0.5790915281723035,0.9019435827091526,0.8835704486007558,0.776915935509928
0.688802008652314,0.33203370781447306,0.7158727248174857,0.6213675256254486,0.36328678158712996,0.5351192660599248,0.5090937400515531,0.8573451036599588,0.8827170661928705,0.7005366624977517
0.6033021922736359,0.4767575462571777,0.837070029678838,0.6736556021173994,0.3341508453000252,0.450401193583808,0.5531559087109613,0.8477985251273038,0.9007151349997855,0.7232180071842829
0.46700337445981227,0.3868498077787439,0.8362335736536081,0.6624240241259441,0.41974009465553025,0.5119177238292548,0.5280679414180711,0.8269145177652962,0.8445697808627017,0.721297658431533
0.6947967232124721,0.6100767207916561,0.8855649347924213,0.6182258542868978,0.3709789818136555,0.4071744258586081,0.5503119836320801,0.8786974399269141,0.8246328646989491,0.7472006280383638
0.6913275206491662,0.48103321091015216,0.8845624308145823,0.6161728696619196,0.3466892753380128,0.430705886209431,0.586430805012266,0.9065138894580982,0.9019067501284881,0.7374211225513706
0.6997186299347634,0.6000157323175932,0.7904109764372307,0.6205677061398854,0.31064268781385557,0.38301114174737566,0.6490977261893464,0.9132182590831969,0.861838309138107,0.7543438686698749
0.592545975304809,0.6124357344285092,0.9319718079740221,0.6972386714363517,0.34093406028476725,0.5487220889171907,0.5318994303396752,0.9038063681138797,0.9075796681410594,0.7939272825641106
0.6899776887775183,0.5220877998062852,0.8203750986162582,0.6018663466525137,0.34732088673331746,0.48034235955311555,0.5147354290189196,0.8997609904865281,0.9435758057548895,0.6867907840119711
0.8851630764345837,0.6320843011518598,0.8679536318593999,0.7085340444490326,0.2530991390005808,0.4955070247401479,0.5951674178113805,0.922588764162805,0.9347724252567782,0.7446283514248108
0.7635351503648352,0.32434207251577424,0.8015952437527893,0.644598186562829,0.38088660760325926,0.4153210031415688,0.5634392049328446,0.9006312222249986,0.8107622648434007,0.725149153802597
0.7040840985141353,0.366691547249043,0.7283947001471937,0.7059703051929982,0.732561973066933,0.5313698906803416,0.636771774939711,0.8232110988512972,0.8049811061661386,0.595407413749829
0.491996025202797,0.3886668235554239,0.5758893488304792,0.5244534900146222,0.6204839197838165,0.4850269065027126,0.556120575333018,0.7807164793867853,0.7068992304683366,0.48284393697941264
0.7874964484232063,0.16544631490112277,0.3893175110537994,0.7367549739350726,0.5989852512094463,0.5093070376525695,0.5328580698775006,0.7874124350253712,0.481035649823233,0.654742352873934
0.7980678613586762,0.21174408972459688,0.6146207186189577,0.7702063901928445,0.7089338654186282,0.6266376081797559,0.6287570211792862,0.6683989350357309,0.6327381158277127,0.7126903149149977
0.7851525621953107,0.2606644908250553,0.4767191583017482,0.7434502384347665,0.7146881100836515,0.5462778021255024,0.6256734157727778,0.784678369559882,0.8755673754206548,0.7342358128015449
0.44482897015390777,0.28288611344254555,0.5252264959397018,0.5530052086041759,0.6464963156054672,0.5272774080209227,0.47729035805373177,0.7634093866946944,0.6357447364368773,0.517667504672761
0.7260020844332324,0.20484530233431417,0.5606213660205386,0.7434263431568104,0.6565717424762885,0.5398931986798349,0.6282561240173233,0.8117305258981151,0.6228690525622148,0.6586294687944056
0.6222992399180806,0.2636807344608763,0.6339755250543728,0.6706671056878319,0.7462347694857366,0.5556155784192788,0.5726806430855764,0.8416364666341914,0.7846903560698844,0.6463092414981284
0.6466724762230286,0.21375593667836537,0.5403346470592189,0.6997110578664393,0.6702599459735832,0.5092396273474914,0.5882278743664161,0.7290860131662906,0.6062925909401288,0.6797761838888131
0.8531317097473162,0.15889607571686157,0.5819043726975123,0.7239803432723887,0.5698830639523216,0.527546509709823,0.6446454117325773,0.8070835652340961,0.6892924694721141,0.6280476900563563
0.6484330408928902,0.2791498859518856,0.5821441202331478,0.6159909710415378,0.6035738187194118,0.49773615615038463,0.605045078267958,0.8264276302129482,0.8277987105777396,0.6527216800031279
0.7675571639081309,0.3018120044524751,0.5310723637230335,0.6738756776267024,0.6988485403551123,0.5393851919738254,0.5623358044935887,0.7624867405759133,0.6758464703355682,0.666631825120285
0.6982808668113913,0.2820776652697342,0.5784755246202882,0.6420391038362774,0.7206500317906502,0.4344155162259638,0.4404041267047695,0.772926779525491,0.6050125173283006,0.5145448712650738
0.744653588761542,0.274165887051991,0.5675496536269211,0.7247410695540808,0.6126149310319167,0.5280440870816182,0.6160671605198472,0.8197585768807215,0.6157547451832492,0.7253056416983952
0.7261139176564502,0.3550629023859774,0.6175358821828922,0.7225433790271454,0.6624534769714774,0.5662724236663069,0.6589081652813803,0.8536878185404402,0.8074548853916099,0.7920291598012684
0.7487046478610591,0.34168667021440174,0.6105338949934831,0.6937128247421279,0.6304363669727163,0.5116231440093254,0.7350341949682471,0.8419181031912414,0.8517725467247927,0.7213516612183934
0.8122887663276289,0.47319805452892416,0.7614462501049495,0.6523043510774278,0.6913199700892755,0.5169469384214026,0.5984927251415725,0.8557627253082525,0.84355508270025,0.7354211359952888
0.5430688160471565,0.1776992102355123,0.5412479107985678,0.6671726049019263,0.7376648015690788,0.5209735566831255,0.5682024627144215,0.8032257534913141,0.7555056765074526,0.6792320294915576
0.6900692252439671,0.16787777539616877,0.5987622435816083,0.7291262708219437,0.698171536757911,0.5824292811753461,0.6107485763436228,0.7991599070448481,0.8065994124987841,0.589432354778089
0.7524379635401542,0.1444066511930091,0.6032735114818829,0.751163367698279,0.6609189711754231,0.5915564783686528,0.6470029747530698,0.7206703728835456,0.6128032901489007,0.6464178516814643
0.7607216992196075,0.3868927595142994,0.7232991562816948,0.6791794791358595,0.6108283056228222,0.5336324450617077,0.6804744648588791,0.8066644438329849,0.8206136364122736,0.7366696792163345
0.6417318685477496,0.2798642370256915,0.7132803327654916,0.6922457295926798,0.7190261677053728,0.5558916411782634,0.6420070941635273,0.8123845023044667,0.7688257432826827,0.705867409758532
0.758764451091072,0.19404515867847177,0.5336585395128426,0.6525992874865476,0.7478355719575583,0.47971525773676915,0.5299091198205229,0.7393213327589162,0.5441891611595318,0.5953470929532367
0.6429945485497947,0.48636197825452343,0.8304738379776737,0.7199664142482025,0.694050732627007,0.5978374626326362,0.6384952414745438,0.7828279107768213,0.8351253183162062,0.7686941849690792
0.7306837187479768,0.2770652859578354,0.6660401116897532,0.7013016011005981,0.6814999690111947,0.5114181048028775,0.6551203215570072,0.8139595950315579,0.8024740340323577,0.7562472773107656
0.7901207984951016,0.3392551362022216,0.7250550923084591,0.7233630002470668,0.6272319552521675,0.5487615975266585,0.7481608682183355,0.830146844900393,0.8164174911593469,0.6757305696897686
0.7855974722266775,0.1774561847670496,0.4883278698921069,0.700877912852044,0.6520226824902644,0.5216928243515158,0.5886859111411075,0.8071485550751816,0.44040107454084876,0.6716747477975931
0.5582510618845963,0.29620850782145514,0.6135382987959073,0.7336974813870508,0.7125578363025323,0.5987686582645527,0.6528673540252433,0.8006668024173575,0.7218573857577775,0.547544081506651
0.4220168539420115,0.22258660970784677,0.4901575055018978,0.6059017987351915,0.6824023317293388,0.5289684831011084,0.4944149216347591,0.7679332437897028,0.6868405629131489,0.5316591375750022
0.546629778926339,0.38343558376839526,0.74475131904237,0.6346515859760632,0.6365149371206232,0.5025399436522938,0.5962746022631027,0.8363055112224739,0.8239033241674396,0.6850513567999813
0.7193076533732636,0.2018173000701802,0.5528348654712784,0.7351515597747208,0.6963900999487833,0.5227278025880125,0.6652005951169911,0.794241687910591,0.563290386612024,0.6833733168426257
0.6137053427985606,0.22339902168464543,0.5127875445862985,0.6969476069456718,0.6767528531508062,0.5291708697641492,0.5929691652582864,0.7681127945216845,0.6274762878073996,0.6148893401985202
0.7485083334869275,0.24625568683335347,0.579145932692909,0.758679148223867,0.6445332162846257,0.558435518187544,0.6408434642665615,0.7969698118780644,0.6020256789007018,0.7671633072593972
0.6555047455847893,0.802676494054805,0.9198680606569294,0.5017911882209162,0.32876525829212294,0.5289969780439516,0.5906172884488224,0.5810915167661461,0.8105853478771499,0.5949310669704118
0.7945797937499802,0.5542121152206287,0.7818097767803889,0.6660526040503292,0.25788078654569435,0.5397024342245554,0.5086425269521004,0.496424601092379,0.8142840351396334,0.6662458908618254
0.6784709878386299,0.7138551026267574,0.8010939917638698,0.7014415286453273,0.24720040859676423,0.518422564041019,0.6820544754744439,0.511585789013362,0.8605780177078444,0.7768704490688064
0.8208005496493589,0.6328344013655879,0.8023424595395294,0.6303179104009737,0.33491141880398434,0.676163273713649,0.5063358025532535,0.450309019488679,0.7970529807424187,0.8216231836059766
0.8227833699330043,0.5318080741067149,0.6538502322652633,0.7017207402251576,0.38110136695944646,0.4798711632581177,0.7190126494671129,0.8119136284337012,0.5624546959007638,0.7545182607385913
0.7030610449217474,0.8718717018195465,0.9901503325674985,0.740088384901686,0.313086335794514,0.6083501394985324,0.7053085580236579,0.9321969559613841,0.91547659114141,0.8066237144192321
0.730824154564375,0.8257216279298719,0.9660258619096171,0.7339786522674745,0.43299477386096924,0.5453606386145301,0.7338174020488096,0.8401226262430848,0.8347517022021389,0.7676179364403082
0.7378341514174731,0.5301357401857705,0.8452467850608798,0.6726114521106534,0.4355136309430815,0.511488277228356,0.6545146293508021,0.7791868936231756,0.6922616162030879,0.7470630625762786
0.8475025194749128,0.5390899104736292,0.8900699864305108,0.822375475798318,0.38595145029397926,0.5745490643313985,0.7786842806919051,0.7999665967755257,0.7714212738995891,0.8057082318701644
0.8760955880474781,0.6598860606376474,0.8403203972790826,0.7624532944650585,0.277975695731137,0.44462388939003095,0.6836043623452,0.8015396983937836,0.6898606942490576,0.7869437890488807
0.8516643539565988,0.5860520466726442,0.9728711255396947,0.7595890260586416,0.4706040331134577,0.6084521121415349,0.7596496128559457,0.799454931605168,0.735425136285759,0.8394172394572899
0.5861217695493179,0.7775077441752273,0.922789440483049,0.6466652940549339,0.39075602509714763,0.5195152747018654,0.6767923401628136,0.8323125351762583,0.8078971778072374,0.7547946539192997
0.7591979044185343,0.8737817507738501,0.8517599527857398,0.633996286179626,0.34696560249168773,0.5458881737299788,0.7474624420245813,0.9355444824213291,0.9558478814593581,0.8405081701052101
0.6497699299251986,0.5951543972557287,0.8158638307159836,0.6848527686279449,0.3348026509379408,0.46216075134052476,0.7762225683466055,0.7977796526833334,0.7094593776919931,0.7839324980178064
0.781478623018133,0.5071243473517664,0.9060114854441649,0.8174276846460228,0.45924621807969507,0.5936796336167464,0.6914864778170678,0.8370275431039559,0.8127344051085481,0.808065814967304
0.7545588939500111,0.67531497778609,0.9296315959820343,0.7065569139971756,0.36658886982019456,0.5042099642819401,0.7218130582197472,0.8575187170067444,0.833044937386368,0.7827406480801755
0.7417638831174547,0.7032148870188015,0.743748815064531,0.746096066470127,0.47676787132681075,0.5610914344746147,0.7283056330230405,0.7610557914864995,0.7647336577245663,0.7630965557957576
0.7346699425679353,0.5777635145219037,0.9276296961574491,0.7361007188742384,0.29381085859092865,0.5069820176127863,0.8414378858229483,0.8280394575515373,0.8035043334064942,0.7891035335899848
0.8153036454589629,0.6130841413756146,0.840071325350169,0.7332717279841293,0.5365529727084974,0.5284545761868079,0.7928891612804404,0.8213371591149327,0.6670961649273321,0.71464548189864
0.6968711073567355,0.5197377209606169,0.6421678210918781,0.7361338260040441,0.5056650324605318,0.5250567243235348,0.6821849132541261,0.7653174432831069,0.5974892104420175,0.7115996063577242
0.7654966508876891,0.579378777819054,0.8889844584763674,0.7228075641034473,0.46572609289981376,0.49649038132836676,0.6965510417303126,0.8223429999725735,0.7629936000004857,0.7739059155087039
0.6062182612684585,0.4658706217574402,0.9040095856195798,0.7073325673058524,0.43773945367231126,0.6086238771428749,0.7109801657154587,0.8252935837107727,0.694894620698185,0.7945972285378302
0.8277927923068068,0.5785790777615227,0.8474178409691666,0.687393542002825,0.3423227597969671,0.5359535891201821,0.842359835992666,0.8684741948893963,0.7608226701025815,0.7742132794776604
0.5571414104330906,0.6702494208786509,0.800005355678634,0.7369021621833352,0.299071884066854,0.5358647070131406,0.7448241332310396,0.7983465437920493,0.8411364690495946,0.7126060367154072
0.8460016891112245,0.6839725479902479,0.9333064078570791,0.7801810926630733,0.2887264559582621,0.38716045470638427,0.7922065623965261,0.8465757504475361,0.8019391021637241,0.7622882991515788
0.8272019783460779,0.7481341845959794,0.8661945877015428,0.7620650518773578,0.45794831940662,0.6178927021130721,0.7966000413897314,0.8171016623577776,0.8332416365341845,0.8699270620131762
0.6164342850926444,0.7439257232193033,0.9627723861782796,0.6640687420111605,0.43697798342640365,0.5077779608055683,0.6701179108071761,0.8552741147078036,0.8127520968051731,0.7223613104490632
0.8507163823393182,0.6953204462581215,0.7341482195609426,0.6819226777024007,0.3730697722232501,0.5264002706017223,0.7544576601410591,0.7669028715230314,0.7759379601767078,0.7786592014732511
0.8729297254451318,0.670690477134001,0.9515050948864168,0.7004578507480302,0.31377366291489966,0.4917314025427886,0.6775725318644189,0.8751233093941129,0.806884570129726,0.8294189764519633
0.8400918993265543,0.600072073547224,0.8150304828218462,0.7709909464562831,0.39458353969586457,0.48314512192825493,0.749747134342611,0.8437381905161635,0.7217491450930865,0.7532395024396714
0.7894166300441838,0.5988254826624322,0.9238749684371922,0.6879527605502267,0.46126369964325575,0.41566986607444734,0.7452828864081988,0.9069851336578411,0.8233881744803713,0.7636379959467972
0.8086500913359299,0.6010278799577766,0.9676956658289844,0.7444799286284475,0.40937568710041944,0.5377515304614146,0.7854620469496584,0.8234220013436411,0.8127344051085481,0.8425082146715648
0.8180402170569153,0.5805609408738132,0.8121091029957268,0.8184678428462003,0.47101724312336046,0.4919261195192251,0.7212449505419453,0.8567651128721472,0.6833697772218512,0.7462576117162729
0.7583559539422441,0.5742641533738899,0.9041756335721887,0.7949304047208189,0.3362382939752615,0.5556024556213195,0.6566716334686533,0.8740478403967327,0.7897398837306964,0.7809382006568323
0.7256074389093679,0.5578862687148038,0.8156178669181628,0.7615504871186815,0.591674964016711,0.5145989045916637,0.7452988409174696,0.751764496129363,0.6189361922737244,0.7295049701782982
0.7757834521396536,0.5349424010621755,0.9390661435330134,0.6634572546510503,0.4553111390866841,0.5141777590977686,0.6610856715026308,0.8656933716932355,0.6548615631010541,0.7759528787707335
0.5827745721355702,0.2878837100249083,0.8803033429743135,0.6263136906950149,0.5342945112565202,0.49175693788959657,0.5198357786707898,0.7493761014525699,0.5622756884495724,0.5429859519804079
0.7239671543419031,0.3453750388624673,0.929216476100512,0.6458421021548232,0.37943665830832507,0.5385623143592166,0.6237188657763616,0.7296243963699599,0.7994674134231933,0.7048629324836593
0.46727614190088107,0.6452500161714125,0.9977459201154091,0.6407687849926299,0.31384148025057546,0.5006387942403984,0.5588374100355041,0.8683811449496831,0.8783419134887525,0.7098217829951009
0.7006976523581463,0.2729187049780786,0.9590975743032348,0.576792442180038,0.4572234255783404,0.5219995073328524,0.6941183062424111,0.6891965538981022,0.7873035783834157,0.5646350394992516
0.7111261757635283,0.30932502829008457,0.9380636395551745,0.5741861502561008,0.41089455392996804,0.5768687348716223,0.6817896229192151,0.5769278576242725,0.875122992520087,0.6891306240199491
0.7501590491807669,0.19839855472608547,0.9333894318333834,0.6186380314814737,0.45014972832769756,0.5852801931285628,0.644444019720186,0.6591357509234173,0.6734653305631031,0.6119928222601991
0.7103257289618269,0.13435051165761697,0.9201202407169353,0.6597927870295621,0.5343863708498818,0.46331298793204484,0.5237366299145331,0.7107032380662014,0.7612670530031493,0.6324944869060032
0.6627890945107654,0.21194208395242278,0.8911555143846541,0.6195642985828712,0.4411416927971807,0.521086325276182,0.6356770278550204,0.609308047130442,0.7462735143204584,0.5718478352165266
0.546742987965883,0.43310885804438837,0.969282445772047,0.5291876639979517,0.4043623049065471,0.5322001732400946,0.6161524222326183,0.693808768773761,0.8178037149509256,0.6082187232543956
0.6311954818720001,0.323493268653133,0.9821365170069727,0.6186984038192398,0.3945561673794496,0.4751644474867507,0.6843233996276415,0.8181795375846787,0.8646305389028299,0.7217891252511891
0.7397303712180521,0.21597113696223588,0.8732858151294416,0.6343064336231836,0.5448304302230192,0.5433583547073909,0.5309294558327536,0.6610081158896479,0.5624900792940138,0.5653827129595226
0.6261543670518908,0.3255668133053463,0.9185334607738724,0.6011447464370617,0.46086544075353,0.5396541797419757,0.629944799862901,0.5754802446298688,0.7349630616885661,0.7294960095199785
0.7310108490901176,0.32219033242577283,0.9099353692481233,0.6843586415701195,0.510633094740182,0.507681758976912,0.5567524923540811,0.6712734305436299,0.79270903046167,0.7235620733649413
0.5221824461362636,0.3931693398799845,0.9565113985134256,0.597619022207437,0.421276139821045,0.48001806125411234,0.6592151398171976,0.7327070628752727,0.7795502794410062,0.6054244267835854
0.6623546961013418,0.2628322359180134,0.8760473632651373,0.569705537143448,0.44004124330623495,0.5421839078336496,0.5365158053421889,0.494421683405423,0.8323507802481085,0.5999731956465619
0.48941006277449495,0.5734232146013051,1.0,0.6183530056879539,0.39065918020984125,0.5055580074172575,0.5759093257530828,0.7803305253642635,0.8963753656889178,0.7983857326512817
0.6721029770048106,0.26761656356082736,0.9293856321842134,0.6666354352527025,0.5015435269657532,0.49616868709861284,0.6165167372766085,0.5707377071360836,0.7887074938716194,0.7459405352713517
0.636787537153208,0.31369413162958654,0.9720377776455577,0.6511866157701305,0.5227286824907602,0.47974151497874845,0.5568648475145307,0.6590742368811852,0.8094801007466323,0.7769132011432599
0.6901587995907662,0.26290406628432905,0.9291334521242073,0.5573818153661416,0.5081178303584788,0.49421063958489825,0.7212726301012061,0.6679099418201554,0.696157002613388,0.5670815488663702
0.7162565207331502,0.32890296145324166,0.959183706410632,0.5409372639562294,0.4576161901245353,0.5413984034683034,0.6444242178767533,0.6817559842696301,0.7806867289948933,0.6083374238131751
0.6859164769816076,0.3971339509454289,0.974706977411671,0.5706177258960213,0.451435963981291,0.543608045258186,0.6117367437672488,0.7102455058393986,0.8061727212948413,0.691064269931527
0.7060425631662721,0.31319816777592696,0.9814692170654442,0.6042093090833431,0.42221652225354656,0.5448085488028127,0.7470078367849212,0.6776245551086002,0.811436639800095,0.6806038268551751
0.6339854447865216,0.4883071521879627,0.9815522410417489,0.6138537239611532,0.3480758233010364,0.5010938773594465,0.6071854010290698,0.703451701306431,0.8495131583437633,0.7120172166988933
0.6190803582798874,0.36709766450399767,0.8863982826865583,0.6306143115013217,0.44991154799514194,0.49427702055600103,0.5796445129840709,0.6582829986719672,0.7446728996844381,0.6192196534634794
0.5910822304765699,0.41396324353534975,0.9548415945940587,0.5645399280599759,0.4326030754164959,0.5700237668840996,0.6339135246385149,0.6557028895389946,0.8469176277268569,0.6610544716313964
0.5068290389995727,0.34253895994247563,0.9601831022573782,0.6104693147339003,0.41080220674153833,0.46009754331195984,0.654171798147531,0.7073049093614331,0.8287405514687505,0.7039039191989832
0.6657175028566971,0.22576506223411372,0.8453298090371841,0.5640493428781796,0.4591752220931798,0.48113953005165744,0.5016887118503025,0.5568587618319983,0.7378968250262897,0.5991778628932549
0.7317767395029162,0.18766008259090136,0.9229554884356579,0.662870989217411,0.49712261911686983,0.4928137605625748,0.6231929297066023,0.6270664634301819,0.8078971778072374,0.6609644412517703
0.6531540131465311,0.32079284373553224,0.9277988522411507,0.5864594738513884,0.4476560491233486,0.491028580274133,0.5853595794962029,0.6633393908997911,0.7902550334177645,0.6100103219412245
0.5691359799234237,0.4941620194261923,0.9652755379917841,0.6320336173164053,0.39050619236430223,0.47102229044754207,0.6029496304810622,0.78113315230092,0.8466855451857902,0.6984959774028988
0.6574644463441772,0.4517112163042706,0.9670283658874558,0.6231215109982302,0.4203887741266616,0.5339532502747432,0.648066591201211,0.5862036547875502,0.8595435373638274,0.7379687990801258
0.6961578221370283,0.33318982759444277,0.5683767852588731,0.5780095589481397,0.5383615835730402,0.5760908364202939,0.6370358446217552,0.352422153142825,0.3895633842420303,0.5347645160926524
0.5952773330738332,0.5196806905397969,0.6732174712250487,0.4891564912034699,0.4974617427940288,0.5193754802123649,0.5612043815539042,0.4077960385622553,0.6784128890140455,0.46432091939959985
0.6521037626188994,0.47034592171722606,0.6415005211503495,0.5608259083627439,0.4226662164244502,0.5280076326103019,0.6305653341831637,0.3477175473477014,0.5471645793453268,0.5436914081919475
0.5365515767600948,0.5483158378717071,0.5789705603470224,0.5781695297172003,0.4080489926083712,0.6346907685039772,0.5588124301471994,0.39188309103763685,0.5056766216550571,0.6231837025487736
0.6712287801719765,0.4441792806695536,0.6157923786804982,0.5134459299748323,0.4389450920676922,0.5518856009541515,0.54762657594257,0.46552298904161626,0.7797095047106323,0.3917083816932329
0.510268167070348,0.48848700538560336,0.5009266529359341,0.5016526891779914,0.4354449219858388,0.5119033458632023,0.623787416926643,0.4530926952034243,0.6418464361383314,0.3292671483830744
0.5223515886259882,0.4812679072553097,0.5110285004284418,0.39601112139537326,0.41631609296473965,0.4889782362187367,0.5620050450243302,0.4641339907206473,0.44351802629964454,0.41323993279534565
0.7876853962532466,0.6250166150167247,0.7980065639851415,0.6160889559632825,0.3816499880195453,0.57778111193867,0.5963546751130743,0.4698715943927905,0.8314266310537226,0.5960744153347517
0.6838094656867082,0.6713830737065135,0.6290677860591316,0.5981999473964144,0.4305500953875555,0.5217140248098328,0.8031427271580505,0.7154385682795952,0.8405703347575915,0.7644204779008867
0.6590124975678731,0.7080068754445668,0.6192181186266297,0.6627468391721706,0.4878268580098031,0.5528542147523833,0.7108049552728586,0.6738142100682206,0.8192471948022604,0.7467691473338808
0.7514939029166727,0.6933972422333016,0.6288156059991254,0.5633348321901759,0.5702125000002111,0.563373798460257,0.6672656337303943,0.7268757966437093,0.8410677927480347,0.7640385142318351
0.7862656239398607,0.5978266336815345,0.6450923090490899,0.6732383921125639,0.5468547651129558,0.5783506756433926,0.6460666812643577,0.7339203004993397,0.8139458024188162,0.7486007938596387
0.6739850141041704,0.6623753037414587,0.9336416118933896,0.6707587909705095,0.4072023734400951,0.5160301059723413,0.5521781735981888,0.8436872493309384,0.8670845359467356,0.7882107945889978
0.5533296581579605,0.5947754333286516,0.7741342733872663,0.532026274887033,0.4727856009307304,0.4236778486371442,0.46885041168906144,0.8206891714643851,0.7614970450592755,0.5960615295088341
0.5841579595394669,0.7524249570332749,0.8196216665673328,0.5913816425993125,0.45464882044852756,0.48692177209259474,0.6499649575738006,0.7614831494583748,0.7825215166569206,0.7387310823729641
0.5665915411948884,0.7036597292150579,0.6890790543934912,0.5353581999857532,0.4574320386687537,0.46798462510637284,0.6889631379925877,0.7049579632688321,0.6748401341128779,0.646732546181946
0.8252573139938169,0.646436304728795,0.6807331429277474,0.6436511418957909,0.502035331371743,0.6339660015831302,0.6715970132752379,0.7358697638637371,0.7739325270032509,0.7122704592431921
0.8031409803288272,0.5873729556496711,0.6153772587989759,0.6926628309696438,0.46063457713209727,0.6215160393970124,0.7776500162735419,0.7123566358975812,0.8286188000773151,0.744264324736889
0.7335997148524661,0.5428428109495665,0.6232250264068926,0.6086253168809532,0.49327425892567706,0.5091689944893002,0.6482876984783628,0.7180030766576639,0.6924999701989756,0.6791032680807627
0.70997820924302,0.5158525009541037,0.7864870926332723,0.6678868952128808,0.39990751177751704,0.5229217851020088,0.5678841706177017,0.8061290967207835,0.7739283460333701,0.7034774481886285
0.7185941798122606,0.44507930700238996,0.6030244395529695,0.6618117101607095,0.5745559899122366,0.533007624641356,0.6392411723038814,0.7810218671756031,0.766389437935402,0.7207281219580606
0.6620190688743287,0.33587092591594025,0.795666351993153,0.5201510706598808,0.6398552814232505,0.4612539771690649,0.2959854563228194,0.7356216485913509,0.7719187318900321,0.587209090054575
0.5988761627082656,0.3392086658514896,0.615942885977644,0.5923190048337723,0.5115824096936451,0.5441826131741568,0.33879428126237116,0.807785157298105,0.7631330430885461,0.6517362630904727
0.6629527642716602,0.4722812825651354,0.47896702192415413,0.5913689382132159,0.4926444023569191,0.4490561599021589,0.45506878268369005,0.7144917633427341,0.7167152186439593,0.5147992095545535
0.6771736698984572,0.28940066818486543,0.402251498133937,0.6086721246428606,0.540000918327354,0.49149334603118816,0.4509834147107545,0.7629931455487746,0.6793859323284258,0.5415100597892736
0.721121096745989,0.4531120063740024,0.48322300163333026,0.648691256968092,0.6325428715080472,0.44048888082596144,0.3967823438328266,0.773062139636961,0.796301567544403,0.5674259189952575
0.5185898819626016,0.5112065008849626,0.5623617613918399,0.5494765466538943,0.4630248146454917,0.4630423462588385,0.4397096390342332,0.7697509774595364,0.7903434919008899,0.46716136117958423
0.7488122798234318,0.4021442880238387,0.6886577182497835,0.5951798815754328,0.4909641062109805,0.45773306861685503,0.3085340361326612,0.8449807242538206,0.9027778242329987,0.6652766269192462
0.3738505951094987,0.04751131221719457,0.14476021314387214,0.44773946215845256,0.5608557913891857,0.37755709877813337,0.18948387092348565,0.6494522882706545,0.5614555989499969,0.3327774532358859
0.4353743183839877,0.41277398859103726,0.4902125562983686,0.593849393451935,0.5742874373687685,0.4184396269571579,0.42728615336911685,0.8506062640660206,0.6990907659511116,0.586282369580077
0.4199144538881262,0.09181617448980015,0.1660588215853271,0.5230696726852654,0.586736660894827,0.4273242898286849,0.298011682716749,0.6661480199100778,0.6830846195909093,0.45498214705188644
0.5596788807708222,0.20774480979161455,0.33471212557250835,0.6132511408453339,0.6046189041100225,0.425749873634566,0.3897035946092077,0.6599470059105582,0.6605344811136253,0.55312501260201
0.5103211294795645,0.29322868846039346,0.200850705805366,0.4015127738340905,0.5825919960939826,0.3315876956017923,0.2764959732812123,0.7531702490885781,0.6925998489239051,0.4383678303363632
0.6786143591173381,0.13519323137250555,0.5715254800962576,0.5503626055623679,0.6073050625352917,0.5255095992429801,0.3631539322554778,0.793301535481037,0.8455646968435879,0.6436792267060378
0.547839016712748,0.30727947936064237,0.6328837808380443,0.6065557924359021,0.5516857195128503,0.4496186402399207,0.4307131132173232,0.7383030710866751,0.72151706255202,0.6605208879151483
0.7900672716568753,0.4220562544553299,0.6012560710018346,0.5889375757340011,0.5207504875185448,0.4828319011352698,0.4213990267244527,0.8223956797713439,0.8299321665974531,0.7073677133690459
0.5658116832907005,0.12697725032866802,0.21907121086137032,0.4836650511717442,0.6654572979931945,0.5261374335468804,0.1719929351855635,0.7889437359658756,0.7631153513919209,0.6096627674009939
0.6164066506932611,0.33896724126168537,0.6209554058668383,0.6273614821734161,0.45455827180588876,0.4821625923706052,0.33339561986718946,0.8200627300529713,0.85997022856777,0.6283832213012863
0.654861768852103,0.42562990543959706,0.486135057066172,0.5617364659569959,0.575038109381579,0.4628553969341569,0.35029935809721285,0.7662260619649468,0.7112920748690799,0.5984064459178687
0.5340654289904099,0.24274000523827116,0.4235345048109107,0.48082441203574156,0.749381533552219,0.34124707180246133,0.30080990253148354,0.6977201999985432,0.6252148089414297,0.5640737642581453
0.5946789231452896,0.4134383988235595,0.7082584884830194,0.5988880159449398,0.6138020550515618,0.4376449349463492,0.41157150277112037,0.835106431087222,0.7583135074838601,0.5977089642762655
0.46745677384276657,0.3718406932683451,0.3824504905060735,0.5193309031213628,0.6673395495632678,0.35520341235400754,0.28781861011985943,0.7756352383796616,0.7070938391312127,0.5712597570406042
0.6801605879189279,0.48056620054757854,0.6085994784897395,0.6174536723937532,0.6152778183433644,0.4018507418094788,0.29073370537522925,0.7735425932053704,0.8267132456287873,0.6759623336644751
0.6472847989716086,0.4379816240145499,0.44422701926047514,0.5495306947331208,0.47136725365235715,0.4641718553843064,0.431692366068865,0.80190455380342,0.7231176771880402,0.42460067526246004
0.6271870587740124,0.28407046950647,0.5025778080687453,0.5589379254733873,0.7203381837070596,0.45525016728234197,0.22629425503344305,0.741547397044198,0.7851149567888864,0.6104092596537435
0.4610597539597877,0.32307500345426887,0.14885014490043938,0.5667666456581063,0.7017881289707083,0.27227920940942885,0.36120472458006364,0.6377460752901316,0.698202000149976,0.6826686015135958
0.49210523640309034,0.41966914585496073,0.6507534800932568,0.5249783551736529,0.6124520639454242,0.4473228827499844,0.20670153230116928,0.7681653616230272,0.7526759728645394,0.5236456486362363
0.5922312358070273,0.5836722992458715,0.8462492890387188,0.6192186624643662,0.5031320097893018,0.48521321683374663,0.3388325735668231,0.84276311284494,0.7987378728916836,0.7278546281096587
0.5541812060461151,0.4879517766320567,0.959183706410632,0.6035413326923257,0.40598937853831013,0.4380123895976062,0.5145668855747428,0.8944061383237429,0.8730956866801239,0.7574197536293387
0.48525679656976106,0.3934783182752518,0.4663526982248639,0.5657131777601148,0.6133480610042383,0.4507370950339926,0.3728673599896373,0.833459422004942,0.7122516074567158,0.6428078891147356
0.3779998644657031,0.24058792079487093,0.4997270196945601,0.5502838309299498,0.5654716368977685,0.3820317541029272,0.30475865824447984,0.7195476639183713,0.5646568282220372,0.452515409756867
0.5715290878265322,0.3836065162637479,0.6969050650837595,0.6436688001255194,0.5654231203375186,0.48812570517524095,0.4528661421777039,0.7680462610176314,0.7623150440739107,0.6759795204012921
0.7178617263128324,0.3471698569836132,0.4692865105753538,0.6918442339845025,0.7102800222070867,0.4794768003256394,0.47196654268835464,0.6647481608366568,0.8223027095314194,0.6605063534991246
0.7932565098705522,0.4240104348206449,0.7918254921654994,0.6261417925538697,0.5459374660386532,0.5080307755476353,0.260408770637701,0.849483388182245,0.8915735217808571,0.7327874800178084
0.5353632566727439,0.2695714728042322,0.09100682434327383,0.5826470509077641,0.6301673630366313,0.37211346184959265,0.34071294070915276,0.7528263873533991,0.6522816336958325,0.5799552879937444
0.5532338623236469,0.3774025110752636,0.5649510453127417,0.6187264253789801,0.6909341228094193,0.4758163663140979,0.3217767259494664,0.7439058541126583,0.8374731651803613,0.6439861228312924
0.5940133607384342,0.4151953028617908,0.7035136893092944,0.6213072256101879,0.6602102621653446,0.43738102922088223,0.44101116061094864,0.7874029144368154,0.6978283840359085,0.6526728898233808
0.46046951696783933,0.3935386565593205,0.6166101859191725,0.6324699462291152,0.7056306586304039,0.49966221505377634,0.4494543346414897,0.7611809606790129,0.7548469027624433,0.6647389994756224
0.6967090361713582,0.2756593800064994,0.6056812067947127,0.5532628171977791,0.5826867125541706,0.4859787008186254,0.2978331633914361,0.8108695438445045,0.8355343178235239,0.6510951701418971
0.49870606045820254,0.40184082663999143,0.34271661673975595,0.5891882860608519,0.7474417783660535,0.36507195924224906,0.3421403170785533,0.742994161044386,0.7675258874892892,0.6878329013582443
0.4412437649795567,0.468421979533331,0.19586311207393076,0.5813054713702619,0.6834358831731395,0.3827884169760811,0.3548195475236244,0.732783434864687,0.765480889952701,0.5652065765473567
0.5567033032044086,0.6292587588558172,0.6296884640342706,0.6204667591472254,0.661499115435241,0.4456917367496768,0.3399558299046625,0.7569450188978284,0.8134462539434326,0.7200463663487178
0.513800518826785,0.2452165396297304,0.34688957247262786,0.5033534157247661,0.6357056601560117,0.4489920690382781,0.2653448104288332,0.7665965391486695,0.7590784314086202,0.4659195708375445
0.6086091939808201,0.2701902566331376,0.15762988614327908,0.6180306352519472,0.6295168738303557,0.5104990330369731,0.4009150008128952,0.7177908302870677,0.6641447098929834,0.5752480898664984
0.5528300264269057,0.24232819116040233,0.2751772441783273,0.5122183393889431,0.5827451928516701,0.4071654966060621,0.31329056067271616,0.6931920214340027,0.7315120581788339,0.535884296046395
0.6216827655152917,0.3139949818873234,0.5524903370416899,0.5819421917569276,0.5850354757839714,0.4690316546957505,0.45194901931419157,0.7779027213364704,0.7927444138549202,0.5772592183602406
0.6479731878502099,0.21786676703872487,0.40718410217791945,0.6125893200846356,0.7043192029074578,0.4717826508421726,0.35125524223481935,0.732334966204002,0.6804006304908774,0.5901677355425033
0.5766686206508868,0.5136944164626078,0.8069243188917383,0.5547742255211366,0.46851724959130064,0.4329822945300732,0.4234596957162135,0.798965939998212,0.8487482344190034,0.6548293940770604
0.5199719101476242,0.35247565521843655,0.5782970441433088,0.44862300295938273,0.5853150669006981,0.49485048824022687,0.2532810390708549,0.7843221373809917,0.7822519602376633,0.4654710130719388
0.7165167850462617,0.2688705588102615,0.684718293790362,0.6282108567337537,0.5177173061402756,0.48822570388197395,0.40673276184567997,0.7586750482659915,0.7415247455022729,0.6429026692912638
0.6122145130890806,0.2673293831050879,0.49391534135324733,0.6895928291992133,0.7655525718155516,0.4537040004377952,0.4723306650716696,0.689284683184773,0.6910013247728253,0.6185654287270858
0.5996492951169968,0.47856927503839114,0.5459127941270813,0.5400142557648322,0.649237260142199,0.40902724876377405,0.26002144914738207,0.8031706324234195,0.7078764547525978,0.6521893432553407
0.606964659647088,0.34883717599113845,0.6573558880566066,0.47051762808116226,0.5633404640019176,0.4145439498631807,0.19645398874778355,0.7836336727496535,0.7581896656074846,0.48393558173686896
0.5427430523562957,0.4662079190291578,0.607507734273411,0.6269496368242274,0.4943677884774574,0.5068341149923205,0.4364631754012611,0.8045860217675306,0.806331946564467,0.6013653429324234
0.7672560335088381,0.49571198451753706,0.7902387122224366,0.6007079652293885,0.446733154929856,0.4578685081397041,0.3645469355582392,0.8803682837563658,0.8659459959079083,0.6991215827469774
0.6310077944477606,0.3591103482524843,0.5053362480733486,0.5468048901335986,0.5308848420128294,0.4220632845156598,0.33260975119272007,0.7978862500405965,0.74885344372568,0.5947394440133487
0.6985544583952722,0.3704310611433241,0.6720364867702305,0.5342069366708794,0.5159043834059375,0.4745870552918201,0.38714154101290754,0.8424713125815729,0.8375439319668616,0.6714324366815119
0.5689610409223405,0.3659285101925761,0.721374064171229,0.6123410343415853,0.4829564075568747,0.5040829010585869,0.3474763307542748,0.8460684631856153,0.8475566192903007,0.6889731691542156
0.7550791052810661,0.2178036877601356,0.4050649889350112,0.5641411455055603,0.5639469289778464,0.4983045527375858,0.31444651764128934,0.8087695701790307,0.8223557846212945,0.6578384031793805
0.6393440314409106,0.4231316879530663,0.46927718618207603,0.562398044022006,0.4683100967881585,0.4769874987951255,0.5136681467344387,0.7924264621975874,0.5972748195975759,0.4933374437442587
0.4496458346137805,0.4269381727630873,0.5723712605147654,0.545808909330272,0.5795710028499594,0.4612822795189054,0.4447903489913791,0.7676978692900054,0.6331117319417802,0.5493390445340406
0.6053172440494591,0.2851138958916885,0.4015686575369458,0.5787045509193848,0.6518638664055036,0.3540300662911595,0.34554620905417677,0.7259457631730042,0.6249119596138626,0.6194842865642748
0.6634520233858869,0.23271735398662322,0.6058472547473216,0.5882399207778075,0.528722939201202,0.498964116271631,0.3159250565478203,0.8216900285531622,0.839962545617517,0.5474411753426496
0.7405596521053005,0.3681419221549394,0.7139476327070198,0.6176167805619497,0.5134633788088895,0.4688746197774085,0.422946126253081,0.8519284638086986,0.8747493764060195,0.6815451672166333
0.6927809267900643,0.15391070545637484,0.46217974249199234,0.5215972092829908,0.5986127995855365,0.46419027303212984,0.21785518762909653,0.7954408716982944,0.7903434919008899,0.5732955733165036
0.7191190946684878,0.2634923750211492,0.6257863371479606,0.6249351214513894,0.5418869318854215,0.47780771715021747,0.3826792582809866,0.7379368061108003,0.7275105215887834,0.6370732478118815
0.5664183387787796,0.35412034245357965,0.5758001085919895,0.5030792417998857,0.5989798025874531,0.4623022816258436,0.35212473522507864,0.838657941352372,0.7184240739446706,0.48770381777989635
0.6557426858911406,0.2238577483868182,0.2992155827288112,0.5205044285168193,0.672963941258261,0.3983037460666805,0.271347098682313,0.7386830121717016,0.7615324284525258,0.6172427674940388
0.8260861892804581,0.26040645843594173,0.7054356732886675,0.6293167799916557,0.498339988099761,0.42986047478218414,0.43075416333406463,0.8649369856392541,0.8731664534666244,0.6218782373394736
0.5058053152048431,0.0037762477883308064,0.1371646255959615,0.5749194932726477,0.652697350277564,0.3515111760996658,0.2593534638305927,0.6582396080285119,0.6642331683761089,0.4063750753836083
0.6166106153684976,0.13656957780761933,0.507581003564662,0.5805241436673104,0.570928616297774,0.4263451981441478,0.3200493495452382,0.7212667740576171,0.5490419896725275,0.6080272006458036
0.5763266523238254,0.22455894885535288,0.10561372347387118,0.5883837069801084,0.6146182941787621,0.46029401719724805,0.37322655849651953,0.6954273041329274,0.6242531858688533,0.5009310860725529
0.6590533397596953,0.3062993754202967,0.21373902759132873,0.5310793699821134,0.5915328145080502,0.47974634585668313,0.3396457339788999,0.7029271108955548,0.6469688210705842,0.5633700554993629
0.7324826225085038,0.4434886124521227,0.4899852412871036,0.5924578586717989,0.5056688631673104,0.45855483378547285,0.4855235392398168,0.7577174584010471,0.7226732942874723,0.522462573022844
0.4004342938165344,0.3474411962332247,0.17514256333551464,0.46933883059471515,0.6177691954702079,0.27015252014176533,0.36362549998073984,0.7339975199185921,0.6721654747697096,0.5465154620704202
0.6792536552957509,0.5220749146503004,0.7762098727948781,0.6365901978500543,0.5656764856548321,0.5144939217227252,0.4262859441628358,0.812598485792195,0.8542265437686984,0.7430732687430487
0.6608687340190558,0.3419685610066247,0.36953204408139895,0.678748431910248,0.4140225262939835,0.5504394253127476,0.6068018575344746,0.6991188482765341,0.5567266123133768,0.4842525319216966
0.6879365553882983,0.33696124643195174,0.5361585831952543,0.690885340690441,0.4770072512909811,0.6637188313350628,0.5827195458796689,0.7249353477416427,0.640632948343123,0.5911028517938749
0.7882007915210097,0.47429828934934953,0.5103612004869134,0.7349229762750343,0.45260431875570645,0.7038879273043652,0.657128153779125,0.6940130196460992,0.836334625141534,0.6081690112296422
0.7739733739010812,0.4506822761726255,0.782975220579744,0.7179716797698514,0.3627216159223136,0.626041953320246,0.6605131984353706,0.6090410635344131,0.7607186104077712,0.702179754117633
0.5612995152873057,0.5445778590621005,0.7606928180560241,0.6744735393573079,0.3562283369195928,0.6326708158453825,0.620367663840978,0.7581754624706916,0.7850972650922614,0.7436308371772327
0.7655155745241474,0.4918382897392064,0.7045161932871332,0.6161223420794332,0.3573724646603705,0.5773004862235983,0.664096803898868,0.6960613362829187,0.7945771110320071,0.632766824528505
0.7854594303670228,0.5098110019935617,0.6124465545795788,0.726680003467558,0.43595619714233635,0.6349149837931661,0.6469895698529508,0.6143978205759911,0.7354979935571997,0.7278841917256453
0.774861283929524,0.5033080165356001,0.5311522795682454,0.6895673778225649,0.45443514507917243,0.6184279511426173,0.5855640294864927,0.6715979932010698,0.8050872563458893,0.6020369093905917
0.5600734004028168,0.6684783494594505,0.9483315350002912,0.6699653115066758,0.3205536089321432,0.6356277545150332,0.5585377926033716,0.7532406942581198,0.6866417732803921,0.7946445341371401
0.743682645424257,0.38254180479464367,0.551684962327386,0.6652915334782998,0.44785647377918253,0.6000420430696313,0.5305748711856063,0.7677168374931023,0.6918172333025202,0.5417360093111887
0.7246026394096668,0.3786389347359245,0.5265548795605735,0.6185118627914469,0.45057537082031524,0.47356534582491355,0.6042088954635048,0.7996921325128288,0.7546502036146268,0.5649390716008738
0.7500783262341327,0.5139637712085624,0.5808157366122765,0.6166055425110096,0.4126835413046025,0.6081653834051542,0.6265983008809611,0.7811323316992337,0.8133931788535576,0.5449702781640051
0.7662095696499366,0.6117171740108786,0.7544349385222627,0.7095328676018394,0.4102812571766658,0.6419296501015902,0.6119279652812367,0.743821102070529,0.8451203139430201,0.7109770390970238
0.610070033621202,0.41570951052031185,0.6828917663116638,0.6075881717836654,0.44032237509175076,0.6170351574774385,0.5090295406150789,0.7719210887587531,0.7218927691510277,0.501010283803241
0.7002911405538907,0.5246382220206076,0.420127413651335,0.6740913318634352,0.4323840888395864,0.622934223863204,0.6310046220219332,0.6714008721170704,0.6198801236496756,0.4586307629446186
0.7708267191628184,0.39841891278192465,0.536988822958299,0.6668995531810649,0.423362713326283,0.6385776180778843,0.5980557531884209,0.7024130747156622,0.7106333011240704,0.5051654060964077
0.7171412730047084,0.522803228750663,0.4983529096704954,0.569932846702009,0.3886792460637823,0.5558002796262845,0.5453218488793369,0.7570858165545791,0.6187988396706043,0.47832215640253645
0.6665169125362561,0.26621225866259185,0.3001537115169013,0.6278131526348997,0.46137678304195245,0.5952912545510981,0.5310033833570014,0.6527569635971195,0.35004595365936236,0.4439221341779592
0.7645271757328622,0.5537865683348575,0.6150420547626654,0.6938055526965479,0.42151424940759596,0.5864499557823261,0.6495470566537456,0.751175701844491,0.7687351943146168,0.6661962286115566
0.6762656500273126,0.2810594115617655,0.5106133805469195,0.6509767111040833,0.47427638168366215,0.6236628448548711,0.5915849249690995,0.7300036275133788,0.7158972196293241,0.6129058964115306
