female_ever_attended_school,pop_below_15,sex_ratio_total,sex_ratio_at_birth,birth_registered,death_registered,electricity,improved_water,improved_sanitation,clean_cooking_fuel,iodized_salt,health_insurance,preprimary_school,women_literate,women_10yr_schooling,married_before_18,birth_order_3plus,teen_pregnancy,hygienic_menstrual_protection,fp_any_method,fp_any_modern_method,fp_unmet_need_total,fp_unmet_need_spacing,fp_told_side_effects,fp_worker_talked_to_nonusers,anc_first_trimester,anc_4plus_visits,tetanus_protected_birth,ifa_100_days,ifa_180_days,mcp_card_received,pnc_mother_2days,pnc_newborn_2days,oop_delivery_public_rs,institutional_births,institutional_births_public,home_births_skilled,skilled_birth_attendance,caesarean_total,caesarean_public,fully_vaccinated_card_or_recall,fully_vaccinated_card_only,dpt3_penta3,hepb3_penta3,rotavirus3,bcg,measles_dose1,measles_dose2,vaccinated_public_facility,vaccinated_private_facility,vitamin_a_dose,diarrhoea_prevalence,ari_prevalence,early_breastfeeding_1h,adequate_diet_breastfed,women_bmi_below_normal,women_overweight_obese,women_high_waist_hip_ratio,women_blood_sugar_high,women_blood_sugar_very_high,women_blood_sugar_high_or_medicated,men_blood_sugar_high,men_blood_sugar_very_high,men_blood_sugar_high_or_medicated,women_bp_mildly_elevated,women_bp_moderate_severe,women_bp_elevated_or_medicated,men_bp_mildly_elevated,men_bp_moderate_severe,men_bp_elevated_or_medicated,breast_cancer_exam,cervical_cancer_screening,oral_cancer_exam,men_tobacco_use,men_alcohol_use,women_tobacco_use,women_alcohol_use
78.0,23.0,973.0,927.0,98.0,83.2,97.9,98.8,83.5,56.9,99.4,6.515000000000001,29.5,87.5,53.5,11.4,0.0,1.7999999999999998,99.497,65.3,57.2,9.5,3.3,49.4,40.4,62.8,71.7,78.0,72.6,43.9,97.9,85.1,92.5,2278.0,97.8,94.09100000000001,0.7999999999999998,98.6,11.5,10.7,64.2,94.1,71.9,68.6,3.1000000000000014,80.4,67.3,20.7,100.0,0.0,94.9,5.7,1.8,55.4,19.4,8.2,39.1,62.5,7.4,3.9,13.1,9.6,4.4,15.4,21.994000000000007,8.5,35.38200000000001,28.994000000000007,11.1,42.99400000000001,8.694000000000004,13.4,5.4,73.797,60.794000000000004,62.682000000000016,29.600000000000005
82.7,19.8,950.0,844.0,100.0,92.6,93.2,92.2,86.4,61.3,99.9,6.515000000000001,30.1,84.0,41.0,15.4,1.5,3.8,99.497,84.1,73.1,5.8,1.3000000000000003,83.2,23.2,74.5,79.2,91.1,83.7,24.1,99.2,92.5,94.3,1904.0,97.7,94.09100000000001,0.7000000000000002,98.3,12.9,11.4,74.68,86.34,84.5,79.32,17.120000000000005,93.96,84.42,23.42,92.3,6.58,89.6,4.5,7.0,27.3,6.5,8.6,35.9,79.3,7.2,6.4,16.7,9.1,6.9,18.3,18.4,4.0,27.4,22.6,6.0,32.2,0.3,1.7,7.282000000000016,70.5,45.3,46.8,5.1
84.7,21.0,967.0,935.0,96.5,92.2,99.6,97.9,89.3,91.9,99.7,6.515000000000001,44.2,86.7,57.5,17.1,0.5,2.8,98.2,57.1,50.5,17.6,8.6,88.2,31.2,79.4,85.9,92.1,81.0,61.89999999999999,98.9,88.1,89.8,3460.0,99.5,83.8,0.0,96.9,37.1,29.6,76.3,96.6,94.8,85.3,0.0,100.0,81.7,33.7,93.1,4.3,84.0,6.0,0.0,51.1,22.3,10.0,39.0,78.2,7.5,9.5,18.4,9.3,7.8,18.1,12.7,4.9,23.0,17.9,6.1,26.9,0.7,1.3,7.282000000000016,50.8,32.8,19.6,1.7
59.5,24.3,1047.0,881.0,94.3,87.2,99.6,98.8,71.3,86.4,88.6,73.2,17.0,63.6,31.3,37.3,2.0,13.6,95.0,67.6,67.6,6.4,3.7,36.4,21.9,80.3,66.6,97.5,72.0,38.5,100.0,89.1,87.3,2682.0,94.7,60.3,2.8,98.3,22.2,15.7,81.8,96.6,90.2,87.7,75.0,95.7,92.9,17.8,91.8,8.2,75.7,2.5,2.6,54.7,3.9000000000000004,21.9,29.3,46.3,5.4,7.8,14.2,7.5,8.3,16.8,12.4,8.5,23.4,16.2,7.7,26.7,0.4,1.0,4.0,20.5,16.8,5.000000000000001,0.6000000000000001
65.6,22.6,1024.0,1019.0,94.7,74.3,99.7,98.5,74.6,86.6,85.5,70.7,14.2,69.3,40.3,28.1,3.2,19.7,94.7,69.0,68.9,6.0,3.9,29.1,21.3,80.3,65.3,97.8,71.7,43.7,98.2,93.8,95.2,2533.0,97.1,66.5,1.3,97.6,26.4,14.6,66.6,87.5,88.4,86.2,75.0,97.2,89.6,26.8,100.0,0.0,76.9,4.8,3.1,38.7,6.2,20.1,33.4,41.7,6.9,8.4,17.2,7.2,12.3,22.4,10.7,5.4,22.7,16.8,5.9,27.1,0.3,2.2,4.0,18.7,18.3,4.300000000000001,0.3999999999999999
75.4,20.5,995.0,882.0,93.0,68.2,98.8,97.9,77.7,80.3,81.2,66.4,11.2,77.9,43.2,26.0,1.3,6.2,71.0,66.3,66.3,8.0,4.4,32.4,12.5,76.3,51.0,87.0,62.7,32.3,91.4,91.9,93.5,8159.0,96.6,46.0,2.2,89.9,52.2,34.1,59.0,67.3,83.9,86.7,77.8,92.7,76.7,32.5,85.3,7.5,81.4,13.3,2.2,51.3,3.0,10.2,44.4,49.2,7.5,12.7,21.7,9.2,15.5,27.6,13.0,6.6,29.0,17.3,7.3,32.2,1.0,1.9,4.8,25.5,25.9,3.200000000000001,0.7000000000000002
64.9,22.4,1055.0,941.0,92.3,82.5,99.2,99.3,83.4,91.7,85.8,71.1,7.6,68.5,32.6,35.4,1.0,20.700000000000003,88.0,73.3,73.2,3.2,1.7000000000000002,28.200000000000003,16.6,89.4,62.5,90.3,75.1,42.5,96.0,94.0,97.2,3912.0,98.6,49.6,0.8999999999999999,95.5,53.8,37.0,76.2,100.0,97.6,97.6,87.8,97.6,92.5,39.6,97.4,2.6,80.2,10.0,1.0,69.3,8.6,9.6,46.4,53.4,7.8,13.0,22.7,10.7,13.399999999999999,25.9,14.7,5.9,25.8,18.0,8.5,31.3,0.2,6.5,7.282000000000016,25.4,24.5,1.5999999999999996,0.20000000000000018
74.0,20.4,1064.0,1139.0,96.4,86.3,99.6,94.4,79.1,89.8,87.5,68.1,15.1,76.9,46.2,25.3,0.0,9.6,92.6,79.1,78.1,2.503,1.3999999999999995,27.700000000000003,16.1,81.5,73.3,95.8,56.2,39.2,96.4,88.3,90.3,3715.0,98.9,40.1,0.5,98.0,66.1,47.9,90.0,97.2,93.9,93.9,62.1,93.9,90.0,33.8,100.0,0.0,81.0,7.8,2.4,29.3,26.1,10.5,40.6,53.5,7.9,13.4,23.3,8.5,11.9,22.5,13.4,4.3,24.0,18.6,5.1,28.5,2.1,5.400000000000001,7.282000000000016,21.3,22.8,1.4000000000000004,0.3999999999999999
55.2,25.9,1045.0,918.0,86.1,77.9,99.9,97.9,73.5,78.1,74.927,73.3,5.5,57.0,33.4,36.9,3.0,12.4,78.9,70.0,70.0,2.503,0.9000000000000004,24.345,20.7,78.6,74.3,91.3,69.8,43.3,95.6,87.8,87.3,2094.0,88.5,51.1,2.0,90.6,32.9,17.2,67.0,80.4,86.3,76.6,69.1,95.9,84.1,22.3,100.0,0.0,79.1,4.5,4.2,67.2,9.6,20.6,29.0,42.1,6.9,6.9,15.1,9.2,10.2,20.6,18.3,5.1,27.0,22.2,7.4,31.8,0.2,2.3,2.9000000000000004,19.9,20.0,2.0999999999999996,0.3999999999999999
58.1,23.1,1011.0,837.0,87.1,88.9,99.3,98.6,78.4,90.8,85.5,67.6,7.6,62.8,34.5,37.3,3.1,16.4,86.6,69.0,68.7,4.8,1.6,24.345,25.4,84.7,73.4,92.2,69.0,51.8,92.8,90.1,90.3,3517.4,97.4,25.603,0.5,97.9,54.2,31.799999999999997,51.900000000000006,82.96,76.0,61.9,63.1,89.3,65.3,28.0,94.8,3.7800000000000002,79.9,7.9,2.9,73.8,12.0,14.4,39.5,50.5,7.9,12.600000000000001,23.2,11.8,15.3,28.891000000000005,14.6,6.4,27.8,19.8,8.3,33.0,0.2,4.1,7.282000000000016,28.2,19.0,2.200000000000001,0.2999999999999998
60.0,20.7,1140.0,1163.0,95.0,71.0,99.9,87.7,71.6,74.7,76.5,75.6,0.0,64.3,42.5,25.4,0.0,5.5,78.0,72.3,72.2,5.7,3.6,45.8,16.0,79.7,78.4,94.4,67.5,35.3,100.0,90.8,97.7,3479.0,97.9,52.2,0.5,96.4,57.0,44.5,82.8,100.0,89.7,89.7,74.8,93.3,93.3,34.9,97.0,3.0,69.6,11.9,1.3,42.8,14.0,13.8,27.2,54.0,8.2,7.8,17.4,6.8,8.6,17.6,12.8,5.9,22.1,14.4,5.5,22.9,0.2,1.0,3.8,21.3,28.3,7.1,0.6000000000000001
67.9,20.8,1049.0,1011.0,88.1,84.8,99.1,95.6,81.8,84.6,85.6,72.3,9.6,70.5,38.7,23.8,3.4,14.899999999999999,84.0,71.9,71.7,3.0999999999999996,2.3,24.345,19.7,89.0,73.0,94.2,76.1,51.8,92.8,95.5,94.3,1104.0,97.0,34.9,3.0,100.0,42.3,18.8,65.3,80.1,81.1,77.2,70.9,89.2,81.1,18.7,91.3,8.8,77.0,8.9,3.9,39.4,7.4,15.2,39.5,47.6,8.2,12.3,21.800000000000004,7.2,12.7,21.1,12.7,4.5,23.0,15.3,5.9,25.1,0.8,10.2,6.7,26.5,25.9,4.4,0.2999999999999998
66.8,21.4,1066.0,974.0,90.5,71.3,99.6,91.8,77.8,72.9,82.2,64.9,5.0,69.5,46.0,25.4,0.0,9.5,85.7,68.0,67.7,4.8,2.4,35.3,15.2,79.4,58.6,88.0,75.0,40.1,97.0,84.8,90.9,2200.0,95.3,69.3,0.0,94.4,26.5,16.8,76.5,93.5,90.5,79.6,72.9,97.9,95.1,45.1,83.8,9.700000000000001,91.3,8.1,2.0,64.3,6.9,17.4,23.8,58.0,6.1,8.6,17.0,7.3,8.5,18.2,12.1,5.9,23.9,17.0,7.0,29.2,0.7,1.7,4.1,22.8,30.2,6.3,1.2999999999999998
56.0,20.6,1114.0,898.0,95.4,81.7,99.5,93.1,61.7,60.3,85.0,76.7,25.2,58.3,37.6,33.7,2.2,12.7,72.5,71.2,71.2,6.7,4.7,36.4,21.1,76.1,71.4,91.3,59.6,32.4,98.8,83.9,89.2,1931.0,99.0,70.6,0.5,97.6,41.3,30.3,76.8,95.17999999999999,90.3,83.6,77.3,100.0,92.5,35.0,100.0,0.0,85.9,7.5,1.4,55.6,2.5,16.9,28.8,58.0,6.2,7.0,14.3,5.8,7.5,14.5,12.9,6.6,25.2,14.8,6.4,25.1,0.6,4.900000000000001,7.282000000000016,21.5,32.3,11.4,0.7999999999999998
75.4,21.5,999.0,833.0,93.5,90.1,99.3,99.1,80.8,86.8,83.4,67.6,2.700000000000001,77.0,46.5,22.1,0.5,13.4,84.4,77.8,77.2,3.0,1.7999999999999998,28.799999999999997,12.5,82.2,62.7,95.3,82.8,43.7,100.0,94.8,96.4,2318.0,98.7,48.8,0.7000000000000002,98.5,55.7,40.4,80.0,87.0,89.0,89.0,77.7,94.8,91.7,26.3,100.0,0.0,73.9,2.7,1.0,32.8,4.9,10.099999999999998,45.3,51.6,7.3,13.100000000000001,23.8,7.2,10.4,18.9,14.7,6.1,28.8,17.7,8.7,31.4,1.8000000000000003,7.1,7.282000000000016,21.8,23.6,2.200000000000001,0.20000000000000018
61.9,24.1,1058.0,779.0,94.3,86.1,99.8,99.9,85.4,94.3,80.2,73.3,9.5,63.8,40.0,25.6,1.1999999999999997,10.9,92.5,69.1,68.4,5.5,3.1,24.345,29.5,84.4,82.8,93.4,71.2,39.7,97.7,92.3,91.3,3389.0,99.4,40.7,0.6000000000000001,100.0,36.2,26.2,83.0,89.7,88.9,89.0,87.5,92.0,88.7,26.4,98.3,1.6999999999999997,90.1,5.9,2.3,48.3,4.9,15.9,33.9,30.6,8.4,8.7,18.4,9.9,10.6,22.3,13.6,5.7,23.2,17.8,6.9,27.3,0.9,13.4,3.6000000000000005,18.0,16.0,3.0999999999999996,0.20000000000000018
61.5,23.2,939.0,957.0,94.4,34.6,96.4,86.6,86.8,29.0,99.6,17.5,2.5,66.4,28.8,21.8,1.5,5.1,89.0,64.7,50.9,6.799999999999999,4.7,79.0,29.6,52.0,32.3,80.2,16.5,1.9059999999999988,97.9,55.8,57.3,6515.0,78.0,76.9,2.0,79.0,12.6,16.0,93.0,90.5,95.3,85.6,35.7,97.7,97.6,39.5,100.0,0.0,58.6,9.3,7.1,66.5,28.699999999999996,2.7029999999999976,22.8,66.9,4.0,8.7,13.0,7.4,10.7,18.3,21.8,7.6,31.1,28.994000000000007,11.8,42.6,0.6,0.9,0.19999999999999996,66.1,60.794000000000004,22.1,29.98800000000001
74.6,28.7,963.0,1019.0,97.6,56.5,95.2,81.8,82.3,34.1,99.2,40.5,1.4000000000000004,74.0,30.5,16.8,1.1999999999999997,9.0,89.1,71.4,46.3,6.7,3.5,88.6,20.9,65.0,46.9,88.1,37.3,14.1,99.3,69.7,67.4,6643.0,75.1,69.3,6.3,81.3,12.4,14.9,70.9,86.1,84.4,84.4,44.5,86.1,84.4,19.2,90.8,0.0,77.9,1.299999999999999,0.8,60.7,31.299999999999997,10.5,17.1,66.2,5.6,3.1,9.1,8.2,4.3,13.2,13.8,6.7,22.8,19.2,7.0,27.5,0.0,0.19999999999999996,0.0,59.9,60.794000000000004,21.9,29.98800000000001
67.6,22.1,983.0,1054.0,96.5,28.9,79.2,100.0,95.0,49.3,99.6,28.7,3.200000000000001,76.6,43.2,20.7,1.3,0.7000000000000002,88.6,69.1,49.7,4.6,3.4,88.5,24.1,60.7,40.4,85.2,25.4,8.099999999999998,95.8,66.2,58.3,7050.0,85.5,78.8,3.5,88.1,10.3,6.9,90.7,91.2,90.7,84.0,57.9,97.3,90.7,31.3,96.6,3.4,58.0,3.9,0.7,66.5,10.1,3.8000000000000007,21.7,82.1,3.5,5.2,9.4,5.5,6.2,12.2,20.6,10.6,32.2,28.8,13.39100000000001,42.99400000000001,0.4,0.30000000000000004,0.8,55.4,60.794000000000004,20.3,27.899999999999995
63.1,31.2,985.0,995.0,81.3,22.200000000000003,86.3,93.6,75.6,49.5,98.9,25.1,5.6,59.1,31.8,26.5,3.6,8.1,85.4,64.9,57.4,9.7,4.7,77.5,13.7,41.7,29.1,73.1,11.199999999999996,1.9059999999999988,93.0,53.6,54.6,8612.0,76.0,74.2,4.4,80.3,9.0,11.0,60.8,78.3,70.7,64.4,20.5,82.9,77.8,36.3,98.0,0.0,67.9,7.3,2.4,52.2,28.199999999999996,4.800000000000001,19.6,68.7,4.3,4.0,8.9,6.7,6.3,13.9,14.1,4.4,19.5,22.2,6.0,29.0,0.2,0.6,0.7,48.2,49.8,24.9,27.4
76.8,23.1,1059.0,1162.0,83.9,26.10000000000001,97.3,97.3,83.9,52.4,99.4,30.5,18.0,81.9,55.6,14.9,2.2,4.6,87.8,40.0,35.9,17.6,9.6,61.7,15.4,39.90899999999999,34.3,75.2,11.399999999999999,6.599999999999998,94.4,55.7,58.8,12217.0,90.8,85.4,1.7,89.2,18.6,17.3,48.8,65.6,71.2,67.3,24.4,84.8,81.9,24.1,100.0,0.0,67.3,8.5,2.0,49.4,21.8,6.800000000000001,27.9,67.9,5.6,3.4,9.5,7.8,4.4,12.7,18.0,8.5,29.7,26.3,10.0,38.1,0.2,1.1,0.8,51.3,50.7,24.700000000000003,18.799999999999997
58.1,33.5,976.0,867.0,92.7,30.700000000000003,99.7,99.8,89.3,78.3,99.2,24.0,0.0,53.5,27.4,24.8,0.3999999999999999,12.899999999999999,89.6,46.1,39.9,16.5,13.1,48.1,19.5,62.5,18.300000000000004,72.609,12.699999999999996,9.0,97.7,34.963,37.3,13120.630000000021,73.5,69.4,7.7,81.0,18.9,25.3,63.6,70.3,71.3,71.3,45.1,92.2,77.1,22.5,100.0,0.0,88.1,6.0,1.8,35.9,19.1,2.7029999999999976,29.8,80.9,2.7,1.2999999999999998,5.103,5.2,1.6000000000000005,6.299999999999999,13.7,4.6,19.4,17.7,7.5,26.1,0.3,0.0,0.6,25.0,34.8,9.9,11.5
72.6,31.0,997.0,869.0,93.4,21.018000000000008,99.2,99.8,78.3,57.3,99.7,13.399999999999999,5.0,76.0,34.7,19.8,0.0,7.7,96.1,54.1,47.9,16.4,7.4,82.6,22.7,45.2,44.1,77.0,23.8,8.599999999999998,97.0,62.3,61.1,9838.0,69.2,64.2,1.6,69.7,17.1,25.9,71.4,76.7,86.6,76.3,9.899999999999999,100.0,89.5,45.4,100.0,0.0,47.9,4.7,5.6,39.0,18.6,2.7029999999999976,23.3,78.8,4.1,1.9,6.9,7.0,2.3999999999999995,10.3,14.0,3.3,19.2,20.1,4.6,26.0,0.0,0.7000000000000001,1.4,39.4,50.2,16.4,27.5
73.3,27.7,1001.0,839.0,93.0,50.8,98.9,96.9,83.7,63.9,97.9,31.9,5.0,70.9,37.3,20.0,0.6000000000000001,5.4,91.4,57.0,43.5,14.6,7.300000000000001,65.2,24.7,66.9,39.6,74.6,34.1,17.6,96.9,66.2,66.2,8236.0,90.2,84.6,2.6,92.3,19.7,18.5,74.0,77.0,86.8,83.4,51.2,95.9,87.6,23.6,98.2,0.0,73.0,7.5,1.7,52.3,23.8,8.0,30.9,66.6,4.0,4.8,9.5,3.2,4.6,9.1,14.8,4.9,22.1,17.4,7.0,26.6,1.3,1.1,1.1,53.0,50.0,17.8,20.9
63.2,29.9,926.0,961.0,88.7,57.2,97.4,62.5,83.5,22.4,99.3,23.8,0.0,70.2,27.7,7.900000000000002,0.8999999999999999,2.2,92.0,68.6,49.0,7.3,4.5,86.5,17.3,65.8,39.6,78.4,33.4,7.099999999999998,97.0,57.1,55.5,3778.0,64.5,62.8,0.8999999999999999,65.0,4.199999999999999,5.1,52.7,75.2,60.815,59.7,34.1,79.333,63.748000000000005,14.899999999999999,85.8,0.0,54.2,0.7000000000000002,0.8,58.0,22.6,4.0,13.7,62.0,5.3,4.9,10.5,7.3,6.7,14.5,15.7,4.1,20.5,22.3,8.3,31.1,0.0,0.0,0.0,56.1,55.2,16.0,21.8
76.8,24.5,1010.0,884.0,92.6,53.6,84.4,99.5,89.9,57.4,98.7,36.8,2.0,80.0,51.9,13.8,0.0,1.6000000000000005,96.0,75.3,56.4,4.9,4.6,94.8,21.4,56.3,48.6,87.5,25.8,3.3000000000000007,97.2,58.6,58.4,6112.0,90.1,86.8,3.6,93.7,11.0,10.7,73.8,81.0,77.0,79.2,41.7,89.2,84.4,31.4,100.0,0.0,67.1,2.8,1.0,59.8,29.5,4.1,16.8,75.1,4.6,4.1,8.9,7.1,5.9,13.2,16.7,8.1,25.6,24.8,12.599999999999998,38.1,0.2,0.0,0.19999999999999996,52.1,48.7,20.6,20.3
73.1,22.0,1016.0,1324.1300000000008,90.0,30.299999999999997,97.8,98.1,82.8,60.8,99.5,24.5,18.2,73.4,49.9,16.0,1.5,2.0,92.4,65.9,58.0,8.5,2.3,66.4,12.400000000000002,53.4,39.1,82.3,15.199999999999996,5.300000000000001,92.3,67.7,65.5,10266.0,89.8,86.8,2.8,92.6,19.6,20.4,66.5,88.7,69.6,65.9,24.1,85.0,76.5,36.8,100.0,0.0,70.1,6.4,4.2,52.5,34.485000000000014,4.300000000000001,23.2,68.8,4.9,3.5999999999999996,9.1,8.3,5.0,14.2,17.1,7.6,25.7,25.2,10.4,36.6,0.7,3.5999999999999996,0.8,46.7,48.1,18.0,16.799999999999997
72.1,30.3,982.0,867.0,89.8,57.5,96.5,93.5,75.1,28.7,99.1,30.9,1.6000000000000014,62.6,22.2,26.7,0.19999999999999996,11.3,93.0,69.5,48.1,8.7,5.2,74.5,14.6,61.6,35.4,76.7,33.6,8.900000000000002,94.6,51.2,52.0,4184.0,63.599999999999994,60.3,6.4,68.8,10.5,13.5,67.2,83.4,80.7,75.1,44.0,83.5,79.3,27.2,98.7,1.3,72.4,1.7000000000000002,0.20000000000000018,47.4,24.3,12.8,18.0,52.9,5.6,3.0,9.2,6.6,3.9,12.0,17.5,7.7,27.1,19.0,7.9,28.1,0.0,0.6,0.0,68.8,60.794000000000004,25.3,28.4
77.6,30.5,1039.0,1065.0,75.4,21.6,98.7,92.9,75.7,81.3,99.9,26.9,12.9,77.0,50.5,25.4,1.6,6.0,95.4,47.7,41.0,20.3,8.8,73.1,20.7,39.90899999999999,39.3,74.0,24.800000000000004,13.3,91.4,53.2,58.1,13120.630000000021,88.0,77.3,1.1,86.5,16.5,17.4,60.7,74.3,76.3,64.3,11.5,88.1,77.3,37.4,94.6,2.9,75.5,4.6,1.9,52.9,24.4,5.300000000000001,31.1,68.0,4.8,3.0,9.5,5.3,6.5,12.8,13.6,3.5,20.6,21.2,9.2,32.7,1.2,2.6,2.0,43.7,42.7,16.1,16.1
78.6,21.8,968.0,1011.0,79.9,23.200000000000003,99.6,96.3,91.2,27.600000000000005,98.9,26.1,0.0,85.3,50.6,10.0,1.8,0.5,98.1,73.7,61.0,5.0,2.4,60.3,19.2,50.8,31.1,78.7,21.499999999999996,5.699999999999999,97.1,56.0,55.4,8478.0,81.1,79.0,2.1,82.7,5.800000000000001,6.300000000000001,60.3,77.78,81.1,74.7,42.7,80.8,77.5,21.2,96.66,1.04,68.1,2.7,0.8999999999999999,51.4,19.1,6.5,15.8,76.4,5.2,2.5,8.0,4.3,4.4,9.4,14.9,8.7,24.4,20.5,10.1,31.5,0.2,1.2,0.19999999999999996,55.5,60.599999999999994,19.6,27.3
59.3,27.3,1063.0,834.0,95.3,51.2,99.7,99.8,81.7,88.1,99.9,33.5,3.299999999999999,56.6,39.2,11.9,0.8,1.3999999999999995,88.4,62.1,56.3,14.6,11.7,67.7,24.8,79.9,37.6,85.3,28.2,14.6,99.6,49.6,48.8,5345.0,84.2,83.8,5.7,89.9,17.3,20.2,67.5,76.8,81.9,77.6,28.7,93.1,90.8,19.2,100.0,0.0,84.4,14.8,6.2,60.6,20.4,2.7029999999999976,35.4,68.3,3.1,1.2999999999999998,5.103,5.5,1.6000000000000005,8.5,17.4,10.891000000000009,30.3,25.7,9.2,36.4,0.8,1.0,0.7,24.0,43.2,5.099999999999999,23.4
69.0,26.8,964.0,865.0,91.1,64.8,98.8,93.8,86.7,50.4,98.3,30.8,3.700000000000001,72.8,40.2,12.0,0.8999999999999999,4.0,88.4,56.1,39.4,10.6,8.1,65.2,27.1,59.3,35.7,73.9,27.4,14.500000000000002,97.6,49.8,51.6,12104.0,70.2,62.8,4.6,73.9,22.2,27.0,66.3,71.2,77.4,77.4,37.5,82.8,77.9,19.4,96.1,3.9,72.8,7.6,3.3,72.0,16.7,5.5,28.3,57.8,4.6,3.3,8.4,5.6,4.7,10.9,16.7,7.8,25.2,22.8,8.1,31.6,0.2,0.19999999999999996,0.19999999999999996,44.8,49.0,12.7,16.4
69.5,25.8,894.0,983.0,79.5,21.018000000000008,99.5,99.8,91.8,36.3,99.1,34.6,6.7,70.9,34.8,17.1,2.0,7.1,91.5,62.0,54.0,11.9,6.6,71.7,22.1,54.5,34.0,73.5,12.600000000000001,5.400000000000002,97.1,56.4,52.9,12365.0,76.0,74.9,3.3,78.8,14.2,18.3,61.4,67.2,68.4,63.4,23.8,86.7,70.0,24.3,97.7,0.0,66.8,6.2,1.5,28.2,21.9,2.7029999999999976,27.3,63.8,4.0,2.9,7.5,5.7,4.2,10.3,16.0,9.3,26.1,20.1,10.7,31.7,0.4,0.7000000000000001,0.4,59.2,60.794000000000004,21.3,22.0
61.4,27.3,1052.0,1135.0,78.9,21.018000000000008,87.0,94.7,80.9,32.8,99.8,21.5,8.0,62.3,31.8,26.7,1.3,13.2,92.7,53.2,48.4,17.3,8.6,74.6,19.8,39.90899999999999,32.1,79.1,23.6,8.400000000000002,98.6,56.7,56.7,10087.0,77.0,76.2,5.2,81.3,17.9,23.0,68.5,76.3,75.6,72.2,33.6,89.8,84.3,29.2,100.0,0.0,58.9,5.9,1.3,56.6,15.3,2.8000000000000007,25.0,81.6,3.6,2.2,6.6,5.3,3.3,10.6,17.7,5.9,25.4,25.0,10.5,37.5,0.09999999999999998,0.5,0.3,55.3,60.794000000000004,19.8,29.98800000000001
73.0,21.7,971.0,766.0,97.3,48.5,97.5,99.8,88.9,88.9,98.9,38.3,3.9000000000000004,71.1,43.6,12.5,0.5,1.3999999999999995,90.3,53.8,47.8,17.0,13.5,68.1,24.3,45.1,27.6,72.609,18.5,1.9059999999999988,90.1,38.9,33.8,7645.0,93.6,92.0,4.6,92.0,10.0,10.3,56.2,61.0,65.8,57.4,22.0,94.0,65.8,17.0,100.0,0.0,79.9,10.0,2.5,42.6,24.2,2.7029999999999976,25.7,76.8,3.6,1.2999999999999998,5.103,8.0,1.6000000000000005,10.0,12.4,4.3,19.8,21.9,7.0,30.7,0.5,0.0,0.19999999999999996,38.7,45.9,13.9,19.5
73.6,23.7,1018.0,1060.0,81.9,21.018000000000008,88.2,99.1,87.7,57.1,99.5,26.6,14.5,76.1,46.3,18.9,2.1,4.7,94.2,46.6,38.9,15.5,8.2,51.6,15.4,49.5,30.4,72.609,9.921,3.0,92.1,61.4,60.6,13120.630000000021,84.6,79.8,3.4,87.6,17.8,18.8,55.4,60.0,87.8,81.0,30.0,93.7,86.6,24.2,100.0,0.0,64.5,3.1,2.2,37.6,21.5,4.4,27.4,72.7,4.9,3.5999999999999996,9.1,7.7,3.3,11.2,21.994000000000007,8.5,32.7,28.994000000000007,11.3,41.1,0.09999999999999998,0.40000000000000013,0.4,44.3,49.8,16.9,26.9
74.1,26.5,1057.0,1097.0,97.9,50.1,98.1,89.8,68.9,35.2,98.9,69.0,3.299999999999999,74.8,27.8,24.9,0.0,12.3,67.0,59.2,47.3,12.5,5.7,76.2,24.8,61.1,56.0,95.0,56.2,30.2,99.8,65.0,70.9,7312.0,89.9,82.2,4.6,92.1,17.6,13.8,70.5,67.3,87.2,68.3,53.8,93.6,91.9,26.6,100.0,0.0,55.8,5.8,0.8,34.9,12.6,15.1,18.8,66.9,8.7,4.0,13.4,9.4,6.3,16.1,15.0,7.2,24.5,17.8,5.3,25.0,0.3,0.30000000000000004,0.0,57.6,33.4,14.9,11.9
75.4,30.1,1027.0,1007.0,96.0,74.3,88.9,98.1,63.7,38.7,96.3,58.9,2.700000000000001,74.8,31.7,40.1,0.0,14.2,61.5,57.3,47.4,12.3,3.9,55.1,18.4,62.2,43.6,94.9,49.4,21.8,99.1,70.5,73.9,4829.0,87.6,82.3,0.6000000000000001,87.6,12.7,12.4,54.6,59.6,73.6,67.8,40.8,94.3,83.8,23.7,97.4,1.4,48.2,1.7000000000000002,1.5,46.4,5.9,14.6,16.6,75.0,8.1,4.3,14.0,10.2,4.8,17.0,9.6,3.9,17.9,10.0,3.0,16.7,0.2,0.7000000000000001,0.0,46.4,7.999999999999998,14.3,0.7000000000000002
72.1,28.7,996.0,1014.0,98.7,62.5,91.1,76.2,76.6,35.0,98.0,68.4,2.9000000000000004,69.2,23.0,25.3,0.8,9.0,70.9,72.4,56.1,5.3,1.3999999999999995,73.5,29.9,41.2,46.5,94.6,63.7,21.4,99.3,56.5,58.1,3676.0,84.3,74.0,0.6000000000000001,84.6,15.3,11.0,66.2,74.3,82.5,82.6,54.0,88.3,87.2,26.4,100.0,0.0,61.4,3.7,2.0,62.7,14.8,22.0,10.6,69.3,5.5,2.6,8.1,5.7,4.4,10.4,14.5,7.0,23.5,19.1,7.6,28.4,0.0,0.5,0.0,61.6,40.5,27.799999999999997,11.5
77.0,28.9,998.0,881.0,95.2,69.1,97.0,95.3,72.5,49.8,98.3,57.6,7.7,75.8,28.6,41.7,0.8999999999999999,15.399999999999999,69.0,57.6,45.3,16.1,5.1,65.1,23.4,65.1,33.9,91.8,46.7,22.3,98.5,57.0,63.3,4778.0,84.5,74.9,4.9,89.1,15.2,10.2,67.9,73.2,80.4,71.3,40.0,94.1,84.2,17.0,96.8,3.2,65.0,4.4,1.6,46.7,17.0,13.1,16.9,66.4,7.6,4.0,12.6,8.5,5.8,15.0,7.9,4.0,13.6,9.9,3.6,15.9,0.8,0.7000000000000001,0.7,45.7,13.2,18.8,0.9999999999999998
80.5,30.9,1012.0,991.0,96.0,72.4,81.7,58.654,57.6,43.0,98.6,57.9,3.700000000000001,77.2,25.800000000000004,29.9,1.0,8.5,57.8,48.0,38.2,15.6,6.9,82.2,23.6,52.0,32.7,90.0,35.6,12.000000000000002,98.2,57.3,61.4,3799.0,79.2,74.9,2.1,80.2,12.5,13.2,70.4,82.1,82.5,63.8,39.9,88.3,76.9,9.203,98.6,0.0,67.9,4.2,2.1,29.8,2.9000000000000004,19.7,9.1,79.1,6.4,6.1,13.1,7.3,4.5,14.4,9.7,3.7,17.0,9.1,2.9,15.4,0.0,0.19999999999999996,0.19999999999999996,51.0,14.6,33.2,2.5
75.0,25.8,1027.0,1040.0,94.4,50.6,91.7,96.4,75.9,27.3,99.7,64.9,1.6999999999999993,71.9,26.2,22.6,0.0,3.8,68.7,67.0,43.9,8.3,3.7,69.5,22.0,74.1,64.5,95.9,51.7,19.4,98.7,70.5,72.8,4858.0,88.2,76.7,2.2,90.5,20.0,16.7,74.0,81.5,90.1,79.6,35.9,96.2,90.0,27.8,87.7,7.6,58.0,9.8,2.2,58.3,10.5,24.7,10.3,53.5,7.1,4.1,11.9,8.8,5.0,14.9,9.3,5.2,18.2,12.6,3.0,17.9,0.0,0.19999999999999996,0.0,57.9,50.400000000000006,25.4,17.7
71.5,28.0,1015.0,906.0,99.3,72.7,97.8,92.1,77.1,44.5,98.6,61.5,7.9,71.5,23.0,30.9,0.0,13.7,63.5,65.8,55.6,9.8,3.7,75.3,34.2,55.9,56.5,96.1,47.1,22.8,99.2,59.7,63.0,5052.0,83.7,71.1,2.7,82.9,15.3,9.3,71.1,68.2,86.4,84.5,43.8,98.2,89.3,29.3,96.5,3.5,63.7,6.3,1.6,40.5,9.9,17.2,13.3,64.2,5.7,2.6,8.8,8.9,4.1,13.3,14.0,5.2,20.8,18.5,6.4,25.6,0.2,0.40000000000000013,0.19999999999999996,55.1,30.9,18.6,8.9
75.2,29.2,929.0,757.0,96.9,69.2,89.5,99.7,67.9,30.1,97.4,53.7,3.200000000000001,75.6,27.5,42.8,0.6000000000000001,16.1,62.2,46.8,36.5,14.8,5.8,51.2,18.0,56.5,37.5,91.1,43.3,22.3,99.0,53.2,66.3,7001.0,84.4,81.1,2.3,87.0,10.8,10.0,57.1,58.1,76.7,70.4,34.4,94.9,82.2,11.899999999999999,98.9,1.1,48.2,2.1000000000000005,2.3,51.7,9.2,17.4,13.3,71.0,7.0,3.4,11.0,8.3,4.8,14.2,9.6,4.3,16.7,8.9,2.0,14.5,0.0,0.40000000000000013,0.0,43.0,7.800000000000001,10.2,0.2999999999999998
77.3,30.6,1028.0,1022.0,98.4,47.2,95.0,95.3,70.8,21.6,99.6,66.8,4.200000000000001,81.5,43.6,32.0,0.6000000000000001,10.8,74.7,72.6,45.0,7.1,3.5,67.0,28.2,76.2,62.2,96.5,45.3,14.6,98.9,72.8,75.4,5168.0,87.3,84.1,4.2,91.5,16.1,15.8,89.7,90.8,94.7,90.0,76.7,96.7,93.2,13.8,98.3,0.0,64.1,0.9000000000000004,3.0,45.5,6.9,12.1,15.6,57.1,4.9,2.2,7.8,9.2,3.7,13.3,10.1,4.6,16.0,17.4,5.4,24.1,0.0,0.0,0.0,62.7,59.5,26.2,29.98800000000001
71.8,32.3,1000.0,914.0,96.4,73.1,92.5,96.7,61.8,40.7,99.1,59.4,5.3,69.5,20.4,50.8,1.0,22.4,48.8,64.1,53.2,11.5,4.0,76.7,22.6,49.9,37.6,97.0,47.6,14.6,98.2,48.4,54.5,4691.0,64.2,61.8,5.8,68.9,6.9,8.0,71.6,69.5,82.7,81.4,47.4,90.5,84.0,31.8,96.9,0.0,50.6,9.8,1.7,57.9,6.6,22.2,12.4,68.1,4.6,3.1,8.2,5.9,4.4,10.4,11.3,5.5,18.2,13.4,4.8,19.0,0.0,0.0,0.0,55.0,5.099999999999998,21.8,0.2999999999999998
79.5,24.0,1002.0,979.0,93.9,72.3,94.4,98.1,75.3,44.7,99.5,58.8,2.799999999999999,76.6,33.7,23.0,0.0,4.8,79.8,64.6,43.6,8.7,4.8,76.5,28.9,75.8,75.6,94.1,58.9,28.0,99.6,82.1,87.0,5125.0,93.1,71.6,1.2,95.3,27.7,19.9,83.8,85.5,93.0,93.0,50.0,97.8,97.8,35.1,87.2,7.6,56.5,5.8,2.5,52.6,5.7,20.3,20.9,58.7,7.9,6.6,15.4,9.1,9.0,19.2,10.7,4.3,18.1,13.5,4.3,21.4,0.2,0.0,0.5,57.7,51.9,27.9,19.0
85.1,27.7,959.0,908.0,95.0,60.3,95.9,58.654,83.8,48.2,99.4,61.9,8.5,87.7,42.4,16.5,0.7,5.4,79.1,65.5,44.9,9.7,2.6,66.6,18.3,58.9,46.9,96.8,40.8,17.6,99.2,73.8,76.8,4825.0,89.5,84.6,1.8,91.9,19.7,18.5,63.6,63.8,71.9,69.9,46.1,91.3,71.7,15.899999999999999,98.1,0.0,63.3,7.0,2.7,58.0,9.3,10.0,16.2,53.8,5.6,2.4,9.8,8.7,2.8,13.3,11.2,3.5,17.1,16.9,4.0,23.5,0.0,0.0,0.0,55.2,57.2,21.3,23.9
78.5,30.0,1007.0,1027.0,98.8,73.3,89.6,90.7,75.3,36.3,99.1,71.1,2.1999999999999993,74.1,23.4,41.8,0.30000000000000004,13.3,64.5,66.8,55.1,7.4,2.2,68.1,19.3,65.3,44.1,96.6,52.2,20.4,98.6,73.5,80.0,4407.0,92.3,87.2,2.7,94.2,16.2,13.4,70.3,72.7,90.6,87.3,52.0,98.4,90.6,16.3,100.0,0.0,57.8,7.8,2.1,45.7,8.0,12.2,15.3,68.3,6.0,3.0,10.2,7.7,3.8,13.2,11.1,3.3,16.8,11.5,3.5,17.9,0.2,0.19999999999999996,0.0,52.0,16.2,15.6,5.0
77.6,24.3,1002.0,1145.0,90.9,55.2,96.4,93.7,73.1,33.1,98.7,69.3,7.1,75.1,27.9,20.7,0.0,9.5,70.6,61.6,35.7,10.9,4.7,63.3,25.3,76.1,65.7,97.7,63.7,26.2,100.0,73.5,83.5,5186.0,90.4,81.4,2.2,92.1,22.6,19.6,72.4,75.9,84.9,82.8,47.2,92.6,87.5,35.4,95.5,2.2,61.1,8.0,4.1,53.6,4.8,25.1,16.0,51.2,6.4,4.7,11.6,6.7,6.6,14.4,10.7,6.9,20.5,13.9,6.3,22.0,0.2,0.19999999999999996,0.19999999999999996,52.0,38.2,21.6,10.4
81.5,33.7,1054.0,951.0,96.6,60.3,91.2,58.654,60.0,35.2,97.6,53.6,6.5,82.2,25.3,32.9,1.7,10.4,56.1,66.8,49.5,8.6,4.2,94.7,26.1,77.6,43.1,96.2,29.0,8.3,100.0,68.8,70.1,5090.0,83.0,75.1,2.2,84.8,12.8,9.7,68.6,76.9,78.9,77.4,50.0,95.4,85.6,22.1,100.0,0.0,80.0,5.1,4.9,24.4,1.6999999999999993,25.7,10.9,77.5,7.1,5.8,14.2,9.0,7.3,18.9,12.2,5.8,21.8,15.6,5.6,24.4,0.0,0.0,0.0,58.3,10.1,45.1,3.1
79.1,27.5,986.0,1017.0,98.7,79.7,96.3,99.9,63.1,52.0,98.9,67.4,3.700000000000001,83.2,23.1,30.9,1.1999999999999997,15.599999999999998,64.6,61.1,48.2,13.2,4.9,73.5,21.7,52.7,51.3,96.2,50.5,16.0,98.3,63.9,68.4,5299.0,82.1,59.4,4.1,83.5,18.4,11.2,55.5,63.6,60.815,55.6,41.4,82.1,63.748000000000005,14.600000000000001,86.4,7.800000000000001,52.1,4.4,2.4,54.9,2.799999999999999,19.3,20.1,69.6,6.3,7.5,14.6,7.6,8.0,16.5,11.6,6.9,21.0,15.9,7.3,25.2,0.0,0.9,0.5,53.7,16.7,18.8,2.2
84.4,21.6,1009.0,833.0,92.8,57.2,95.1,85.9,80.4,48.3,98.9,60.1,11.1,85.1,42.9,24.9,0.3999999999999999,12.899999999999999,76.7,63.8,32.3,10.4,3.2,62.6,14.4,78.3,67.0,97.4,52.1,26.6,99.2,81.4,85.4,8435.0,96.5,74.9,0.3999999999999999,97.4,44.4,33.9,69.2,70.4,79.8,78.4,50.3,100.0,83.3,25.9,94.2,4.1,50.9,6.3,3.0,51.6,10.8,22.5,19.9,49.5,7.7,7.3,15.3,8.5,9.3,19.0,14.3,7.1,25.9,16.7,6.4,26.3,0.2,0.0,0.3,47.1,30.9,16.5,4.0
79.4,25.6,997.0,701.0,91.4,52.4,94.8,92.1,68.7,57.4,98.2,47.0,6.5,79.6,39.2,21.9,0.0,15.7,62.1,38.7,32.3,17.6,7.7,58.9,17.1,57.0,46.9,85.9,42.5,24.3,95.5,61.4,67.0,8654.0,85.0,69.8,4.3,88.5,32.8,31.1,63.6,73.0,86.1,73.2,38.1,90.5,83.0,17.4,93.9,6.1,64.0,5.0,1.5,45.5,6.7,12.9,23.5,75.1,7.1,8.4,18.1,9.3,7.3,19.6,12.0,3.9,22.2,10.5,3.7,19.2,0.0,0.19999999999999996,0.3,44.7,19.1,14.3,3.2
87.5,20.0,946.0,986.0,95.2,77.4,99.2,87.2,65.2,85.1,99.7,45.5,2.5999999999999996,86.0,49.1,21.9,0.3999999999999999,10.1,86.3,56.8,41.5,8.8,2.5,50.3,16.6,77.6,68.9,96.3,51.7,16.9,98.3,75.6,79.9,8275.0,89.1,55.7,2.2,90.1,38.0,28.7,53.6,69.0,77.0,71.2,50.9,90.6,74.7,11.100000000000001,79.309,19.2,54.9,5.2,1.3,53.0,1.0999999999999996,12.6,21.3,69.1,8.3,6.8,17.1,7.8,10.4,20.3,8.2,2.6,17.0,11.4,2.8,20.3,0.2,0.19999999999999996,0.4,39.9,24.2,11.8,3.9
76.4,29.9,994.0,882.0,93.0,60.7,97.0,79.6,75.2,33.4,99.8,54.1,1.6000000000000014,78.8,30.3,26.1,0.0,9.1,77.6,66.3,41.1,9.3,2.4,74.6,23.6,64.8,63.9,90.9,35.3,9.0,96.4,56.9,61.0,6822.0,74.9,69.2,3.4,78.3,15.2,16.4,64.3,74.3,75.3,66.9,42.9,88.7,76.2,9.203,91.4,1.6,44.89999999999999,2.2,2.2,50.3,20.5,10.0,15.7,59.3,6.5,3.2,10.7,8.5,4.8,14.6,10.9,6.5,20.1,15.0,6.6,22.8,0.0,0.0,0.19999999999999996,55.0,48.5,20.5,20.5
82.1,32.3,1000.0,885.0,98.2,72.6,87.1,62.3,61.5,39.6,98.7,64.4,7.1,80.7,19.6,27.7,2.3,9.9,59.8,64.3,54.9,8.6,4.2,84.5,31.0,54.8,42.8,94.2,39.9,11.400000000000002,99.5,63.9,70.2,4287.0,76.4,69.8,2.4,78.3,7.0,5.199999999999999,75.1,75.9,84.0,80.2,47.3,95.5,85.5,22.7,95.0,0.0,74.7,7.6,2.3,40.3,4.7,17.8,6.599999999999998,75.8,6.3,4.3,11.5,8.5,4.5,15.2,9.0,2.6,16.5,11.0,2.7,17.2,0.0,0.0,0.5,54.2,7.0,43.0,1.4000000000000001
75.2,29.5,1025.0,1003.0,97.1,69.5,93.9,87.3,72.2,43.3,99.6,50.2,3.4000000000000004,73.7,27.5,36.2,0.8999999999999999,11.3,72.3,72.3,58.0,10.0,3.7,51.3,18.7,67.0,36.9,95.8,61.1,26.4,98.4,68.3,65.5,3780.0,81.9,76.8,0.8999999999999999,82.0,12.0,12.2,51.099999999999994,56.809,76.2,70.4,37.8,95.3,79.5,21.8,96.4,0.0,52.6,3.4,3.8,56.4,10.9,10.6,13.7,77.3,5.9,2.9,10.1,8.1,4.1,13.2,11.3,5.3,17.8,13.1,4.8,19.4,0.6,0.19999999999999996,0.19999999999999996,55.5,31.3,25.700000000000003,12.3
83.2,28.1,983.0,985.0,98.7,67.1,97.2,81.2,74.2,36.1,99.9,67.0,11.0,83.9,42.1,36.3,1.1,8.2,79.7,67.1,43.6,9.8,4.5,80.3,30.8,61.0,51.7,97.3,42.2,14.9,99.6,67.7,77.0,5098.0,96.2,91.6,1.0,96.8,22.7,19.9,69.0,72.4,87.7,84.6,53.3,94.5,86.3,16.9,100.0,0.0,65.0,3.7,3.9,59.0,8.2,17.3,12.4,58.7,5.0,3.5,9.3,5.1,3.3999999999999995,9.4,13.0,4.4,20.8,15.9,5.3,25.0,0.0,0.0,0.0,55.8,39.9,27.2,15.500000000000002
78.4,26.2,995.0,754.0,98.1,59.3,93.5,98.6,65.6,19.299999999999997,99.8,60.8,5.2,83.4,41.7,25.5,1.0,10.4,75.4,63.7,31.3,11.6,4.7,85.6,25.1,76.1,72.2,97.2,56.7,13.7,98.4,73.5,73.5,6227.0,90.3,85.8,3.2,93.5,22.5,21.9,78.6,83.9,86.4,80.3,55.6,95.2,90.9,17.9,100.0,0.0,62.0,3.6,3.0,51.1,14.9,18.0,14.4,53.0,6.8,3.9,11.1,8.8,5.3,14.9,10.9,6.2,19.7,14.8,6.0,23.3,0.0,0.19999999999999996,0.19999999999999996,54.7,45.4,26.6,29.98800000000001
79.1,32.1,1055.0,1070.0,96.8,74.3,89.5,94.6,62.3,37.6,97.0,62.5,0.0,78.7,24.5,39.1,1.7,11.6,69.1,70.6,56.7,6.5,1.9,66.4,27.0,64.0,42.0,94.8,53.4,18.4,98.7,67.9,72.6,4379.0,88.3,82.8,1.7,90.0,12.3,10.8,73.4,82.9,87.9,83.0,60.3,91.3,87.0,9.899999999999999,98.6,0.0,60.2,5.4,5.9,62.2,8.6,15.0,14.2,74.1,5.5,4.4,10.3,8.1,4.7,14.2,12.7,4.9,20.1,12.4,6.7,20.5,0.2,0.19999999999999996,0.19999999999999996,56.9,15.6,29.9,1.9
81.3,31.1,1050.0,969.0,99.2,66.0,94.5,96.1,66.1,38.6,98.7,59.4,4.7,78.4,22.1,42.6,1.7,15.0,58.4,58.6,46.8,12.3,3.1,73.7,16.6,73.1,59.4,97.1,46.5,12.3,98.3,62.0,65.3,5670.0,83.7,73.4,2.7,86.7,17.9,13.0,58.2,68.0,73.6,64.6,31.4,86.9,67.3,9.600000000000001,95.3,3.3,47.9,8.7,2.8,61.6,8.5,21.5,13.2,60.7,8.3,6.2,15.9,10.6,9.1,21.4,8.9,2.9,16.4,9.7,2.5,17.0,0.2,0.19999999999999996,0.4,49.0,14.8,18.2,2.5
81.8,24.5,1043.0,994.0,97.1,55.0,94.7,99.5,68.1,51.1,99.4,52.5,7.0,83.9,41.6,28.1,0.3999999999999999,8.6,74.0,53.3,38.7,13.2,4.8,60.6,18.8,70.7,55.9,92.8,38.6,16.7,96.9,73.8,73.2,6478.0,91.8,69.2,0.3999999999999999,91.4,38.7,28.8,65.5,79.8,85.2,71.1,44.1,89.9,87.7,24.4,97.6,0.0,58.4,3.6,2.2,41.8,9.1,16.4,21.8,75.0,8.0,8.0,17.4,9.7,9.7,20.9,12.0,5.0,22.5,15.7,5.1,24.9,1.0,0.9,0.8,42.0,15.5,11.7,2.4
87.1,23.8,989.0,915.0,97.1,57.9,97.0,92.7,82.3,45.5,99.8,60.7,5.699999999999999,86.6,47.1,27.9,0.8,12.8,75.7,67.3,39.5,8.3,3.2,80.1,22.1,85.1,80.9,96.5,53.7,23.8,100.0,73.8,83.4,5466.0,95.3,76.2,0.3999999999999999,95.6,30.0,20.6,77.6,76.7,90.5,83.8,30.4,95.7,90.5,22.5,97.8,2.2,64.9,5.1,0.3999999999999999,54.9,24.8,20.5,21.5,60.4,7.9,6.2,15.3,7.7,8.8,17.2,11.5,5.9,22.0,15.8,6.8,26.0,0.3,0.19999999999999996,0.5,58.4,42.9,25.5,13.5
74.9,26.6,1027.0,1324.1300000000008,96.0,77.9,88.2,82.9,72.2,45.8,99.4,66.9,3.5999999999999996,76.9,24.3,24.0,0.30000000000000004,6.5,63.4,74.4,58.9,5.8,2.0,72.0,20.5,48.8,45.5,99.2,56.4,16.9,98.5,63.5,67.4,5123.0,83.5,73.1,1.3,82.8,21.1,18.5,70.9,76.8,76.8,75.0,62.4,90.4,80.4,21.5,100.0,0.0,58.7,4.3,2.4,49.8,4.4,21.4,13.1,68.8,5.1,3.9,9.5,5.9,4.6,11.1,14.5,8.0,24.8,14.4,7.7,24.5,0.4,0.40000000000000013,0.19999999999999996,59.1,28.9,23.3,4.4
69.4,36.7,968.0,911.0,97.6,71.1,79.5,98.2,59.0,28.5,98.9,68.2,1.9000000000000004,63.5,20.9,44.7,0.7,22.0,60.6,71.5,60.8,8.0,1.7000000000000002,71.8,26.7,60.1,35.3,93.0,47.4,18.3,99.4,62.6,56.1,3092.0,71.7,69.9,8.1,79.4,5.0,5.5,65.8,66.0,81.9,73.7,47.1,97.0,85.3,9.203,100.0,0.0,65.8,5.4,3.9,50.4,7.9,11.9,8.5,76.2,5.3,2.8,8.7,7.1,4.5,12.0,11.3,3.1,15.5,12.6,2.6,16.5,0.3,0.0,0.0,50.0,0.8999999999999986,25.2,0.20000000000000018
72.6,25.4,1023.0,884.0,92.1,64.3,95.7,96.8,66.7,40.9,99.3,60.0,2.4000000000000004,70.5,25.6,19.8,1.5,6.1,74.6,59.2,36.5,11.0,4.4,72.2,17.6,70.7,63.1,93.9,43.8,19.2,100.0,73.6,77.8,5163.0,82.6,66.2,1.0,83.2,26.5,25.5,75.0,78.8,92.7,90.2,39.3,97.2,95.1,38.0,82.1,6.0,59.3,4.9,2.0,51.6,17.5,17.6,16.9,66.5,8.9,4.7,13.9,10.8,8.1,19.5,9.6,4.7,17.1,12.5,5.4,19.3,0.2,0.0,0.19999999999999996,51.1,43.7,23.1,15.7
70.6,27.2,1087.0,1255.0,96.1,51.2,95.5,82.3,73.8,34.0,99.3,70.6,1.6999999999999993,70.0,23.8,32.0,1.1,4.7,61.8,50.2,36.2,14.6,6.4,47.2,14.6,50.1,49.8,91.0,44.2,25.7,99.6,53.1,62.9,6731.0,86.2,78.5,1.9,87.9,14.4,10.8,47.512,56.809,68.0,65.7,52.2,79.333,75.9,20.9,88.0,0.0,53.2,3.2,2.3,46.5,2.5999999999999996,16.1,14.0,66.9,6.6,4.6,12.1,9.4,6.8,18.0,10.0,7.0,19.7,15.8,4.1,22.6,0.3,0.19999999999999996,0.19999999999999996,50.8,35.1,12.2,11.1
73.8,31.7,959.0,1105.0,95.4,43.5,94.7,58.654,76.7,17.700000000000003,98.9,63.1,3.700000000000001,73.9,21.7,21.3,1.7,6.0,77.3,69.9,43.3,7.1,3.2,80.5,23.0,55.5,46.7,87.6,39.9,10.599999999999998,98.7,55.7,60.5,3597.0,72.5,68.9,12.0,84.5,6.400000000000002,6.0,47.89999999999999,56.809,70.3,65.7,50.5,92.7,66.6,9.203,100.0,0.0,42.1,6.8,2.9,56.2,14.5,13.1,9.400000000000002,54.4,6.0,2.1,9.1,8.6,2.3,12.2,11.3,4.2,17.0,17.0,3.3,22.2,0.2,0.0,0.0,58.2,54.2,20.2,23.0
53.0,40.5,1094.0,885.0,59.86,25.5,96.2,100.0,36.521,15.200000000000003,93.7,19.5,8.8,43.7,16.8,51.9,6.5,13.3,41.542,46.0,42.8,15.9,6.4,33.9,11.0,41.60000000000001,25.799999999999997,86.4,17.6,7.599999999999998,90.6,46.4,48.2,3606.0,66.2,51.5,6.5,70.3,9.2,4.9,61.6,71.1,77.4,74.2,0.0,90.0,83.0,32.3,94.7,1.6,57.1,16.3,6.0,30.6,13.1,30.4,9.9,57.2,6.9,6.4,13.6,10.1,7.8,18.8,6.2,2.9,12.1,8.9,3.1,15.8,0.7,1.1,0.7,53.2,8.399999999999999,12.3,0.20000000000000018
62.6,36.6,1076.0,815.0,69.9,34.2,97.4,99.9,43.4,29.3,90.1,15.600000000000001,13.9,62.5,32.9,37.5,3.2,8.8,54.5,60.5,42.8,12.2,5.4,56.0,27.1,57.4,34.5,94.2,17.2,6.900000000000002,95.5,70.1,70.1,1933.0,79.2,58.6,5.4,83.1,12.7,1.5,84.2,89.0,93.9,92.2,4.200000000000003,97.3,94.7,51.4,98.3,1.6999999999999997,57.8,13.4,5.0,44.1,10.3,31.9,12.4,51.3,6.3,4.1,10.9,9.3,5.8,15.9,8.6,2.6,12.9,9.0,3.3,14.0,0.2,0.40000000000000013,0.19999999999999996,47.9,25.2,2.4000000000000004,0.6000000000000001
65.0,35.2,1074.0,886.0,75.4,33.9,97.7,100.0,47.1,38.9,92.4,15.399999999999999,12.0,67.6,36.9,27.3,3.6,7.3,68.4,69.4,53.5,7.2,3.5,52.8,26.6,53.6,29.3,93.2,20.299999999999997,9.400000000000002,92.3,71.5,72.0,1804.0,77.5,61.9,9.1,84.6,10.2,3.099999999999998,89.7,90.6,95.9,91.2,6.100000000000001,99.4,96.8,33.3,99.2,0.0,63.9,7.1,2.5,35.5,6.3,25.8,10.0,52.4,6.5,3.7,10.6,8.9,4.1,14.1,10.4,4.2,16.2,10.4,3.2,15.3,0.0,0.0,0.0,46.7,23.9,3.299999999999999,1.1
59.3,36.1,1083.0,991.0,73.8,32.8,96.2,96.3,38.2,32.3,90.1,13.600000000000001,23.7,55.7,22.6,49.400000000000006,2.4,19.2,62.8,71.5,55.7,9.7,4.8,50.0,21.7,70.7,31.7,93.6,24.5,14.7,84.0,72.3,74.7,8076.0,79.8,68.0,3.8,80.4,7.5,4.300000000000001,88.1,89.5,92.9,93.8,2.200000000000003,98.1,95.0,42.3,99.1,0.8999999999999999,42.8,6.9,2.3,41.1,3.0999999999999996,23.8,13.4,70.7,7.2,4.7,13.0,7.2,9.1,16.9,10.6,4.8,17.4,12.4,5.4,18.8,0.0,0.6,0.0,49.4,17.9,1.8000000000000007,0.5
65.0,36.4,1076.0,1058.0,81.7,37.5,96.2,99.1,62.2,45.2,89.2,13.2,26.3,62.3,34.1,49.5,5.9,12.1,70.7,55.8,46.2,16.0,9.0,53.1,17.4,46.5,21.6,88.6,21.4,11.8,87.8,58.6,60.9,1710.0000000000002,86.0,63.6,3.4,85.6,6.300000000000001,1.302999999999999,65.8,80.8,82.3,80.4,2.5,96.6,81.0,24.5,96.5,1.6999999999999997,57.2,11.9,3.1,42.0,5.5,26.0,17.6,68.6,6.8,5.6,13.2,9.1,5.6,15.8,7.1,2.4,13.9,9.7,3.1,17.0,0.2,0.19999999999999996,0.0,49.6,13.7,4.0,0.3999999999999999
65.1,35.1,986.0,879.0,74.1,26.39999999999999,94.5,98.0,60.9,49.2,85.2,16.3,17.4,65.6,35.1,42.4,3.4,14.3,75.6,57.4,46.8,12.8,6.5,39.9,31.2,53.3,27.6,89.9,28.0,16.8,85.4,54.0,60.5,2975.0,77.2,52.1,6.3,77.5,11.5,5.9,66.8,81.0,91.1,89.2,15.600000000000001,96.0,91.8,51.9,84.7,8.3,46.2,10.9,1.1,33.4,5.4,22.9,19.4,70.1,7.5,7.1,15.6,8.5,7.3,16.3,7.0,3.2,13.3,8.8,3.1,14.7,1.2,1.6,1.3,47.3,21.2,2.4000000000000004,0.20000000000000018
67.9,34.2,1003.0,872.0,70.7,44.6,97.9,99.7,45.9,42.9,92.2,9.600000000000001,16.2,64.1,34.6,31.2,4.2,5.3,60.8,63.9,47.9,11.8,5.1,45.0,17.5,42.7,33.5,93.8,15.5,6.199999999999999,93.3,56.1,62.4,2214.0,86.9,61.8,2.3,87.5,12.6,5.199999999999999,61.9,80.6,80.6,80.9,3.6000000000000014,98.4,85.7,24.1,97.8,0.8000000000000003,40.3,11.8,1.4,25.5,8.4,23.1,20.8,51.4,6.8,6.6,14.0,9.6,6.5,17.0,8.3,2.7,13.9,10.3,1.7999999999999998,14.5,0.3,0.5,0.3,43.7,17.8,2.4000000000000004,0.5
64.8,32.7,1005.0,886.0,77.1,40.5,98.5,99.8,52.4,44.7,93.5,11.399999999999999,18.3,68.1,33.3,30.8,5.8,7.2,56.6,60.5,44.6,9.1,3.4,67.3,31.4,61.5,27.4,93.4,21.1,9.8,92.2,66.9,68.3,1686.0,89.5,50.9,2.8,90.6,7.699999999999999,1.302999999999999,75.0,81.7,90.5,89.6,6.299999999999997,97.3,90.5,35.7,90.4,6.4,50.4,10.4,3.7,36.9,8.4,21.1,16.6,57.7,7.1,4.9,12.9,6.6,4.5,11.5,9.2,2.8,13.9,7.702999999999999,2.0,12.009,0.3,0.30000000000000004,0.0,42.2,11.4,1.8000000000000007,0.10000000000000009
54.9,37.1,1122.0,812.0,86.1,27.5,97.2,99.8,48.7,41.6,96.0,25.299999999999997,3.299999999999999,49.4,22.7,45.1,4.0,10.3,57.5,61.3,48.8,12.7,6.8,50.2,21.5,51.8,24.9,91.9,22.000000000000004,12.2,87.6,50.5,50.9,3230.0,69.9,55.8,10.7,75.9,10.6,5.699999999999999,66.3,80.7,78.3,78.3,0.0,95.2,81.9,30.4,94.9,5.1,60.4,14.3,3.8,30.9,13.4,25.6,13.4,59.8,6.4,5.9,13.5,10.1,8.8,19.3,9.0,3.7,17.5,13.7,6.3,23.5,0.2,0.8,0.19999999999999996,55.1,10.6,5.6,0.2999999999999998
59.6,36.3,1080.0,863.0,70.7,38.2,97.9,99.2,44.4,34.7,94.9,9.699999999999996,13.3,59.4,30.7,42.8,2.5,7.2,72.8,73.3,52.5,5.9,2.6,51.9,29.5,63.2,25.1,94.9,18.9,7.099999999999998,93.4,72.5,75.4,1927.0,76.6,49.1,4.2,77.7,14.4,2.3000000000000025,85.0,84.2,92.6,91.8,7.300000000000001,97.1,92.5,26.5,95.7,2.3,47.1,5.1,4.1,42.4,10.4,26.8,10.799999999999999,58.5,4.2,3.5999999999999996,8.2,7.4,3.6,11.4,11.5,3.9,16.6,12.7,4.8,18.8,0.09999999999999998,0.0,0.0,51.9,29.9,3.7,0.8999999999999999
63.3,34.6,1157.0,943.0,87.8,40.8,96.2,99.9,60.1,39.4,96.6,12.7,2.700000000000001,63.3,32.9,28.0,3.5,7.6,63.8,57.3,39.5,19.4,5.5,45.7,17.9,53.2,27.9,90.1,23.6,8.599999999999998,89.6,53.9,54.2,2559.0,85.9,60.3,3.3,88.0,9.1,3.4000000000000004,75.8,97.9,91.1,91.1,1.7000000000000028,98.4,89.6,37.0,98.1,1.9,69.1,6.1,5.9,38.6,14.9,22.7,17.9,69.0,4.7,4.9,10.5,5.0,4.8,10.1,11.7,5.1,20.3,16.3,5.0,22.8,0.2,1.5,0.0,47.8,12.0,5.2,0.10000000000000009
53.1,37.0,1090.0,986.0,68.4,37.4,97.9,90.5,37.6,40.2,91.0,14.3,30.799999999999997,48.7,20.6,51.9,2.9,15.399999999999999,63.1,69.6,47.7,9.5,5.0,64.4,18.4,73.8,37.9,95.2,27.8,11.7,87.8,66.7,69.8,5290.0,73.4,53.3,4.0,72.7,7.5,2.3000000000000025,66.4,80.2,77.4,76.7,0.0,97.5,85.7,27.9,98.9,0.8999999999999999,37.8,2.1000000000000005,1.9,36.8,3.299999999999999,31.0,12.7,61.9,5.4,5.4,11.1,8.2,6.3,15.1,7.3,4.1,12.6,10.3,3.0,14.8,0.0,0.0,0.0,53.6,25.0,2.799999999999999,0.5
61.7,36.0,1085.0,1066.0,75.1,35.3,99.3,99.8,45.5,34.3,91.0,13.2,20.3,63.2,30.5,41.6,5.6,12.0,53.2,52.5,45.3,13.0,5.6,61.5,40.7,58.4,17.4,94.2,24.2,16.1,95.8,77.7,71.2,1512.0,89.1,61.6,1.3,88.3,20.3,3.9000000000000004,70.3,79.1,88.4,87.1,5.799999999999997,100.0,97.2,39.6,98.0,2.0,68.4,11.2,3.4,45.1,6.4,27.2,14.3,57.4,6.9,4.7,11.9,9.0,6.5,16.0,8.9,2.6,13.4,8.0,2.3,12.009,0.2,1.6,0.19999999999999996,49.1,28.5,5.500000000000001,1.1
62.3,35.8,1018.0,944.0,77.9,41.3,96.7,98.0,59.1,29.0,93.7,18.1,6.1,66.0,29.5,27.1,6.5,2.6,58.9,78.6,59.7,3.7,1.7000000000000002,62.6,45.10000000000001,62.4,25.6,93.5,11.199999999999996,3.600000000000005,97.2,81.6,77.0,1671.0,83.3,63.2,5.2,86.0,7.4,1.6000000000000014,88.9,90.4,91.4,87.4,14.0,98.2,93.5,32.1,98.9,1.1,67.5,3.1,4.2,48.5,13.1,25.6,11.8,62.6,4.4,2.0,6.9,6.1,3.3999999999999995,10.3,7.9,3.3,12.3,10.4,3.7,15.0,0.0,0.0,0.0,50.8,14.1,2.799999999999999,0.5
57.5,39.0,1053.0,888.0,80.9,36.6,92.0,99.2,44.6,16.9,96.7,8.399999999999999,8.8,49.7,19.8,49.400000000000006,4.4,16.1,49.5,33.8,26.4,22.4,9.2,57.5,22.6,40.89999999999999,15.299999999999997,84.4,16.2,8.400000000000002,91.7,41.7,44.3,2333.0,66.9,59.9,9.3,73.8,4.0,2.3000000000000025,73.7,82.6,84.1,78.3,3.1000000000000014,93.2,83.9,26.1,92.1,0.8999999999999999,50.2,10.6,2.1,25.8,13.6,26.4,13.1,62.1,6.5,6.3,14.4,9.1,8.8,19.6,6.2,4.0,17.0,8.5,2.9,17.8,0.0,0.0,0.0,49.2,10.3,6.1,0.6000000000000001
60.6,40.597,1111.0,918.0,66.8,31.799999999999997,94.5,98.8,65.0,33.2,88.0,15.600000000000001,7.2,51.8,26.6,44.9,6.0,15.099999999999998,50.5,40.900000000000006,34.9,15.4,9.5,56.2,14.4,44.6,17.4,83.9,15.8,3.5,89.5,54.2,52.2,4327.0,74.2,64.0,8.8,82.3,4.400000000000002,1.302999999999999,64.7,84.3,83.7,82.9,2.6000000000000014,97.1,82.6,31.4,92.9,2.6,62.9,13.9,1.6,26.3,16.5,24.7,18.1,56.5,8.4,7.8,17.1,9.8,10.8,21.7,7.5,2.3,13.0,9.4,3.1,16.1,0.2,0.7000000000000001,0.9,43.7,6.900000000000002,3.5,0.10000000000000009
56.0,39.9,1199.0,1016.0,74.3,33.5,95.8,100.0,52.4,15.299999999999997,94.8,8.100000000000001,5.9,48.0,15.803,36.6,5.2,10.0,41.542,26.305999999999997,21.0,21.7,8.0,43.3,12.2,39.90899999999999,17.1,79.2,17.499999999999996,10.900000000000002,84.7,40.7,42.1,4174.0,54.6,41.5,12.4,64.9,12.1,6.6,67.3,80.9,80.3,77.4,1.7000000000000028,93.2,82.0,18.6,97.3,1.6999999999999997,53.2,9.1,1.8,16.9,12.1,29.1,11.6,53.4,5.6,4.4,11.0,7.8,8.0,17.0,8.5,3.6,17.4,12.4,5.0,22.7,0.2,0.8,0.19999999999999996,50.4,6.199999999999999,11.6,0.6000000000000001
61.2,37.8,1074.0,886.0,74.8,37.4,98.0,96.6,51.6,42.6,84.2,15.100000000000001,22.1,57.9,30.0,51.9,4.6,13.0,64.9,67.0,50.4,11.7,6.4,53.4,19.8,66.1,28.0,92.8,21.1,8.0,87.1,66.7,74.1,9523.0,75.8,58.4,5.4,76.2,9.3,2.8000000000000007,68.9,76.8,82.4,82.4,0.0,92.9,83.9,23.7,97.7,2.3,41.8,9.7,1.3,36.0,3.5999999999999996,25.3,16.2,67.4,7.3,4.8,12.8,8.8,7.7,17.8,6.6,3.4,12.3,9.3,2.1000000000000005,13.8,0.0,0.19999999999999996,0.09999999999999998,45.4,20.0,2.4000000000000004,0.7999999999999998
58.0,38.3,1148.0,1058.0,61.8,31.4,97.0,99.3,36.521,13.424,95.4,9.5,11.6,47.6,23.2,51.9,6.5,20.8,49.6,55.8,47.6,11.1,4.7,60.8,29.9,53.8,20.9,87.7,14.899999999999999,8.2,95.6,49.5,58.9,982.0000000000005,75.0,68.8,5.3,77.1,3.0,1.302999999999999,72.0,87.7,83.2,77.6,0.0,97.6,86.5,29.5,98.4,1.6,55.8,13.6,1.6,34.0,6.9,32.0,12.9,64.9,8.7,6.4,15.4,7.9,8.3,16.9,6.2,1.9,11.603,7.702999999999999,2.8,14.5,0.0,0.9,0.5,53.2,13.8,7.9,0.5
55.6,34.7,1218.7300000000002,805.0,81.1,22.799999999999997,98.6,100.0,38.2,40.0,91.9,19.2,8.3,53.2,26.5,39.2,3.3,10.2,57.4,47.4,39.5,17.7,7.0,54.3,18.6,67.5,34.89999999999999,94.0,16.2,9.100000000000001,91.5,58.9,61.0,2426.0,73.7,52.4,7.8,78.5,13.2,4.199999999999999,74.1,85.6,85.7,83.1,0.0,95.7,91.2,38.6,96.0,2.0,74.7,18.597000000000005,4.4,27.7,13.4,25.1,13.7,66.3,7.4,4.9,13.2,9.3,9.5,20.0,9.5,4.2,18.2,12.8,6.4,23.4,0.0,0.8,0.3,53.9,11.1,5.000000000000001,0.10000000000000009
69.5,31.3,1032.0,966.0,84.8,50.7,98.4,97.7,62.8,59.4,92.6,15.200000000000003,22.2,69.5,44.4,34.7,4.2,9.6,80.2,68.6,49.0,10.3,5.7,65.3,23.3,68.7,36.8,90.5,33.0,15.3,89.8,80.7,83.4,2461.0,93.2,60.0,2.8,92.3,21.8,9.5,73.4,84.8,85.9,83.4,1.2000000000000028,95.0,86.8,44.1,97.6,1.3,44.6,14.5,2.6,28.3,5.8,23.7,20.9,70.7,9.8,8.7,19.5,11.6,9.6,21.8,9.8,3.5,16.1,10.6,3.9,18.3,1.5,1.5,1.7,40.9,12.9,2.5,0.10000000000000009
65.1,34.9,1097.0,701.0,82.2,38.3,96.6,99.9,55.2,41.5,96.1,13.2,4.9,63.0,33.8,32.9,5.5,8.2,67.8,66.1,55.7,12.1,6.0,57.9,20.8,55.9,28.200000000000003,93.8,13.699999999999996,8.099999999999998,84.1,55.9,55.9,3663.0,72.5,51.3,7.9,78.2,10.5,3.9000000000000004,74.9,83.7,88.5,88.4,1.1000000000000014,99.1,91.9,34.4,98.0,2.0,57.8,14.600000000000001,4.3,29.7,16.3,25.2,16.5,57.3,6.9,4.9,12.4,6.9,7.2,16.4,9.8,5.0,18.1,14.1,6.9,24.0,0.2,1.4,0.0,51.5,11.2,7.2,0.5
59.6,37.2,1048.0,959.0,73.3,40.6,98.9,98.9,52.5,41.0,89.1,12.8,16.3,56.1,28.8,42.0,4.9,10.0,64.4,72.3,52.4,7.5,4.2,54.1,27.8,64.7,29.3,94.2,16.399999999999995,5.300000000000001,87.6,77.5,73.0,2628.0,80.3,53.9,6.4,85.1,17.1,9.600000000000001,75.2,83.8,86.6,84.9,0.0,95.7,83.4,22.4,100.0,0.0,44.099999999999994,12.4,5.3,22.4,7.5,23.8,16.0,68.1,6.8,3.8,11.1,7.7,5.2,13.6,8.2,3.3,13.4,9.3,3.6,14.0,0.0,0.40000000000000013,0.0,49.8,21.5,2.799999999999999,0.2999999999999998
61.4,33.4,1099.0,865.0,65.9,38.6,97.4,99.3,47.9,40.7,98.2,8.100000000000001,15.3,62.1,37.3,43.3,3.8,9.4,65.7,69.8,45.1,6.5,3.3,45.7,13.5,69.5,31.6,94.8,17.499999999999996,9.5,88.1,74.1,80.5,2858.0,79.9,51.5,4.2,79.5,12.4,1.302999999999999,74.5,85.2,87.9,86.4,0.7999999999999972,94.6,87.5,37.5,96.7,0.6999999999999997,37.8,3.4,2.8,36.9,4.2,28.4,15.7,61.1,4.9,3.9,9.4,5.8,5.1,11.7,8.8,3.8,14.5,11.9,5.3,18.5,0.0,0.30000000000000004,0.0,47.9,27.9,2.9000000000000004,0.8999999999999999
59.8,36.5,1088.0,904.0,71.5,29.4,93.5,99.7,43.3,31.4,97.7,20.0,9.2,52.5,21.6,39.1,5.8,12.5,42.9,50.7,40.2,12.1,6.3,38.9,21.0,55.0,25.4,89.7,9.921,6.5,83.9,57.3,64.1,1882.0000000000002,79.5,60.6,4.0,78.4,6.400000000000002,2.8000000000000007,62.1,82.7,74.3,73.4,1.0,88.8,79.9,21.4,96.8,2.0,62.4,18.597000000000005,6.6,25.9,9.4,24.6,20.6,59.4,4.3,4.5,9.3,5.9,6.8,13.4,11.3,5.1,18.1,12.3,7.8,22.6,0.0,0.30000000000000004,0.0,48.1,10.8,5.9,0.8999999999999999
69.5,32.7,950.0,1002.0,73.6,39.9,99.0,98.8,61.0,64.6,92.9,10.2,18.2,67.6,43.6,26.6,6.5,10.1,74.3,49.3,42.3,15.0,4.6,46.4,18.6,51.7,17.9,83.0,20.7,15.699999999999998,88.8,59.0,63.1,2863.0,89.1,51.0,3.3,81.4,22.0,7.9,56.6,72.5,83.9,78.7,11.0,98.4,78.6,20.9,94.9,5.1,58.4,9.3,0.7,34.1,9.0,22.6,21.5,66.9,7.6,7.8,17.1,10.0,8.8,19.9,8.1,2.5,16.1,10.0,2.4,14.8,0.6,1.6,0.09999999999999998,39.9,21.0,2.0999999999999996,0.3999999999999999
58.2,40.0,1185.0,841.0,68.8,34.4,94.8,99.9,48.3,44.2,96.9,19.4,5.8,50.2,20.1,49.2,4.8,12.7,41.542,49.9,40.8,17.2,8.0,45.7,18.4,45.4,21.700000000000003,86.4,18.4,9.8,83.5,43.7,41.8,2811.0,61.5,43.0,7.9,67.4,5.400000000000002,2.8000000000000007,68.3,73.8,79.2,77.7,0.8999999999999986,90.8,77.0,23.0,94.5,5.5,51.5,13.4,4.7,33.7,14.9,23.4,16.3,57.5,5.3,4.9,10.8,8.1,7.8,16.4,9.1,4.0,16.2,13.8,6.8,23.6,0.6,3.3,0.4,55.2,14.9,7.6,0.5
53.6,40.2,1128.0,938.0,73.5,39.1,92.4,99.6,36.521,19.299999999999997,92.6,10.2,13.9,47.5,19.2,51.2,6.5,21.4,51.5,26.305999999999997,24.3,20.2,9.3,24.345,9.399999999999999,39.90899999999999,14.524000000000001,83.6,12.699999999999996,6.5,93.4,41.0,41.5,4083.0,68.9,55.7,9.3,74.2,7.1,3.9000000000000004,62.7,81.8,80.0,71.1,3.700000000000003,88.1,79.5,19.5,96.7,3.3,65.2,12.4,2.7,26.1,6.0,31.4,14.4,48.6,6.9,6.8,16.5,8.9,9.8,21.4,8.2,2.7,18.7,11.9,3.5,22.5,1.2,2.1,0.9,47.3,13.2,6.2,0.8999999999999999
70.5,32.7,1040.0,924.0,73.9,47.2,98.5,99.6,69.0,47.4,97.4,17.2,7.5,76.5,42.6,30.3,6.1,4.6,72.3,73.9,55.7,5.9,2.7,59.1,38.6,64.9,34.2,95.0,17.4,7.699999999999999,91.2,85.0,80.7,1621.0,89.1,51.7,3.7,91.3,14.1,1.5,86.8,93.6,95.8,95.8,7.699999999999999,97.6,95.8,45.5,98.9,1.1,71.5,3.6,3.1,31.3,2.4000000000000004,22.9,19.8,52.5,5.3,4.6,10.3,7.4,5.5,13.5,10.5,3.9,15.2,10.3,4.6,16.0,0.7,1.1,0.0,40.6,18.2,1.0,0.3999999999999999
50.2,38.8,1128.0,1034.0,75.8,32.4,97.2,100.0,40.5,25.2,94.6,12.8,3.700000000000001,43.10000000000001,20.9,51.0,4.9,23.48800000000001,43.5,44.7,37.6,16.7,8.2,38.7,21.8,39.90899999999999,14.524000000000001,82.7,12.100000000000001,4.400000000000002,95.1,38.5,40.8,2273.0,70.4,62.0,5.6,72.9,6.099999999999998,4.0,72.2,88.5,85.1,82.8,0.7999999999999972,97.1,87.2,35.2,98.8,1.2,57.4,8.8,2.0,38.0,11.8,31.0,12.8,51.7,6.6,4.7,11.7,9.0,6.7,16.5,6.2,2.8,14.9,8.8,4.2,15.5,0.2,0.19999999999999996,0.0,54.9,9.6,10.7,0.20000000000000018
60.9,37.8,1071.0,890.0,88.5,39.2,95.7,98.6,48.8,36.1,91.9,19.0,3.4000000000000004,54.3,26.5,49.8,5.3,14.899999999999999,58.7,63.7,53.8,11.1,5.5,59.4,20.6,53.4,23.5,90.4,20.800000000000004,8.900000000000002,90.4,52.1,51.5,2268.0,83.4,71.9,2.9,83.7,6.199999999999999,1.302999999999999,71.4,85.5,89.5,88.5,0.0,99.0,89.4,30.5,98.3,1.6999999999999997,64.1,10.6,4.5,27.0,17.5,26.7,15.2,54.3,8.0,5.6,14.3,7.9,7.0,15.9,7.1,4.2,15.8,9.4,4.4,16.4,0.6,0.6,0.4,51.7,10.5,3.5,0.10000000000000009
64.8,35.3,1077.0,779.0,73.1,43.8,93.6,99.7,37.2,36.8,92.9,9.399999999999999,7.2,65.6,35.5,26.2,4.2,6.2,59.0,41.1,31.4,17.3,7.7,36.7,18.0,44.4,30.7,88.1,14.8,8.5,94.3,54.1,58.3,2903.0,73.0,57.2,8.6,79.1,8.0,1.8999999999999986,72.0,85.7,89.1,83.1,16.2,95.2,88.9,31.1,99.1,0.8999999999999999,50.2,15.900000000000002,1.6,28.2,5.9,22.1,19.1,50.7,8.1,6.8,16.5,7.9,8.4,18.1,8.4,3.3,16.7,12.7,2.6,19.3,0.8,0.5,0.3,44.0,17.4,4.2,0.6000000000000001
58.5,37.5,1074.0,888.0,82.9,47.8,97.3,98.4,54.2,40.3,90.3,9.699999999999996,9.5,55.0,28.3,46.10000000000001,5.7,10.2,68.1,78.8,50.3,3.2,1.5,58.6,26.2,68.8,28.4,95.8,24.1,6.700000000000003,87.7,77.1,78.7,1842.0,89.2,69.7,3.7,91.8,14.6,8.8,82.8,86.6,90.0,87.2,1.2000000000000028,99.2,88.7,31.4,99.4,0.6000000000000001,42.8,9.1,6.8,25.2,5.0,24.1,13.3,67.7,5.7,3.4,9.9,5.8,4.4,11.1,9.2,4.2,16.3,11.1,3.9,16.1,0.5,0.5,0.3,45.0,23.2,2.0999999999999996,0.20000000000000018
56.2,36.2,1066.0,1017.0,82.5,49.10000000000001,97.6,100.0,57.9,31.3,95.6,18.1,3.299999999999999,52.5,21.0,34.6,4.7,3.3,57.3,65.6,49.7,10.4,5.3,58.7,24.7,62.8,25.299999999999997,94.0,11.300000000000004,5.0,93.2,61.1,58.7,2090.0,74.3,63.8,6.4,77.0,5.300000000000001,2.0,62.9,73.5,75.0,75.0,3.799999999999997,92.8,81.3,19.9,98.7,1.3,59.2,8.7,5.2,27.3,2.9000000000000004,20.0,7.599999999999998,69.1,4.2,3.1,7.5,8.7,4.6,13.9,10.1,3.7,15.5,14.6,4.5,20.8,0.0,0.0,0.3,56.6,14.9,4.500000000000001,0.2999999999999998
59.1,38.2,1209.0,1009.0,78.9,35.6,93.1,99.7,50.7,40.5,95.0,20.7,9.5,51.7,19.2,46.8,6.3,13.1,47.6,52.8,41.0,17.0,7.1,52.2,17.3,57.8,20.299999999999997,87.6,14.3,9.599999999999998,91.1,51.1,57.3,2538.0,64.4,49.9,7.9,69.6,8.5,5.300000000000001,66.6,76.1,78.3,77.7,0.8999999999999986,92.7,78.4,27.3,100.0,0.0,60.0,18.597000000000005,3.4,22.6,17.4,31.8,13.9,59.5,6.2,5.6,12.3,8.8,5.3,14.6,9.9,4.3,17.8,10.8,4.8,17.9,0.0,0.0,0.0,55.4,12.7,6.4,0.10000000000000009
70.7,31.5,1141.0,1060.0,86.5,61.9,95.3,99.8,47.7,48.0,94.1,8.200000000000003,13.2,70.9,38.9,21.3,3.8,2.6,55.8,53.5,42.4,15.4,5.1,40.2,9.3,61.0,30.3,96.6,21.1,12.8,82.9,63.9,63.0,4135.0,86.4,65.3,4.4,86.9,11.3,5.199999999999999,76.1,83.2,92.6,87.2,0.0,97.4,86.4,25.3,100.0,0.0,48.3,15.8,7.4,21.9,10.8,18.1,23.3,63.5,3.4,4.9,9.0,8.3,6.6,15.7,12.4,5.2,19.6,18.1,9.4,29.6,0.0,0.19999999999999996,0.0,44.1,11.4,4.599999999999999,0.3999999999999999
50.9,39.8,1126.0,884.0,67.9,28.700000000000003,97.3,99.7,50.7,15.0,94.3,14.2,6.8,42.10000000000001,16.2,51.9,5.6,17.0,55.4,63.7,56.2,12.1,5.7,44.5,26.1,59.0,30.9,89.8,13.199999999999996,8.0,96.1,60.7,64.2,1760.0,80.4,73.6,4.2,79.4,3.6999999999999993,2.5999999999999996,73.6,80.5,88.0,81.7,0.0,99.2,85.5,31.3,99.3,0.0,50.5,18.597000000000005,5.0,37.0,14.1,30.9,9.400000000000002,68.3,6.8,5.5,12.7,6.8,7.8,15.6,6.3,2.5,11.603,8.8,3.1,14.1,0.0,0.40000000000000013,0.19999999999999996,53.0,7.899999999999999,11.4,0.10000000000000009
64.5,34.7,1069.0,1118.0,81.5,44.1,96.5,99.2,52.6,40.9,86.2,13.5,24.9,62.4,34.0,44.9,4.6,8.1,68.2,45.8,41.0,16.7,8.3,47.4,18.5,46.7,24.5,80.8,14.8,6.800000000000001,88.5,57.4,64.3,2571.0,81.6,63.1,6.5,84.8,9.5,3.4000000000000004,71.0,84.2,85.0,72.7,5.299999999999997,97.4,82.3,13.2,98.1,1.0,55.8,15.0,3.9,27.6,12.1,26.1,16.9,61.8,6.5,5.3,13.6,8.1,7.0,17.1,6.2,3.5,17.4,10.2,3.7,19.6,0.4,0.19999999999999996,0.8,46.3,19.2,3.9000000000000004,0.3999999999999999
76.4,20.7,988.0,1068.0,99.1,83.8,99.7,99.5,83.8,33.3,96.7,79.5,2.700000000000001,78.6,46.3,3.3000000000000007,0.30000000000000004,0.0,84.8,83.5,78.294,2.5999999999999996,1.0000000000000004,94.1,37.5,72.7,81.5,93.7,46.9,24.2,99.4,90.8,89.1,1905.0,97.4,85.8,2.7,99.2,17.8,13.0,85.2,92.4,92.0,89.8,56.7,100.0,92.4,28.9,97.7,2.3,90.3,1.299999999999999,1.2,22.4,2.9000000000000004,18.8,12.199999999999998,69.2,4.6,2.9,8.1,4.8,2.6000000000000005,8.4,16.0,8.0,25.1,18.2,8.5,27.7,0.0,0.6,0.19999999999999996,36.1,26.8,11.4,1.5
66.7,27.2,1070.0,1021.0,96.0,68.9,99.2,94.8,78.9,24.9,97.9,66.1,9.8,73.4,38.7,11.4,2.2,2.7000000000000006,59.8,71.5,62.8,5.3,2.4,73.4,17.6,59.3,49.5,86.5,21.6,12.600000000000001,98.6,72.6,69.7,2491.0,78.1,65.8,10.2,86.2,9.7,2.5999999999999996,77.3,84.7,87.6,86.0,27.4,97.0,89.8,32.4,98.6,1.4,77.1,4.7,3.0,35.4,12.3,19.4,14.7,63.0,3.1,3.4,7.1000000000000005,4.9,3.5,9.4,14.2,6.2,22.6,19.3,7.3,27.9,0.6,0.30000000000000004,0.3,40.8,35.0,14.9,1.8
62.1,29.2,980.0,887.0,94.6,78.4,97.9,84.4,57.3,13.424,99.5,62.3,1.5,65.4,32.2,24.6,2.6,9.1,60.7,52.0,46.8,16.0,3.4,83.5,35.9,76.4,52.1,89.4,55.0,34.2,88.5,78.6,72.7,966.0,78.9,72.7,10.399999999999999,89.2,8.8,8.2,76.1,86.2,86.4,84.9,61.0,92.4,89.2,17.0,98.5,1.6,83.2,1.1000000000000005,0.5,38.3,14.1,28.7,9.9,40.5,4.1,3.7,7.9,5.5,5.1,11.2,15.5,9.2,25.2,20.3,10.0,31.2,0.0,0.0,0.0,53.2,44.5,21.4,16.2
58.0,26.5,1068.0,1042.0,89.3,55.9,96.8,94.1,61.0,31.6,97.1,69.3,16.1,52.9,25.3,17.3,1.8,6.0,53.1,54.2,47.7,12.1,5.3,86.7,36.9,57.3,55.1,94.8,31.1,18.199999999999996,92.4,69.2,64.6,3279.0,63.5,56.1,13.8,72.6,6.599999999999998,5.5,57.3,61.1,85.0,76.0,24.2,93.9,81.4,32.0,97.9,2.1,87.4,18.5,5.3,42.0,10.6,34.497,8.7,59.9,4.6,3.0,9.0,4.7,4.8,11.4,13.1,7.2,23.7,16.8,5.7,24.1,0.2,0.9,1.0,55.8,41.4,36.400000000000006,18.5
65.3,27.0,972.0,987.0,99.4,80.0,99.7,98.8,80.5,18.9,97.8,63.4,1.3000000000000007,71.1,33.0,15.1,1.1999999999999997,4.9,63.9,75.6,71.2,5.0,2.4,88.2,37.3,77.4,54.6,89.0,54.6,34.8,99.7,91.5,91.9,2515.0,95.0,84.6,2.0,93.9,13.2,7.199999999999999,93.4,93.4,93.4,93.4,64.1,100.0,95.7,28.3,100.0,0.0,89.0,1.299999999999999,0.0,27.4,15.5,21.0,14.9,57.4,4.7,3.0,8.4,6.7,4.1,11.7,17.1,7.0,26.9,19.9,6.5,27.6,0.0,0.5,0.0,40.2,29.0,10.6,0.7000000000000002
48.912,30.5,1069.0,1045.0,87.1,67.4,86.8,94.3,36.521,18.5,98.6,73.5,1.1999999999999993,44.7,24.2,18.3,2.3,5.2,47.1,35.7,32.4,15.5,4.8,90.2,45.60000000000001,53.1,56.9,92.1,32.5,20.1,96.8,64.9,58.2,776.0000000000005,63.599999999999994,62.3,11.5,73.8,3.6000000000000014,4.9,78.4,79.0,83.2,83.0,63.9,92.7,83.8,33.6,98.4,1.6,84.8,4.5,2.8,25.4,16.9,34.497,6.0,52.2,4.4,3.3,8.3,4.3,4.1,9.2,9.7,3.5,15.0,16.2,4.5,21.6,0.0,0.0,0.0,61.9,60.794000000000004,44.4,29.98800000000001
71.0,24.8,1033.0,1070.0,94.2,63.5,98.6,93.6,80.5,42.2,98.6,60.4,3.0,72.8,37.4,11.2,2.6,5.2,70.7,58.5,50.3,10.4,4.0,56.0,19.9,52.5,46.9,84.6,30.0,9.2,92.9,75.7,78.6,2344.0,79.4,55.8,8.1,85.6,19.0,9.9,52.5,69.5,77.5,73.3,38.9,94.0,80.1,36.7,89.1,11.000000000000002,62.7,5.1,0.8,33.6,15.7,27.2,17.1,50.3,4.3,4.8,10.0,6.5,5.3,12.7,14.5,7.3,24.4,19.2,8.1,28.6,0.3,0.30000000000000004,0.19999999999999996,40.0,33.9,11.5,2.6
51.0,27.9,1098.0,1296.0,95.4,60.7,95.9,95.1,60.5,34.6,98.3,82.2,6.4,49.3,24.2,16.3,2.1,6.7,56.7,58.8,54.4,7.1,3.6,95.47900000000001,46.8,65.3,68.2,96.6,27.5,12.600000000000001,98.7,84.9,84.9,710.0,90.5,84.1,2.5,88.7,5.099999999999998,3.9000000000000004,77.6,73.7,90.0,89.1,47.5,95.1,83.8,27.8,98.3,0.0,91.8,2.3999999999999995,1.0,34.5,19.6,25.9,6.800000000000001,71.6,5.8,1.7999999999999998,8.1,7.4,2.5,10.7,14.8,2.6,19.1,18.5,3.7,23.7,0.5,0.9,0.5,55.7,49.8,38.1,21.4
77.3,23.6,1057.0,1120.0,99.6,87.1,99.9,99.1,89.8,30.9,99.4,86.8,2.700000000000001,82.7,40.9,5.800000000000001,0.3999999999999999,1.0,82.9,81.1,78.294,4.5,2.2,92.1,37.2,61.2,70.4,94.2,56.8,38.3,99.5,84.3,83.7,1601.0,94.3,70.4,4.1,96.6,22.9,12.9,80.6,82.3,86.0,89.2,44.9,100.0,95.9,18.9,100.0,0.0,92.8,1.3999999999999995,3.1,23.3,7.3,18.4,12.7,50.7,5.8,3.9,10.1,6.8,6.5,14.1,13.0,5.4,21.0,16.9,6.3,24.9,0.3,0.30000000000000004,0.0,38.0,32.9,14.1,2.8
79.4,22.9,957.0,812.0,98.9,81.9,99.6,98.5,89.5,76.3,98.0,67.0,4.0,80.3,52.7,4.300000000000001,1.8,0.5999999999999996,87.7,80.6,76.4,4.9,3.4,89.2,36.5,71.1,69.9,96.0,46.5,28.7,99.4,94.2,92.5,2451.0,96.7,72.4,1.7,98.0,27.5,16.5,82.7,87.0,90.8,85.4,56.4,97.2,92.2,34.6,90.4,9.6,82.3,2.0,0.0,18.499999999999996,8.5,12.5,23.9,65.7,6.1,3.7,11.2,6.6,4.4,12.2,14.5,5.1,22.6,18.5,5.4,26.5,0.4,0.5,0.8,36.6,32.0,7.2,0.8999999999999999
67.4,26.5,1048.0,1011.0,96.3,75.6,98.7,96.8,81.0,17.1,99.2,79.8,7.0,68.9,27.8,9.7,1.1999999999999997,3.6,58.2,76.2,68.3,3.5,1.3999999999999995,88.1,27.7,58.0,57.8,90.7,39.9,26.1,98.3,86.3,82.3,1569.9999999999998,87.6,80.6,4.7,84.9,10.9,8.4,83.4,81.1,88.9,86.9,25.8,100.0,94.2,45.0,100.0,0.0,81.6,1.6000000000000005,4.8,31.2,8.3,20.0,9.1,58.8,4.0,2.9,7.4,5.0,3.1,8.6,15.5,5.6,22.6,17.6,6.6,25.6,0.0,0.19999999999999996,0.0,45.3,35.1,21.0,1.2000000000000002
67.7,25.3,999.0,795.0,96.0,76.2,99.5,97.2,78.8,24.8,99.4,74.0,7.0,74.9,37.3,10.2,1.5,3.4999999999999996,78.4,74.8,66.3,6.3,1.9,70.2,16.5,63.1,62.8,90.9,34.2,21.5,97.6,85.9,82.6,2597.0,86.2,64.7,8.4,91.6,22.8,13.1,85.5,86.8,89.5,92.6,30.9,94.1,92.9,50.5,94.7,5.3,86.6,6.2,2.1,31.4,5.0,21.5,12.8,52.7,4.1,4.1,9.0,5.1,5.0,11.2,15.1,5.1,21.6,18.1,9.1,28.3,0.0,0.0,0.19999999999999996,40.4,31.3,14.8,1.2999999999999998
67.9,27.8,1038.0,951.0,97.0,79.4,98.2,88.8,72.8,14.799999999999997,98.8,80.6,5.999999999999999,73.1,34.9,21.9,1.8,5.5,68.2,56.0,47.2,12.9,5.1,94.1,39.6,56.4,48.6,91.1,50.5,32.0,97.1,82.7,80.7,1635.0,85.6,66.2,1.7,78.6,13.4,7.4,94.2,94.1,95.5,95.5,76.9,95.5,96.9,28.0,100.0,0.0,90.2,1.299999999999999,0.0,31.3,6.0,27.5,13.4,42.9,5.0,3.2,8.3,5.3,4.5,10.4,17.3,10.4,28.5,21.9,11.6,34.4,0.0,0.19999999999999996,0.19999999999999996,55.8,50.2,21.2,12.1
61.7,27.4,983.0,826.0,98.6,84.1,99.5,97.9,80.3,25.0,95.6,72.1,0.0,66.2,32.6,15.3,1.5,1.5,63.5,75.2,72.2,6.200000000000001,2.9,92.4,43.7,67.2,58.9,89.3,59.8,36.9,99.2,93.0,94.3,1340.0,91.7,77.7,3.4,93.4,9.6,3.1999999999999993,95.4,96.9,95.4,95.4,80.4,98.5,96.9,21.0,100.0,0.0,86.5,0.7000000000000002,0.0,44.4,7.0,20.6,11.8,59.3,5.6,2.5,8.5,5.9,2.6000000000000005,9.4,16.5,6.7,24.0,19.4,6.6,26.5,0.3,0.19999999999999996,0.19999999999999996,40.2,27.6,13.7,2.6
57.5,25.7,1033.0,1111.0,93.3,57.8,97.8,98.8,79.5,13.424,99.0,80.6,3.5999999999999996,54.7,24.699999999999996,11.8,0.30000000000000004,3.0,57.8,68.2,60.5,3.7,2.3,91.0,28.9,69.4,64.1,95.4,39.5,17.3,97.6,79.4,77.3,2137.0,78.7,74.3,5.5,83.7,3.6000000000000014,2.8000000000000007,70.1,64.4,83.7,81.8,23.8,96.9,86.7,32.1,100.0,0.0,84.7,10.9,4.4,35.6,9.6,31.3,6.099999999999998,59.1,4.5,2.9,7.6,4.1,4.4,9.2,12.2,6.5,21.2,14.6,5.9,21.6,0.2,0.0,0.3,48.3,41.4,28.6,18.299999999999997
71.1,25.4,1034.0,989.0,94.5,72.4,97.9,82.2,73.3,35.5,95.4,60.6,14.3,73.2,37.1,7.199999999999999,2.0,1.2000000000000002,65.2,53.6,46.9,13.4,4.4,52.4,12.7,49.7,49.3,84.2,26.5,15.4,92.9,76.7,70.7,1943.0,75.4,57.4,7.1,78.2,18.1,11.6,68.4,89.3,75.9,72.7,36.0,91.0,83.9,48.3,91.6,1.8,74.1,5.3,0.2999999999999998,26.4,4.5,24.4,16.2,52.4,4.2,4.5,9.6,5.3,3.8,10.2,14.7,7.5,23.9,21.1,10.1,32.7,0.8,0.9,0.5,42.6,33.4,18.6,3.7
69.7,26.9,987.0,864.0,96.7,87.0,97.6,87.6,73.3,30.2,99.2,62.8,2.0,74.8,37.0,22.9,1.8,5.0,65.7,56.4,49.4,12.6,3.8,84.4,34.2,69.7,70.0,94.0,59.6,38.7,97.9,78.2,71.5,1348.0,80.8,70.7,7.7,88.2,10.9,8.2,87.1,87.0,92.5,92.5,74.5,90.2,92.5,21.2,97.1,2.9,81.7,1.2000000000000002,0.3999999999999999,31.5,8.6,25.1,17.3,51.9,7.5,5.2,13.4,7.1,7.0,14.6,14.5,8.5,25.7,20.4,9.1,30.9,0.5,0.5,0.9,44.4,39.5,17.5,4.7
68.6,24.0,1057.0,1077.0,98.5,75.6,98.4,98.8,84.2,30.4,98.9,76.2,6.1,70.6,31.2,9.5,1.1,1.2000000000000002,61.4,71.4,64.2,5.5,2.6,82.6,22.6,69.4,65.8,92.3,35.1,18.9,98.9,89.1,87.2,2077.0,92.9,72.6,4.0,96.3,10.2,5.199999999999999,82.1,86.3,87.4,86.5,22.9,98.2,92.2,30.1,98.3,1.8,88.5,5.1,2.4,41.7,16.9,21.3,12.6,63.1,4.1,3.0,7.6,4.4,3.3999999999999995,8.5,11.7,4.3,17.9,14.3,5.3,21.4,0.2,0.5,0.4,43.2,30.3,23.7,3.7
63.6,29.3,1022.0,1017.0,97.0,83.3,99.7,98.0,80.7,22.9,97.2,68.0,0.0,66.5,32.2,20.5,1.9,3.1,68.2,64.0,60.3,11.4,4.0,89.7,25.5,73.3,67.3,94.7,60.3,38.8,94.0,74.4,66.6,685.0,69.8,56.2,13.8,83.2,10.8,1.4000000000000004,79.7,85.7,89.0,90.7,59.0,98.7,89.2,26.9,96.6,3.4,87.7,1.2000000000000002,0.0,37.6,3.0999999999999996,20.9,17.5,52.3,4.8,6.0,11.4,5.4,6.0,11.9,17.5,7.5,26.2,20.3,8.1,29.2,0.4,0.19999999999999996,0.6,37.6,26.1,13.7,1.2000000000000002
54.0,28.8,1077.0,1102.0,91.6,71.7,90.1,90.5,52.8,19.5,98.4,83.1,5.5,52.0,26.5,11.1,1.3,2.5,55.6,57.7,52.8,9.2,3.4,93.1,35.4,60.1,59.1,96.1,40.5,24.2,98.3,76.9,71.3,797.0,74.2,67.2,11.5,82.5,5.800000000000001,5.300000000000001,81.7,82.7,87.1,83.8,63.4,100.0,87.3,14.7,94.2,0.0,82.7,4.6,1.6,33.2,16.3,28.1,5.699999999999999,56.8,3.9000000000000004,2.8,7.0,5.4,3.2,8.8,13.4,3.7,18.8,16.1,4.2,21.1,0.0,0.0,0.0,51.3,49.7,32.7,24.7
72.2,24.1,1013.0,812.0,97.2,81.7,99.0,97.5,66.3,29.8,99.6,66.3,4.200000000000001,74.9,38.3,11.5,1.8,1.2999999999999998,69.1,64.1,56.0,10.3,5.2,89.2,38.4,57.7,55.4,95.6,58.0,31.8,100.0,89.6,88.9,2137.0,87.7,72.3,3.3,85.8,18.9,13.1,90.9,91.9,92.8,92.8,76.8,100.0,95.2,13.5,99.2,0.8000000000000003,88.3,1.8999999999999995,0.8,37.6,4.8,26.9,14.9,46.6,4.0,3.5,8.1,6.3,5.6,13.4,15.5,8.7,26.1,22.7,8.6,31.9,0.0,0.0,0.0,43.6,33.0,19.1,3.8
77.1,24.2,983.0,1000.0,97.5,78.3,99.5,99.7,84.0,60.5,99.4,76.9,3.5,79.6,40.1,8.8,1.6,3.3,72.0,76.8,72.1,6.1,3.1,85.1,23.1,82.4,65.6,94.7,46.1,25.6,100.0,88.4,86.7,1790.0,90.7,63.9,6.6,95.8,24.3,14.7,74.2,75.4,78.0,76.4,27.7,96.6,85.8,31.5,94.5,5.5,88.4,3.4,3.8,36.4,9.0,14.4,15.7,62.1,4.0,4.0,9.2,4.5,3.0000000000000004,9.1,11.0,3.6,17.7,15.0,4.5,20.6,0.2,0.19999999999999996,0.0,37.5,33.3,10.9,1.2000000000000002
73.4,24.0,1014.0,988.0,99.7,81.4,99.3,98.8,79.2,27.4,99.2,80.8,0.0,80.6,38.9,3.8000000000000007,0.7,1.3999999999999995,73.6,73.3,70.5,6.3,2.8,90.8,27.6,79.8,76.1,93.9,52.7,28.1,100.0,90.5,84.5,813.0,95.5,86.3,2.8,96.8,10.8,6.1,91.0,91.0,95.1,95.1,69.5,100.0,95.1,33.6,100.0,0.0,91.3,2.9,0.0,20.1,11.0,25.9,12.8,50.9,4.9,4.7,10.3,3.9,3.3999999999999995,8.2,18.5,8.1,27.7,20.3,7.3,28.3,0.0,0.0,0.0,47.3,35.1,19.0,1.7
48.912,29.6,1078.0,925.0,91.9,53.2,98.3,96.0,36.521,14.399999999999999,99.0,78.1,1.5,40.818,15.899999999999999,18.9,1.8,2.7000000000000006,48.3,53.7,51.4,7.6,4.0,94.5,45.5,58.9,74.0,96.3,27.6,19.8,98.4,80.6,79.9,603.83,81.2,80.8,6.4,84.8,3.1999999999999993,3.8000000000000007,73.3,76.8,80.1,78.5,51.6,95.0,76.8,10.5,100.0,0.0,80.4,4.9,1.8,38.0,21.5,34.497,5.599999999999998,68.6,4.3,1.2999999999999998,5.999999999999999,4.5,1.6000000000000005,6.5,10.5,2.7,14.5,15.8,1.7999999999999998,18.1,0.2,0.19999999999999996,0.19999999999999996,61.7,54.2,44.5,29.98800000000001
64.8,28.5,950.0,916.0,95.6,84.4,98.7,83.4,75.4,24.0,99.3,75.7,1.0999999999999996,66.9,30.7,34.3,1.0,4.5,62.4,59.8,50.1,14.1,6.1,80.3,41.5,55.3,48.9,89.6,56.3,33.8,92.2,83.0,81.2,1184.0,85.9,72.6,1.9,79.9,9.8,3.5,78.7,85.0,82.0,82.0,71.8,92.6,83.3,24.9,98.4,1.6,93.8,2.5,0.0,23.3,11.9,29.5,14.7,41.0,4.9,4.5,9.9,5.1,5.7,11.5,16.6,7.2,25.0,20.4,9.2,30.9,0.3,0.6,0.3,50.4,43.4,17.7,7.4
66.3,27.5,1036.0,1139.0,97.2,81.6,99.3,96.4,75.8,24.5,99.4,65.1,2.799999999999999,71.0,37.7,18.1,3.2,6.4,63.0,55.2,49.1,15.0,5.4,82.7,30.8,70.4,57.7,95.4,54.5,38.2,97.7,83.4,79.1,1455.0,85.3,73.3,4.3,89.4,10.2,5.9,84.6,89.0,89.5,86.1,61.3,96.4,96.9,27.5,97.2,2.8,86.3,2.6,0.2999999999999998,32.3,10.4,26.8,15.3,51.5,4.3,4.2,9.0,5.0,7.1,12.5,16.7,9.8,28.5,23.6,12.5,37.5,0.0,0.0,0.19999999999999996,49.3,40.6,24.0,12.1
70.2,21.8,1030.0,1131.0,98.5,89.7,99.4,98.7,80.5,25.900000000000002,97.3,84.8,1.8000000000000007,77.2,40.3,5.4,0.5,0.7999999999999998,80.6,74.7,69.6,3.0,0.7999999999999998,85.2,41.4,78.1,77.9,93.3,56.2,42.9,99.3,87.4,88.1,1509.0,94.1,83.9,1.7,92.8,11.0,7.0,89.5,97.0,91.8,89.5,44.0,94.6,91.8,42.5,100.0,0.0,91.0,3.2,2.8,28.8,8.4,25.5,6.800000000000001,63.8,3.4,3.5,7.4,4.3,3.5,8.8,17.2,9.1,27.0,20.8,8.6,30.2,0.2,0.19999999999999996,0.19999999999999996,39.4,31.9,16.5,5.2
70.8,26.8,881.06,822.0,98.3,96.1,99.7,94.8,63.1,74.3,85.0,58.8,1.6000000000000014,72.8,31.5,30.0,2.1,5.5,96.3,72.8,64.3,9.0,3.4,71.2,26.4,82.0,90.9,85.8,65.1,40.0,99.7,92.2,91.9,603.83,96.3,75.8,1.8,98.1,21.9,16.7,99.94300000000005,98.5,100.0,96.9,3.799999999999997,100.0,100.0,49.2,97.3,2.7,87.7,2.1000000000000005,0.2999999999999998,26.6,9.6,27.0,23.0,43.7,7.1,5.3,13.4,7.9,7.9,16.4,6.8,3.9,13.3,8.4,3.3,13.5,0.2,0.30000000000000004,0.19999999999999996,39.8,26.1,3.299999999999999,1.4000000000000001
83.8,22.7,881.06,767.0,96.9,92.3,99.5,96.0,67.1,92.1,97.0,32.9,10.1,85.9,42.9,22.8,1.1,1.3999999999999995,86.3,52.5,48.9,21.1,10.7,61.4,20.7,62.7,70.5,78.7,38.4,20.8,96.6,89.5,87.6,1200.0,97.4,60.5,0.0,96.9,23.6,17.4,78.3,73.6,87.3,79.0,2.5,91.2,82.8,23.4,96.8,3.2,81.8,4.8,0.5,23.7,13.7,22.3,36.9,50.3,4.5,7.1,12.8,7.7,7.3,15.6,9.4,4.6,18.4,13.2,4.7,19.9,0.3,0.7000000000000001,0.3,36.1,32.6,2.299999999999999,0.6000000000000001
77.8,21.2,1218.7300000000002,983.0,100.0,98.0,100.0,99.7,89.7,85.3,96.4,64.0,4.500000000000001,90.8,52.7,2.3000000000000007,1.1,0.0,89.0,77.8,52.2,7.7,3.5,82.6,35.4,85.7,90.7,93.1,79.9,51.2,97.0,93.0,93.1,1310.0,95.7,63.9,1.4999999999999998,97.2,33.5,25.6,92.9,100.0,100.0,100.0,7.0,100.0,100.0,58.38500000000001,100.0,0.0,81.5,1.2000000000000002,0.5,26.6,15.4,16.4,30.6,45.3,7.9,7.6,17.3,11.1,6.4,19.4,9.9,3.1,18.1,9.9,4.9,17.7,0.0,0.30000000000000004,0.3,34.5,25.2,1.6999999999999993,0.3999999999999999
89.5,19.3,1017.0,849.0,100.0,99.2,100.0,98.1,87.7,96.7,98.1,64.8,17.6,92.4,72.0,7.5,1.5,2.7000000000000006,97.3,63.1,54.8,9.2,4.5,82.1,33.2,74.6,91.3,95.8,84.8,68.40000000000002,100.0,93.1,95.9,3824.0,99.6,58.6,0.0,98.6,39.5,34.7,78.6,87.5,87.3,90.2,5.299999999999997,97.1,92.2,20.3,93.8,6.2,94.4,3.6,1.5,61.1,26.9,14.1,37.2,52.3,7.9,11.0,20.6,9.7,13.1,24.9,11.0,4.1,27.3,15.8,5.6,28.3,1.9,1.4,0.9,19.2,33.8,2.700000000000001,4.4
88.2,18.9,1040.0,819.0,100.0,99.2,100.0,99.0,88.2,96.2,96.9,67.7,20.5,93.8,70.9,3.8999999999999986,1.4,2.8,96.2,75.0,67.8,7.2,3.3,89.4,19.7,62.7,95.69100000000002,97.8,92.17900000000002,59.1,99.5,97.98800000000001,98.0,3768.0,100.0,52.0,0.0,100.0,39.4,25.2,91.04,93.82000000000001,95.56,93.74000000000001,67.08,97.32,96.78,47.16,92.82,7.18,88.0,2.5,0.0,62.6,8.9,13.5,34.6,49.5,9.4,7.9,21.1,11.1,9.8,23.2,13.6,3.0,27.7,13.5,3.7,25.0,0.4,0.8,0.09999999999999998,16.9,41.1,2.5,7.0
79.8,22.1,928.0,994.0,98.4,96.1,99.5,98.7,86.4,89.7,98.7,36.2,6.5,81.5,42.7,17.5,0.5,4.4,66.4,79.0,58.2,6.5,3.4,76.5,36.2,73.5,77.8,85.9,69.0,54.3,98.7,90.0,86.4,1279.0,94.5,46.7,1.2,95.3,32.4,24.5,65.2,76.5,80.0,82.1,2.200000000000003,93.0,82.7,13.2,89.4,10.6,85.1,1.7999999999999998,1.0,33.9,3.5999999999999996,19.4,30.1,38.0,10.2,8.3,20.3,12.0,7.2,20.1,8.4,3.3,18.5,8.1,3.5,16.2,0.0,0.0,0.0,33.4,3.6000000000000014,6.2,0.2999999999999998
69.9,22.7,984.0,977.0,99.6,98.8,99.6,97.8,73.3,65.6,93.5,47.7,12.9,77.2,27.2,10.5,1.3,1.6000000000000005,73.8,62.2,51.9,9.5,5.4,75.4,30.0,93.9,92.6,89.3,73.8,59.2,98.3,87.0,85.9,1648.0,90.1,45.5,2.4,81.2,18.7,10.2,60.1,68.1,87.5,85.6,3.799999999999997,93.4,80.5,17.5,94.4,3.9,80.1,3.5,0.2999999999999998,40.4,2.799999999999999,18.3,29.1,39.0,8.3,6.3,15.5,8.0,8.3,17.3,8.0,4.3,18.0,7.702999999999999,3.1,12.009,0.4,0.19999999999999996,0.6,53.7,1.6000000000000014,5.000000000000001,0.3999999999999999
75.2,22.2,912.0,726.0,98.4,89.5,98.0,99.7,82.1,65.1,92.6,36.2,7.4,75.9,32.2,28.0,2.3,7.0,69.1,53.7,49.2,16.5,6.3,74.5,23.9,74.2,64.2,91.2,55.5,41.3,98.6,90.3,88.6,2488.0,96.0,41.2,1.3,95.2,22.4,9.1,77.0,85.4,89.0,85.0,2.1000000000000014,98.1,91.9,35.6,94.1,6.0,91.4,11.7,0.0,33.7,10.6,32.0,20.9,32.3,9.8,6.0,16.6,8.4,6.3,15.5,15.9,6.1,26.6,16.6,6.9,26.9,0.2,0.19999999999999996,0.19999999999999996,35.8,4.800000000000001,7.3,0.2999999999999998
68.6,25.5,996.0,965.0,93.8,90.8,96.5,98.5,56.3,47.9,93.5,43.9,0.0,71.9,34.7,27.0,2.7,6.7,52.5,68.7,56.3,11.2,5.0,75.6,30.0,62.6,73.8,89.7,56.0,41.4,95.8,87.6,85.1,3666.0,92.2,34.8,2.5,93.0,21.0,14.7,77.0,86.9,87.9,86.4,5.899999999999999,95.2,88.1,17.3,92.3,7.699999999999999,84.6,16.6,1.8,33.0,10.1,34.4,18.1,42.2,6.7,5.2,12.4,7.9,6.6,15.1,11.8,6.9,21.0,15.3,4.9,22.0,0.5,0.7000000000000001,0.3,45.8,5.199999999999999,9.6,0.2999999999999998
61.1,29.2,1007.0,967.0,96.1,82.3,91.1,93.6,53.9,45.6,96.6,41.0,2.299999999999999,63.7,17.6,37.3,4.8,5.1,52.7,42.6,37.5,18.5,6.9,58.7,25.1,68.0,56.1,74.5,56.8,42.7,92.9,86.1,87.4,1377.0,92.9,29.1,1.2,92.7,18.5,9.5,47.512,66.5,64.1,64.5,1.7999999999999972,86.4,63.748000000000005,11.2,87.3,12.7,75.5,7.7,0.0,47.9,4.5,34.497,11.7,32.0,7.6,5.0,12.9,8.9,6.3,15.8,7.9,2.9,14.3,9.2,4.4,15.7,0.3,0.30000000000000004,0.0,37.3,5.099999999999998,7.5,0.10000000000000009
76.7,23.7,960.0,1112.0,98.3,86.1,98.2,97.2,77.7,60.2,98.9,37.4,3.700000000000001,74.0,31.5,16.8,2.5,5.0,63.6,36.2,35.7,20.3,10.1,72.2,16.2,63.4,65.7,84.5,38.4,21.0,96.3,78.8,81.7,1724.0,91.1,49.6,1.7,92.1,19.5,9.1,80.0,92.1,83.6,79.5,10.7,91.5,87.3,23.8,89.3,10.7,79.6,11.2,0.3999999999999999,30.7,8.8,30.3,25.5,42.4,7.6,9.5,18.0,10.2,9.5,20.5,14.4,4.0,23.7,16.4,4.7,24.9,0.0,0.5,0.19999999999999996,35.1,7.499999999999998,11.2,1.1
72.0,24.1,942.0,1192.0,96.5,86.3,96.9,95.1,72.9,59.8,87.2,32.2,5.3,74.2,26.3,18.0,3.3,1.5,64.5,45.7,40.5,15.5,6.9,56.2,12.6,76.6,70.9,90.5,45.2,28.6,94.8,87.0,90.4,1933.0,94.2,44.3,2.5,96.0,23.7,18.0,74.3,94.0,85.2,84.6,0.0,90.6,83.5,14.600000000000001,94.2,5.9,83.1,11.1,1.8,33.9,9.4,20.8,29.4,26.6,8.8,6.4,16.4,6.8,8.8,17.1,9.8,4.1,20.1,11.0,3.4,18.0,0.0,0.0,0.19999999999999996,50.9,4.5,9.7,0.2999999999999998
68.9,24.8,975.0,992.0,99.0,92.4,99.3,99.2,72.0,63.0,98.7,38.0,1.9000000000000004,71.8,22.0,13.0,2.3,2.2,72.1,49.3,44.6,13.2,6.2,64.1,17.4,82.3,82.7,82.3,54.6,36.7,98.2,85.4,86.9,2027.0,93.5,39.2,3.1,74.5,16.6,7.1,65.1,77.6,76.3,75.2,1.2999999999999972,94.0,78.2,19.9,94.1,5.9,74.0,5.4,0.6000000000000001,35.9,6.9,19.6,27.3,25.200000000000003,8.8,7.1,16.7,8.7,7.4,16.8,6.2,3.0,12.5,7.702999999999999,2.5,12.009,0.0,0.5,0.8,48.9,1.3000000000000007,5.299999999999999,0.3999999999999999
52.3,25.4,1016.0,937.0,98.3,87.4,95.3,97.4,53.0,25.700000000000003,94.3,40.0,0.0,53.2,20.3,27.5,2.8,4.3,44.0,77.5,67.3,5.1,3.4,91.2,54.797,81.9,81.2,94.5,59.4,45.5,99.6,91.1,87.4,924.0,85.7,68.8,3.9,88.3,7.5,5.5,81.7,80.1,86.6,85.4,0.0,98.7,89.3,32.6,100.0,0.0,95.48200000000001,11.3,2.7,24.4,1.1999999999999993,30.9,7.599999999999998,49.2,6.3,3.4,10.4,7.3,5.9,13.8,12.1,5.7,19.4,12.7,3.8,17.5,0.2,0.40000000000000013,0.4,47.7,11.2,8.9,1.2999999999999998
59.6,35.6,1047.0,1013.0,95.1,91.3,89.3,91.0,36.521,26.8,93.4,40.3,8.1,56.1,23.1,29.9,4.0,7.4,45.1,70.8,55.6,7.7,2.7,79.3,31.6,75.2,70.9,96.9,65.0,44.6,98.9,87.2,87.0,1516.0,92.5,68.2,1.3,93.2,6.099999999999998,1.5,66.2,74.8,73.8,73.8,1.2000000000000028,88.9,75.0,23.5,98.6,1.4,85.4,14.0,3.7,40.3,9.0,34.497,6.5,61.9,7.0,4.5,11.8,6.9,4.1,11.4,12.8,4.0,18.2,12.2,3.8,17.7,0.0,0.0,0.0,55.9,14.2,14.6,0.8999999999999999
59.0,24.2,1010.0,955.0,96.6,93.4,98.7,93.9,73.4,61.2,97.5,33.5,1.6999999999999993,66.1,15.803,11.6,1.4,3.8,65.9,47.7,41.1,15.9,6.0,65.9,33.5,84.1,76.6,90.3,29.1,12.2,98.3,90.1,88.3,1463.0,94.8,37.2,2.0,91.7,17.9,10.3,73.3,77.0,77.2,76.2,0.0,92.3,80.1,28.1,95.7,2.2,77.3,9.1,0.0,55.8,4.0,22.4,24.1,50.6,6.4,4.7,13.5,6.5,5.8,13.5,9.7,4.4,18.1,11.0,3.3,17.3,0.0,0.40000000000000013,0.0,60.6,2.6000000000000014,24.2,0.5
77.6,22.3,924.0,766.0,100.0,96.7,97.8,99.7,84.6,76.9,93.6,29.7,5.2,81.8,37.9,32.6,1.3,5.0,69.3,49.3,43.6,18.5,6.6,59.8,16.9,69.5,71.0,86.7,38.1,22.6,96.2,88.2,89.0,2445.0,97.8,39.5,1.4,89.3,32.7,24.3,77.7,95.2,90.4,90.4,3.799999999999997,94.2,92.4,30.1,92.4,7.6,81.0,15.0,0.3999999999999999,37.8,6.4,21.2,29.5,43.5,8.7,8.8,18.5,8.4,8.7,18.7,12.6,5.8,23.9,18.4,7.0,29.3,0.3,1.0,0.3,33.8,5.400000000000002,7.2,0.10000000000000009
65.8,23.4,981.0,921.0,96.8,87.7,99.5,98.2,74.3,46.8,87.6,46.6,16.7,73.1,30.8,9.9,2.0,0.9000000000000004,74.1,57.8,51.1,12.4,4.8,48.6,24.0,79.2,80.7,89.3,53.5,35.4,95.6,90.8,87.7,1194.0,87.1,34.0,4.8,91.8,17.2,9.2,69.9,93.5,92.5,92.3,0.0,98.8,81.8,18.800000000000004,98.4,1.6,90.6,9.9,0.7,37.6,16.0,24.8,17.3,25.200000000000003,6.2,6.3,13.2,7.2,6.5,14.2,6.5,3.3,14.0,7.702999999999999,3.1,12.3,0.2,0.40000000000000013,0.0,60.7,5.199999999999999,18.9,0.3999999999999999
72.8,21.0,1004.0,912.0,97.1,98.4,98.9,99.7,86.6,81.6,99.2,38.6,4.1,83.1,35.3,6.8000000000000025,2.2,1.0,75.0,84.697,66.5,2.503,0.7999999999999998,92.2,54.797,91.7,73.8,95.0,52.5,32.9,99.5,92.4,86.4,1150.0,96.5,55.4,0.5,96.2,23.3,18.2,78.4,80.0,92.9,84.6,0.0,100.0,92.7,33.6,97.6,2.4,91.5,4.0,2.1,44.6,15.3,17.3,29.5,35.4,8.1,5.9,15.3,8.2,6.5,15.5,8.2,3.2,18.1,7.702999999999999,2.9,15.0,0.3,0.30000000000000004,0.3,52.0,1.3000000000000007,7.7,0.20000000000000018
73.8,21.6,999.0,876.0,97.8,94.3,99.3,97.0,81.7,67.2,97.4,47.3,5.5,82.8,35.0,11.2,1.6,5.0,75.2,48.0,42.3,13.8,4.0,69.0,26.5,82.0,72.5,88.2,39.6,28.0,100.0,84.1,82.8,1272.0,97.4,60.3,0.7999999999999998,97.7,23.0,17.3,93.5,93.4,95.0,93.2,2.0,95.3,96.9,36.3,98.2,1.9,87.9,7.5,1.5,32.5,5.2,18.7,33.4,37.7,9.2,7.6,18.5,10.1,8.2,19.3,12.7,5.6,23.3,14.6,3.8,20.8,0.2,0.40000000000000013,0.4,54.4,2.8999999999999986,13.8,0.20000000000000018
66.6,26.6,979.0,994.0,96.6,95.1,99.2,96.8,85.8,67.2,98.0,34.3,6.5,75.6,24.1,19.0,2.9,5.7,59.1,76.5,62.5,7.8,3.9,85.8,36.1,88.8,84.2,88.8,74.3,54.9,97.8,93.9,91.3,1793.0,97.4,45.3,0.5,97.6,15.8,10.1,70.2,75.3,87.6,85.5,2.5,97.4,87.5,17.4,88.2,10.9,76.9,3.2,0.5,43.2,5.5,28.1,25.7,30.9,6.7,5.5,12.9,6.9,5.7,13.4,10.8,4.4,19.1,10.7,3.8,18.2,0.0,0.40000000000000013,0.0,38.7,2.6999999999999993,8.9,0.2999999999999998
74.0,23.7,934.0,868.0,98.0,90.9,96.9,97.7,63.3,48.0,89.8,32.2,13.7,70.9,24.2,49.2,1.0,10.4,65.3,29.799999999999997,28.7,16.5,7.9,49.3,13.8,64.0,61.2,83.2,42.4,27.0,98.1,85.1,83.2,2371.0,95.2,47.5,2.0,88.4,18.9,8.7,69.0,84.9,88.2,81.8,4.600000000000001,90.1,86.9,41.1,96.5,1.4,78.1,14.1,1.5,25.8,1.5999999999999996,32.2,17.8,45.0,8.5,6.9,16.0,9.0,7.8,18.2,14.0,6.3,24.0,16.7,4.3,24.5,0.0,0.0,0.0,45.8,6.099999999999998,13.5,0.5
71.3,22.1,913.0,742.0,96.4,92.4,97.7,97.0,72.1,63.1,91.5,40.7,5.5,75.1,32.6,32.3,3.1,4.5,44.5,46.3,41.8,18.4,7.6,76.4,20.9,59.7,56.6,73.8,58.3,44.8,97.1,79.7,83.4,5103.0,97.3,27.4,0.8999999999999999,91.6,28.7,14.7,79.6,91.1,85.1,80.1,2.6000000000000014,92.6,85.1,16.7,84.3,15.7,83.6,14.600000000000001,0.5,32.8,0.03000000000000025,24.4,24.3,42.6,9.7,9.0,19.4,12.1,8.3,21.6,12.9,5.9,22.6,17.9,6.3,27.0,0.0,0.30000000000000004,0.4,36.9,3.1999999999999993,7.7,0.20000000000000018
66.1,25.4,993.0,963.0,96.3,90.1,95.2,94.8,44.4,47.4,96.6,46.0,3.5,70.9,33.9,30.7,3.5,6.1,59.4,73.3,59.1,6.799999999999999,3.1,83.1,44.3,77.2,76.6,89.4,63.3,45.7,97.4,90.9,91.1,2087.0,93.0,26.6,1.9,92.7,16.6,14.1,80.0,83.4,85.9,85.8,1.5,97.2,90.9,35.8,100.0,0.0,86.8,14.4,0.8999999999999999,21.5,1.3000000000000007,30.7,9.400000000000002,42.8,7.0,4.7,12.3,7.3,5.0,13.1,10.0,4.1,16.3,10.4,3.2,14.7,0.9,0.6,0.6,45.5,4.099999999999998,5.000000000000001,0.2999999999999998
70.5,22.6,981.0,858.0,96.1,99.2,99.9,98.3,80.1,73.6,98.1,34.4,0.0,82.4,35.4,8.9,1.7,3.4,66.2,73.3,58.7,10.2,5.7,82.0,44.4,89.8,75.1,90.0,55.8,43.0,96.7,89.9,87.8,1370.0,94.8,30.1,2.4,96.4,20.2,5.5,64.2,73.5,83.1,81.9,3.8999999999999986,95.9,79.7,25.4,79.309,20.38800000000001,82.6,3.7,0.8999999999999999,47.1,9.9,21.2,24.6,38.8,9.7,7.1,17.8,10.4,7.5,18.7,9.3,4.2,18.4,9.0,3.3,15.1,0.0,0.19999999999999996,0.0,54.7,1.8999999999999986,7.3,0.20000000000000018
66.0,26.0,1006.0,853.0,98.2,98.0,92.7,96.8,54.6,31.3,98.5,51.1,4.9,67.3,22.6,29.5,2.0,12.0,52.5,80.2,67.0,5.3,2.3,75.6,45.0,81.7,83.4,94.3,65.1,48.4,99.6,87.2,87.6,753.0,81.7,66.3,2.9,84.2,7.300000000000001,4.800000000000001,82.8,93.8,84.6,84.6,2.0,88.3,84.6,33.9,97.6,2.4,88.1,7.5,1.0,30.6,4.3,30.7,11.1,56.0,6.3,4.0,10.8,6.6,6.1,13.1,12.0,5.6,19.2,14.5,4.8,20.8,0.0,0.0,0.0,48.8,11.9,14.6,1.2000000000000002
77.9,19.6,1056.0,1006.0,100.0,99.2,98.7,97.4,80.1,70.2,95.1,42.0,0.0,84.1,47.7,15.7,1.4,3.3,77.2,78.2,65.1,6.5,3.7,87.5,54.797,93.4,94.7,97.6,79.1,67.0,97.6,97.98800000000001,98.297,1188.0,99.3,49.6,0.7000000000000002,99.1,26.5,20.1,95.0,95.5,96.9,95.0,3.200000000000003,100.0,95.0,41.2,97.0,3.0,95.48200000000001,6.6,3.9,17.0,0.03000000000000025,21.8,18.7,59.4,6.2,8.8,16.0,7.2,8.1,16.1,14.9,5.4,23.7,14.8,5.5,22.1,0.5,0.5,0.19999999999999996,29.2,11.8,9.0,1.4000000000000001
70.1,26.3,969.0,879.0,97.6,96.2,95.5,91.0,58.9,43.6,95.4,34.0,4.9,71.7,28.4,34.1,2.9,10.5,61.8,71.4,52.6,7.0,2.4,68.1,29.2,74.0,88.7,92.2,64.2,42.2,96.6,88.0,89.2,2680.0,88.4,25.603,1.7,84.2,9.9,3.0,95.4,95.4,96.9,96.9,0.0,99.1,96.9,36.6,99.1,0.0,87.6,13.7,0.8999999999999999,40.2,3.5999999999999996,33.1,16.1,50.5,8.2,5.1,13.8,8.6,5.9,15.2,14.9,6.4,22.5,20.2,6.5,27.6,0.0,0.0,0.19999999999999996,42.2,7.700000000000001,7.799999999999999,0.3999999999999999
64.8,25.1,967.0,976.0,98.2,88.8,98.3,99.4,73.1,62.6,98.1,50.2,1.5,71.1,22.6,35.4,2.1,2.3,56.9,65.6,52.9,11.2,5.0,77.3,37.5,86.2,79.8,72.9,68.1,55.6,99.6,93.6,92.0,783.0,98.6,25.603,0.0,97.1,18.9,14.3,81.0,91.9,92.6,85.7,0.0,97.2,95.6,37.5,96.6,3.4,81.6,6.8,0.5,41.4,4.0,29.3,18.3,30.3,10.2,7.3,18.1,10.1,7.7,18.8,8.3,3.7,16.3,9.5,3.5,16.3,0.0,0.0,0.0,38.9,2.1000000000000014,6.9,0.20000000000000018
74.9,20.8,1000.0,1045.0,99.1,94.4,99.8,96.2,85.7,76.9,99.0,42.1,5.699999999999999,84.3,35.9,10.0,2.1,1.8999999999999995,71.7,75.5,68.5,7.7,3.2,81.0,54.797,93.5,92.1,96.4,56.5,37.0,99.5,97.6,95.6,685.0,100.0,61.2,0.0,96.0,19.2,10.0,82.9,82.2,91.0,91.0,2.5,96.6,96.6,36.7,97.4,2.6,95.48200000000001,5.6,0.8,55.1,13.3,15.8,27.8,39.8,9.2,5.6,16.4,11.6,7.2,19.5,8.7,3.0,15.8,11.4,2.6,16.2,0.2,0.40000000000000013,0.4,59.7,6.0,16.7,0.2999999999999998
78.4,22.0,975.0,1049.0,97.1,96.1,99.6,99.5,85.4,83.6,98.6,45.1,2.1999999999999993,84.7,42.6,12.1,2.3,1.7999999999999998,84.5,78.8,53.5,6.200000000000001,2.4,86.2,48.10000000000001,94.0,93.5,94.8,60.6,42.0,98.2,97.98800000000001,98.297,668.0,99.3,40.9,0.7000000000000002,100.0,24.7,11.4,84.9,85.6,88.1,88.1,0.0,95.8,88.8,37.0,86.8,13.2,84.2,4.3,1.2,45.2,13.6,19.5,28.0,44.2,7.7,7.5,16.6,8.5,6.2,15.4,9.4,2.5,17.8,8.9,2.4,14.5,0.0,0.5,0.09999999999999998,53.4,1.1999999999999993,7.2,0.10000000000000009
68.7,26.6,987.0,871.0,94.9,93.8,95.3,90.7,61.0,58.7,94.6,49.3,13.0,74.5,31.1,27.0,4.0,6.1,68.4,66.4,55.5,9.2,3.5,64.0,21.8,70.1,73.2,90.7,52.2,24.6,99.1,86.9,83.9,1828.0,89.4,38.3,2.4,83.0,23.7,11.6,88.5,89.7,93.1,93.1,0.0,98.6,93.1,42.5,98.5,1.5,87.6,14.0,0.5,37.1,3.5999999999999996,26.6,15.5,58.9,8.1,5.2,13.7,8.6,6.8,16.6,14.7,6.6,24.0,16.2,7.6,26.1,0.2,0.19999999999999996,0.0,37.8,6.800000000000001,6.8,0.5
82.7,23.1,912.0,890.0,99.6,94.7,99.3,98.9,82.0,88.6,96.7,31.6,12.7,84.2,44.0,13.1,1.8,4.4,78.2,78.7,65.6,5.7,1.3999999999999995,83.6,39.8,92.2,93.4,95.3,73.1,52.7,97.4,96.7,95.3,2342.0,97.7,41.1,1.1,98.8,25.0,14.0,92.8,92.8,92.8,92.8,0.0,100.0,95.2,37.5,86.5,13.5,92.5,3.1,0.0,44.1,1.9000000000000004,21.0,25.1,58.3,6.8,6.8,14.6,9.3,6.4,16.1,15.3,4.9,23.4,17.1,3.9,22.6,0.2,0.40000000000000013,0.4,32.5,8.7,7.7,1.6
66.0,23.7,957.0,992.0,96.7,94.0,99.4,96.9,63.8,56.9,97.6,50.4,0.0,75.1,23.3,19.5,4.5,6.3,52.8,76.0,65.7,8.3,4.0,75.5,25.1,84.0,57.5,90.7,39.6,25.4,98.6,78.4,73.4,1721.0,85.6,45.4,2.9,83.6,12.2,5.300000000000001,62.5,68.4,75.2,75.2,1.6000000000000014,91.2,78.4,31.1,93.7,5.2,79.4,8.6,2.9,30.0,0.03000000000000025,24.1,20.7,32.9,8.5,7.0,16.4,11.3,7.0,19.3,9.9,3.5,17.1,9.1,3.7,14.7,0.0,0.0,0.3,47.5,1.3000000000000007,4.7,0.10000000000000009
66.1,21.0,1076.0,1185.0,95.5,95.5,97.6,99.0,70.2,45.5,97.9,42.3,4.299999999999999,72.0,32.5,25.3,2.1,9.9,63.7,83.1,74.4,3.2,1.0999999999999996,71.5,41.3,83.2,91.0,94.2,73.6,51.6,99.5,90.0,89.9,846.0000000000005,92.9,72.6,1.2,85.2,14.8,8.6,97.5,95.0,100.0,100.0,0.0,97.5,100.0,31.4,97.5,2.5,88.3,8.1,1.6,46.8,4.0,34.497,12.6,57.7,7.1,7.9,15.8,9.1,8.2,18.2,16.7,7.6,25.2,19.8,6.6,28.0,0.2,0.10000000000000009,0.0,35.6,14.5,10.8,2.3
69.9,28.8,1023.0,1143.0,97.6,96.8,95.9,91.2,71.7,23.400000000000002,98.2,44.3,3.5,68.9,20.7,30.2,4.0,13.0,57.4,79.8,69.1,5.1,2.7,76.5,39.3,86.4,90.2,96.8,78.9,56.6,99.5,80.1,80.1,663.0,74.5,64.2,4.4,77.1,7.1,6.0,91.3,96.2,91.3,89.8,0.0,94.9,91.3,32.8,100.0,0.0,90.0,5.1,2.7,37.5,14.7,33.7,8.1,59.8,4.1,2.2,6.7,4.8,3.9,9.2,18.3,4.0,22.9,17.5,5.9,24.1,0.3,0.30000000000000004,0.5,44.8,18.3,18.5,4.6
82.0,21.0,953.0,1186.0,98.6,96.5,97.3,99.5,85.6,78.1,94.6,41.7,17.8,84.6,46.4,22.8,1.7,10.3,72.4,58.5,49.1,11.4,6.5,44.5,17.5,80.4,65.9,93.1,53.1,41.3,96.6,90.7,88.7,1597.0,95.9,45.7,1.8,95.2,29.9,17.1,84.9,90.8,91.7,91.7,8.3,93.2,93.2,27.3,82.6,17.4,91.6,11.8,0.7,44.6,6.6,20.9,27.6,51.2,7.8,7.4,16.6,6.5,7.4,15.1,13.8,4.9,24.3,14.0,5.5,23.8,0.0,0.19999999999999996,0.5,29.1,5.400000000000002,6.8,0.3999999999999999
79.0,25.2,1009.0,1020.0,96.8,98.0,98.6,98.0,85.3,73.1,95.7,40.6,20.3,82.9,45.6,19.4,1.7,6.5,84.9,76.1,61.9,9.3,5.5,70.5,52.7,88.3,92.5,97.5,76.5,59.1,100.0,95.0,93.2,958.0,96.5,44.7,2.0,98.5,16.9,10.5,91.1,92.5,92.5,89.4,5.200000000000003,98.5,93.9,30.7,91.7,8.3,95.48200000000001,4.9,0.6000000000000001,29.1,14.5,23.8,21.3,53.3,7.3,5.4,13.6,6.8,9.5,17.2,15.5,5.1,23.8,20.1,7.2,29.3,0.4,0.10000000000000009,0.09999999999999998,32.3,17.9,5.299999999999999,1.5
82.2,21.6,930.0,764.0,93.1,87.4,99.6,99.3,87.2,81.6,96.2,19.0,23.5,85.0,55.3,6.399999999999999,2.4,0.7999999999999998,93.3,69.5,57.6,7.0,2.2,41.7,15.6,76.5,57.4,89.0,51.6,32.1,96.2,86.9,86.9,2874.0,97.8,61.7,1.0,91.0,34.2,29.0,79.3,86.9,93.3,92.8,76.3,97.7,93.3,35.5,92.8,2.9,79.5,5.6,5.8,29.2,18.7,14.8,41.6,62.5,4.0,6.3,11.7,5.3,6.5,13.0,15.3,9.4,28.8,19.7,9.1,31.2,0.9,2.9,0.19999999999999996,22.0,18.8,0.8000000000000007,0.3999999999999999
70.2,24.8,985.0,899.0,92.4,89.5,100.0,97.5,89.7,36.6,94.5,28.2,4.0,78.8,47.0,15.0,2.9,3.4,95.5,72.0,67.2,9.3,4.6,66.4,33.0,89.0,60.4,92.7,53.3,30.3,93.3,91.5,91.2,1079.0,97.7,49.3,0.7999999999999998,97.8,13.1,7.800000000000001,72.5,80.4,93.2,89.3,79.7,95.3,95.7,28.0,100.0,0.0,63.6,5.8,0.2999999999999998,48.9,9.6,19.5,28.1,56.6,5.4,4.5,10.2,6.2,4.7,11.3,12.3,3.9,18.7,16.3,7.3,24.8,0.09999999999999998,1.0,0.3,34.6,14.2,1.8000000000000007,0.10000000000000009
69.6,23.4,964.0,1007.0,92.2,93.9,99.5,97.3,90.4,36.2,95.5,29.7,11.6,83.6,54.5,11.8,1.7,3.1,96.3,69.4,61.3,11.1,5.2,65.6,30.6,82.6,53.4,87.7,48.9,30.9,95.3,93.9,91.9,1607.0000000000002,98.9,55.9,0.7000000000000002,99.7,14.2,11.5,84.2,89.3,92.6,92.6,85.1,92.4,94.8,34.6,100.0,0.0,68.3,4.1,0.2999999999999998,55.3,13.1,17.0,28.8,57.0,5.2,4.7,10.3,6.7,6.4,13.4,13.7,4.7,20.6,16.9,4.2,22.9,0.0,0.0,0.0,38.3,12.0,1.9000000000000004,0.10000000000000009
80.5,25.0,890.0,955.0,95.6,77.5,100.0,97.9,84.2,89.3,95.4,32.8,10.7,82.3,55.6,15.3,1.4,2.8,95.5,77.5,58.2,7.4,3.3,91.7,23.8,85.6,51.2,81.4,44.6,25.0,95.0,93.5,93.3,1591.0,92.5,42.9,1.4,93.9,23.5,8.9,69.5,73.2,83.6,83.6,69.5,95.4,85.1,22.3,94.8,5.2,59.4,4.7,1.2,37.2,12.3,10.0,37.1,68.1,3.8,5.3,10.0,5.1,5.5,11.6,15.2,5.3,23.3,18.8,6.0,26.2,0.0,1.0,0.19999999999999996,23.0,13.6,2.700000000000001,0.5
67.3,24.1,908.0,901.0,98.7,92.7,99.8,99.8,87.3,43.7,94.3,29.4,7.1,71.1,41.5,11.7,2.8,2.1000000000000005,96.7,75.8,62.9,4.6,2.2,70.8,29.1,91.3,60.1,92.3,60.3,41.5,98.1,96.9,94.4,1012.0,97.9,58.9,0.2999999999999998,97.9,22.2,12.2,90.7,96.7,93.8,93.8,90.7,96.8,93.8,31.0,98.3,1.6999999999999997,67.8,3.6,0.6000000000000001,30.5,12.8,19.8,29.8,54.0,6.6,8.8,16.1,7.4,9.1,17.0,9.7,5.0,17.5,12.2,6.5,20.1,0.0,0.7000000000000001,0.19999999999999996,23.5,14.2,0.8000000000000007,0.5
80.9,24.7,881.06,858.0,84.1,91.1,99.4,99.7,84.5,81.0,97.6,34.6,4.9,85.4,59.6,20.7,1.9,6.9,96.0,70.3,61.2,7.8,3.1,74.4,29.2,86.2,48.1,96.1,47.8,16.8,93.8,87.7,87.6,1389.0,96.7,56.9,0.5,97.2,18.6,7.4,58.7,80.1,70.1,70.1,67.6,93.0,81.8,43.7,94.0,6.0,54.8,4.5,0.0,44.3,11.8,9.0,24.3,64.7,7.4,5.1,13.5,9.8,5.1,15.4,10.7,4.0,16.5,17.2,4.5,22.4,0.3,0.0,0.0,32.6,18.5,2.9000000000000004,0.5
69.3,25.8,939.0,856.0,98.8,82.6,99.7,99.3,89.1,44.8,95.8,27.9,3.299999999999999,77.7,43.9,8.9,3.4,3.6,96.4,74.4,64.6,8.9,3.1,69.6,24.4,91.2,69.9,97.8,54.4,34.4,99.4,93.3,93.6,974.9999999999995,98.2,46.1,0.8999999999999999,98.8,18.2,12.8,85.5,90.6,95.4,95.4,96.88200000000002,100.0,97.1,38.9,94.2,4.7,64.0,4.7,2.2,47.1,3.0,18.5,30.2,56.4,7.1,5.0,12.6,8.2,7.9,16.7,9.5,6.6,19.4,17.3,9.0,28.6,0.0,0.0,0.19999999999999996,34.5,14.2,1.8000000000000007,0.20000000000000018
77.3,23.0,982.0,1282.0,97.1,92.7,99.8,96.6,91.7,55.9,96.3,27.0,1.8000000000000007,88.2,62.7,7.699999999999999,1.1999999999999997,1.2999999999999998,97.4,80.2,62.0,4.6,2.1,60.8,23.2,87.3,60.1,88.2,58.7,41.5,98.7,96.0,96.2,3316.0,97.2,60.6,0.2999999999999998,97.2,21.3,12.6,90.9,84.1,95.9,94.0,90.6,96.9,96.5,23.9,100.0,0.0,69.5,3.7,0.2999999999999998,36.0,17.0,10.099999999999998,43.5,55.1,5.1,4.5,10.2,5.3,5.9,11.8,11.1,7.7,21.0,17.6,7.7,26.8,0.2,0.8,0.19999999999999996,34.1,14.7,2.5999999999999996,0.10000000000000009
71.4,25.8,977.0,850.0,94.9,93.0,100.0,96.2,88.5,42.1,95.9,23.7,0.0,81.3,45.3,8.7,1.1999999999999997,1.8999999999999995,96.2,79.2,65.2,5.4,2.6,76.2,25.1,82.6,49.6,88.7,46.9,27.5,95.4,96.4,94.5,1670.0,98.7,66.5,0.6000000000000001,99.0,14.5,10.6,77.5,83.3,88.1,88.1,78.4,96.3,84.2,32.5,100.0,0.0,60.3,5.1,0.7,22.6,11.1,18.9,32.3,51.4,6.1,5.1,12.1,7.5,7.3,15.4,9.4,4.5,16.5,13.9,6.0,21.9,0.9,2.0,0.4,35.3,16.9,2.5,0.0
66.3,24.4,929.0,804.0,99.6,95.3,100.0,98.5,89.7,55.9,97.0,29.1,4.299999999999999,70.9,45.9,11.0,3.7,4.7,92.1,76.5,61.0,4.8,1.7000000000000002,58.5,12.5,81.4,68.8,96.5,66.0,46.8,97.9,95.3,93.9,1038.0,98.2,65.4,1.4999999999999998,99.7,24.9,12.0,74.3,86.3,91.9,91.9,89.0,89.7,91.9,44.7,100.0,0.0,70.5,4.5,1.6,50.2,10.9,16.5,32.7,72.9,8.7,6.5,15.8,9.6,6.5,16.9,9.5,4.3,16.9,13.2,5.2,20.4,0.2,0.0,0.19999999999999996,22.6,13.8,1.6999999999999993,0.0
79.2,26.4,970.0,821.0,99.4,91.2,99.2,99.9,83.5,74.1,97.8,24.6,19.2,84.0,46.8,6.6,2.4,3.1,92.9,79.1,67.1,5.4,2.2,83.9,36.3,91.2,84.7,93.5,78.0,53.7,100.0,97.5,97.3,1047.0,99.0,62.5,0.5,98.6,18.7,6.1,88.9,84.6,98.8,97.8,91.9,100.0,98.7,36.1,93.9,6.1,74.7,4.4,5.1,46.5,19.1,14.9,36.5,72.6,3.5,4.8,9.4,3.7,4.2,9.0,10.7,3.8,17.6,15.2,4.6,21.2,0.4,0.7000000000000001,0.4,26.6,22.0,2.5999999999999996,0.2999999999999998
75.3,24.7,941.0,869.0,97.9,86.7,99.6,99.9,82.6,77.6,97.1,19.2,20.0,83.0,48.4,11.7,1.4,3.9,92.3,68.4,63.0,9.5,4.4,76.0,20.2,82.7,59.8,92.1,70.6,51.4,98.2,95.3,96.5,1662.0,98.4,63.1,0.6000000000000001,97.6,21.9,11.2,69.8,72.1,98.5,91.6,87.4,97.0,94.6,30.9,96.2,3.8,72.6,7.7,7.7,41.6,30.9,11.8,37.3,69.6,4.8,6.2,12.5,5.1,4.9,12.1,17.9,7.8,30.4,22.9,9.7,34.4,0.6,1.2,0.3,24.3,19.3,1.3000000000000007,0.20000000000000018
70.0,22.3,936.0,962.0,96.2,84.3,99.6,99.7,79.8,34.2,97.4,25.6,7.0,81.1,52.4,13.4,0.3999999999999999,9.6,95.7,70.2,63.2,9.3,5.3,64.5,36.9,88.1,55.2,89.4,48.5,28.4,97.5,88.0,90.4,2497.0,98.9,65.3,0.7000000000000002,98.9,22.6,15.9,73.9,70.1,86.4,84.2,82.5,94.3,87.6,30.0,97.8,2.2,62.5,4.7,0.8,51.8,8.9,14.3,29.5,69.4,5.0,5.1,10.3,5.6,6.0,12.3,13.7,5.0,21.6,15.8,8.1,25.8,0.09999999999999998,0.10000000000000009,0.09999999999999998,32.9,13.9,2.299999999999999,0.3999999999999999
51.2,40.597,914.0,891.0,84.9,66.8,98.6,97.1,71.7,22.0,93.4,11.5,1.6999999999999993,41.900000000000006,15.803,28.7,6.5,7.6,58.1,37.8,28.2,19.6,11.3,62.2,29.8,70.9,45.9,84.8,18.3,5.699999999999999,96.0,65.9,66.9,1031.0,74.6,59.2,5.3,77.8,4.199999999999999,3.099999999999998,53.8,63.5,68.3,66.4,49.0,87.2,65.7,21.0,97.7,0.0,59.2,4.1,0.7,55.0,11.8,19.2,14.9,82.6,2.9,2.7,5.999999999999999,5.1,2.7,7.9,10.6,2.9,15.5,14.6,3.7,19.2,0.5,1.3,0.8,36.5,5.5,4.7,0.2999999999999998
67.0,31.3,943.0,884.0,92.1,71.1,98.9,96.7,80.3,34.6,95.3,23.5,3.5,68.3,39.4,23.8,4.2,4.7,91.4,71.2,54.2,8.0,3.1,77.3,25.2,81.2,53.4,81.9,32.1,20.5,96.8,82.7,83.0,1584.0,78.3,46.5,4.4,83.2,11.7,6.4,69.0,74.4,82.2,81.3,71.5,94.1,86.7,21.6,97.6,1.2,57.4,5.6,2.1,36.9,20.5,15.8,27.4,59.9,3.1,4.5,8.6,5.3,5.3,11.1,14.0,6.2,21.9,16.5,5.9,23.2,0.2,0.6,0.4,30.9,13.3,7.0,0.10000000000000009
81.2,23.1,936.0,854.0,97.2,97.0,99.5,99.2,82.6,81.1,97.6,19.9,4.500000000000001,84.9,60.3,7.4,1.8,1.3999999999999995,96.2,76.6,59.0,7.0,2.2,72.3,23.9,82.6,76.9,90.3,69.5,55.0,100.0,95.3,97.3,4399.0,97.0,81.0,0.0,97.0,32.7,30.8,85.1,92.6,97.1,97.1,88.7,97.1,97.1,52.8,100.0,0.0,71.1,3.2,0.8,73.9,11.1,14.1,39.9,67.1,6.2,10.5,17.4,8.0,9.0,18.1,14.6,6.3,24.3,18.0,7.0,26.2,0.3,0.5,0.3,19.5,20.0,0.9000000000000004,0.2999999999999998
78.3,26.0,917.0,938.0,96.4,79.2,99.6,99.9,79.3,73.0,97.2,26.5,2.799999999999999,83.8,52.1,11.9,1.6,5.7,94.0,70.1,55.4,7.3,2.8,62.9,17.3,81.4,49.2,85.1,41.1,23.2,93.2,92.8,93.2,1717.0,97.1,52.6,0.8999999999999999,96.3,20.3,11.3,80.6,79.4,87.0,87.0,77.1,96.8,90.5,24.4,96.6,3.4,52.2,8.2,4.7,30.0,9.1,13.7,37.8,51.6,4.9,5.8,12.0,5.1,8.3,14.0,11.3,4.1,21.6,15.0,8.4,25.6,0.5,1.0,0.3,27.3,17.6,4.599999999999999,0.5
74.6,22.6,885.0,787.0,96.1,84.2,100.0,99.7,86.4,54.9,97.7,25.299999999999997,10.2,86.0,58.7,5.800000000000001,0.3999999999999999,4.7,94.8,70.6,64.4,8.5,4.2,70.4,32.9,85.7,63.8,94.4,45.8,29.1,99.4,90.5,89.7,1464.0,98.7,53.9,0.0,98.3,26.0,11.5,79.3,83.6,90.2,90.2,78.5,92.6,90.2,36.3,93.5,3.3,83.2,2.7,0.0,47.4,5.5,11.7,28.3,78.0,4.0,3.8,8.2,5.2,4.9,10.9,15.7,6.8,24.1,16.9,9.0,26.5,0.0,0.0,0.0,33.5,19.1,4.4,0.2999999999999998
79.6,23.7,942.0,880.0,97.0,88.8,99.7,98.5,90.0,67.3,95.0,24.8,5.1000000000000005,85.8,55.9,12.4,1.9,1.7000000000000002,98.3,74.4,63.0,8.5,3.7,71.0,19.5,86.4,72.3,96.9,56.4,34.5,96.8,96.2,96.1,1957.0,97.4,62.1,0.0,96.7,19.9,10.8,77.4,88.1,84.4,84.5,78.1,88.2,83.1,22.1,96.5,3.5,71.4,3.8,1.9,49.2,7.1,15.9,35.9,58.6,6.6,5.8,14.3,7.0,6.6,14.8,10.6,5.6,20.7,15.8,6.5,24.5,0.2,0.40000000000000013,1.1,30.5,17.6,2.799999999999999,0.2999999999999998
68.3,22.6,909.0,787.0,100.0,81.6,99.9,99.3,81.9,38.8,95.7,26.6,6.8,70.6,44.7,8.9,1.5,5.6,95.3,74.0,64.2,8.3,4.2,56.1,12.1,93.9,61.9,96.6,44.2,29.7,100.0,97.4,98.297,1705.0,99.3,67.3,0.0,99.3,27.2,14.8,81.08,89.0,90.72,90.74,86.66,94.2,90.02,33.84,97.8,1.9799999999999998,73.4,5.2,0.8999999999999999,39.9,6.8,20.8,29.3,63.7,6.2,8.6,15.4,10.3,12.5,23.6,10.4,5.1,19.9,15.9,8.5,26.8,0.0,0.0,0.6,21.7,12.9,1.0999999999999996,0.2999999999999998
78.9,23.5,881.06,906.0,96.7,92.1,99.3,97.2,86.7,69.9,96.6,22.4,6.4,87.3,56.8,15.5,3.2,2.9,97.5,78.7,59.9,4.8,1.3999999999999995,58.6,20.3,85.8,64.1,90.6,48.9,32.2,96.4,94.5,92.5,1533.0,99.7,62.4,0.0,90.2,16.7,8.3,83.0,77.4,90.1,90.1,83.0,92.4,90.1,31.1,100.0,0.0,54.0,4.3,4.0,33.9,5.0,13.2,39.3,53.7,6.2,6.4,13.4,6.5,4.9,12.1,12.6,4.5,20.0,15.1,5.8,21.9,0.3,0.5,0.3,30.7,17.9,2.9000000000000004,0.20000000000000018
79.1,23.6,923.0,1103.0,98.1,89.9,99.8,100.0,83.5,77.7,94.4,20.6,19.0,85.8,51.2,6.9,1.0,2.3,91.6,79.1,58.0,4.2,1.9,73.6,28.0,87.4,66.4,90.8,58.9,36.3,93.7,88.3,85.6,1872.0,94.8,55.8,0.3999999999999999,86.0,28.0,26.6,82.9,85.6,90.4,87.6,80.9,95.8,94.1,40.8,95.1,1.8,67.4,7.2,6.6,31.7,14.3,14.0,38.0,61.7,5.7,7.7,14.6,6.7,6.9,14.9,15.6,7.2,28.7,17.3,8.7,28.8,0.7,2.5,0.7,25.299999999999997,19.7,1.6999999999999993,0.3999999999999999
81.3,22.1,1096.0,875.0,96.9,93.4,100.0,92.9,80.8,35.8,98.7,35.4,3.5,91.2,64.2,10.0,0.5,3.2,94.4,80.8,70.3,7.2,2.4,49.8,25.0,76.4,81.4,92.4,72.4,48.9,99.3,92.9,90.0,3360.0,91.7,72.1,0.5,87.6,19.2,19.5,99.94300000000005,100.0,100.0,100.0,90.3,100.0,100.0,57.9,100.0,0.0,75.4,6.3,0.0,51.1,11.6,17.5,29.1,53.2,9.3,8.0,17.9,9.8,9.1,19.9,11.5,4.3,22.1,12.1,4.6,20.3,0.0,0.40000000000000013,0.19999999999999996,33.3,26.2,1.8000000000000007,0.2999999999999998
70.1,25.1,1073.0,1001.0,96.7,97.5,99.1,85.5,86.5,35.0,99.1,26.799999999999997,14.0,84.1,50.9,3.8000000000000007,1.9,2.0,87.3,81.8,65.2,6.200000000000001,2.9,71.7,31.8,75.1,62.7,94.0,65.4,37.4,98.7,72.9,70.8,4252.0,72.0,64.9,4.0,74.1,10.5,8.8,99.94300000000005,100.0,100.0,100.0,96.88200000000002,100.0,100.0,52.9,100.0,0.0,77.8,2.0,1.6,43.6,18.1,14.6,23.2,61.1,5.4,4.4,10.6,6.1,5.0,11.5,11.9,3.5,17.8,19.3,2.8,23.2,0.0,0.19999999999999996,0.0,40.3,40.5,2.5,0.6000000000000001
86.7,20.3,1182.0,1073.0,96.4,96.9,99.7,98.0,85.5,44.7,99.2,32.0,3.5,94.8,76.1,3.5,0.6000000000000001,2.8,94.3,57.7,51.4,12.6,4.5,32.7,17.3,67.5,59.4,82.8,69.9,33.5,97.8,88.9,96.8,4229.0,97.6,75.1,0.0,92.4,21.3,15.5,74.3,100.0,83.0,83.0,77.1,88.6,85.2,40.9,97.0,3.0,80.0,12.4,1.1,38.1,31.699999999999996,17.2,37.1,59.6,7.5,10.6,19.2,8.0,10.8,21.2,13.7,6.8,28.1,22.6,7.1,35.2,0.4,1.0,0.19999999999999996,33.0,29.2,0.6999999999999993,0.2999999999999998
84.1,21.1,1051.0,795.0,98.1,90.8,99.7,98.6,73.3,49.1,98.7,36.4,1.1999999999999993,94.4,69.9,1.5,1.0,0.7999999999999998,89.0,59.1,52.0,11.8,3.6,52.2,15.8,51.5,56.3,78.8,63.4,38.5,96.4,88.7,85.9,2087.0,90.2,75.0,2.0,87.5,28.2,22.3,83.9,92.0,97.4,97.4,86.1,97.4,95.2,28.7,95.5,2.4,79.0,5.0,0.3999999999999999,43.3,15.5,15.2,31.0,60.9,7.4,7.9,16.4,6.0,8.4,15.7,13.4,6.8,24.9,17.5,5.1,26.6,0.2,0.19999999999999996,0.0,32.9,34.1,1.1999999999999993,1.1
73.8,19.1,967.0,701.0,96.7,96.8,99.6,96.9,80.1,70.4,99.5,35.9,8.6,89.1,56.1,27.9,2.5,9.3,95.9,83.4,76.7,4.1,1.7999999999999998,67.7,19.3,77.8,75.3,91.3,68.7,45.2,97.5,83.4,85.6,3884.0,82.7,76.4,1.8,84.1,18.6,19.6,91.7,91.7,94.1,94.1,94.1,97.7,96.4,37.1,100.0,0.0,82.4,7.4,0.8,59.5,4.3,9.9,26.4,59.5,3.5,3.3,7.9,4.0,2.3,7.300000000000001,11.3,3.8,18.5,15.1,5.6,22.8,0.2,0.8,0.0,44.1,50.6,2.0,0.8999999999999999
77.4,21.8,1008.0,1017.0,96.1,88.5,99.2,94.3,81.2,65.0,99.8,26.799999999999997,7.8,87.4,54.4,8.7,0.8999999999999999,4.7,85.7,78.3,67.5,5.0,1.3999999999999995,69.7,16.8,62.1,60.0,91.8,61.9,43.4,99.3,84.6,86.6,2919.0,87.0,66.8,2.5,88.1,13.6,9.8,80.2,95.0,91.5,91.5,87.4,93.8,91.5,53.3,92.9,2.8,85.2,8.5,0.5,50.7,26.7,11.0,29.8,65.2,3.9000000000000004,4.3,9.4,4.7,3.6,9.1,10.3,2.9,17.4,15.1,3.6,20.6,0.6,0.7000000000000001,1.4,33.6,33.7,1.4000000000000004,0.9999999999999998
65.6,17.8,1077.0,1182.0,98.9,92.3,99.8,89.2,61.7,71.7,99.2,31.2,9.6,86.2,55.9,11.2,1.5,3.1,90.9,78.5,66.3,5.7,1.3999999999999995,46.4,16.4,62.4,65.6,95.4,72.7,48.0,99.4,81.1,81.0,3533.0,86.4,75.9,2.3,86.7,17.7,16.4,77.9,100.0,92.7,92.7,85.9,97.5,92.9,26.7,95.5,4.5,74.5,6.5,1.3,57.1,21.7,9.9,26.9,61.9,4.1,2.3,6.7,4.3,2.8,8.5,8.7,3.6,15.0,11.6,5.6,19.2,0.2,1.2,0.4,33.5,47.9,1.6999999999999993,1.8
79.2,22.3,1159.0,840.0,99.3,95.6,99.5,96.5,87.0,38.6,98.9,41.3,2.5999999999999996,94.0,71.8,6.300000000000001,0.8,6.3,92.4,81.4,71.3,7.1,2.8,44.8,14.2,81.2,70.3,95.5,68.4,39.9,100.0,84.2,83.2,2859.0,86.6,77.4,1.4,86.4,16.0,14.8,94.1,98.0,100.0,100.0,95.9,100.0,100.0,56.6,100.0,0.0,72.8,2.6,0.3999999999999999,45.5,23.2,12.8,31.6,67.5,6.9,5.4,13.2,8.1,5.8,15.3,10.8,4.2,20.8,15.7,4.7,23.8,0.4,0.5,0.19999999999999996,31.7,35.0,1.4000000000000004,0.6000000000000001
81.6,19.0,956.0,808.0,99.1,96.3,100.0,97.3,87.3,78.0,99.9,37.1,9.0,93.4,69.7,6.099999999999998,0.8999999999999999,6.1,93.4,84.697,76.0,3.8,1.3000000000000003,76.9,29.1,83.1,85.3,95.5,77.2,53.3,100.0,91.6,91.2,6658.0,92.2,81.9,0.7000000000000002,91.3,12.9,13.9,96.5,98.2,98.3,98.3,81.2,100.0,96.5,28.1,97.1,2.9,73.9,1.6000000000000005,3.8,39.7,21.0,9.9,28.4,63.3,4.8,4.3,10.4,7.7,4.7,14.1,10.7,4.0,19.9,16.3,4.8,23.5,1.1,3.5,0.0,31.7,34.4,1.5,0.5
75.7,25.5,923.0,925.0,97.5,95.7,99.2,95.7,84.3,46.8,98.5,26.2,1.8000000000000007,84.9,55.6,5.000000000000002,2.4,1.7999999999999998,92.9,84.697,74.5,3.0999999999999996,1.6,76.5,24.9,91.0,85.2,98.8,76.0,54.5,100.0,88.7,85.5,2586.0,87.4,70.1,0.5,88.2,16.7,9.8,93.9,93.7,97.2,97.2,92.2,100.0,100.0,40.0,100.0,0.0,75.1,3.3,2.8,67.9,11.5,16.1,23.2,61.5,4.5,4.1,10.1,4.5,4.4,9.9,10.9,4.5,19.1,14.5,4.2,20.8,0.0,0.0,0.0,27.3,22.2,4.099999999999999,0.2999999999999998
82.4,22.3,947.0,882.0,99.5,96.3,99.2,96.5,81.8,62.5,99.1,41.9,7.5,91.0,62.3,13.3,3.3,5.8,94.4,84.6,65.5,2.9000000000000004,1.7999999999999998,71.6,21.8,87.1,88.2,95.2,74.6,51.2,98.6,85.9,88.7,5401.0,90.2,68.0,2.1,86.8,25.2,24.0,92.6,100.0,95.0,97.6,95.0,97.6,95.0,58.38500000000001,97.0,3.0,78.5,3.0,4.0,56.9,15.4,11.9,29.7,61.8,5.1,4.3,10.8,6.2,5.9,13.4,12.5,5.4,21.7,14.0,6.5,22.3,0.7,1.3,0.3,29.0,27.4,2.9000000000000004,0.5
86.1,21.8,1026.0,873.0,95.5,92.9,98.5,98.8,81.4,46.2,98.6,22.6,4.4,92.5,66.8,1.6000000000000014,0.0,2.1000000000000005,93.7,53.3,45.9,15.8,5.0,71.4,14.8,70.7,71.7,86.7,46.5,36.0,99.4,84.9,87.1,4903.0,89.7,52.2,2.5,89.9,39.1,33.2,75.3,93.8,88.2,88.0,72.2,100.0,90.5,37.0,96.6,3.4,79.1,9.2,0.3999999999999999,16.4,9.1,16.3,41.2,58.2,8.3,10.3,20.1,8.1,11.2,20.4,11.7,6.4,27.1,18.4,5.2,27.2,0.9,0.5,1.7,31.0,23.9,0.8000000000000007,0.20000000000000018
65.5,22.4,974.0,1177.0,98.6,86.8,98.7,99.3,84.7,76.5,98.3,7.299999999999997,0.0,74.7,52.8,2.5,0.5,0.7000000000000002,74.2,58.3,57.3,7.8,4.3,72.0,18.8,82.0,80.9,97.8,32.5,20.9,97.8,85.1,81.3,6058.0,90.5,86.7,8.1,98.1,51.3,55.2,83.3,100.0,90.5,90.5,12.5,88.4,90.5,51.9,100.0,0.0,88.3,7.0,7.7,51.1,14.4,4.1,28.6,89.994,5.0,4.1,10.4,5.3,3.7,9.9,11.5,3.8,20.0,11.5,3.7,19.4,0.0,0.19999999999999996,0.0,47.0,0.40299999999999864,2.9000000000000004,0.20000000000000018
62.5,22.3,937.0,843.0,98.8,76.4,99.5,95.8,77.0,71.1,98.9,6.515000000000001,0.0,74.1,48.2,1.5,0.0,1.0,75.3,59.9,57.7,4.2,2.1,55.4,13.7,83.3,66.5,97.5,25.4,12.4,93.4,88.7,86.3,5525.0,96.5,94.09100000000001,2.0,98.5,42.2,43.0,92.5,95.5,95.7,95.7,11.7,100.0,95.7,50.4,100.0,0.0,93.5,6.3,5.1,67.4,8.4,4.699999999999999,25.3,86.4,2.9,2.8,7.3,3.1000000000000005,2.8,6.9,10.9,4.5,19.9,11.0,3.7,18.6,0.2,0.19999999999999996,0.0,42.9,0.40299999999999864,5.4,0.0
62.4,25.5,970.0,1000.0,87.0,75.3,99.0,89.8,66.8,77.9,98.5,9.099999999999998,3.4000000000000004,66.6,35.9,1.8000000000000007,0.8,0.0,64.4,41.4,34.6,13.8,5.5,61.1,12.0,82.9,82.6,91.1,21.9,8.8,97.5,82.6,81.9,6399.0,92.8,82.2,1.7,93.7,48.1,52.2,90.3,92.1,90.3,90.3,7.899999999999999,93.4,93.4,39.9,97.9,0.0,84.5,8.0,4.8,37.9,19.9,10.400000000000002,28.2,89.8,2.9,4.2,8.7,3.5,3.7,8.0,8.8,5.0,21.4,8.7,3.3,17.4,0.4,1.0,0.19999999999999996,40.1,0.40299999999999864,9.1,0.10000000000000009
62.9,24.8,955.0,952.0,93.8,61.8,98.7,93.3,77.7,76.5,99.1,6.515000000000001,3.200000000000001,67.9,35.9,3.8000000000000007,1.9,0.0,62.0,31.1,28.2,15.7,7.4,55.9,11.900000000000002,84.0,75.2,88.2,22.4,13.1,96.0,80.1,76.0,9853.0,96.2,86.8,1.8,97.0,51.1,49.6,73.7,98.2,87.2,86.0,4.200000000000003,91.5,84.1,24.7,96.8,1.6999999999999997,83.4,9.9,3.8,54.4,19.8,10.6,31.1,78.3,4.5,3.8,10.0,3.8000000000000003,3.3,8.3,13.6,3.9,23.7,11.7,3.2,19.0,1.7000000000000002,1.8,4.0,34.7,1.1999999999999993,6.5,0.20000000000000018
65.1,28.4,943.0,959.0,82.5,76.9,99.6,92.6,70.9,42.4,97.7,7.600000000000001,2.1999999999999993,69.2,46.8,11.0,2.1,2.7000000000000006,68.8,69.5,49.4,7.2,5.0,58.6,10.8,86.3,74.3,79.5,23.100000000000005,13.3,98.3,71.6,71.6,4458.0,73.5,68.9,1.7,75.6,19.5,23.5,61.7,75.3,69.4,71.3,0.0,83.6,67.5,13.8,100.0,0.0,55.4,2.7,0.0,68.1,7.9,5.0,31.3,77.2,4.4,4.9,9.9,4.5,5.0,9.9,12.6,3.9,23.1,14.6,3.3,21.5,0.2,1.2,5.1,37.1,7.899999999999999,3.200000000000001,0.20000000000000018
60.2,25.1,931.0,816.0,91.0,67.1,99.5,97.2,78.4,84.4,97.7,8.299999999999997,1.1999999999999993,64.0,34.3,5.299999999999999,0.30000000000000004,0.40000000000000036,69.8,34.4,27.7,14.1,6.0,36.1,7.199999999999999,86.9,80.4,88.8,16.299999999999997,10.8,95.5,88.4,87.0,6961.0,98.0,94.09100000000001,0.8999999999999999,98.6,47.2,46.599999999999994,81.2,88.1,90.8,90.7,10.8,98.7,93.2,51.9,100.0,0.0,83.6,4.7,2.3,61.2,12.0,7.699999999999999,34.2,75.0,4.2,3.8,9.7,4.3,2.0,7.8,10.7,3.2,21.5,10.9,3.0,19.1,0.0,0.40000000000000013,0.09999999999999998,36.3,0.40299999999999864,6.3,0.20000000000000018
84.0,22.2,939.0,892.0,96.1,80.8,100.0,99.9,81.2,87.9,98.9,23.3,6.6000000000000005,91.5,70.8,5.299999999999999,0.0,0.0,95.3,67.9,57.1,6.7,2.9,73.1,6.800000000000001,93.2,95.4,92.0,51.4,27.3,99.0,92.2,86.0,4714.0,96.5,88.7,0.5,97.0,43.3,41.8,84.1,100.0,95.5,88.5,0.0,95.5,90.8,16.5,100.0,0.0,85.6,2.7,3.6,51.4,10.8,4.199999999999999,38.3,89.994,3.6,4.2,9.9,3.5,3.6,8.6,10.4,3.6,20.5,13.3,3.9,22.6,0.0,0.0,0.0,25.7,25.5,0.8000000000000007,0.2999999999999998
77.4,19.8,894.0,1100.0,99.6,68.7,99.7,96.1,75.4,68.5,98.0,7.0,0.0,87.7,64.9,1.5,0.0,0.0,85.4,74.9,72.7,4.2,3.6,74.5,28.7,83.2,31.6,89.4,32.6,20.1,98.1,81.2,77.1,5661.0,97.1,93.8,1.9,98.5,29.9,28.9,99.94300000000005,100.0,100.0,91.8,0.0,100.0,100.0,37.9,100.0,0.0,88.3,2.1000000000000005,1.0,67.5,17.8,5.300000000000001,38.2,89.994,7.8,3.3,12.4,9.1,2.3,11.8,15.3,1.9,18.9,19.4,2.2000000000000006,23.6,0.4,0.8,0.8,33.3,21.1,2.0999999999999996,0.5
68.9,24.8,978.0,1024.0,91.9,62.4,88.8,86.8,59.6,50.6,94.7,16.4,1.4000000000000004,71.3,48.0,7.199999999999999,0.8,1.7999999999999998,70.8,52.5,47.8,9.6,4.6,45.6,5.717999999999999,80.3,76.4,89.3,34.8,15.8,95.8,75.7,75.4,4410.0,91.6,90.8,3.7,94.1,34.3,36.9,91.6,100.0,94.6,94.6,8.2,97.3,94.6,43.7,94.3,3.0,67.0,6.0,2.2,36.0,2.9000000000000004,5.1,24.9,81.7,2.9,1.2999999999999998,5.3,3.5,1.6000000000000005,6.8,6.2,2.2,13.2,7.702999999999999,1.7000000000000002,13.3,0.3,0.19999999999999996,0.3,41.3,9.400000000000002,3.5,0.10000000000000009
64.0,25.4,962.0,1097.0,98.4,69.0,99.8,96.4,80.5,40.3,97.8,6.515000000000001,0.0,70.9,42.4,3.6999999999999993,0.30000000000000004,1.1000000000000005,75.9,70.8,55.0,5.0,3.0,63.3,5.717999999999999,95.5,92.2,93.1,15.8,10.3,97.7,91.5,92.6,3852.0,98.9,94.09100000000001,0.7999999999999998,99.6,45.8,43.7,98.1,98.0,98.1,98.1,0.0,100.0,100.0,44.4,100.0,0.0,92.6,2.1000000000000005,0.0,69.1,2.299999999999999,2.7029999999999976,25.9,83.8,3.4,1.7000000000000002,6.4,3.6,1.7000000000000002,6.299999999999999,19.4,3.1,25.8,15.9,2.2000000000000006,19.9,0.3,0.5,0.4,37.7,0.40299999999999864,3.299999999999999,0.10000000000000009
68.7,26.7,987.0,940.0,98.6,74.2,99.3,88.0,67.7,62.0,98.5,10.399999999999995,1.5,76.0,44.9,3.1000000000000014,1.6,0.0,48.7,64.5,56.5,5.9,3.1,64.6,8.899999999999999,83.7,89.2,96.8,29.2,8.5,99.3,90.5,89.6,5108.0,97.1,88.7,2.0,99.0,51.7,50.7,93.2,100.0,96.5,96.5,0.0,98.3,98.3,42.4,100.0,0.0,89.0,9.0,8.9,46.5,17.3,5.1,21.3,89.994,3.6,1.5,6.5,4.7,1.8999999999999995,7.9,10.5,2.1,18.1,11.5,2.7,18.9,0.4,0.8,0.4,49.8,0.40299999999999864,6.8,0.0
67.2,22.1,953.0,889.0,96.2,81.4,99.1,98.0,91.6,76.6,98.6,9.899999999999999,1.5,76.6,49.4,1.5,0.0,0.0,85.1,61.8,46.1,11.1,4.6,55.1,5.717999999999999,95.5,95.69100000000002,90.7,33.1,15.699999999999998,98.9,95.0,93.7,4299.0,97.8,92.0,1.3,98.1,60.7,59.7,88.8,94.0,94.0,94.0,0.0,97.0,97.0,30.8,100.0,0.0,85.2,3.7,2.6,36.0,8.7,2.9000000000000004,37.9,89.994,2.9,2.4,7.2,3.1000000000000005,1.6000000000000005,6.299999999999999,14.2,4.0,22.6,14.1,2.3,19.1,0.0,0.0,0.19999999999999996,41.2,0.6000000000000014,3.299999999999999,0.0
72.1,27.2,946.0,1175.0,96.4,82.1,99.7,76.8,66.7,44.6,98.9,11.100000000000001,0.0,79.3,46.8,5.4,1.3,0.5,76.0,58.8,53.3,8.4,5.4,70.0,15.1,80.5,86.4,94.4,20.6,11.3,98.0,81.7,78.9,3641.0,86.0,84.2,8.8,93.8,30.9,34.6,91.2,92.1,98.5,97.1,6.100000000000001,97.0,95.7,23.6,100.0,0.0,81.0,6.0,3.8,62.2,9.7,6.800000000000001,16.2,89.994,3.0,4.1,7.8,3.2,2.9,7.0,11.4,1.9,17.9,11.7,1.6029999999999998,16.3,0.4,0.0,0.6,38.8,2.3999999999999986,2.299999999999999,0.2999999999999998
72.6,26.4,901.0,968.0,97.8,74.2,100.0,77.7,63.3,42.8,96.0,16.4,0.0,79.4,46.4,12.2,0.30000000000000004,4.1,53.1,65.9,56.2,5.7,3.8,53.7,6.400000000000002,82.5,71.9,94.3,17.4,3.8000000000000007,95.4,78.7,75.8,4199.0,88.8,84.9,5.6,94.4,29.0,30.7,95.0,98.1,98.2,98.2,12.399999999999999,100.0,96.9,44.6,96.8,3.2,81.0,10.7,6.1,45.6,7.0,4.800000000000001,22.7,86.5,4.7,2.6,8.0,5.4,2.3999999999999995,8.4,11.3,2.7,16.5,9.6,2.4,13.8,0.2,0.19999999999999996,0.0,44.8,8.200000000000001,3.200000000000001,0.10000000000000009
60.8,29.5,915.0,1022.0,94.3,63.6,97.4,73.4,48.9,35.8,98.6,9.2,0.0,62.2,35.5,5.5,0.8,2.0,58.5,56.5,52.6,10.3,4.2,62.3,15.6,84.6,79.2,92.9,12.899999999999999,9.0,95.9,71.3,70.1,2683.0,80.4,78.7,11.8,91.7,17.0,20.0,78.9,93.7,87.3,85.7,6.100000000000001,92.2,82.1,18.9,98.3,0.0,70.7,6.4,3.4,60.9,13.5,7.6,15.8,83.7,5.8,1.2999999999999998,7.5,3.7,1.6000000000000005,6.299999999999999,11.5,2.0,17.5,11.1,1.7000000000000002,15.7,0.7,1.2,0.5,36.4,10.0,2.799999999999999,0.5
66.9,30.7,967.0,1000.0,78.0,66.9,99.9,76.5,62.7,35.2,92.3,11.199999999999996,0.0,68.2,41.9,9.6,1.7,2.2,59.7,56.9,51.7,7.5,4.1,56.0,8.0,83.4,75.9,86.5,32.6,21.8,92.9,64.7,63.6,4046.0,69.3,66.6,4.8,73.3,23.0,33.1,79.1,86.6,86.6,88.4,0.0,90.5,86.6,28.9,100.0,0.0,73.5,0.9000000000000004,0.8999999999999999,55.6,17.3,4.300000000000001,22.7,75.9,4.2,1.6,7.1000000000000005,3.8000000000000003,1.8999999999999995,7.099999999999999,11.0,1.7000000000000002,15.399999999999999,13.3,1.6029999999999998,17.6,0.0,0.0,0.0,41.7,10.3,4.0,0.10000000000000009
76.6,24.5,960.0,888.0,97.1,81.8,99.8,95.4,78.8,73.0,98.7,19.0,2.0,84.8,60.6,6.300000000000001,1.5,1.2999999999999998,85.5,62.8,50.4,9.5,4.2,63.6,7.199999999999999,86.6,95.69100000000002,84.5,46.5,24.4,100.0,92.3,87.6,4149.0,97.9,91.3,1.2,99.0,37.5,35.9,90.9,97.8,94.0,91.9,0.0,98.0,94.0,21.9,100.0,0.0,73.5,4.7,3.2,61.6,6.2,3.5999999999999996,36.5,88.6,4.8,4.0,10.3,5.7,4.4,11.2,11.6,4.0,21.1,12.4,5.1,21.5,0.2,0.9,0.4,38.9,28.1,3.0,0.7000000000000002
71.4,23.0,958.0,1142.0,98.8,85.6,99.9,99.2,86.5,66.1,98.5,8.399999999999999,0.0,80.8,55.2,2.1000000000000014,0.3999999999999999,0.0,69.8,60.8,53.1,7.1,4.0,49.8,8.7,80.8,86.8,92.3,34.4,7.599999999999998,96.9,84.5,83.0,5792.0,98.3,94.09100000000001,0.3999999999999999,97.5,31.7,29.7,92.2,100.0,100.0,100.0,2.8999999999999986,100.0,100.0,47.8,100.0,0.0,69.7,2.7,3.8,42.9,18.6,2.7029999999999976,27.6,89.994,3.0,1.2999999999999998,5.4,3.1000000000000005,1.6000000000000005,6.299999999999999,11.5,1.7000000000000002,15.100000000000001,11.5,1.6029999999999998,14.2,0.0,0.40000000000000013,0.0,47.0,0.40299999999999864,5.000000000000001,0.3999999999999999
68.2,20.2,972.0,924.0,99.5,91.7,100.0,98.5,86.8,98.4,99.0,17.9,0.0,78.4,60.5,1.6999999999999993,0.5,1.6000000000000005,84.8,56.5,52.2,4.7,2.0,78.7,9.7,95.2,85.1,92.4,34.1,24.7,97.8,90.9,88.8,4589.0,99.2,88.7,0.0,99.2,59.400000000000006,56.1,90.9,100.0,95.7,95.7,7.399999999999999,95.7,95.7,34.8,100.0,0.0,85.2,1.2000000000000002,2.2,69.2,12.1,3.5,27.8,89.994,3.5,2.5,7.4,3.1000000000000005,2.3999999999999995,6.299999999999999,9.9,1.7000000000000002,20.1,10.4,1.6029999999999998,18.1,0.0,0.19999999999999996,0.0,36.5,0.40299999999999864,1.9000000000000004,0.0
73.0,26.1,946.0,997.0,95.9,76.1,99.9,76.4,69.8,55.1,96.1,16.800000000000004,0.0,77.3,43.7,6.099999999999998,0.7,1.0,74.7,69.7,63.9,6.3,2.3,57.8,9.0,80.1,69.8,93.7,19.4,6.900000000000002,97.3,71.2,69.1,3412.0,87.2,86.0,3.6,91.1,37.0,41.6,85.8,97.7,89.3,89.3,14.7,92.9,87.8,35.8,98.0,0.0,80.1,11.9,4.5,48.6,8.0,4.0,29.3,87.4,6.1,2.6,9.9,5.8,1.7999999999999998,8.8,12.9,3.4,20.1,13.0,2.7,18.3,0.0,0.0,0.0,45.2,27.1,4.7,0.6000000000000001
71.5,27.3,1006.0,899.0,79.7,35.2,97.3,86.4,64.4,47.0,95.7,44.7,9.0,69.2,45.0,26.3,1.1999999999999997,5.9,80.0,68.5,59.6,9.5,4.0,40.1,23.2,68.2,48.7,90.0,29.6,22.5,87.9,73.5,70.0,3372.0,80.9,44.6,8.5,86.5,21.0,13.4,71.0,72.9,85.4,88.2,75.2,97.0,92.3,40.7,95.1,4.9,80.2,15.600000000000001,2.2,18.0,16.5,26.6,15.1,55.4,4.0,5.0,9.4,6.4,7.4,14.8,13.4,6.2,21.5,17.9,8.0,27.5,0.0,0.6,0.4,45.0,27.9,9.0,2.0
60.7,36.8,1136.0,764.0,65.1,33.1,92.1,83.3,48.1,20.4,97.8,46.5,4.4,57.7,27.7,31.7,2.6,11.6,66.9,59.5,51.8,10.1,4.6,64.0,35.7,57.1,32.4,84.9,28.2,15.4,93.1,61.2,59.1,2066.0,71.5,51.8,5.5,73.5,14.1,5.199999999999999,71.7,82.4,80.7,80.7,75.1,91.5,78.7,26.9,99.0,1.0,70.7,4.5,1.4,24.8,6.1,32.2,10.4,57.8,4.8,5.1,10.8,7.3,5.4,13.1,8.7,5.0,16.0,13.3,6.7,22.1,0.0,0.0,0.19999999999999996,49.7,38.7,6.4,5.9
59.8,36.0,1068.0,929.0,59.86,44.8,95.6,90.8,41.6,23.499999999999996,98.3,53.8,6.4,50.7,19.7,49.2,2.7,20.2,68.0,65.4,48.5,11.1,4.6,35.3,25.0,58.1,30.7,89.2,18.5,11.8,83.1,55.6,56.4,2133.0,61.3,47.2,12.6,72.3,7.800000000000001,2.900000000000002,54.5,56.809,68.6,64.3,54.0,87.5,73.0,15.7,96.7,3.3,53.3,6.5,0.8,22.6,7.8,32.5,10.9,56.6,4.9,4.7,10.0,7.3,5.8,13.5,8.6,4.2,14.2,12.5,4.4,18.5,0.2,0.7000000000000001,0.19999999999999996,52.0,26.3,6.6,2.0
68.7,27.8,986.0,869.0,77.7,45.2,98.5,88.9,67.6,37.2,98.3,45.7,15.1,69.7,37.9,28.3,1.9,10.9,81.3,67.3,51.6,9.7,4.7,41.3,15.0,65.4,44.6,92.3,18.599999999999998,8.3,88.7,73.2,74.3,2627.0,78.8,34.5,5.9,83.6,21.9,9.3,66.1,72.5,83.9,82.7,61.0,94.7,83.9,41.4,91.0,9.0,74.5,7.9,1.8,19.2,5.0,26.0,16.4,59.9,4.5,4.6,10.1,5.0,6.7,13.1,12.0,4.8,18.5,16.2,6.7,24.9,0.0,0.30000000000000004,0.09999999999999998,45.7,25.8,9.6,1.1
59.7,31.7,1067.0,946.0,68.4,44.5,93.2,92.6,41.5,18.1,97.6,45.4,8.7,51.8,19.1,43.1,1.8,14.899999999999999,63.6,60.0,43.4,13.1,5.1,35.9,22.1,64.9,39.3,94.1,21.8,9.3,95.1,54.9,57.1,1602.0,60.3,51.3,8.9,69.0,8.5,3.6999999999999993,78.9,76.6,83.0,83.0,69.4,96.5,86.4,34.8,98.7,1.3,70.0,6.4,1.3,16.1,8.2,29.6,9.1,48.1,5.1,4.6,10.2,5.4,7.3,13.6,9.5,4.0,14.1,13.5,5.4,20.0,0.0,0.0,0.19999999999999996,56.6,44.5,9.6,8.8
60.5,33.3,1108.0,829.0,63.0,35.8,85.0,92.5,54.1,24.7,97.5,55.3,9.7,59.6,31.0,31.3,3.7,8.7,59.3,58.3,48.7,12.3,5.7,48.0,18.4,66.3,29.799999999999997,92.1,16.800000000000004,3.3000000000000007,87.1,70.3,70.6,2256.0,84.0,67.6,4.4,88.2,10.2,3.3000000000000007,77.2,82.9,86.0,84.8,79.3,96.8,86.1,29.3,91.8,2.2,61.2,6.6,0.20000000000000018,25.2,6.2,28.8,13.6,35.5,7.0,4.7,12.3,7.1,7.7,15.7,11.1,5.3,18.3,13.5,7.9,23.4,0.2,0.9,0.19999999999999996,46.7,29.2,4.799999999999999,3.0
61.6,34.6,1091.0,852.0,68.1,30.799999999999997,96.5,87.6,59.2,32.4,96.8,52.4,14.8,53.4,25.0,45.60000000000001,1.7,12.3,65.2,63.7,54.3,12.0,4.3,45.0,22.4,57.9,42.1,86.0,19.8,13.7,86.7,61.3,61.0,2101.0,70.7,50.3,7.8,76.7,10.7,4.1,70.6,83.6,82.7,79.4,66.0,92.4,84.4,26.7,97.6,2.4,69.6,9.0,3.1,14.5,9.0,27.3,7.800000000000001,53.9,5.5,4.2,10.3,7.8,7.1,15.9,10.1,5.1,17.4,16.2,6.2,23.9,0.4,1.9,0.4,44.8,29.8,4.4,1.4000000000000001
52.7,33.8,1012.0,881.0,82.4,30.1,93.5,91.4,54.9,19.700000000000003,98.9,45.9,7.7,46.60000000000001,19.6,48.5,3.1,16.1,64.8,65.0,50.6,11.3,3.2,56.7,34.3,63.1,39.2,95.7,16.7,10.400000000000002,93.4,67.9,66.8,1463.0,70.2,63.6,13.8,83.3,4.699999999999999,3.5,63.9,71.0,86.4,82.6,56.2,90.7,86.8,24.4,100.0,0.0,62.9,6.8,4.2,17.2,8.3,23.6,10.7,59.4,6.7,5.9,13.2,7.1,8.7,16.1,12.4,5.1,18.6,14.0,4.9,20.2,0.0,0.5,0.5,45.1,34.2,2.700000000000001,3.3
65.1,30.7,1024.0,1028.0,77.7,34.7,89.1,75.2,50.1,19.1,97.7,51.7,0.0,63.7,33.3,20.9,1.8,7.2,75.6,52.7,45.0,14.9,7.9,61.6,38.8,81.5,49.3,96.1,47.8,22.7,97.9,82.4,78.4,1124.0,83.8,80.3,6.7,90.2,7.699999999999999,6.800000000000001,85.3,86.2,95.3,95.3,90.8,97.8,95.3,40.5,98.9,1.1,84.4,5.1,3.0,21.8,10.1,25.2,5.599999999999998,70.8,6.3,2.4,9.0,8.3,2.6000000000000005,11.6,11.0,3.4,15.100000000000001,14.8,4.6,19.9,0.2,0.40000000000000013,0.19999999999999996,55.5,53.1,14.8,16.1
66.1,32.6,1083.0,856.0,75.4,31.799999999999997,98.2,85.5,55.6,36.8,95.0,55.0,9.4,67.2,40.1,38.6,3.3,10.9,74.6,60.8,53.6,11.5,6.4,37.8,20.3,59.8,36.4,88.5,23.8,16.8,89.0,65.4,67.7,2328.0,82.0,59.8,7.2,85.6,14.7,10.6,70.1,80.5,89.9,88.4,75.5,97.1,85.9,39.9,97.1,2.9,71.1,9.1,2.7,17.9,15.5,25.3,15.0,51.7,4.4,3.8,8.8,6.4,6.3,13.5,10.6,5.9,18.8,19.4,9.9,30.8,0.0,1.0,0.0,42.5,35.1,4.799999999999999,3.4
63.7,29.5,996.0,825.0,71.2,36.9,92.2,93.0,52.8,20.299999999999997,98.3,62.9,11.5,53.5,21.4,50.5,0.6000000000000001,14.899999999999999,73.1,69.3,54.1,9.9,3.6,49.1,34.7,66.7,36.0,89.3,31.2,19.1,95.1,69.9,66.5,2771.0,75.4,60.4,7.7,82.5,13.4,9.7,78.8,82.9,89.7,87.9,71.4,91.4,91.4,32.5,100.0,0.0,82.5,13.8,5.8,13.8,13.3,30.6,7.1,57.3,5.6,4.2,10.5,6.7,5.3,12.9,10.1,5.1,17.8,14.2,5.3,21.9,0.0,0.0,0.0,49.7,29.9,13.6,5.3
63.1,29.8,992.0,709.0,82.9,35.1,92.9,68.6,55.2,18.700000000000003,97.4,58.2,6.6000000000000005,55.3,29.3,21.7,0.7,4.3,71.0,58.4,43.4,11.8,4.8,67.0,37.5,71.3,37.39999999999999,91.7,47.6,30.8,95.1,63.9,61.0,1314.0,73.8,64.2,11.0,80.1,7.199999999999999,4.300000000000001,71.9,79.6,81.7,83.8,70.5,91.6,87.4,28.5,100.0,0.0,79.3,11.7,1.9,17.9,10.2,20.6,5.599999999999998,63.5,6.1,1.9,8.6,10.6,4.4,15.7,7.2,3.2,11.7,9.0,4.5,14.2,0.3,0.5,0.19999999999999996,57.2,57.5,16.2,19.8
64.4,35.8,1141.0,872.0,72.3,46.8,97.1,83.9,54.0,35.8,99.2,56.8,12.8,63.6,31.8,42.5,3.1,10.6,80.1,63.6,56.6,12.0,5.5,40.4,26.4,77.8,47.6,92.0,13.100000000000001,4.799999999999997,89.7,75.8,78.0,1948.0000000000002,91.3,64.2,4.3,94.5,22.0,7.300000000000001,73.8,87.4,87.4,87.4,82.7,95.0,85.0,29.0,99.0,1.0,76.6,8.2,2.4,19.2,11.7,29.9,12.4,50.3,6.3,4.4,11.2,10.7,11.0,22.4,8.5,3.7,13.8,13.0,5.5,20.6,0.2,0.30000000000000004,0.19999999999999996,37.3,29.2,1.4000000000000004,0.5
60.5,35.9,1115.0,967.0,81.3,36.8,89.0,79.2,51.4,14.200000000000003,96.8,52.2,1.8000000000000007,54.9,26.5,32.2,3.1,8.8,72.1,56.6,45.9,13.4,5.5,63.8,46.5,75.0,43.1,94.2,41.6,29.1,98.0,70.7,61.7,1268.0,70.3,61.4,13.8,83.8,10.2,9.600000000000001,75.0,74.5,95.2,95.2,88.9,97.8,95.2,29.9,100.0,0.0,85.9,6.6,6.1,18.9,7.8,31.1,7.300000000000001,65.1,5.1,3.3,9.0,6.4,4.5,11.4,8.7,5.7,15.3,14.0,6.4,22.2,0.0,0.5,0.19999999999999996,51.6,47.3,11.0,12.7
65.6,32.4,1052.0,1011.0,74.0,42.3,99.2,78.4,67.7,34.0,99.4,58.9,5.8,65.2,35.0,21.9,1.5,5.5,91.7,56.6,41.1,13.9,5.0,67.2,31.2,79.0,37.7,95.1,40.6,13.0,93.0,79.2,82.1,1706.9999999999998,84.1,72.6,8.3,92.1,10.9,6.4,88.2,88.2,93.4,93.4,84.7,100.0,95.2,41.4,100.0,0.0,71.7,5.0,0.6000000000000001,37.9,7.2,24.1,7.0,62.6,6.0,3.3,10.0,5.5,3.7,9.7,11.8,4.7,17.5,14.4,5.1,20.2,0.0,0.40000000000000013,0.0,51.7,37.6,12.8,7.9
53.1,36.3,1074.0,925.0,80.4,39.1,91.7,88.6,38.3,16.9,97.0,52.5,2.099999999999998,41.4,15.803,43.4,2.4,14.399999999999999,66.4,55.4,45.4,12.0,6.0,36.5,22.3,71.6,26.6,91.9,16.5,3.3000000000000007,91.0,61.6,60.0,1644.0,64.6,57.6,9.9,74.2,5.400000000000002,3.9000000000000004,69.4,69.5,84.1,84.1,77.4,95.4,84.0,29.4,97.9,0.0,56.6,4.3,1.2,25.4,8.4,34.4,8.0,49.7,7.9,5.1,13.3,10.4,8.7,19.7,10.1,5.7,17.1,13.8,5.4,20.2,0.0,0.0,0.0,50.8,34.5,5.8,5.1
63.5,34.6,1183.0,1098.0,68.7,40.2,95.8,94.9,46.3,25.4,96.6,55.8,9.1,62.5,36.5,35.4,4.7,6.1,73.8,60.1,53.1,13.8,6.3,61.0,24.6,73.1,33.8,92.6,24.0,5.699999999999999,91.5,70.3,70.1,2597.0,74.9,54.8,9.2,83.4,15.8,8.3,80.9,81.5,90.3,89.2,86.3,96.1,92.5,25.0,94.6,4.5,63.5,4.3,0.6000000000000001,26.4,3.799999999999999,26.7,10.799999999999999,42.2,4.9,4.1,9.4,6.0,5.9,13.1,11.0,5.0,18.3,16.1,7.4,24.3,0.2,0.19999999999999996,0.0,48.9,34.9,6.0,3.1
58.4,35.8,1049.0,872.0,66.6,42.0,83.3,79.3,37.7,15.5,96.9,46.7,11.4,47.8,22.9,24.4,2.4,6.7,80.4,55.9,36.3,12.5,5.0,71.2,43.6,62.6,34.89999999999999,89.8,37.4,23.1,92.0,58.8,61.5,1183.0,67.9,64.3,8.4,70.1,4.0,3.3000000000000007,87.0,89.0,92.1,89.4,86.9,96.2,92.1,22.3,99.0,0.0,72.7,10.5,2.7,22.0,11.6,33.1,7.1,70.3,4.2,2.8,7.5,7.4,3.5,11.1,12.0,4.6,17.8,13.1,5.4,19.5,0.09999999999999998,0.19999999999999996,0.09999999999999998,56.4,57.099999999999994,19.9,28.5
74.1,23.4,1016.0,837.0,87.5,46.7,95.7,89.7,70.2,57.6,99.4,50.7,13.9,73.8,46.8,19.8,0.30000000000000004,3.7,88.3,61.0,47.2,11.4,3.8,58.6,35.0,78.2,40.7,95.3,54.6,27.8,91.6,84.0,85.9,3378.0,94.0,66.2,2.4,96.4,18.6,11.8,88.8,87.0,91.9,90.2,76.6,98.8,91.9,37.9,95.4,4.6,71.7,1.8999999999999995,0.7,22.4,12.1,15.5,18.6,74.6,6.2,4.8,11.7,7.9,7.9,16.5,13.4,4.7,19.8,16.5,4.7,22.4,0.0,0.0,0.0,38.8,25.6,8.6,4.5
68.4,27.9,955.0,903.0,77.7,42.4,98.4,76.7,64.2,33.2,97.8,49.7,4.1,71.0,44.3,25.1,2.4,5.1,88.4,68.2,54.2,7.3,2.8,43.4,20.5,63.4,40.9,93.4,31.5,15.100000000000001,90.8,78.0,75.8,2121.0,79.0,51.6,11.0,89.7,20.0,8.3,81.8,89.2,91.4,91.4,74.5,98.2,94.7,40.2,93.9,4.5,78.2,9.1,2.6,23.1,13.0,27.3,14.1,49.3,3.8,2.9,7.5,5.3,6.4,13.3,12.9,5.8,21.1,15.4,10.2,27.4,0.3,1.4,0.19999999999999996,48.5,37.0,8.6,5.9
73.3,25.4,1004.0,874.0,75.5,55.2,99.3,86.3,77.2,57.7,99.0,43.9,12.8,76.0,49.5,20.9,1.1999999999999997,5.5,85.0,61.5,51.3,12.0,4.8,72.0,32.9,77.8,35.2,90.3,43.0,20.0,93.6,83.1,84.5,2394.0,87.3,61.7,7.7,94.7,19.8,12.3,73.8,85.4,81.0,80.0,77.8,92.5,82.6,43.9,91.3,8.7,75.5,4.8,1.9,32.1,19.1,21.2,14.9,71.9,5.1,3.5,9.7,5.3,6.3,12.0,12.9,4.6,19.6,16.0,5.7,23.1,0.2,0.30000000000000004,0.4,45.8,36.4,8.3,5.7
57.3,39.4,1092.0,984.0,78.9,49.5,91.6,88.2,43.2,17.4,98.2,34.8,4.500000000000001,48.8,18.6,39.9,3.7,18.900000000000002,58.4,50.4,34.0,13.2,3.2,56.8,32.9,67.1,36.2,83.8,15.0,7.300000000000001,94.1,64.8,61.0,1546.0,64.7,59.5,13.8,75.7,4.900000000000002,4.1,66.0,72.6,74.5,73.6,70.9,95.7,76.4,25.9,99.1,0.8999999999999999,67.1,3.4,2.2,23.6,7.6,28.5,14.3,66.4,6.8,5.7,12.8,8.0,8.5,17.1,8.2,5.2,15.0,10.6,3.8,16.6,0.2,0.19999999999999996,0.9,47.2,34.4,4.7,6.7
64.4,26.2,996.0,919.0,87.0,40.1,93.5,85.7,60.9,31.5,96.8,63.1,6.6000000000000005,64.0,36.0,19.2,1.6,10.3,74.7,66.9,52.4,7.2,3.6,73.7,49.60000000000001,85.1,54.4,92.3,42.6,24.7,98.8,77.2,73.9,1770.0,81.8,62.2,7.8,89.1,12.4,7.5,80.9,85.3,92.9,92.9,87.8,100.0,94.8,44.3,100.0,0.0,89.0,9.2,3.2,18.9,11.6,20.3,6.400000000000002,63.9,7.1,3.5999999999999996,11.1,9.7,5.0,15.5,9.7,4.8,15.6,12.4,4.2,17.2,0.0,0.19999999999999996,0.0,42.6,37.3,11.2,11.3
68.2,30.0,1064.0,907.0,63.1,35.0,84.1,66.7,71.3,15.899999999999999,98.9,60.6,2.299999999999999,66.4,29.7,15.9,0.8,5.0,92.6,48.5,27.7,15.8,4.7,81.2,41.1,71.0,34.4,84.5,46.4,23.6,97.7,61.5,62.3,669.0,75.7,71.2,8.6,78.1,4.5,2.4999999999999982,79.3,81.1,88.2,88.2,83.8,92.9,91.5,30.9,98.2,1.8,73.8,7.3,0.6000000000000001,17.8,11.4,25.8,7.9,64.6,4.7,3.1,8.1,5.3,3.5,9.2,11.6,7.8,20.9,18.4,7.9,26.7,0.0,0.19999999999999996,0.0,56.5,54.1,17.6,15.7
67.3,26.5,1007.0,879.0,97.8,76.8,98.9,99.2,51.3,56.6,81.3,22.3,7.1,69.7,37.7,38.7,2.0,6.9,65.9,65.3,65.3,5.8,4.0,51.1,15.8,78.2,76.2,94.2,32.3,21.2,98.7,89.0,86.7,4576.0,95.2,57.1,2.8,91.4,31.0,14.2,78.6,79.5,92.0,84.7,0.0,95.5,93.1,24.0,98.8,1.2,73.0,4.3,3.1,30.2,5.1,17.1,28.6,40.5,5.4,5.4,11.8,6.0,5.9,12.8,11.1,3.8,19.1,13.2,4.9,21.0,0.2,0.6,0.19999999999999996,33.7,14.8,10.7,0.6000000000000001
85.7,20.6,1006.0,1163.0,99.3,91.0,98.8,99.2,90.4,97.2,99.4,28.8,23.4,87.3,70.1,14.5,2.0,2.0,98.5,73.2,73.0,4.7,3.0,90.7,54.7,75.3,74.6,98.4,58.8,46.3,98.0,88.0,88.2,3633.0,99.3,54.7,0.7000000000000002,94.4,30.6,16.0,78.2,88.4,90.0,81.3,11.2,95.4,85.4,38.9,79.309,20.38800000000001,86.9,2.2,0.0,53.8,4.8,10.0,40.1,44.4,8.4,9.7,19.4,10.4,9.2,21.3,21.2,5.6,30.7,21.8,7.5,33.5,0.4,0.19999999999999996,0.6,20.9,17.3,2.9000000000000004,1.1
74.3,20.5,986.0,1177.0,99.0,94.5,99.2,97.9,88.8,93.6,95.6,34.9,16.4,83.8,56.3,14.1,0.3999999999999999,6.4,97.6,77.5,76.3,5.9,4.1,85.8,46.60000000000001,81.8,90.9,99.2,67.0,39.8,98.4,91.7,91.0,4836.0,100.0,72.0,0.0,97.9,43.6,37.0,92.7,92.5,98.4,94.6,4.299999999999997,100.0,100.0,27.1,100.0,0.0,84.9,3.2,0.3999999999999999,59.8,15.7,14.1,33.2,60.2,5.9,6.2,13.6,5.6,10.6,17.7,15.6,7.4,26.7,20.9,8.0,30.8,0.2,0.9,0.19999999999999996,24.8,17.8,13.1,1.5
72.4,25.0,1032.0,892.0,96.6,90.4,99.1,94.4,67.7,74.8,95.2,20.7,21.6,74.0,47.8,32.8,2.5,9.1,75.3,70.8,70.6,5.5,2.1,66.4,29.4,71.2,63.7,94.4,36.9,16.9,96.1,87.0,85.6,3902.0,97.5,60.6,0.7999999999999998,96.4,24.2,15.8,81.4,86.5,91.6,90.0,7.300000000000001,97.2,91.8,27.7,92.8,4.7,91.9,4.7,1.1,58.0,8.3,22.2,23.8,44.1,4.8,6.6,12.9,5.1,5.9,12.2,11.6,4.3,19.4,14.7,4.9,22.2,0.6,0.5,0.8,28.8,11.5,6.6,0.5
64.2,23.6,1038.0,1072.0,96.9,89.2,98.9,94.7,64.1,76.2,84.7,25.7,28.0,64.4,39.9,22.2,3.4,3.2,85.0,62.7,62.3,5.6,2.9,54.8,33.5,67.5,56.4,90.5,28.7,15.0,98.1,86.6,84.2,12348.0,95.7,76.8,2.4,96.0,29.1,19.1,71.5,79.2,93.1,93.1,4.600000000000001,97.6,89.4,25.7,98.1,2.0,73.7,5.1,1.6,49.2,8.9,22.2,27.3,45.1,4.2,3.9,9.2,5.3,5.3,11.6,12.7,4.8,21.2,14.0,4.4,20.9,0.2,0.5,1.0,26.2,14.3,8.2,0.9999999999999998
68.2,27.3,1034.0,898.0,97.9,76.5,98.8,98.9,56.5,65.2,97.7,21.4,7.1,73.8,45.0,19.2,4.2,4.0,81.6,69.1,68.5,8.1,3.6,81.9,40.7,62.7,55.3,97.4,39.7,26.4,96.8,89.6,86.5,4091.0,99.0,73.4,0.2999999999999998,91.7,21.8,15.0,74.8,77.7,86.6,85.6,13.0,97.7,81.8,26.4,93.6,5.1,80.5,9.0,2.4,31.3,13.0,24.9,20.8,39.6,4.7,3.4,9.0,6.3,5.0,12.5,13.0,4.2,21.2,15.7,5.4,24.1,0.2,0.40000000000000013,0.5,31.2,16.6,8.5,0.2999999999999998
66.1,28.0,995.0,885.0,95.5,86.2,97.6,92.5,44.8,60.6,92.3,21.2,24.9,66.6,37.1,39.2,2.6,11.8,71.9,63.1,62.7,7.0,4.0,62.1,23.8,60.3,56.4,93.5,36.6,15.4,91.1,74.4,74.8,3198.0,91.8,59.6,3.8,90.0,20.9,9.9,71.1,73.2,84.7,84.7,14.100000000000001,95.5,81.8,31.5,92.8,6.0,83.4,8.2,1.6,57.3,10.0,18.1,27.4,32.0,4.9,5.7,11.6,5.4,7.3,14.3,11.2,5.1,20.2,13.2,5.1,21.0,0.2,0.7000000000000001,0.4,34.6,15.3,10.8,0.7999999999999998
63.2,19.4,1037.0,953.0,100.0,84.0,98.7,99.9,75.2,89.0,98.0,34.4,21.8,72.4,41.7,19.3,0.3999999999999999,6.1,94.1,79.8,78.294,3.4000000000000004,2.6,83.5,54.797,83.2,84.1,96.6,41.2,27.9,100.0,94.2,93.2,4270.0,100.0,82.7,0.0,96.7,31.4,27.1,93.3,90.8,95.8,95.6,0.0,97.9,97.9,36.8,94.8,5.2,93.6,4.6,3.6,43.5,16.7,17.9,30.6,37.7,6.5,6.3,14.1,6.0,8.1,14.8,16.9,9.3,28.8,18.9,9.1,29.9,0.2,0.19999999999999996,0.7,22.4,20.0,2.799999999999999,0.8999999999999999
65.9,21.7,1067.0,1110.0,97.6,86.4,99.9,98.1,84.9,89.4,95.0,26.1,14.6,76.3,48.0,27.1,0.5,5.3,96.2,77.8,77.4,3.8,2.6,79.5,49.7,82.6,90.5,94.7,48.8,19.7,98.2,91.2,90.5,4324.0,99.0,83.0,1.0,97.5,38.2,36.9,76.6,79.5,83.8,83.8,10.399999999999999,87.9,92.4,36.4,100.0,0.0,84.8,4.3,1.0,39.8,17.7,22.6,26.6,43.1,4.8,5.8,11.9,5.1,9.2,16.5,13.5,7.5,24.1,21.3,9.1,32.5,0.4,0.40000000000000013,0.6,20.2,11.7,18.2,1.2000000000000002
76.2,19.4,1041.0,849.0,98.5,90.9,99.3,95.7,92.3,79.0,96.8,30.0,10.4,82.9,48.3,19.5,1.6,5.5,93.1,79.7,78.294,3.8,2.8,74.4,42.8,69.5,74.3,93.1,49.6,26.4,99.1,90.9,91.4,4544.0,98.4,77.9,1.1,98.7,38.1,30.7,91.0,93.4,100.0,91.0,2.6000000000000014,100.0,100.0,37.0,95.9,4.1,85.5,4.8,0.3999999999999999,54.4,14.4,14.2,33.2,50.6,6.6,7.5,15.6,6.9,7.7,15.7,18.2,7.7,29.2,19.0,6.0,28.7,0.0,0.7000000000000001,0.0,32.3,23.8,10.9,1.5
73.0,22.5,1023.0,1050.0,99.5,89.2,99.8,97.8,63.1,80.6,96.4,35.3,27.199999999999996,75.6,48.3,20.7,0.3999999999999999,7.8,85.5,72.8,72.5,5.0,3.5,87.0,54.797,66.3,79.3,93.9,50.5,36.6,99.1,95.2,94.3,4234.0,98.3,68.8,1.2,95.1,42.8,31.799999999999997,94.6,97.2,94.6,94.6,4.5,97.3,97.3,45.7,100.0,0.0,93.5,6.2,2.5,54.2,16.8,14.5,37.4,36.3,6.3,6.9,15.1,5.4,7.5,14.4,18.4,8.4,29.7,19.6,8.6,30.6,0.4,0.40000000000000013,0.4,36.9,21.2,14.2,2.0
83.9,19.8,1063.0,1038.0,97.8,93.8,99.8,88.6,97.1,82.0,96.9,36.3,11.0,92.7,62.8,4.9,1.1999999999999997,1.0,93.9,61.9,60.2,9.5,6.6,67.9,34.8,86.1,82.0,97.5,68.9,35.4,98.3,83.5,83.5,3699.0,100.0,41.9,0.0,91.9,30.4,24.1,86.8,93.9,90.0,88.7,5.799999999999997,100.0,96.5,34.7,96.6,3.4,88.7,3.9,0.8999999999999999,59.9,2.200000000000001,12.6,22.2,53.5,6.0,7.5,15.4,6.9,6.8,14.8,17.5,8.6,30.1,18.5,8.1,29.9,0.4,0.40000000000000013,0.4,15.100000000000001,11.6,4.4,0.6000000000000001
74.9,21.9,967.0,797.0,97.0,82.4,98.8,97.5,83.3,79.1,94.9,25.199999999999996,18.1,76.0,47.1,19.1,2.6,4.9,80.2,47.1,46.9,11.5,4.8,45.0,16.2,63.0,63.1,86.4,25.0,21.0,96.3,78.9,74.0,7508.0,98.3,68.9,0.7000000000000002,88.1,39.8,32.2,79.4,83.5,93.7,92.1,6.600000000000001,96.0,89.2,35.4,96.0,4.0,78.7,9.2,3.4,37.0,12.6,15.9,38.1,40.4,6.3,7.9,16.1,6.5,9.7,17.5,12.6,6.5,24.8,17.6,7.4,29.5,0.9,0.9,0.6,30.0,14.1,8.9,1.7
78.2,22.1,1022.0,1110.0,99.7,96.2,99.4,87.9,79.3,79.1,92.3,24.5,7.7,81.8,51.4,17.8,2.5,3.3,81.0,67.1,65.7,6.3,3.8,79.5,29.7,78.7,85.2,92.1,45.1,25.7,96.9,97.98800000000001,95.5,3225.0,99.7,69.2,0.2999999999999998,99.0,29.9,21.5,87.6,93.6,97.6,80.3,0.0,100.0,96.1,25.2,91.0,9.0,83.5,1.8999999999999995,0.0,70.3,15.9,17.3,33.8,41.9,5.6,6.2,13.8,7.0,6.3,14.1,15.1,6.0,26.6,15.0,6.1,23.7,0.09999999999999998,0.30000000000000004,0.0,36.8,15.8,6.8,0.5
73.3,24.1,1060.0,911.0,99.7,87.1,98.6,95.5,55.2,56.3,77.1,28.3,16.3,70.7,45.1,27.7,2.6,2.0,68.3,58.3,57.7,7.0,3.8,70.0,25.4,52.6,68.7,93.3,33.5,17.4,97.0,84.7,83.4,5726.0,96.2,67.5,3.6,98.2,33.5,27.8,74.3,81.4,82.1,79.8,0.0,93.0,85.5,45.1,98.9,1.1,72.0,10.4,2.3,41.8,5.0,18.9,30.6,41.4,4.9,5.9,12.1,5.4,6.9,13.2,12.1,6.8,22.1,14.7,7.1,23.9,0.0,0.19999999999999996,0.5,35.6,13.7,8.5,0.5
65.0,26.8,1023.0,976.0,97.0,76.3,99.4,92.5,36.521,58.5,92.2,17.4,19.5,68.2,42.0,29.8,4.0,4.9,68.9,53.0,53.0,12.6,5.3,70.1,32.3,59.3,53.6,90.8,26.6,18.199999999999996,95.1,79.6,78.1,3738.0,88.7,60.5,7.0,87.1,22.7,15.3,75.3,86.3,87.4,84.5,12.2,95.0,84.0,25.6,94.6,4.2,94.5,9.4,0.8,37.8,16.9,20.8,21.8,46.2,5.9,3.8,11.4,7.2,6.1,15.1,10.3,3.4,17.0,16.1,5.5,24.8,0.8,1.4,1.8,33.5,17.0,11.0,0.7999999999999998
74.4,20.2,1102.0,872.0,98.4,90.0,99.3,96.8,87.9,86.1,98.5,36.9,8.9,82.0,51.3,16.2,0.0,6.4,92.0,78.1,77.5,5.2,1.7999999999999998,82.2,54.797,67.6,75.8,98.6,50.1,33.6,97.8,92.6,86.1,3421.0,100.0,71.7,0.0,97.1,41.8,30.0,96.8,94.3,100.0,97.3,8.7,100.0,100.0,39.3,97.4,2.6,91.7,4.0,1.9,43.1,25.2,11.1,36.1,57.0,6.6,8.4,16.3,8.8,9.1,18.7,15.7,7.6,28.1,18.0,8.0,29.5,0.0,0.0,0.0,29.0,26.6,10.9,0.9999999999999998
72.6,25.4,978.0,805.0,98.6,89.6,99.1,99.1,68.9,60.7,87.9,28.8,13.8,71.5,40.0,16.5,3.4,4.2,75.8,44.6,44.6,8.4,3.5,55.8,20.8,73.3,58.7,88.0,30.5,16.8,98.8,92.4,85.4,11573.0,97.2,82.6,2.0,95.8,23.9,20.2,95.7,93.4,97.2,94.1,5.200000000000003,98.6,97.2,36.6,98.5,1.6,78.4,8.9,1.7,45.8,7.6,19.9,29.1,42.1,4.8,6.4,12.7,6.4,7.0,15.2,11.1,4.7,21.4,14.4,6.9,24.4,0.0,0.19999999999999996,0.19999999999999996,33.1,12.1,9.2,0.9999999999999998
83.6,21.2,1168.0,1190.0,97.2,92.0,98.7,89.2,93.9,78.3,98.5,45.6,13.0,88.5,58.9,12.8,0.8,3.2,94.2,73.0,72.3,5.6,2.2,70.8,42.0,70.6,74.4,95.5,46.8,30.2,97.8,93.3,91.9,2830.0,98.4,73.3,0.20000000000000018,94.1,33.3,30.6,90.6,96.5,93.7,93.7,2.799999999999997,93.7,93.7,32.9,88.1,11.9,90.7,5.5,2.5,42.3,3.5,12.0,34.7,54.7,6.2,9.1,17.4,6.6,9.9,19.3,16.1,10.6,31.5,19.5,8.6,33.3,0.8,0.19999999999999996,0.5,22.2,27.9,8.7,2.3
71.6,21.8,1030.0,919.0,99.6,92.8,99.5,98.5,89.2,89.9,94.7,33.9,17.0,78.3,55.0,26.7,0.8999999999999999,9.0,93.7,72.7,71.9,5.1,3.5,71.7,44.5,78.0,90.9,97.1,60.2,39.5,99.1,95.7,95.0,3188.0,99.6,76.1,0.0,99.3,42.1,35.0,86.3,86.3,89.0,86.9,6.399999999999999,100.0,86.3,40.1,90.8,9.2,87.5,3.6,1.5,42.6,20.1,17.8,27.9,47.5,4.4,7.5,12.5,6.1,8.1,15.1,13.2,9.0,24.3,17.9,8.7,27.9,0.4,5.0,0.19999999999999996,19.2,12.8,13.0,0.2999999999999998
63.9,28.8,994.0,952.0,95.1,78.0,99.2,96.0,58.8,47.4,74.927,20.6,29.6,59.8,34.4,27.1,2.1,8.5,67.8,63.4,63.2,9.7,6.0,59.0,15.6,52.4,50.7,84.5,15.8,8.0,100.0,80.7,79.5,4909.0,90.7,68.2,3.2,89.2,19.1,13.5,84.8,93.4,94.2,94.2,0.0,97.3,90.3,19.3,98.6,1.4,70.9,7.0,0.0,49.2,8.4,24.9,21.9,28.600000000000005,4.9,4.2,9.6,6.6,6.8,14.5,11.6,5.6,19.5,14.2,5.1,22.2,0.4,0.5,0.19999999999999996,34.1,13.0,19.9,1.2000000000000002
67.7,18.1,1122.0,1041.0,100.0,89.8,98.4,98.4,86.7,90.5,97.7,39.9,15.5,78.3,52.5,13.1,0.0,5.9,87.3,80.0,78.294,3.8,1.9,77.3,44.6,85.6,90.1,99.2,54.8,21.3,100.0,95.5,95.1,4109.0,99.5,60.2,0.6000000000000001,97.3,39.5,27.7,93.9,96.9,93.9,92.2,0.0,100.0,100.0,42.8,100.0,0.0,94.9,3.1,2.3,63.7,3.0999999999999996,13.7,38.7,47.0,5.2,9.3,16.1,7.2,10.0,18.2,17.0,7.6,30.1,20.6,6.2,29.8,0.4,0.0,0.0,20.1,19.1,5.299999999999999,0.7000000000000002
72.4,20.7,1077.0,1123.0,99.6,85.3,99.5,95.4,86.4,94.7,98.0,26.2,14.1,78.9,49.6,17.5,0.10000000000000009,7.0,90.6,79.5,77.3,5.6,4.4,78.6,37.6,82.0,85.7,94.6,65.2,31.1,98.4,93.5,88.6,4143.0,100.0,56.2,0.0,97.8,43.7,24.7,97.2,92.6,97.2,97.2,2.200000000000003,100.0,100.0,47.8,93.9,6.1,95.48200000000001,3.0,1.6,49.9,11.7,14.7,36.4,54.0,5.2,7.1,13.8,4.2,8.2,14.0,13.8,7.3,25.5,18.1,6.8,27.4,1.0,0.9,0.3,22.7,22.2,6.7,1.6
55.3,29.3,1033.0,907.0,88.7,70.9,99.7,94.0,53.0,64.9,74.927,17.8,15.5,54.3,31.7,21.9,4.0,8.9,68.8,50.1,49.6,10.0,6.8,54.1,19.2,66.4,67.5,89.0,32.8,25.0,97.1,76.1,73.3,6277.0,88.9,64.4,5.9,83.3,20.0,13.7,80.2,89.6,83.8,85.2,1.0,92.0,85.0,18.9,98.8,1.2,83.0,5.2,2.9,63.4,15.2,23.3,19.9,42.6,4.7,3.5999999999999996,8.9,3.9,4.7,9.2,11.2,4.4,18.5,10.4,4.3,16.7,0.4,0.8,0.5,28.4,15.8,13.5,0.8999999999999999
68.8,18.1,1064.0,781.0,100.0,90.0,99.6,98.3,89.6,92.0,95.7,35.7,41.1,82.7,54.5,11.8,1.7,5.7,99.497,78.1,77.5,5.1,3.1,82.9,34.1,91.8,88.7,94.7,47.9,23.9,100.0,87.0,84.8,4877.0,100.0,68.8,0.0,100.0,39.9,31.799999999999997,99.94300000000005,92.6,100.0,97.7,0.0,100.0,100.0,38.4,96.5,3.5,87.6,7.2,2.5,49.9,8.6,13.2,36.5,45.4,6.5,9.7,18.2,6.3,11.9,19.6,16.1,7.3,28.2,17.8,7.9,29.9,0.3,0.30000000000000004,0.7,25.9,17.9,3.5999999999999996,0.5
78.8,22.9,1010.0,1111.0,100.0,83.9,99.5,94.6,85.4,85.7,91.0,26.5,22.9,79.8,49.1,11.1,2.5,2.4,86.3,76.4,76.4,5.3,3.9,74.7,42.0,58.7,79.4,96.9,56.6,39.1,98.5,91.5,89.7,5284.0,99.7,74.1,0.2999999999999998,96.5,43.7,35.1,96.1,97.9,98.0,87.1,2.1000000000000014,100.0,98.0,37.4,91.9,8.1,92.2,4.8,3.3,35.3,18.6,15.0,30.3,52.6,6.3,7.2,15.3,8.5,6.9,16.7,15.4,7.1,27.2,19.3,7.1,28.7,0.3,0.40000000000000013,0.19999999999999996,32.0,18.5,11.3,1.4000000000000001
72.3,21.2,1085.0,1133.0,98.7,92.8,99.6,96.2,86.1,85.3,94.7,31.0,2.0,81.9,58.9,24.8,0.0,4.7,94.5,77.0,75.8,5.3,4.4,76.1,54.797,68.6,80.4,92.7,61.8,27.9,99.3,95.2,90.2,4533.0,100.0,66.9,0.0,93.1,52.1,45.8,97.7,93.5,100.0,97.4,2.700000000000003,100.0,97.7,42.8,100.0,0.0,95.48200000000001,4.5,1.6,33.0,12.2,15.2,30.4,48.1,5.6,8.1,15.4,7.4,11.0,19.9,16.3,6.5,27.4,22.3,9.4,34.0,0.2,0.5,0.19999999999999996,26.7,18.8,9.8,0.7999999999999998
82.0,19.5,1148.0,1093.0,98.5,85.4,99.6,81.5,94.5,67.8,95.6,50.9,3.200000000000001,90.3,55.4,4.400000000000002,0.0,0.7000000000000002,95.5,72.0,71.3,7.1,4.7,84.5,42.3,75.1,59.4,94.8,51.3,34.2,99.2,89.2,87.7,2886.0,98.9,37.6,0.3999999999999999,90.2,51.9,39.1,89.9,87.8,94.0,94.0,2.0,100.0,96.2,38.1,90.5,7.6,88.1,3.5,1.9,44.2,11.4,23.8,22.9,51.9,6.0,9.1,16.7,6.0,9.7,17.7,16.2,8.2,31.2,18.4,9.1,32.5,0.2,0.30000000000000004,1.1,17.4,15.6,7.0,0.9999999999999998
81.1,18.2,1011.0,724.0,99.2,87.3,99.1,84.8,89.6,73.4,94.3,32.0,8.1,84.3,49.2,11.6,2.4,1.2999999999999998,93.9,69.3,69.3,7.4,3.7,63.8,42.5,80.4,57.9,92.2,35.6,18.4,97.9,87.4,87.8,5362.0,99.3,69.5,0.3999999999999999,99.2,36.3,32.4,93.6,96.8,96.7,96.7,4.299999999999997,98.2,96.7,46.1,84.3,15.7,89.7,5.9,3.0,56.1,13.9,18.4,22.6,47.5,4.9,6.6,12.7,6.2,6.9,13.8,14.8,7.1,26.9,14.7,6.8,25.1,0.0,0.0,0.0,26.1,12.3,10.5,0.2999999999999998
51.9,29.2,1020.0,922.0,92.7,74.2,99.0,95.2,37.4,48.8,76.3,16.700000000000003,6.2,48.1,26.4,33.2,3.5,6.9,67.9,64.0,63.7,7.5,5.9,65.0,23.1,57.4,63.6,79.4,29.6,10.8,97.9,73.3,72.2,4386.0,93.3,73.4,2.9,93.0,14.3,7.199999999999999,82.6,84.6,91.0,90.1,1.6000000000000014,97.2,89.3,24.6,97.6,2.4,77.7,5.1,0.6000000000000001,47.1,12.4,26.0,18.8,32.4,3.6,3.5999999999999996,7.7,6.5,5.9,13.1,10.6,4.5,17.5,11.2,4.5,18.0,0.09999999999999998,0.0,0.19999999999999996,31.8,19.4,14.6,1.1
97.18800000000002,17.3,1108.0,1324.1300000000008,95.3,99.2,99.9,98.4,98.997,79.2,99.9,60.4,44.2,99.197,78.8,3.8000000000000007,0.6000000000000001,2.9,93.1,61.5,56.9,12.3,6.0,40.9,11.0,85.1,65.7,87.5,61.0,52.0,96.4,89.2,85.1,5169.0,99.4,49.0,0.6000000000000001,100.0,47.8,42.2,61.9,82.72,76.8,76.8,8.7,96.9,83.3,22.2,100.0,0.0,93.6,4.5,2.8,62.1,17.2,14.3,41.9,58.9,9.4,12.4,25.199999999999996,8.2,14.6,25.4,15.2,6.3,32.1,20.5,7.7,36.2,2.6,4.7,0.7,18.3,29.0,1.8000000000000007,0.20000000000000018
97.18800000000002,18.8,1046.0,1034.0,98.0,98.7,100.0,98.2,98.997,88.4,99.3,46.2,37.7,99.197,79.18800000000002,2.8999999999999986,1.0,0.0,94.5,69.7,61.5,10.7,6.8,79.9,12.900000000000002,92.6,82.2,96.5,82.8,70.6,90.9,96.1,94.2,5059.4,99.1,25.603,0.5,100.0,51.1,56.6,82.6,96.9,91.4,91.4,8.899999999999999,97.9,92.7,15.100000000000001,93.4,6.7,88.2,1.7999999999999998,2.4,71.0,11.9,8.0,39.6,74.2,9.3,11.8,25.8,9.5,11.5,25.5,15.7,5.0,29.6,18.1,5.5,30.2,2.0,2.9,0.7,15.3,25.0,1.4000000000000004,0.5
93.0,19.0,1029.0,859.0,97.8,97.6,99.0,82.3,97.5,54.3,99.6,58.1,18.3,94.4,73.2,7.1,2.2,2.7000000000000006,92.6,72.3,67.8,9.4,5.3,64.3,22.3,93.3,74.3,98.0,75.6,63.599999999999994,96.0,94.0,95.3,4942.0,100.0,47.6,0.0,100.0,40.3,32.9,89.6,89.6,89.6,89.6,0.0,100.0,93.0,13.399999999999999,93.3,6.7,81.3,3.3,5.3,78.8,34.0,9.0,36.3,72.1,8.2,10.6,22.8,10.3,10.7,23.9,17.6,10.1,34.8,18.2,7.9,31.8,2.6,3.5,0.6,24.8,24.1,3.7,0.3999999999999999
96.7,23.9,1203.0,880.0,99.6,98.5,99.7,93.9,98.997,70.4,99.2,47.9,32.3,99.1,74.1,5.4,0.3999999999999999,2.4,96.8,61.9,54.2,12.7,9.2,77.0,16.8,94.8,78.3,97.7,78.0,58.8,95.3,93.4,90.0,6125.0,100.0,33.6,0.0,100.0,39.7,39.1,77.7,88.4,87.5,87.5,3.8999999999999986,98.0,83.7,9.8,91.6,8.4,80.2,0.7000000000000002,3.3,63.8,34.485000000000014,8.7,32.4,72.9,10.5,11.1,23.8,10.2,11.6,25.0,17.2,7.6,31.0,23.3,5.8,34.8,2.1,2.9,0.3,12.899999999999999,14.1,1.6999999999999993,0.10000000000000009
90.8,24.1,1134.0,984.0,99.1,95.5,99.5,93.2,98.9,73.5,99.6,44.0,9.6,95.9,68.3,4.699999999999999,1.4,3.7,93.9,56.4,46.6,12.5,6.4,69.1,23.9,95.5,91.2,99.2,89.4,75.27000000000002,92.8,95.0,95.9,3778.0,100.0,29.9,0.0,100.0,28.8,28.4,92.5,98.0,96.6,95.3,24.7,98.6,97.3,9.3,88.3,11.7,83.4,1.8999999999999995,0.2999999999999998,81.16100000000004,9.4,9.4,28.4,76.8,8.1,10.2,20.4,10.0,10.2,22.3,13.5,5.3,26.1,15.9,4.6,26.0,1.7000000000000002,3.5,0.6,14.2,14.9,3.5,0.10000000000000009
96.6,18.9,1171.0,1135.0,100.0,96.2,99.8,95.7,97.5,80.1,99.0,56.0,11.8,98.2,79.18800000000002,1.8000000000000007,0.7,0.0,99.4,62.9,60.5,11.9,7.199999999999999,62.0,15.1,92.6,79.3,98.5,89.0,75.27000000000002,94.9,91.4,89.5,6836.0,100.0,44.7,0.0,100.0,49.1,37.6,85.4,93.04,89.1,82.1,11.100000000000001,96.3,89.1,29.9,90.5,9.5,93.9,5.5,5.4,61.6,16.7,9.5,43.5,74.4,8.1,13.594000000000005,26.197000000000003,9.5,15.5,28.891000000000005,16.3,6.6,32.4,18.6,8.2,35.3,2.2,4.5,0.5,21.5,22.3,1.5999999999999996,0.20000000000000018
97.18800000000002,18.8,1071.0,865.0,97.2,97.6,99.6,97.1,98.6,72.5,97.4,53.2,33.7,99.197,79.18800000000002,1.6000000000000014,0.0,2.8,94.1,44.7,40.3,16.1,5.6,40.8,17.5,81.6,55.1,83.6,51.1,44.0,90.4,85.0,83.5,5204.6,98.7,44.3,0.7000000000000002,99.3,48.0,47.7,70.9,88.92,82.46,78.74,10.239999999999998,96.26,87.1,18.759999999999998,91.94,7.280000000000001,91.2,10.2,1.2,51.1,16.9,12.3,39.8,63.1,7.6,13.594000000000005,26.197000000000003,8.9,15.5,28.891000000000005,15.4,8.6,34.2,21.0,9.2,38.8,3.0,2.6,1.5,18.3,27.4,1.6999999999999993,0.6000000000000001
97.18800000000002,19.9,1112.0,1000.0,98.9,98.6,99.6,93.3,98.997,73.8,99.8,61.1,36.5,99.1,79.18800000000002,4.199999999999999,1.0,3.8,96.5,67.7,58.5,9.6,5.9,71.5,14.4,95.5,91.8,96.7,85.7,75.27000000000002,96.6,91.0,89.0,4734.0,100.0,42.2,0.0,100.0,45.7,41.4,88.8,92.3,90.7,89.4,16.5,98.1,90.7,12.899999999999999,81.2,18.8,80.9,2.3,1.2,81.16100000000004,26.7,8.4,30.7,74.2,7.7,11.7,22.5,10.2,11.7,23.9,16.0,6.0,29.6,18.9,4.0,28.4,1.6,2.3,1.1,11.300000000000004,13.5,0.8000000000000007,0.0
94.9,27.0,1101.0,807.0,99.7,97.3,99.7,97.7,98.997,59.0,99.4,42.8,24.7,99.197,69.5,15.3,0.30000000000000004,2.6,88.7,58.6,41.5,13.8,8.5,61.3,10.899999999999999,95.3,90.4,99.2,92.17900000000002,71.10000000000001,91.5,96.9,95.1,6760.0,100.0,25.603,0.0,100.0,25.5,21.7,80.3,82.6,82.3,82.0,3.5,100.0,86.3,18.4,79.6,20.38800000000001,74.2,5.5,0.6000000000000001,69.6,26.8,10.3,36.6,69.1,6.9,12.100000000000001,21.4,10.1,11.8,24.0,14.3,4.9,25.4,18.5,4.9,27.4,0.4,1.4,0.0,12.5,7.700000000000001,1.5,0.20000000000000018
89.6,19.3,1148.0,1012.0,99.5,95.4,98.9,94.7,98.997,67.5,99.7,53.8,32.8,94.4,63.2,14.1,0.0,4.4,87.5,58.9,51.9,10.8,6.7,56.6,14.6,95.5,68.4,87.9,71.7,58.8,87.3,97.5,93.2,5632.6,100.0,29.6,0.0,100.0,31.2,34.7,51.8,73.2,71.0,62.400000000000006,11.0,90.2,77.0,11.5,94.1,5.9,77.6,2.7,1.9,55.2,26.8,12.9,32.9,66.2,9.0,12.8,24.6,10.5,13.0,26.3,17.9,7.8,32.4,22.4,8.5,35.3,1.1,3.7,0.6,22.5,23.1,5.099999999999999,0.3999999999999999
97.18800000000002,17.3,1174.0,916.0,100.0,95.1,99.6,94.1,98.9,60.1,99.6,50.1,31.5,99.197,79.18800000000002,1.5,0.0,0.0,97.9,59.3,54.4,12.3,4.9,63.1,16.2,92.9,83.9,94.2,74.7,58.599999999999994,92.2,95.2,93.2,6185.0,99.1,36.8,0.0,99.2,57.60000000000001,53.0,75.46,87.76,84.24,80.52,7.4999999999999964,96.9,87.24,15.939999999999998,90.24,8.959999999999999,90.9,4.7,3.5,65.0,34.485000000000014,12.3,43.8,61.6,8.5,13.594000000000005,26.197000000000003,9.2,15.5,28.891000000000005,17.7,10.891000000000009,35.38200000000001,24.0,9.2,41.9,4.1,7.700000000000001,0.8,22.3,23.8,1.5,0.20000000000000018
94.5,20.3,1145.0,1000.0,99.4,94.2,99.9,92.9,95.4,72.2,99.3,48.7,28.5,98.5,79.18800000000002,6.199999999999999,0.8,4.6,98.1,41.3,38.5,19.3,9.8,33.9,18.6,87.7,55.3,91.9,71.6,59.89999999999999,79.97200000000001,86.2,88.0,5879.4,99.5,34.7,0.6000000000000001,100.0,32.8,27.2,72.8,86.68,84.0,81.0,11.5,100.0,93.4,15.100000000000001,81.7,14.299999999999999,91.8,6.4,4.9,52.1,31.9,6.6,48.49400000000001,74.1,6.3,13.594000000000005,26.1,10.2,15.5,28.891000000000005,12.3,6.0,31.4,14.5,6.9,32.1,6.8,6.7,1.2,15.0,15.2,0.8000000000000007,0.0
97.18800000000002,18.8,1167.0,763.0,100.0,99.2,100.0,93.7,98.997,76.3,99.7,48.7,30.9,99.197,79.18800000000002,1.5,0.0,1.0,87.5,69.7,61.5,10.9,4.9,59.7,10.1,95.5,82.4,95.7,78.6,70.8,87.0,95.2,88.4,5646.6,100.0,30.9,0.0,100.0,45.7,51.9,77.78,88.6,84.9,81.46000000000001,10.2,96.5,87.16,17.56,87.76,12.26,87.7,8.2,2.3,69.0,11.5,10.9,42.8,71.6,8.9,13.594000000000005,26.197000000000003,11.0,15.5,28.891000000000005,14.3,6.1,31.4,18.1,8.2,36.8,2.8,3.0,0.9,17.8,26.2,2.299999999999999,0.20000000000000018
88.2,21.2,1019.0,1003.0,96.8,97.1,97.0,94.1,97.6,55.7,99.0,64.8,33.6,93.7,68.0,8.4,0.5,2.6,84.9,78.9,69.5,5.6,4.0,68.5,11.8,95.5,94.2,99.2,92.17900000000002,75.27000000000002,97.7,95.9,97.2,4195.4,100.0,37.6,0.0,100.0,25.7,18.4,86.4,88.4,86.4,81.9,0.0,97.7,90.8,25.6,93.2,6.8,78.1,1.3999999999999995,1.4,60.0,14.8,14.0,26.7,73.9,7.5,8.4,18.3,8.2,7.9,17.9,15.1,7.2,28.8,17.7,7.4,28.3,1.2,1.5,0.19999999999999996,26.0,23.2,10.6,1.2000000000000002
69.6,24.5,975.0,1324.1300000000008,98.5,71.6,99.1,90.2,42.3,58.1,98.6,13.600000000000001,0.0,77.2,50.3,2.5,0.3999999999999999,0.0,74.4,46.9,41.6,8.8,4.9,55.4,9.1,91.0,88.0,93.5,19.6,12.5,99.1,78.3,74.7,3569.0,93.7,93.7,2.6,95.6,32.0,34.2,87.5,100.0,100.0,100.0,7.699999999999999,100.0,97.4,31.0,100.0,0.0,85.0,6.2,2.8,71.0,18.2,3.5,26.3,88.0,3.2,2.8,7.3,4.6,3.3999999999999995,10.2,12.0,2.7,18.7,13.2,3.8,20.1,0.4,0.40000000000000013,0.19999999999999996,31.9,6.800000000000001,1.9000000000000004,1.4000000000000001
66.3,21.0,967.0,949.0,98.7,77.7,99.8,87.1,42.4,93.5,99.1,16.2,1.6000000000000014,76.4,49.8,2.5,0.0,0.0,83.0,55.6,54.2,7.1,3.2,62.0,15.8,80.9,69.6,94.9,9.921,2.6000000000000014,96.5,80.8,78.6,4043.0,96.4,94.09100000000001,2.0,98.4,43.1,44.3,88.9,100.0,90.6,88.9,13.2,98.2,88.9,53.8,100.0,0.0,89.2,10.9,7.8,45.9,23.3,5.300000000000001,30.2,84.6,4.6,1.2999999999999998,6.1,4.2,1.6000000000000005,6.4,8.7,1.7000000000000002,12.8,9.2,1.6029999999999998,14.7,0.0,0.19999999999999996,0.19999999999999996,39.5,40.6,4.4,6.1
56.3,23.6,919.0,1212.0,98.8,84.0,99.5,81.4,72.3,39.5,99.9,58.9,12.1,55.5,19.3,35.6,0.6000000000000001,5.3,67.6,78.2,73.0,3.4000000000000004,3.0,55.0,24.2,70.1,76.5,97.1,54.8,44.6,98.6,89.9,92.9,1519.0,98.9,89.8,0.0,93.6,17.1,9.7,75.8,84.22,84.2,82.0,63.1,92.8,84.2,48.4,100.0,0.0,92.0,0.7999999999999998,0.0,55.6,0.03000000000000025,26.7,8.799999999999999,40.7,10.5,6.9,19.5,12.2,6.3,18.9,16.7,3.6,21.2,20.2,3.7,25.2,0.3,0.30000000000000004,0.3,37.6,8.200000000000001,2.5999999999999996,0.5
48.912,34.8,1008.0,942.0,87.0,74.5,98.5,89.6,84.7,17.4,97.1,42.5,0.0,40.818,17.3,30.7,5.0,5.9,48.5,75.9,72.2,6.799999999999999,3.2,76.1,40.5,67.0,54.7,90.3,54.5,18.0,99.3,79.9,74.6,603.83,83.2,80.0,7.5,87.5,4.199999999999999,3.3000000000000007,84.1,82.7,87.5,85.1,70.7,97.6,87.3,30.8,100.0,0.0,93.3,2.3999999999999995,0.7,54.2,2.5999999999999996,19.6,10.9,52.9,4.2,2.5,7.3,5.9,1.7999999999999998,8.0,16.7,4.4,22.0,21.7,5.6,27.7,0.0,0.0,0.0,46.3,37.4,10.6,7.0
65.0,24.1,1008.0,970.0,96.5,78.4,97.0,79.8,69.4,21.700000000000003,92.9,52.8,2.799999999999999,72.1,28.6,18.6,2.1,4.8,56.2,65.5,57.6,8.2,3.2,79.0,30.7,60.2,63.6,94.8,58.8,28.8,99.1,85.6,85.8,1230.0,84.8,80.9,2.8,85.3,13.7,14.1,86.6,90.1,86.6,86.6,81.2,92.3,88.5,39.4,100.0,0.0,84.1,5.9,0.7,23.4,5.5,26.5,15.5,48.5,6.0,4.2,10.8,7.3,6.3,14.0,14.0,8.5,24.3,18.8,6.5,26.4,0.0,0.5,0.0,53.8,36.2,16.7,3.7
62.4,28.6,935.0,915.0,91.6,78.7,98.6,90.1,53.7,20.299999999999997,96.0,34.2,6.2,57.0,17.6,29.7,3.4,7.7,50.6,76.6,68.2,6.5,3.1,46.2,24.8,81.8,57.9,91.7,42.5,26.6,98.1,77.8,76.4,1585.0,91.3,83.6,2.4,92.1,6.199999999999999,1.302999999999999,69.1,82.0,86.9,84.9,78.6,96.5,80.3,39.4,100.0,0.0,74.4,7.4,1.4,51.8,3.4000000000000004,26.1,15.4,42.1,6.2,4.2,11.4,7.3,6.6,14.1,11.2,3.9,16.3,13.4,5.4,19.8,0.0,1.5,0.19999999999999996,46.8,12.2,8.4,0.5
72.8,23.1,1037.0,979.0,97.3,93.3,98.7,83.3,79.6,31.1,98.0,68.4,5.699999999999999,77.4,39.2,4.400000000000002,1.3,0.5999999999999996,77.3,75.2,70.1,6.5,3.7,95.47900000000001,49.8,55.6,69.1,96.9,63.5,46.0,100.0,92.1,86.1,1400.0,95.1,88.6,2.1,97.7,18.3,14.5,75.8,82.0,78.1,80.4,78.5,94.3,91.8,24.3,100.0,0.0,94.7,1.7000000000000002,0.0,22.999999999999996,11.2,30.2,5.599999999999998,50.5,7.1,2.3,9.7,8.7,2.5,12.0,15.4,4.6,22.3,17.7,3.2,21.9,0.0,0.19999999999999996,0.09999999999999998,49.9,27.2,20.2,2.8
54.1,33.3,997.0,896.0,89.9,79.4,99.3,90.4,61.0,40.5,90.3,29.2,4.299999999999999,49.3,19.3,29.6,3.8,9.0,51.0,76.1,73.5,6.6,3.5,78.7,41.3,88.8,64.2,90.1,54.2,33.0,99.1,81.4,82.5,1599.0,85.1,82.3,5.4,89.9,10.4,10.2,76.1,78.3,84.4,86.8,72.6,96.5,85.9,37.8,100.0,0.0,75.0,4.0,1.7,45.9,10.0,27.1,8.200000000000001,49.8,6.0,1.7999999999999998,8.5,6.5,2.3999999999999995,9.599999999999998,15.2,4.8,21.1,19.3,4.7,25.0,0.5,1.0,0.7,43.8,21.9,9.9,1.4000000000000001
71.2,24.3,993.0,1049.0,94.7,80.1,98.1,87.1,59.8,36.0,98.2,51.3,10.1,72.7,38.7,11.2,2.5,2.4,62.5,77.2,70.7,4.6,2.2,59.5,34.1,76.9,74.0,95.9,78.3,57.8,96.9,85.4,86.2,603.83,87.6,80.8,4.6,83.5,10.8,7.800000000000001,80.9,83.6,88.1,86.4,86.4,94.9,91.6,46.2,100.0,0.0,93.1,5.3,0.2999999999999998,59.8,6.9,24.7,17.7,36.6,7.2,5.2,13.6,7.2,6.8,14.7,11.5,3.9,17.8,15.6,4.7,21.6,0.2,0.40000000000000013,0.19999999999999996,45.7,20.5,11.9,3.1
66.9,28.5,979.0,968.0,93.1,79.3,98.2,95.5,79.9,31.0,94.8,31.0,6.9,70.2,28.9,25.1,2.2,5.5,75.3,58.7,48.5,17.2,7.6,69.7,27.8,82.6,63.1,94.3,48.1,29.8,97.8,84.2,85.9,1252.0,93.5,82.1,2.3,93.5,11.9,5.4,70.7,77.8,83.1,81.7,78.0,92.2,89.4,24.4,98.5,1.5,67.1,7.0,0.20000000000000018,50.1,14.8,24.3,20.5,30.5,7.1,5.0,12.7,7.5,6.1,13.8,10.6,3.5,15.2,12.0,4.3,17.0,0.2,0.40000000000000013,0.6,37.9,6.699999999999999,5.6,0.3999999999999999
78.3,22.5,927.0,925.8,94.5,88.1,99.6,96.7,79.6,83.6,99.5,50.7,24.4,80.0,47.4,11.3,0.5,3.7,78.2,78.7,73.7,9.6,5.2,78.1,20.6,90.2,64.6,95.4,61.3,42.5,95.4,89.5,86.6,3176.0,98.3,67.7,0.0,92.1,21.9,23.4,84.58,90.28,89.76,85.08,42.66,95.2,89.34,29.619999999999997,92.5,6.82,84.6,2.3,0.6000000000000001,36.0,9.04,18.2,31.5,29.0,7.8,5.9,14.3,6.9,4.9,12.9,11.5,6.8,22.4,18.5,5.1,24.9,0.0,0.0,0.0,32.9,14.5,8.5,0.20000000000000018
69.8,27.9,941.0,816.0,92.1,77.1,98.3,96.0,74.0,68.2,94.9,42.2,4.1,64.7,26.3,17.8,3.4,1.7999999999999998,66.1,75.7,71.5,6.799999999999999,3.5,82.8,32.7,77.4,63.1,95.4,72.6,60.7,98.8,84.6,84.8,1427.0,90.7,76.3,2.6,92.3,14.0,7.9,91.7,92.6,94.2,92.9,92.9,97.1,92.9,29.9,98.4,1.6,81.8,6.2,3.0,28.0,19.7,20.9,12.199999999999998,36.2,3.5,2.7,7.1000000000000005,5.2,3.3,9.1,8.7,3.1,13.9,10.7,3.5,15.9,0.2,0.9,0.19999999999999996,35.4,13.7,9.5,0.9999999999999998
65.1,29.6,929.0,925.0,86.4,57.6,96.8,86.5,55.5,30.1,86.6,17.1,19.0,60.5,24.699999999999996,39.2,5.4,6.6,63.0,72.9,60.6,6.4,3.9,53.6,17.8,65.8,36.9,92.3,27.1,15.6,91.2,72.2,79.8,1505.0000000000002,85.2,73.1,2.2,84.4,11.0,5.0,72.9,80.4,93.2,91.7,68.1,98.2,87.1,34.7,98.2,0.0,65.7,6.2,4.9,28.5,7.4,25.2,13.9,46.8,4.5,4.1,9.0,6.2,5.7,12.7,12.4,3.3,17.2,12.9,3.4,17.5,3.4,3.8999999999999995,3.2,60.5,17.5,10.8,0.5
73.1,22.5,1032.0,1078.0,95.9,92.3,98.9,89.1,77.1,43.6,98.5,48.5,12.9,72.7,40.2,11.6,2.6,3.3,69.6,80.2,74.2,3.5999999999999996,2.3,60.1,35.1,82.1,67.0,97.0,53.7,34.3,98.3,90.2,89.7,718.0,92.2,78.1,0.7999999999999998,92.3,17.1,10.1,65.3,75.7,80.6,71.7,67.4,95.7,85.9,27.3,100.0,0.0,79.5,4.0,0.8999999999999999,44.1,6.9,28.5,18.6,25.200000000000003,5.8,4.6,11.1,5.5,7.6,14.1,10.9,6.2,21.7,14.4,6.0,22.6,0.0,0.19999999999999996,0.19999999999999996,49.0,21.8,21.1,2.3
70.3,28.4,953.0,751.0,89.1,55.2,97.3,81.0,40.599999999999994,28.099999999999998,87.0,21.6,17.2,61.6,24.8,28.6,3.7,5.9,41.542,72.9,67.5,6.4,3.6,57.0,16.8,67.1,46.4,94.1,40.2,29.1,96.2,75.8,78.8,1818.0,85.0,80.3,4.1,85.2,8.8,7.300000000000001,60.8,76.9,75.6,71.6,53.3,92.7,78.6,36.9,98.0,2.0,80.1,10.5,4.1,40.4,13.5,23.7,17.4,46.0,4.4,3.2,8.5,5.0,4.9,10.0,13.6,6.3,22.6,14.6,5.0,21.4,0.2,0.5,0.0,55.4,15.2,16.1,0.10000000000000009
67.4,24.1,916.0,701.0,89.5,82.4,99.8,95.8,66.8,31.2,91.5,30.9,4.4,67.2,27.8,27.7,1.9,6.0,72.9,73.1,66.3,7.4,4.2,56.0,32.2,76.5,54.2,94.4,43.3,21.4,98.0,82.0,82.2,1808.9999999999998,89.4,76.7,5.8,88.6,13.2,6.6,79.6,80.6,88.8,87.1,81.1,98.5,88.6,21.4,100.0,0.0,68.9,5.7,0.3999999999999999,56.4,3.5,23.0,19.1,39.0,6.8,5.0,12.2,8.3,5.9,14.6,10.6,3.4,15.3,14.1,4.4,19.7,0.7,0.7000000000000001,1.1,44.7,9.400000000000002,6.7,0.20000000000000018
68.6,25.0,946.0,885.0,94.7,72.4,99.6,93.6,69.6,51.0,99.1,35.1,21.4,64.2,27.7,28.1,1.9,2.2,68.8,63.6,61.2,7.7,3.1,64.9,15.1,61.9,49.1,92.1,58.0,40.8,96.1,84.3,82.7,2815.0,92.2,80.3,3.6,91.9,13.5,7.5,87.1,95.0,94.9,91.8,79.5,96.7,96.5,42.2,98.7,1.3,86.7,8.5,4.7,36.3,10.6,22.5,19.2,29.6,4.0,2.9,7.9,5.2,3.5,9.3,14.3,7.6,24.4,18.3,9.0,28.6,0.0,0.19999999999999996,0.8,42.1,15.400000000000002,7.3,0.5
59.5,26.9,991.0,1056.0,93.9,76.7,97.6,89.2,61.9,44.8,97.4,30.3,13.5,55.6,23.8,26.5,2.1,7.7,57.9,77.7,75.5,4.8,2.4,84.4,24.5,81.7,76.5,93.1,59.3,33.2,84.9,91.4,93.8,1250.0,95.5,83.4,1.1,96.1,13.2,5.1,75.4,82.3,90.3,86.3,60.9,94.3,88.0,33.8,100.0,0.0,81.1,5.5,2.9,38.2,5.6,17.1,10.100000000000001,49.4,5.4,3.1,9.7,6.5,3.3999999999999995,10.5,13.9,4.3,19.9,14.9,3.8,19.8,0.7,0.7000000000000001,1.0,44.1,25.7,7.4,3.9
64.8,27.2,1037.0,903.0,98.1,79.8,97.4,66.1,47.9,13.424,88.4,47.2,16.3,63.7,25.800000000000004,21.1,3.0,8.7,41.542,78.1,70.4,3.5,2.5,73.4,38.3,79.5,56.5,95.8,52.6,37.5,99.5,82.9,80.9,603.83,77.6,76.6,7.0,84.3,2.806000000000001,2.0999999999999996,80.3,81.7,83.3,80.2,66.6,96.4,85.4,29.7,100.0,0.0,76.5,6.9,4.8,48.4,13.0,29.3,7.9,37.2,4.5,4.0,8.8,4.4,6.0,10.6,16.2,7.9,25.2,21.0,6.3,27.7,0.2,0.19999999999999996,0.19999999999999996,60.6,36.0,22.8,6.8
61.4,28.6,907.0,825.0,97.1,79.6,98.3,81.4,55.6,34.5,95.9,43.1,6.5,53.2,17.7,28.1,2.8,5.5,48.3,73.0,69.2,8.5,5.0,67.7,35.1,84.6,68.3,97.2,60.8,43.4,98.6,78.0,87.9,1544.0,98.0,90.6,1.6,92.8,6.699999999999999,2.3000000000000025,78.8,81.7,83.7,83.8,83.0,95.4,87.0,43.1,97.9,2.1,81.5,3.8,1.1,44.1,8.2,18.4,12.0,42.4,5.0,2.8,8.4,6.1,2.7,9.599999999999998,11.8,3.8,17.0,12.8,4.2,18.2,0.2,0.40000000000000013,0.19999999999999996,42.1,12.8,6.0,0.3999999999999999
72.2,24.4,902.0,753.0,94.5,81.5,99.5,98.6,83.2,69.8,94.9,40.6,0.0,76.0,37.9,11.8,3.0,3.3,77.1,60.6,51.5,13.4,5.9,70.5,22.5,86.2,68.9,97.2,56.1,38.9,97.7,81.3,85.8,1717.0,94.8,74.1,0.7000000000000002,94.2,20.3,13.2,80.5,86.6,83.9,81.0,70.2,91.8,82.2,26.9,94.7,1.9,72.6,6.9,0.6000000000000001,49.2,11.3,20.4,26.1,38.8,4.9,5.6,11.1,5.1,7.1,13.0,12.6,4.9,19.9,16.9,6.3,25.1,0.0,0.19999999999999996,1.5,30.2,11.3,4.599999999999999,0.20000000000000018
74.1,24.3,962.0,891.0,93.3,75.6,98.8,92.3,68.8,57.6,99.6,33.3,15.3,71.4,30.8,10.0,0.6000000000000001,3.9,70.4,78.0,75.5,5.2,3.1,78.3,23.9,75.5,71.9,91.4,67.7,47.4,97.3,83.9,84.6,3011.0,88.4,76.3,0.7000000000000002,84.1,14.5,10.0,90.8,93.8,98.1,96.1,86.9,100.0,96.3,51.4,100.0,0.0,89.9,6.4,9.097000000000003,41.5,11.6,15.9,16.8,34.7,3.8,3.3,8.3,5.2,4.0,10.2,13.8,5.2,21.7,13.6,5.4,20.9,0.0,0.19999999999999996,0.3,49.0,16.0,8.6,0.7000000000000002
74.0,24.7,951.0,950.0,93.6,71.7,97.2,93.5,68.5,47.3,96.3,28.6,23.5,67.6,35.5,16.7,2.7,5.2,55.6,28.6,28.0,17.7,7.1,52.1,16.8,42.4,31.499999999999996,89.3,44.9,31.3,94.5,67.6,71.8,4623.0,91.8,79.5,0.7999999999999998,82.0,22.5,20.1,73.5,90.3,87.9,84.9,79.7,94.9,87.9,42.3,97.1,2.9,84.1,9.2,7.3,36.0,9.5,21.9,20.6,31.9,2.6,3.3,7.1000000000000005,5.4,4.7,12.4,14.0,7.0,24.0,18.9,8.5,29.9,0.4,1.2,0.4,50.4,15.7,21.4,1.2000000000000002
78.0,23.8,987.0,996.0,96.6,81.3,100.0,98.9,90.0,86.9,98.3,40.3,15.6,80.3,47.7,21.7,1.9,4.2,83.7,83.4,78.294,4.0,2.0,79.1,27.1,86.4,74.6,97.7,72.3,37.1,94.2,92.6,93.3,1835.0,96.5,63.5,2.6,97.8,21.9,8.6,84.6,90.3,90.1,86.8,65.0,96.0,90.1,36.4,93.8,6.2,74.3,5.2,3.9,29.3,9.0,15.6,19.0,34.2,4.9,4.0,9.9,5.8,4.1,10.5,13.2,4.1,20.7,15.2,4.3,21.3,1.5,2.2,1.5,36.3,14.4,4.599999999999999,0.20000000000000018
48.912,38.9,1061.0,1156.0,90.3,75.4,98.9,85.2,57.6,17.5,96.1,43.7,0.6999999999999993,40.818,16.0,36.5,6.5,6.7,50.4,76.0,71.6,5.8,2.4,84.2,38.2,92.9,63.6,96.0,50.3,38.6,97.7,86.5,87.7,1132.0,92.9,86.1,1.7,94.2,7.0,4.6,88.9,92.2,94.6,94.6,85.5,98.7,93.6,45.3,100.0,0.0,71.0,2.5,1.3,36.5,16.3,29.2,11.6,44.5,5.7,3.3,9.3,6.6,4.5,11.2,16.9,5.5,23.5,18.2,5.0,23.7,0.7,1.6,1.1,35.2,22.0,4.2,1.1
71.4,25.3,979.0,958.0,96.8,60.3,97.9,94.0,53.5,29.5,85.3,18.1,6.299999999999999,67.2,32.5,17.2,3.0,1.7000000000000002,55.5,72.4,64.1,6.0,3.2,55.6,27.3,73.6,52.9,95.8,52.8,25.3,98.9,82.2,83.7,1019.0,91.8,84.4,3.8,93.3,5.099999999999998,1.8999999999999986,86.0,77.9,90.5,90.5,75.9,95.8,97.5,35.0,100.0,0.0,69.7,9.1,4.3,56.5,6.9,18.1,16.4,57.7,5.1,4.1,9.3,9.8,5.3,16.0,13.1,4.1,18.5,16.5,3.2,20.8,0.4,0.0,0.0,57.4,18.8,11.7,0.3999999999999999
67.1,26.0,999.0,1272.0,93.1,89.3,99.3,88.7,76.7,48.3,98.7,38.1,11.3,65.8,27.9,10.8,2.0,2.8,68.4,72.9,71.1,8.5,6.4,78.2,36.1,65.5,62.2,96.7,56.9,27.6,97.0,93.3,87.5,869.0,93.2,90.0,1.2,93.1,7.6,7.6,87.9,94.0,94.5,94.5,73.2,97.0,94.5,36.9,100.0,0.0,86.9,4.2,9.097000000000003,52.9,3.799999999999999,21.7,13.7,34.6,5.0,3.0,9.0,6.1,3.3999999999999995,9.5,13.9,4.8,21.3,12.6,3.8,17.6,0.4,0.0,0.3,44.9,14.8,6.9,0.3999999999999999
62.1,25.9,936.0,1043.0,94.6,78.8,98.8,97.0,73.8,61.6,97.2,43.7,0.0,59.5,27.2,13.3,2.7,6.8,69.1,77.8,75.0,5.5,3.7,85.7,40.0,72.8,61.3,93.2,45.3,27.8,99.7,83.7,83.6,1657.0,92.8,85.6,1.3,88.2,15.3,13.6,77.4,76.9,86.6,88.6,69.5,95.1,88.2,51.4,100.0,0.0,95.48200000000001,5.4,0.8999999999999999,42.2,7.1,16.7,15.0,52.9,4.6,3.8,8.9,5.7,3.0000000000000004,9.4,13.6,5.9,21.2,17.6,6.5,24.9,0.3,0.10000000000000009,0.3,43.0,16.6,8.5,1.1
68.3,25.1,1052.0,1130.0,97.7,86.7,96.8,79.7,58.4,22.3,94.3,42.6,21.2,66.5,30.5,15.0,2.2,2.6,53.4,79.1,74.3,3.5999999999999996,1.0000000000000004,63.7,38.8,81.7,54.4,97.5,60.5,40.9,98.5,84.2,83.5,735.0,87.6,81.0,2.0,76.7,10.2,6.0,88.9,94.6,93.5,93.5,78.6,96.7,93.1,38.4,100.0,0.0,94.9,9.2,3.5,42.9,8.1,26.8,10.7,49.3,6.2,5.4,11.9,6.5,6.9,14.6,18.2,4.4,24.9,21.8,7.2,30.4,0.0,0.19999999999999996,0.19999999999999996,57.5,28.6,29.5,3.6
63.1,22.9,974.0,1021.0,98.0,87.2,99.9,77.6,65.4,45.6,99.3,48.4,4.1,64.8,24.1,34.8,0.3999999999999999,6.1,62.5,72.6,64.8,8.7,4.6,79.4,35.8,86.6,60.8,92.5,49.3,33.8,99.6,93.6,90.1,1812.0000000000002,99.4,93.2,0.0,96.4,18.5,14.3,75.1,85.2,85.7,85.7,71.8,94.7,87.3,29.2,98.3,1.6999999999999997,87.9,2.9,1.4,49.5,1.4000000000000004,29.4,19.2,30.1,5.5,4.2,10.2,5.7,5.3,11.6,18.2,9.4,29.6,24.5,10.2,36.2,0.2,0.40000000000000013,0.6,35.3,11.3,2.299999999999999,0.2999999999999998
67.0,31.1,964.0,1087.0,93.3,77.0,99.5,97.1,62.7,32.6,94.0,36.3,6.5,65.5,25.6,27.8,4.5,6.7,67.5,58.9,51.8,15.0,7.799999999999999,63.9,20.8,82.5,64.9,97.8,43.1,31.2,99.4,84.2,80.8,1788.0,94.8,80.9,1.0,90.0,7.9,3.3000000000000007,69.7,69.3,81.1,81.1,78.6,91.0,85.1,24.7,98.7,0.0,63.1,6.7,1.4,59.4,9.1,22.3,20.2,27.8,8.0,3.5999999999999996,11.7,9.9,6.0,16.8,9.6,4.5,14.9,13.6,4.2,19.1,0.0,0.0,0.4,39.3,6.900000000000002,4.9,0.20000000000000018
73.8,24.3,950.0,947.0,98.1,79.4,99.0,99.8,77.0,36.7,98.4,49.4,9.5,69.2,31.4,19.6,3.4,6.5,58.4,78.9,70.4,3.5,1.7999999999999998,69.4,24.4,88.0,74.2,93.6,53.1,28.7,98.1,91.4,87.4,1662.0,91.4,76.2,1.9,93.0,19.1,14.0,82.7,81.3,88.4,81.6,68.0,87.2,88.2,40.3,100.0,0.0,74.1,4.0,2.4,39.3,19.9,25.1,20.1,28.1,4.9,4.1,9.9,6.3,6.6,13.5,12.6,6.9,23.2,16.9,5.6,24.4,0.0,0.40000000000000013,0.0,55.2,15.7,27.2,0.2999999999999998
64.1,23.8,982.0,993.0,99.6,78.5,99.6,91.7,68.9,52.4,99.6,43.3,3.0,67.3,27.9,29.3,1.1999999999999997,4.1,66.4,73.4,66.3,7.6,3.9,74.6,32.4,88.9,60.6,94.3,48.4,34.3,99.7,93.3,92.9,1877.9999999999998,97.5,86.7,1.2,97.0,13.5,10.1,88.7,87.9,93.2,93.2,87.9,100.0,91.4,34.2,98.3,1.8,76.1,4.8,0.8999999999999999,43.2,4.3,18.8,20.1,42.9,5.3,4.0,9.8,5.6,3.8,10.0,17.4,7.0,26.0,19.5,7.1,28.5,0.2,0.30000000000000004,0.0,31.1,9.1,3.0,0.3999999999999999
63.7,27.5,956.0,889.0,87.5,38.7,95.8,85.5,43.8,22.1,83.4,12.600000000000001,18.1,55.7,24.0,22.8,5.0,8.0,46.0,67.6,57.8,9.4,4.2,58.2,21.7,61.5,30.9,90.7,29.9,15.9,87.9,73.5,74.6,1908.0,84.0,76.6,3.6,86.0,9.9,8.7,64.5,76.2,80.6,74.5,58.4,88.4,76.4,38.3,98.5,1.5,77.0,7.8,2.1,38.1,10.0,26.8,15.7,56.3,4.7,3.3,8.6,7.7,4.4,12.5,10.4,4.3,16.1,9.4,3.8,14.4,0.0,0.5,0.0,55.5,14.1,13.6,0.2999999999999998
73.3,26.1,900.0,754.0,95.4,77.0,99.3,92.4,69.6,38.9,98.5,41.0,26.3,75.2,34.6,12.6,3.1,1.7000000000000002,59.3,76.3,72.6,5.3,2.8,83.9,25.2,82.5,56.6,94.7,54.5,36.7,98.7,88.8,89.0,2787.0,96.0,93.2,1.2,91.1,12.3,11.4,84.24,86.6,89.0,86.64,76.47999999999999,93.88,90.02,38.46,99.26,0.7399999999999998,61.5,7.1,1.3,34.3,11.86,20.5,23.5,41.4,6.2,1.2999999999999998,7.9,6.7,3.8,11.3,12.0,4.1,19.0,15.0,4.1,21.2,0.0,1.0,0.9,52.1,12.7,9.7,0.20000000000000018
58.9,26.5,969.0,971.0,90.5,66.6,97.8,74.2,47.8,24.8,95.5,27.1,17.1,52.1,21.3,46.0,3.1,5.4,50.9,69.2,59.7,8.7,3.8,62.1,15.4,75.1,55.2,93.7,43.5,28.5,98.3,73.3,78.1,2152.0,91.7,80.0,1.7,88.2,11.0,7.5,71.9,83.8,88.7,83.6,65.3,90.3,85.8,29.1,98.1,0.0,72.7,9.2,2.5,31.0,3.799999999999999,28.0,14.1,32.2,3.6,3.1,7.6,4.5,3.2,8.4,14.7,6.7,24.4,15.3,7.1,24.0,0.4,0.9,0.4,48.8,10.4,7.5,0.5
66.2,28.2,991.0,1067.0,97.3,81.2,99.0,91.0,69.4,53.1,98.8,37.9,10.9,62.4,23.8,31.3,2.1,7.6,59.6,72.6,68.3,7.0,3.5,70.9,29.3,80.2,65.1,94.9,66.0,50.3,99.3,84.6,87.7,1729.0,95.2,87.1,1.9,96.1,12.3,9.4,93.0,95.5,94.4,94.4,91.5,97.3,94.4,40.9,98.5,1.5,86.0,9.3,3.3,41.6,18.1,23.4,17.0,30.8,3.6,4.2,7.9,5.3,4.3,9.7,13.4,6.3,21.3,18.3,5.4,24.0,0.2,0.19999999999999996,0.19999999999999996,33.9,15.6,3.9000000000000004,0.20000000000000018
65.2,28.6,1055.0,954.0,93.8,55.1,96.5,82.1,46.1,21.4,92.1,29.4,12.3,62.3,23.1,28.2,5.5,4.8,41.542,70.7,59.9,8.8,3.8,66.3,24.2,51.7,33.0,95.5,29.9,18.3,96.2,77.7,77.8,2318.0,80.4,76.4,4.1,79.9,9.7,9.5,70.3,77.7,92.2,86.6,68.0,96.1,93.5,39.8,97.2,0.0,82.2,12.0,2.8,35.9,11.2,16.5,18.2,57.5,6.4,5.7,12.4,7.5,6.4,14.4,12.7,3.7,17.6,14.9,4.2,20.1,0.0,0.30000000000000004,0.19999999999999996,55.3,17.6,7.6,0.6000000000000001
76.4,26.9,937.0,939.0,93.6,64.1,98.6,86.7,68.8,32.7,92.2,27.5,10.8,69.4,32.9,21.4,3.2,6.4,59.0,68.5,60.9,8.0,3.6,61.7,23.0,62.6,35.9,95.1,34.4,13.0,94.4,71.5,79.8,2054.0,86.9,73.6,2.4,82.5,11.6,8.6,75.9,77.0,81.6,78.8,57.1,98.5,88.3,34.7,99.0,0.0,67.7,11.2,7.3,24.0,8.5,22.8,20.2,52.0,3.1,2.9,7.0,5.0,4.9,10.6,16.1,6.6,25.3,17.7,6.8,26.4,3.3,4.2,3.5,51.6,15.7,10.6,0.2999999999999998
71.9,27.5,1014.0,701.0,95.1,44.2,97.8,92.7,55.4,35.2,93.3,22.0,9.2,69.1,31.5,12.900000000000002,5.7,0.7000000000000002,59.2,71.6,61.2,9.1,3.4,69.8,25.8,68.6,51.5,96.1,41.3,26.0,89.0,81.3,79.7,1117.0,85.5,75.1,4.6,86.3,8.8,5.699999999999999,76.3,79.5,90.8,87.0,43.4,94.9,88.4,41.3,100.0,0.0,61.9,4.0,5.2,22.2,7.2,21.3,20.4,44.6,5.6,4.5,10.4,8.3,5.2,15.1,10.0,4.1,16.2,11.7,3.1,16.3,2.8,3.0,3.3,55.9,21.7,6.3,0.10000000000000009
68.5,25.6,894.0,824.0,91.7,66.2,99.2,92.2,75.2,33.7,97.6,33.2,16.5,64.3,28.2,21.7,2.1,4.2,49.8,53.4,51.5,14.7,6.1,51.5,14.6,58.5,45.0,92.8,47.3,28.3,95.4,74.4,80.4,3654.0,94.7,82.9,1.2,86.9,14.5,10.5,60.3,82.7,80.7,76.9,55.1,93.3,80.8,30.1,100.0,0.0,70.5,8.9,2.8,35.3,6.5,27.1,20.6,36.8,3.3,3.1,8.2,4.7,3.9,10.0,14.1,8.0,26.0,17.9,7.0,26.6,0.8,1.4,1.5,47.1,10.5,9.7,0.2999999999999998
71.3,24.2,1089.0,1212.0,98.4,80.3,99.2,79.1,56.2,29.0,96.7,44.6,15.7,71.6,33.0,11.2,2.7,4.7,60.6,78.0,74.5,4.4,2.9,57.6,37.0,83.7,64.5,98.2,70.8,40.2,100.0,93.4,94.9,698.9999999999995,94.8,86.8,1.4999999999999998,86.1,15.9,10.3,88.8,96.1,94.8,96.2,81.6,98.2,93.4,38.8,100.0,0.0,93.8,6.7,1.6,57.0,13.0,26.6,15.7,36.7,5.8,4.7,11.1,6.7,9.3,17.2,11.7,6.1,21.1,16.9,6.8,25.7,0.0,0.0,0.0,57.2,23.3,30.6,1.8
67.2,24.7,979.0,1032.0,98.4,87.3,97.5,79.2,61.4,26.5,89.4,58.4,3.4000000000000004,68.5,30.7,27.5,2.5,5.8,51.0,64.5,58.3,9.2,5.1,72.7,35.3,74.2,57.4,94.4,55.0,31.7,100.0,83.2,79.3,1274.0,85.6,83.0,4.6,86.9,9.3,9.3,86.1,87.4,87.6,87.6,77.3,98.7,94.1,45.8,100.0,0.0,88.2,3.2,1.1,32.9,6.5,28.3,14.5,52.0,5.5,5.6,11.5,8.5,7.3,16.6,11.9,6.4,19.8,15.5,6.4,23.2,0.0,0.0,0.0,46.4,26.2,8.6,2.3
62.6,25.0,957.0,1012.0,96.3,67.7,99.9,91.8,74.5,37.7,97.2,34.3,21.8,58.0,19.6,24.4,1.9,5.9,59.8,78.2,71.8,6.1,3.0,75.9,28.2,85.8,64.7,96.3,48.7,29.8,97.9,85.6,88.2,1974.0,98.1,89.0,0.7000000000000002,95.4,10.4,6.9,90.0,89.2,97.2,96.0,70.6,98.6,97.5,49.8,100.0,0.0,73.0,4.0,1.8,43.4,7.2,23.1,16.0,32.6,3.4,2.6,7.0,4.5,2.3999999999999995,7.5,14.7,6.8,23.3,17.5,7.2,26.1,0.7,1.0,0.9,46.6,11.6,5.299999999999999,0.2999999999999998
53.1,31.0,963.0,974.0,86.2,76.8,98.0,91.1,48.0,22.9,94.9,27.1,1.0000000000000018,49.8,15.899999999999999,39.5,4.1,5.2,50.5,67.7,63.5,9.0,5.0,63.3,32.5,73.2,41.0,90.9,36.4,21.3,95.3,76.2,73.2,1409.0,84.2,76.6,2.5,82.1,10.5,9.2,65.8,78.3,78.2,74.1,61.2,93.6,75.5,28.7,100.0,0.0,68.1,3.7,0.20000000000000018,50.8,4.1000000000000005,30.5,11.2,33.6,4.8,4.4,9.6,5.5,4.2,10.1,13.9,4.1,19.2,17.5,7.4,25.7,0.0,0.0,0.19999999999999996,53.4,12.9,13.9,0.2999999999999998
61.4,27.8,898.0,963.0,88.1,79.5,97.2,86.8,55.5,32.7,96.2,38.9,2.9000000000000004,56.7,21.2,32.5,3.7,6.7,58.7,64.3,55.5,12.7,7.7,54.1,31.5,75.9,52.7,98.1,48.0,27.7,95.4,88.1,84.7,721.0,94.5,89.3,1.9,94.0,8.9,5.9,63.1,67.8,77.5,76.0,70.5,94.5,78.4,33.0,100.0,0.0,69.5,6.8,0.6000000000000001,62.5,8.1,26.7,16.4,32.6,5.9,3.5,10.0,7.0,6.5,15.1,8.9,3.5,13.7,11.2,3.1,15.7,0.0,0.9,0.0,43.4,12.2,7.5,0.20000000000000018
66.7,30.7,1053.0,763.0,96.2,60.4,96.4,83.7,44.7,20.9,94.7,26.1,6.2,64.4,27.1,23.0,3.0,3.6,41.542,71.7,58.6,6.4,2.3,79.8,25.7,72.7,39.4,97.8,34.9,13.5,97.7,79.7,75.9,603.83,83.8,80.4,2.7,75.9,7.0,6.0,78.2,77.5,86.3,83.6,77.7,97.6,92.3,27.1,98.7,1.3,88.5,9.6,2.8,38.3,12.7,22.9,14.6,67.1,4.4,3.7,8.5,9.0,4.7,14.0,12.7,3.5,17.5,19.9,5.2,26.0,0.0,0.0,0.0,54.5,22.0,7.4,0.7000000000000002
60.9,29.5,915.0,884.0,91.9,84.9,92.7,77.9,52.6,31.7,93.0,58.5,0.0,60.7,29.9,24.7,4.2,4.4,54.7,58.1,50.0,12.5,5.2,77.9,38.9,72.9,58.1,92.1,58.8,21.7,97.3,72.2,66.7,603.83,69.9,62.5,9.2,77.5,4.300000000000001,2.200000000000001,76.9,78.3,78.7,78.7,65.4,96.2,79.6,18.4,96.3,1.5,81.8,3.8,0.0,34.0,6.7,25.6,11.9,50.7,5.9,4.2,10.6,7.7,4.5,13.7,13.6,5.1,18.9,18.5,7.0,25.9,0.3,0.6,0.0,46.0,25.5,5.8,1.2000000000000002
66.8,26.6,912.0,1105.0,96.4,78.4,99.7,80.0,56.6,32.1,96.9,40.5,4.1,67.7,25.800000000000004,32.6,2.2,5.4,71.3,76.2,71.0,4.1,2.6,69.0,42.8,84.7,64.2,99.2,40.9,27.8,99.5,86.9,86.5,603.83,89.8,79.5,4.4,93.7,5.800000000000001,1.302999999999999,79.0,79.9,86.9,83.3,72.3,100.0,89.8,26.9,100.0,0.0,60.2,4.4,0.8,52.4,9.2,21.3,10.4,42.6,7.5,4.4,12.2,9.1,5.5,14.9,11.3,1.7999999999999998,14.4,10.5,2.1000000000000005,12.9,0.0,0.0,1.6,53.9,14.4,5.6,0.2999999999999998
68.9,23.7,957.0,958.0,96.4,86.3,99.3,94.7,72.8,60.7,98.7,35.7,16.9,64.3,29.0,33.4,1.6,5.1,74.4,75.4,72.9,6.4,4.2,80.4,18.3,67.0,60.3,94.8,64.8,39.5,97.3,84.5,84.0,2650.0,97.1,83.0,0.8999999999999999,90.3,14.8,8.8,93.7,96.4,97.1,91.7,74.0,100.0,95.6,47.8,96.8,3.2,88.5,7.4,7.7,39.3,13.7,21.1,15.2,25.200000000000003,4.3,2.8,8.2,6.0,4.0,10.8,14.5,6.1,23.3,17.3,6.1,25.0,0.2,0.7000000000000001,0.4,38.1,15.7,4.7,0.7999999999999998
68.0,26.1,1026.0,906.0,97.0,66.0,98.2,79.5,53.7,26.9,92.2,19.9,10.8,63.0,26.4,21.2,4.3,4.7,48.9,71.2,60.5,5.7,2.6,82.9,40.5,79.2,48.9,93.7,43.0,26.0,96.3,89.7,87.9,1304.0,92.2,89.2,3.3,85.6,10.5,8.8,90.6,91.9,94.9,88.9,72.5,98.6,94.5,29.4,100.0,0.0,84.6,4.4,3.2,41.3,9.5,21.1,14.6,58.6,4.6,4.3,9.4,6.9,5.7,13.1,14.2,5.8,20.9,17.5,3.8,22.1,0.4,0.9,0.8,59.1,29.8,13.9,2.0
69.2,29.0,924.0,960.0,96.7,81.7,98.7,95.7,65.2,31.8,99.0,48.2,9.8,64.8,21.7,22.8,4.9,7.8,58.5,75.1,64.6,5.9,3.4,63.8,28.5,84.9,54.4,96.5,41.3,24.9,100.0,87.8,86.9,1668.0,90.6,82.8,1.9,91.6,7.5,5.0,78.0,88.2,81.5,78.9,67.9,91.1,84.5,29.2,100.0,0.0,68.0,8.4,1.1,42.6,4.3,23.1,19.8,31.7,6.9,4.9,12.2,7.5,6.0,14.1,9.6,4.5,17.2,12.7,4.1,18.1,0.0,0.19999999999999996,0.19999999999999996,54.0,13.9,8.8,0.10000000000000009
77.4,23.0,967.0,845.0,99.3,85.7,94.5,90.0,79.5,77.4,95.5,12.0,21.6,86.2,45.7,26.9,0.7,10.8,84.2,69.5,67.4,8.3,2.6,31.700000000000003,19.5,71.4,76.6,91.2,53.3,32.0,94.4,90.9,92.9,5575.0,97.9,45.5,1.0,95.0,28.1,23.0,83.5,88.3,92.6,89.3,4.399999999999999,96.6,93.8,43.9,93.1,6.9,69.9,15.900000000000002,2.7,50.5,11.6,21.5,23.0,44.6,5.0,4.4,11.0,5.4,5.2,12.5,13.4,5.1,23.6,16.0,6.3,25.3,0.2,1.3,0.19999999999999996,37.7,10.5,14.7,0.20000000000000018
86.3,23.5,951.0,896.0,98.8,94.4,97.6,95.1,69.5,75.5,95.2,40.1,16.2,87.5,52.7,13.5,2.0,5.7,79.7,77.0,72.8,6.799999999999999,3.7,59.5,33.8,75.1,76.3,92.9,60.6,40.4,98.3,82.3,92.2,1753.0,97.7,65.9,0.8999999999999999,86.4,29.1,23.9,69.5,66.1,80.1,71.6,10.0,97.8,83.8,25.2,89.8,10.2,88.3,12.0,6.5,63.1,4.0,16.1,19.6,25.200000000000003,5.1,3.5,9.6,5.7,3.2,9.8,11.7,4.2,19.4,12.6,4.2,19.1,0.4,1.6,0.5,44.0,12.9,10.4,0.20000000000000018
86.2,21.1,994.0,1090.0,97.1,89.5,99.1,95.8,75.7,71.7,98.5,31.9,24.4,87.8,55.0,9.8,2.2,3.6,83.0,79.2,77.7,4.6,2.5,52.8,20.0,89.1,71.7,93.8,38.1,23.7,99.1,80.2,79.4,3557.0,91.3,65.4,1.8,89.7,30.2,22.7,92.5,92.5,95.9,89.1,2.1000000000000014,100.0,95.9,40.2,100.0,0.0,85.9,11.6,5.2,54.7,11.3,20.5,20.3,34.6,5.1,4.5,10.3,7.1,4.9,13.1,10.9,4.8,19.8,12.0,4.1,18.7,0.0,0.5,0.0,40.8,18.4,9.0,0.8999999999999999
78.4,27.4,978.0,875.0,94.5,83.2,97.0,91.7,69.1,78.4,98.9,12.399999999999999,31.6,83.1,48.4,35.8,1.0,12.4,77.3,48.1,46.0,17.1,5.1,44.4,11.8,65.2,57.2,86.2,14.5,6.900000000000002,95.0,76.4,82.6,4039.0,94.8,61.1,3.1,96.3,17.5,17.9,56.7,81.7,89.0,75.4,27.8,94.2,81.5,11.8,98.4,1.6,69.2,12.6,4.1,39.9,11.9,20.3,24.4,25.200000000000003,6.5,5.5,13.1,8.0,5.0,14.1,11.5,5.2,20.8,14.3,4.0,20.9,0.2,2.5,0.4,33.8,13.7,7.9,0.20000000000000018
80.3,22.5,1004.0,897.0,99.5,94.4,98.8,92.0,81.8,71.4,95.4,30.0,21.1,89.1,53.9,1.5,1.1999999999999997,3.0,93.1,77.5,75.6,6.1,2.4,51.6,30.5,83.7,79.0,94.8,64.4,29.0,99.4,87.5,90.1,2584.0,100.0,94.09100000000001,0.0,98.4,31.3,30.0,87.0,91.9,95.0,92.3,13.899999999999999,97.5,94.9,54.2,100.0,0.0,83.9,3.9,2.7,60.5,5.4,25.8,9.8,37.1,5.6,4.0,10.5,5.6,3.9,10.1,12.2,4.7,21.8,11.4,4.1,19.3,0.2,0.7000000000000001,0.5,60.7,26.0,19.7,1.2999999999999998
64.6,24.0,934.0,843.0,91.8,68.1,94.8,85.4,66.4,54.4,96.3,9.3,14.8,76.3,38.6,43.7,2.2,15.2,70.7,58.1,56.7,13.9,4.5,48.5,14.5,65.6,56.8,78.3,28.4,21.8,97.6,79.8,80.6,3988.0,94.0,63.7,2.5,90.8,17.5,17.3,75.9,79.1,84.8,75.8,11.2,96.5,89.8,22.5,97.8,2.2,82.4,14.8,3.0,45.8,2.299999999999999,20.8,21.9,30.4,5.2,3.8,10.5,6.0,5.5,12.9,15.0,8.0,26.4,16.9,5.9,24.1,0.8,4.900000000000001,0.7,37.8,9.800000000000002,6.0,0.5
78.1,24.0,957.0,1036.0,97.9,91.5,97.1,89.7,68.9,69.2,97.8,37.9,22.3,79.9,41.8,24.1,1.6,5.7,74.8,81.1,78.1,4.4,1.3999999999999995,67.9,33.5,73.6,72.7,95.5,61.2,45.1,100.0,86.7,84.8,2641.0,93.9,70.9,2.8,92.4,17.6,15.6,85.9,78.5,89.5,89.8,6.299999999999997,100.0,90.1,32.8,97.6,2.4,89.2,8.8,6.3,64.4,3.5,21.6,15.7,38.0,6.4,2.9,10.2,5.2,2.9,9.0,12.6,4.7,20.1,14.2,3.5,20.5,0.0,1.0,0.4,42.5,14.3,12.0,0.20000000000000018
78.9,19.6,974.0,1025.0,98.1,92.4,98.9,96.5,77.3,85.1,97.4,28.9,17.4,87.8,57.5,9.0,1.7,3.1,84.1,80.1,78.1,4.5,2.7,57.4,39.1,76.6,68.5,94.0,69.2,53.3,100.0,92.3,97.0,2109.0,99.6,85.2,0.3999999999999999,96.5,20.8,17.3,95.0,87.6,100.0,93.3,5.200000000000003,100.0,97.5,46.6,87.2,9.700000000000001,86.8,5.7,7.3,65.5,8.8,26.5,9.400000000000002,43.5,5.2,2.4,8.8,6.3,3.8,11.3,12.4,4.8,20.7,14.0,4.1,20.6,0.2,1.0,0.6,49.1,20.8,11.3,0.5
73.5,27.3,999.0,919.0,93.6,87.1,96.0,89.9,58.9,65.1,98.0,19.8,36.6,68.8,40.8,40.5,2.5,15.0,60.7,51.9,50.3,13.1,5.0,48.4,19.1,61.2,63.2,80.5,30.7,16.5,93.7,77.2,74.9,2269.0,77.2,48.8,8.1,84.2,17.0,11.1,56.6,69.1,67.4,55.11500000000001,5.200000000000003,87.1,67.7,18.9,90.4,9.6,55.7,15.7,2.1,46.3,12.6,26.5,23.9,30.5,5.5,6.3,13.4,6.7,6.1,15.3,10.4,5.8,21.4,15.8,5.3,25.1,0.3,0.40000000000000013,0.19999999999999996,15.600000000000001,0.5,9.98,29.98800000000001
67.1,22.7,1048.0,1098.0,99.6,92.2,95.8,83.0,62.4,60.5,97.7,33.3,21.8,79.4,42.3,10.1,0.3999999999999999,5.1,80.9,76.5,76.0,5.6,3.2,58.3,32.7,84.6,86.8,91.4,70.8,34.8,98.0,91.5,93.7,1847.0000000000002,97.3,90.5,1.8,98.2,17.3,12.5,97.9,95.6,97.9,97.9,7.899999999999999,100.0,100.0,45.1,100.0,0.0,88.1,4.7,3.2,66.0,5.4,24.3,5.599999999999998,45.1,4.3,2.3,7.3,5.4,4.3,10.3,10.4,3.1,17.0,11.1,3.7,17.2,0.9,1.1,0.9,61.4,34.7,26.5,3.1
80.4,21.6,994.0,1050.0,99.6,90.7,98.2,91.6,74.3,68.0,98.0,30.6,16.3,87.5,54.1,6.5,1.6,0.0,88.6,78.3,77.8,7.8,2.4,61.7,36.4,69.0,66.2,98.3,46.0,19.0,98.7,90.0,89.2,1684.0,99.1,88.6,0.8999999999999999,98.3,27.0,22.1,88.2,90.4,91.1,89.5,2.6000000000000014,95.8,93.0,31.4,100.0,0.0,77.4,4.5,2.6,58.9,4.3,23.4,9.400000000000002,43.0,3.7,3.3,7.9,6.0,3.9,10.2,11.6,5.5,21.8,10.9,5.0,18.9,0.6,0.9,0.7,55.1,22.6,17.2,0.3999999999999999
69.4,24.8,962.0,838.0,96.0,79.3,98.1,92.4,69.0,53.1,99.0,14.7,18.4,76.5,33.2,37.1,1.4,14.399999999999999,77.2,73.1,72.9,10.4,5.6,41.5,11.3,82.5,66.6,88.5,23.200000000000003,10.900000000000002,98.8,82.4,85.1,3114.0,94.0,68.6,1.6,95.3,16.4,13.0,76.9,79.4,92.7,83.5,7.300000000000001,98.3,94.0,41.5,94.8,5.2,72.1,10.1,3.2,55.4,11.8,24.9,16.6,25.200000000000003,5.3,4.5,10.5,5.5,4.6,10.7,10.7,3.5,17.4,11.4,3.8,17.4,0.0,0.7000000000000001,0.0,32.7,11.8,7.799999999999999,0.20000000000000018
77.5,25.1,983.0,857.0,93.7,94.0,96.8,94.3,59.7,79.5,96.8,11.899999999999999,30.0,76.5,40.8,28.0,2.2,10.7,70.1,44.0,43.6,14.9,4.9,47.0,9.399999999999999,60.3,58.4,82.2,28.9,20.4,91.0,74.5,78.5,3366.0,86.5,40.2,3.8,81.9,27.5,22.2,61.3,79.9,76.8,59.4,19.3,96.2,74.6,32.7,92.3,7.699999999999999,57.9,6.7,4.1,46.2,18.3,22.2,26.2,39.3,5.7,5.9,12.8,7.1,7.1,15.2,10.9,5.4,20.7,15.6,6.2,24.4,0.3,0.40000000000000013,0.19999999999999996,37.7,12.3,12.6,0.5
67.6,26.9,948.0,867.0,94.8,75.0,95.7,82.8,63.6,56.4,97.6,9.699999999999996,33.8,71.8,34.3,35.0,2.2,10.1,71.8,49.7,48.9,13.1,3.9,43.3,15.7,56.0,58.4,78.3,27.2,20.8,96.1,74.0,78.9,4178.0,92.8,57.3,3.4,86.5,15.2,7.699999999999999,54.3,68.9,64.3,55.11500000000001,15.3,92.6,75.9,22.9,96.1,2.6,70.1,18.597000000000005,7.0,66.1,4.7,23.3,20.6,25.200000000000003,5.5,4.4,11.0,7.4,4.8,13.0,12.5,4.2,21.8,17.9,3.3,24.8,1.4,2.4,1.9,32.5,11.3,7.0,0.20000000000000018
80.2,20.7,1025.0,937.0,96.6,98.2,98.8,97.3,82.0,84.7,97.7,16.5,20.9,90.7,53.8,21.0,0.3999999999999999,8.8,91.9,71.4,69.2,8.1,3.5,52.4,27.9,71.5,81.8,88.3,58.8,39.4,95.3,95.2,91.5,2958.0,99.2,45.6,0.0,93.6,38.1,18.1,67.2,78.0,78.8,71.8,2.3999999999999986,88.6,76.4,24.2,92.5,7.5,66.0,3.9,3.2,45.2,13.8,19.2,23.7,46.0,5.8,7.2,14.2,7.9,7.1,16.5,17.0,6.6,31.0,19.1,7.1,33.2,8.5,9.4,7.282000000000016,25.799999999999997,10.0,9.6,0.0
70.6,23.7,979.0,1265.0,94.2,81.7,97.2,94.6,72.5,78.5,97.8,33.6,33.5,83.3,40.7,31.0,2.6,14.2,81.0,78.2,77.2,4.6,3.3,72.5,18.6,74.6,72.6,86.4,53.6,38.0,100.0,93.3,92.5,2483.0,94.7,66.8,2.4,93.4,19.0,13.2,79.2,77.9,84.7,83.2,8.399999999999999,96.2,88.9,27.2,91.0,9.0,88.7,9.8,3.3,45.3,9.3,24.2,17.6,51.2,5.5,3.5999999999999996,10.2,5.4,4.3,11.1,11.1,4.9,18.6,13.7,4.2,19.6,0.5,0.9,0.4,37.5,14.2,3.7,0.20000000000000018
92.5,17.3,939.0,1019.0,98.6,99.2,99.6,100.0,58.6,98.3,98.3,30.7,38.3,94.3,71.1,4.5,0.0,1.0,99.1,74.3,71.7,4.9,1.9,77.8,19.2,86.2,87.1,95.4,72.4,49.5,93.1,90.6,95.9,6233.0,99.5,55.5,0.0,98.3,30.4,23.8,90.74000000000001,92.24000000000001,94.28,92.02,37.72,98.96,95.52,42.56,91.8,8.2,77.8,3.5,1.7,51.0,12.8,12.0,25.0,54.4,9.2,6.3,17.5,11.4,6.1,18.2,14.1,2.1,21.0,16.9,3.3,23.3,0.0,1.0,0.19999999999999996,20.3,16.0,5.299999999999999,1.1
88.5,20.2,921.0,703.0,93.6,92.7,99.2,99.8,62.6,98.7,99.5,20.2,30.799999999999997,91.6,65.7,10.0,1.3,1.5,96.2,64.6,58.7,10.4,3.4,48.2,20.4,58.1,72.2,90.1,54.8,30.2,92.6,91.5,97.2,4458.8,98.1,56.0,0.5,98.5,31.7,25.1,73.72,84.14,84.17999999999999,81.36,36.14,92.34,83.16,28.82,91.22,8.46,73.6,1.7000000000000002,1.7,56.8,17.8,12.2,40.4,58.3,8.1,9.9,19.7,7.9,11.0,21.0,15.7,4.4,26.6,18.0,4.6,28.0,2.1,3.2,2.1,20.0,10.0,5.9,0.2999999999999998
86.5,20.9,971.0,926.0,97.7,92.4,99.5,99.5,88.9,96.0,97.6,25.6,33.1,94.6,67.6,7.1,0.8999999999999999,0.9000000000000004,88.5,84.1,78.294,4.2,2.6,62.4,39.5,78.1,71.4,92.8,57.1,42.0,96.6,91.4,90.8,3249.0,100.0,61.9,0.0,96.6,33.7,28.9,89.4,87.4,95.1,88.3,9.600000000000001,100.0,94.5,39.0,79.309,20.38800000000001,95.48200000000001,4.0,3.9,68.4,4.6,17.1,13.4,46.1,6.0,3.9,10.7,7.0,4.3,12.8,13.2,3.6,21.3,13.2,2.4,18.3,0.3,0.8,0.7,40.2,17.8,5.000000000000001,0.3999999999999999
68.1,24.8,970.0,888.0,97.8,75.6,96.4,94.8,68.0,64.5,96.9,15.7,24.200000000000003,71.9,31.6,32.2,1.7,8.7,76.8,68.1,67.3,9.2,4.3,49.9,15.3,62.5,53.5,89.8,21.7,8.8,96.7,76.1,79.3,2964.0,94.8,66.7,0.8999999999999999,92.6,14.0,8.9,75.7,84.9,79.9,76.9,2.5,93.8,81.2,35.1,93.0,7.0,70.5,14.4,1.0,52.7,4.7,22.9,19.2,37.0,4.9,3.5999999999999996,9.1,5.5,5.8,12.1,8.9,4.6,16.7,10.2,4.2,17.3,0.2,1.6,0.0,36.7,14.1,5.7,0.20000000000000018
63.5,26.6,961.0,885.0,94.6,84.2,96.2,94.6,54.1,40.3,97.6,15.300000000000004,20.0,57.7,29.9,24.0,3.4,10.6,47.5,62.6,61.2,9.7,3.7,50.3,11.8,51.0,58.2,91.0,38.3,25.3,99.2,74.4,74.2,1313.0,76.3,60.7,7.0,77.9,7.9,5.6,72.4,77.9,86.5,69.1,11.8,95.9,86.5,22.1,98.6,1.4,68.2,9.8,4.7,51.9,11.0,34.497,12.9,47.0,5.5,4.3,10.4,4.8,4.6,10.5,13.8,6.4,23.5,17.8,4.7,24.6,1.2,0.7000000000000001,0.4,42.6,13.1,26.700000000000003,2.8
78.2,25.5,913.0,816.0,93.6,94.2,95.3,86.3,68.3,72.5,91.6,14.7,16.7,80.0,42.6,29.6,2.4,14.0,79.3,55.0,54.0,12.0,4.6,55.7,10.7,66.9,66.4,81.3,43.4,23.0,96.0,76.5,83.4,1698.0,90.5,52.0,3.3,89.9,21.2,12.3,70.4,82.8,80.3,67.4,2.1000000000000014,88.6,76.2,30.3,92.2,7.800000000000001,58.7,18.597000000000005,4.7,46.5,12.1,25.6,21.7,37.6,4.4,4.8,10.3,5.2,5.6,12.0,13.3,5.4,22.5,16.6,7.2,26.1,0.2,0.40000000000000013,0.0,35.0,12.2,15.4,0.20000000000000018
71.3,24.7,992.0,1050.0,99.7,88.7,96.8,96.4,71.2,69.7,97.5,14.8,32.7,83.7,41.5,36.6,1.1,16.1,86.5,78.9,77.1,6.4,3.3,58.1,28.5,83.9,89.2,91.7,66.1,44.4,95.8,94.4,95.1,2654.0,98.1,68.4,1.6,99.0,18.5,13.1,89.3,85.3,93.2,87.6,7.0,100.0,96.7,33.6,92.0,8.0,67.9,9.2,4.1,61.3,13.8,19.1,25.1,44.5,4.9,3.8,9.5,5.8,4.4,11.2,14.1,6.3,23.5,18.1,6.4,26.2,0.0,4.3,0.0,44.2,12.4,8.0,0.2999999999999998
77.5,22.6,963.0,747.0,98.8,91.7,97.7,91.1,75.1,75.0,86.5,18.8,33.8,77.6,48.3,14.6,0.8999999999999999,4.7,83.8,71.8,66.0,8.2,4.0,53.0,21.6,84.7,86.3,94.4,65.3,44.3,92.9,97.0,96.5,1948.0000000000002,94.2,65.9,1.9,95.7,22.6,10.9,94.0,90.8,100.0,96.8,0.0,100.0,100.0,31.3,100.0,0.0,72.7,1.7999999999999998,4.7,60.1,2.299999999999999,27.9,17.0,61.9,4.9,6.1,12.2,6.5,5.6,12.9,16.0,3.6,23.4,16.0,4.1,22.4,0.4,1.8,0.0,26.2,22.4,8.3,1.4000000000000001
67.1,29.5,966.0,983.0,95.5,74.4,96.8,89.0,60.1,54.8,95.1,10.499999999999996,22.5,73.4,28.8,48.0,3.4,13.7,75.3,42.0,41.5,18.5,6.1,48.3,17.4,58.6,47.4,82.0,17.9,11.2,89.0,64.4,66.8,2779.0,85.6,53.6,7.3,90.8,12.5,12.9,52.0,75.4,76.2,66.6,5.700000000000003,89.6,77.2,17.6,93.1,5.5,52.9,18.597000000000005,1.4,47.2,2.0999999999999996,20.4,23.7,27.100000000000005,6.0,4.8,11.6,5.7,6.4,13.4,11.2,4.7,21.0,13.5,3.7,21.6,0.9,3.8,0.19999999999999996,37.7,13.8,7.0,0.10000000000000009
84.8,22.8,918.0,873.0,96.5,93.0,99.4,96.9,79.6,89.5,97.0,14.400000000000002,44.2,89.0,61.2,24.0,0.7,3.3,94.6,57.8,55.9,13.7,5.2,35.7,23.5,79.6,68.6,90.7,50.2,40.0,93.1,84.2,95.2,3677.0,98.0,43.4,1.4999999999999998,98.5,34.6,28.3,58.1,79.2,68.0,61.3,17.4,81.7,67.7,9.203,81.6,16.7,69.9,6.7,3.3,54.8,3.799999999999999,19.6,31.0,43.7,4.2,5.4,12.3,7.2,6.5,15.1,14.3,3.7,22.4,16.1,6.4,25.8,2.3,3.8,0.9,27.9,11.6,11.7,0.20000000000000018
73.7,21.3,1003.0,871.0,99.7,95.3,97.9,87.8,74.8,83.3,80.3,26.3,16.7,79.2,45.0,16.0,1.3,7.5,89.6,73.6,70.9,6.1,3.4,64.7,22.4,83.8,83.1,96.6,61.6,42.6,98.4,93.0,92.9,1676.0000000000002,96.6,54.8,1.1,97.6,26.1,18.0,92.3,88.3,94.6,91.9,12.8,97.8,97.8,37.1,92.6,7.4,73.8,3.8,2.6,52.4,3.5999999999999996,21.8,23.1,59.3,5.1,5.4,11.5,6.5,6.1,13.5,14.8,6.1,24.8,18.3,5.4,26.4,0.6,1.0,0.4,31.8,18.7,16.2,0.3999999999999999
80.3,17.3,1069.0,948.0,97.8,95.5,99.2,90.9,85.6,58.1,91.1,16.6,26.6,87.2,41.2,4.400000000000002,0.7,1.2000000000000002,84.6,62.3,60.5,10.4,3.8,57.5,22.0,64.6,78.6,93.2,54.6,29.3,97.0,89.7,92.2,3096.0,97.8,53.5,0.7000000000000002,95.6,30.8,28.0,77.2,95.2,85.3,79.0,5.799999999999997,89.9,86.2,36.9,97.6,0.0,77.3,2.7,2.4,45.7,9.8,25.8,17.7,53.2,8.1,7.7,16.9,6.2,9.3,16.5,18.2,8.1,32.4,21.1,8.7,33.9,0.4,1.4,0.19999999999999996,31.3,13.0,18.4,0.5
80.4,21.4,1027.0,1012.0,93.8,94.6,98.2,96.8,84.7,87.3,98.8,12.3,39.900000000000006,90.3,54.6,27.0,0.8,10.4,87.4,67.1,64.7,10.4,4.7,56.2,27.6,66.0,80.1,97.4,58.2,32.1,97.1,95.6,95.0,3548.0,98.0,38.5,1.7,97.6,34.3,22.2,75.0,83.3,82.8,77.1,2.0,96.3,89.2,11.3,88.6,8.3,80.4,3.8,0.2999999999999998,46.5,4.6,15.0,27.8,50.8,8.3,5.6,15.2,10.5,6.1,18.0,18.2,6.7,30.1,21.6,5.9,32.0,4.1,3.8999999999999995,4.1,31.5,7.700000000000001,11.4,0.20000000000000018
78.5,20.6,1049.0,958.0,96.9,87.1,97.9,95.6,78.7,82.1,93.9,11.399999999999999,27.199999999999996,87.2,48.3,18.1,1.3,7.7,87.2,74.7,72.8,6.200000000000001,3.0,68.1,26.8,77.5,81.7,93.8,59.5,39.7,96.7,94.5,95.1,2607.0,97.1,43.8,2.0,97.9,36.2,18.1,82.8,76.3,93.8,84.9,6.700000000000003,96.2,91.7,38.8,97.3,2.7,78.3,10.4,5.9,46.4,13.2,22.9,26.6,47.2,5.1,5.1,12.0,4.0,6.9,12.9,16.4,6.2,27.2,17.7,8.5,29.8,0.5,1.2,0.0,40.6,11.7,29.5,0.5
83.1,17.3,1035.0,874.0,98.2,95.5,99.4,73.2,87.9,66.0,94.9,13.2,16.7,92.1,49.4,5.000000000000002,0.7,1.1000000000000005,89.4,58.7,56.8,12.1,4.6,63.8,26.8,70.3,73.4,96.8,59.6,38.2,100.0,96.7,98.2,3290.0,100.0,65.5,0.0,98.6,31.8,25.2,76.3,76.3,79.4,79.8,5.799999999999997,100.0,89.0,11.899999999999999,100.0,0.0,78.9,0.7000000000000002,1.4,65.3,2.9000000000000004,21.5,20.8,61.4,9.6,9.7,20.6,9.4,12.7,23.4,21.4,6.9,35.38200000000001,24.0,6.7,37.9,0.6,1.9,0.4,26.8,8.500000000000002,11.5,0.10000000000000009
72.0,25.7,962.0,960.0,97.0,90.8,97.1,90.4,67.8,73.1,96.5,20.5,26.2,76.4,36.0,40.3,4.4,18.6,84.5,75.7,74.2,5.6,1.7000000000000002,54.4,35.1,81.3,81.9,90.5,60.3,36.0,96.0,89.6,89.2,1910.0,96.2,51.5,0.8999999999999999,96.3,21.2,10.8,83.6,86.3,90.2,85.6,4.700000000000003,93.5,88.3,34.6,88.7,7.699999999999999,65.9,11.4,2.4,51.1,7.0,21.2,28.2,52.1,4.8,5.1,11.1,5.2,6.4,12.2,16.2,6.5,25.7,18.9,5.0,26.2,0.3,1.3,0.5,39.2,13.1,10.2,0.2999999999999998
86.1,22.5,982.0,1029.0,96.7,91.1,99.3,96.7,74.7,90.4,97.5,22.7,15.6,90.5,55.9,18.4,1.9,4.0,91.5,61.6,57.1,10.3,5.3,56.9,24.7,58.9,70.2,97.4,54.9,32.2,93.4,92.2,93.3,2275.0,93.6,50.6,1.6,93.9,26.6,17.4,74.9,86.8,77.1,73.4,3.5,90.1,83.1,21.6,87.3,12.8,68.7,3.0,0.3999999999999999,54.3,6.2,18.9,30.7,62.2,6.5,7.8,15.7,5.9,6.7,13.9,13.9,6.1,24.5,19.2,7.1,29.7,3.0,4.3,4.8,24.2,15.6,6.9,0.3999999999999999
85.1,20.4,979.0,1173.0,98.4,92.0,98.8,98.5,80.2,83.9,97.9,27.1,33.9,93.0,56.5,9.0,0.5,2.2,94.0,79.2,78.1,6.6,3.7,52.8,36.5,87.9,70.4,93.4,50.6,29.0,98.6,89.9,90.5,3482.0,98.8,72.4,0.0,99.0,24.1,19.0,92.4,87.4,97.4,89.6,2.6000000000000014,100.0,97.4,36.9,97.6,2.4,87.1,6.0,2.5,51.6,4.8,17.1,19.6,39.6,4.5,3.7,9.0,5.4,4.4,10.4,9.8,2.7,17.1,10.0,1.7999999999999998,14.0,0.0,0.40000000000000013,0.19999999999999996,52.6,24.6,9.5,0.6000000000000001
76.0,22.0,948.0,991.0,95.8,85.3,97.2,73.7,61.5,61.4,96.5,24.1,23.2,78.0,42.0,27.7,3.0,14.3,72.5,71.3,68.3,8.0,4.0,37.9,14.2,63.4,60.0,79.5,44.5,34.4,99.2,83.4,83.4,3071.0,92.9,65.1,1.8,83.1,18.0,14.3,71.6,75.5,80.6,65.6,5.600000000000001,96.4,88.0,31.6,100.0,0.0,77.9,18.597000000000005,5.1,68.8,3.799999999999999,20.1,14.2,25.200000000000003,4.0,3.0,8.1,4.9,3.5,9.1,14.4,4.7,21.9,16.2,3.2,21.0,0.6,1.8,0.9,39.1,11.3,14.3,0.3999999999999999
77.6,22.1,986.0,1012.0,97.2,79.6,97.2,89.5,66.4,71.8,94.6,29.0,25.6,80.8,38.9,11.7,1.6,4.4,89.3,78.3,75.7,5.5,2.9,62.2,22.4,77.1,66.9,94.6,41.7,19.0,98.8,85.6,91.7,1734.0,96.3,67.4,1.8,96.8,16.0,9.9,74.7,77.6,88.6,85.5,0.0,98.0,90.0,26.6,94.9,5.2,71.0,7.4,0.0,58.0,1.5999999999999996,23.2,10.5,31.1,5.8,4.3,10.6,5.4,4.1,10.7,10.5,3.5,17.2,12.3,4.0,18.2,0.4,1.3,0.0,46.6,20.1,12.3,0.7000000000000002
81.5,26.4,1094.0,945.0,83.6,24.4,98.6,77.7,52.6,71.3,99.4,9.3,28.6,88.4,48.7,20.9,1.0,5.1,80.1,46.3,21.6,20.0,5.7,42.4,8.6,84.2,77.4,88.8,57.4,30.5,93.5,79.0,65.3,13120.630000000021,89.5,68.6,3.1,92.6,38.2,34.2,66.6,76.7,77.8,81.5,8.600000000000001,96.1,70.5,16.0,94.3,5.700000000000001,59.6,9.7,2.1,48.1,22.1,7.699999999999999,40.9,63.3,5.9,6.1,13.4,5.7,8.9,15.8,13.9,5.3,23.6,18.0,8.6,31.3,1.1,1.7,0.19999999999999996,60.2,44.3,48.8,0.7999999999999998
76.9,29.8,1077.0,1008.0,91.4,53.7,99.9,68.6,85.2,52.0,99.4,16.100000000000005,17.6,80.2,43.3,22.3,1.9,9.9,79.7,56.6,23.599999999999998,11.0,4.8,49.9,10.6,77.6,66.6,94.5,44.2,21.0,79.97200000000001,55.0,51.1,10920.0,55.5,37.4,13.8,74.0,14.9,19.0,55.5,69.9,76.6,76.2,2.299999999999997,96.5,63.748000000000005,9.203,86.7,8.8,42.8,4.9,1.2,55.1,15.5,3.6999999999999993,33.7,71.2,5.7,6.7,13.4,8.0,5.7,14.5,12.7,7.4,21.7,19.8,7.7,28.2,0.0,1.1,0.09999999999999998,64.7,39.1,47.9,1.2000000000000002
84.0,34.1,1144.0,1057.0,87.4,52.5,94.0,62.5,81.2,62.3,99.1,18.2,22.7,84.2,36.6,10.5,3.6,7.5,87.4,61.8,22.6,8.7,4.2,48.1,5.717999999999999,69.0,61.3,79.5,28.5,11.9,79.97200000000001,58.2,56.8,10646.0,72.9,50.4,7.1,80.0,9.6,8.5,64.9,78.9,76.5,68.2,11.7,88.9,71.9,20.5,91.7,5.6,37.8,4.0,1.3,58.5,23.7,7.1,28.0,54.7,7.0,5.6,13.5,7.1,6.9,15.2,9.7,4.6,16.3,17.0,5.8,25.2,0.5,0.6,0.4,73.797,38.1,62.10000000000001,1.2000000000000002
87.2,26.0,1059.0,936.0,86.1,32.8,98.6,90.2,59.5,79.0,99.1,7.0,15.2,90.0,49.9,15.2,1.0,9.5,76.4,50.1,17.506,16.7,5.4,44.5,6.300000000000001,78.6,87.1,89.1,55.8,31.9,79.97200000000001,85.4,81.0,13120.630000000021,91.7,66.7,1.6,93.0,35.8,32.9,76.2,72.5,83.3,81.9,4.899999999999999,100.0,81.9,10.5,87.6,10.7,43.0,11.7,1.9,47.4,18.3,8.7,40.1,59.1,7.3,7.4,15.9,7.8,9.3,18.5,11.9,4.9,21.9,21.6,9.8,36.0,3.3,2.3,1.9,53.5,36.1,39.6,0.7999999999999998
89.0,24.8,1041.0,1039.0,86.8,49.60000000000001,99.4,89.1,58.7,88.6,99.0,15.7,23.4,92.5,61.9,15.3,0.0,10.9,94.6,69.9,17.506,12.5,6.4,35.4,7.099999999999998,83.2,93.4,92.7,60.9,36.7,79.97200000000001,90.8,91.7,13120.630000000021,95.7,67.6,2.3,98.0,44.5,35.4,74.1,83.6,94.4,94.4,9.399999999999999,94.7,88.5,16.8,90.6,7.6,54.2,2.3,2.4,62.6,11.4,6.300000000000001,36.9,70.6,7.7,7.2,16.6,8.5,11.8,21.8,16.4,6.1,27.5,24.5,10.1,38.4,2.0,2.5,1.9,52.3,39.3,38.0,0.5
79.6,33.0,1053.0,938.0,94.5,75.4,98.8,64.4,84.4,50.0,98.8,15.399999999999999,26.3,81.9,39.6,15.5,2.5,6.3,84.4,65.2,17.506,8.5,4.1,44.9,6.400000000000002,73.9,64.9,85.2,28.4,15.6,79.97200000000001,37.0,36.0,12254.0,45.8,36.1,13.8,65.0,8.8,11.0,65.0,79.9,77.1,77.2,14.899999999999999,87.2,75.2,12.7,98.4,1.6,37.8,4.4,2.3,57.6,21.7,5.300000000000001,24.9,69.2,4.6,4.8,9.8,5.9,4.3,10.9,10.8,7.1,18.7,18.0,9.5,28.2,0.7,1.5,0.0,63.7,35.1,46.1,1.2000000000000002
78.4,33.2,1032.0,932.0,90.4,51.8,93.6,58.654,77.9,30.5,99.5,16.800000000000004,25.4,76.8,33.1,19.9,2.3,10.2,71.0,65.2,22.199999999999996,8.4,3.2,52.5,5.717999999999999,69.4,56.4,81.0,31.0,9.900000000000002,79.97200000000001,52.7,49.2,8744.0,57.7,53.0,11.9,69.9,10.3,15.4,67.4,78.1,78.6,73.4,3.700000000000003,91.2,77.8,17.2,98.2,1.8,41.5,3.2,1.4,62.9,25.1,4.6,24.4,64.5,6.3,4.6,11.7,7.4,4.7,12.7,15.7,4.9,21.5,21.1,7.5,29.4,0.7,2.2,0.3,52.2,33.9,17.2,2.2
79.9,28.5,1095.0,909.0,87.2,40.4,98.6,72.5,61.3,74.7,99.8,19.1,37.4,85.4,40.7,17.5,0.6000000000000001,7.5,81.6,72.2,17.800000000000004,6.0,2.3,54.2,5.717999999999999,90.6,89.9,92.9,68.5,45.3,91.4,75.6,73.0,13120.630000000021,87.8,72.4,3.3,91.1,20.2,17.5,74.2,79.9,84.6,83.2,4.899999999999999,98.7,77.4,19.7,96.8,0.0,43.5,3.7,1.1,46.5,23.7,7.300000000000001,31.3,74.9,4.2,5.4,10.6,5.5,6.2,12.9,13.8,6.5,23.2,20.4,10.5,33.4,0.7,2.9,0.19999999999999996,58.5,34.1,47.9,0.9999999999999998
83.7,30.9,969.0,996.0,87.3,49.10000000000001,95.0,58.654,81.4,22.9,99.4,17.0,17.5,86.9,49.7,11.1,5.1,9.8,80.6,56.9,17.506,12.7,5.2,41.4,6.699999999999999,58.3,38.8,81.6,25.1,11.7,79.97200000000001,44.9,44.8,13120.630000000021,44.6,25.603,9.9,54.5,6.400000000000002,2.900000000000002,47.512,56.809,60.815,55.11500000000001,0.0,91.5,63.748000000000005,11.5,89.4,6.2,37.8,2.1000000000000005,1.9,63.6,13.0,9.7,14.5,48.0,3.5,3.8,7.9,5.6,5.5,11.7,13.3,7.6,22.3,17.3,7.1,25.0,0.0,2.0,0.3,69.1,36.4,32.9,0.8999999999999999
90.9,31.1,1026.0,1324.1300000000008,81.4,45.9,97.4,67.0,83.9,29.1,74.927,71.9,3.200000000000001,86.7,40.5,13.7,1.9,2.2,75.7,37.0,35.8,21.0,12.4,79.2,22.1,59.2,25.5,74.5,28.8,7.0,92.1,59.9,57.5,2473.0,73.8,73.5,7.5,80.8,4.0,5.0,72.4,94.5,83.3,74.8,12.5,81.5,83.3,19.3,93.8,0.0,56.6,9.2,1.6,48.0,34.485000000000014,8.5,7.0,63.7,6.3,2.0,9.3,12.0,3.6,16.2,8.5,2.9,15.3,16.4,4.4,23.2,0.2,0.19999999999999996,1.1,54.0,36.8,6.3,0.8999999999999999
76.0,40.597,1066.0,1015.0,83.0,43.5,85.1,74.6,83.6,26.5,97.2,74.1,44.2,76.0,23.0,25.3,6.3,14.399999999999999,47.9,33.6,23.999999999999996,25.897000000000002,15.176000000000021,81.1,44.1,55.5,58.6,87.7,51.9,25.7,94.6,49.1,45.0,3464.0,48.4,36.3,6.799999999999999,55.7,8.0,8.6,74.4,82.4,84.0,77.8,0.6000000000000014,92.6,83.8,21.6,96.9,1.2,70.0,10.6,4.8,81.16100000000004,25.4,13.5,15.2,62.3,3.2,2.1,6.299999999999999,4.0,3.3,7.7,9.1,5.9,18.7,11.1,4.3,17.2,0.0,0.7000000000000001,0.6,68.5,42.0,49.2,3.6
88.7,34.3,1049.0,851.0,77.4,55.3,96.6,90.0,80.9,47.4,93.3,47.1,41.3,93.7,43.5,14.6,4.2,8.2,70.7,26.305999999999997,17.506,25.897000000000002,15.176000000000021,75.53999999999999,22.7,56.7,57.5,80.2,40.1,27.1,87.8,34.963,41.6,3258.0,63.4,48.4,6.200000000000001,68.7,13.9,13.7,49.099999999999994,69.4,60.815,55.11500000000001,5.200000000000003,84.2,63.748000000000005,10.899999999999999,87.5,9.9,54.4,11.5,5.1,81.16100000000004,32.5,11.6,15.6,49.3,2.7,3.5,9.1,3.6,3.3999999999999995,9.4,11.2,5.6,24.5,14.5,4.3,25.0,1.3,1.3,0.8,51.9,24.0,29.799999999999997,1.2000000000000002
91.3,29.2,1009.0,894.0,79.5,43.8,97.5,58.654,84.9,24.4,84.1,60.8,12.7,86.1,38.4,13.2,1.1,3.7,74.9,26.305999999999997,17.699999999999996,25.2,12.9,70.4,8.0,40.3,24.299999999999997,72.609,23.7,7.900000000000002,85.8,40.5,41.8,4504.0,61.5,60.4,5.9,63.2,3.3000000000000007,5.4,47.512,78.74,60.815,55.11500000000001,8.2,79.333,63.748000000000005,9.203,96.9,0.0,42.60000000000001,6.6,0.8999999999999999,62.3,11.7,7.699999999999999,11.1,65.9,7.8,2.7,12.2,11.8,4.1,18.7,10.5,4.6,20.0,15.7,5.3,25.4,0.0,0.0,0.19999999999999996,54.1,40.2,3.8000000000000007,2.2
85.3,40.4,998.0,871.0,85.9,51.1,92.1,86.2,85.3,21.0,96.6,66.8,28.699999999999996,89.5,23.1,20.3,5.5,6.8,67.8,33.1,19.699999999999996,25.897000000000002,15.176000000000021,71.1,34.2,56.1,61.0,86.2,48.8,22.4,97.5,39.5,39.3,3648.0,56.900000000000006,45.6,8.4,65.8,8.7,10.0,74.8,86.7,82.8,71.5,4.399999999999999,94.0,80.9,11.8,92.6,4.1,66.6,11.3,3.6,81.16100000000004,34.485000000000014,15.5,12.199999999999998,59.4,4.6,2.8,8.0,4.9,2.7,8.1,7.4,2.0,13.5,12.3,2.9,16.0,0.4,0.6,0.4,60.4,30.9,34.1,0.7000000000000002
89.2,31.4,984.0,1011.0,92.0,53.8,98.6,60.4,88.4,22.3,83.6,79.5,20.1,88.6,38.4,10.2,1.3,1.1000000000000005,66.6,37.599999999999994,33.3,25.300000000000004,14.4,63.7,20.3,68.7,33.3,86.0,51.8,14.6,98.9,65.9,61.7,2370.0,88.3,88.3,3.9,91.2,4.699999999999999,5.300000000000001,86.8,89.1,86.8,86.8,2.3999999999999986,100.0,89.6,15.0,90.2,0.0,57.2,5.4,3.1,59.8,23.0,6.6,6.900000000000002,67.7,10.0,2.1,12.8,12.2,5.1,23.7,10.1,1.7000000000000002,15.8,16.6,3.3,22.8,0.0,0.19999999999999996,0.0,50.7,33.1,9.7,1.4000000000000001
81.7,30.3,995.0,1036.0,87.7,71.4,95.5,58.654,71.4,33.9,74.927,75.1,7.8,82.6,33.0,15.3,0.30000000000000004,6.3,66.8,36.7,32.3,25.897000000000002,15.176000000000021,82.9,24.2,57.0,28.500000000000004,80.7,28.3,11.0,99.0,60.6,55.1,2666.0,83.7,83.7,4.9,88.3,2.806000000000001,2.900000000000002,85.4,90.1,90.9,89.5,13.399999999999999,98.6,92.1,25.7,100.0,0.0,53.0,7.9,7.5,54.5,32.1,8.5,9.0,71.5,8.9,3.5,12.9,12.2,4.3,16.7,8.0,2.1,13.6,14.5,2.7,20.0,0.0,0.0,0.0,52.4,30.6,11.1,1.2000000000000002
84.6,40.597,1025.0,1032.0,80.3,49.5,87.9,85.3,89.6,13.424,99.7,72.3,44.2,85.9,23.4,21.6,6.5,13.2,57.3,26.5,17.506,25.897000000000002,15.176000000000021,82.3,42.8,48.5,63.4,85.6,53.8,19.8,97.0,42.9,38.7,3902.0,41.715,37.6,7.6,50.7,4.199999999999999,7.699999999999999,78.8,86.3,86.9,82.4,0.6000000000000014,95.8,86.4,17.4,98.1,0.0,64.0,7.5,6.0,76.8,30.6,17.2,8.9,53.5,3.2,2.2,6.299999999999999,4.2,2.6000000000000005,6.9,10.9,4.4,18.5,12.8,5.2,19.0,0.0,0.19999999999999996,0.19999999999999996,63.7,31.7,50.0,1.1
88.7,30.8,1025.0,1324.1300000000008,92.9,65.8,94.7,83.7,86.3,47.6,88.5,77.9,20.2,89.0,45.1,10.4,0.30000000000000004,1.0,79.6,44.1,39.9,19.7,9.2,58.1,32.0,65.1,48.0,91.3,48.2,14.9,97.6,70.9,67.2,3235.0,89.6,85.1,3.2,87.5,8.4,8.2,77.1,78.6,84.8,78.5,5.0,100.0,87.4,9.203,100.0,0.0,68.2,7.8,3.5,47.2,14.6,7.699999999999999,7.199999999999999,74.0,7.6,3.3,12.1,12.2,7.9,24.6,11.5,2.7,17.4,17.2,3.4,24.7,0.2,0.0,0.0,58.3,38.8,17.6,2.1
73.8,40.597,1143.0,1036.0,81.7,55.7,77.818,70.6,75.1,20.700000000000003,97.3,65.6,33.3,80.0,24.699999999999996,19.9,4.8,11.9,41.542,26.305999999999997,17.506,25.897000000000002,15.176000000000021,70.4,31.4,44.0,43.1,79.2,32.7,19.8,88.1,34.963,33.209,2917.0,42.2,31.9,7.7,50.7,6.199999999999999,8.3,59.7,84.1,77.0,72.0,4.799999999999997,90.9,72.3,22.4,93.3,2.3,63.2,13.7,4.8,81.16100000000004,25.7,9.6,15.4,59.1,3.8,3.5,8.8,4.4,2.8,7.8,9.0,3.3,18.0,8.6,3.2,15.5,0.09999999999999998,0.5,0.4,64.7,36.9,44.8,1.2999999999999998
85.1,40.597,1038.0,984.0,79.2,49.0,85.0,80.5,87.8,13.424,97.3,60.1,34.8,87.4,16.4,30.3,6.5,12.899999999999999,48.9,26.305999999999997,17.506,25.799999999999997,15.176000000000021,72.8,43.4,45.3,64.0,81.6,51.6,21.0,97.3,42.0,41.4,2947.0,41.715,36.1,7.2,50.7,4.699999999999999,8.3,62.5,77.4,68.2,66.4,0.7000000000000028,86.7,71.5,12.3,95.9,0.8999999999999999,63.4,10.1,6.5,81.16100000000004,28.5,14.6,8.7,57.8,2.6,2.6,5.6,4.3,2.7,7.6,9.1,4.8,16.0,11.8,3.8,16.4,0.0,0.8,0.19999999999999996,73.3,34.4,50.2,1.6
97.18800000000002,25.1,1052.0,1042.0,99.3,86.2,99.7,98.3,96.1,95.4,99.2,37.5,8.7,98.9,60.7,3.1999999999999993,0.8999999999999999,2.0,92.7,26.305999999999997,21.0,24.0,14.0,44.4,12.0,82.8,68.5,82.3,58.5,12.1,93.1,73.4,33.209,9812.0,97.4,76.3,0.2999999999999998,97.8,18.2,14.2,66.4,76.3,79.4,71.4,16.6,81.6,77.9,28.6,93.7,6.3,71.6,7.1,0.8,58.5,17.0,3.8000000000000007,29.7,46.0,6.8,6.8,15.2,7.2,6.8,17.3,14.1,2.7,23.4,19.8,6.8,33.6,4.7,10.8,1.6,68.7,25.8,54.7,0.9999999999999998
93.3,27.2,944.0,726.0,100.0,98.3,100.0,98.6,98.3,79.4,99.8,64.9,4.9,97.7,47.8,11.0,1.4,4.6,95.0,50.0,49.6,11.2,8.3,70.0,24.9,80.0,63.4,85.9,74.3,12.5,100.0,72.3,52.1,4336.0,96.7,91.5,1.6,97.5,6.599999999999998,5.800000000000001,85.3,87.0,90.5,90.5,2.3999999999999986,97.6,92.7,30.4,100.0,0.0,63.1,0.7999999999999998,0.0,70.7,3.5,5.800000000000001,22.9,52.1,6.9,5.8,13.4,7.4,6.1,13.9,9.1,4.5,16.1,13.9,3.9,19.6,0.6,3.7,0.19999999999999996,73.797,21.3,62.682000000000016,1.6
93.9,28.6,1002.0,860.0,99.8,96.3,99.1,95.3,96.8,87.5,99.7,61.1,1.4000000000000004,96.9,41.7,13.7,1.6,2.2,94.3,38.1,37.9,15.6,11.7,73.9,18.7,72.7,66.0,76.4,67.7,13.3,97.8,71.5,41.8,4834.0,91.4,82.9,2.7,93.2,8.4,7.5,80.4,91.4,85.2,79.9,0.0,88.1,83.1,32.6,97.4,0.0,65.7,1.2000000000000002,0.8999999999999999,63.0,24.5,5.9,26.0,48.8,9.0,5.8,15.7,6.6,6.6,13.8,10.3,4.0,16.5,16.9,5.7,24.3,1.9,6.3,0.7,73.797,21.7,62.682000000000016,0.8999999999999999
79.9,32.8,1051.0,1131.0,99.3,85.4,89.0,82.2,90.3,56.3,97.0,31.3,3.5999999999999996,76.0,32.2,16.0,2.6,9.2,71.0,29.700000000000003,29.1,17.3,13.0,59.1,11.3,51.5,33.0,72.609,50.7,7.400000000000006,93.8,46.2,33.209,7318.0,53.7,48.4,9.3,59.9,3.8999999999999986,5.4,70.2,91.7,74.1,72.6,0.0,79.333,76.8,23.2,96.9,0.0,55.1,2.7,0.5,60.9,7.4,7.1,14.1,44.4,6.6,4.3,11.4,9.0,5.5,15.4,8.2,3.2,13.0,12.9,5.4,20.3,1.5,2.7,0.5,73.797,27.2,62.682000000000016,0.8999999999999999
89.8,24.6,1004.0,876.0,100.0,86.6,98.0,96.0,95.6,79.9,99.0,46.5,2.0,91.6,46.3,4.800000000000001,0.8,3.8,91.4,33.0,33.0,15.4,12.5,62.8,13.0,68.8,56.7,79.9,64.7,9.7,99.2,67.1,39.4,5717.0,82.7,69.4,3.9,80.2,5.400000000000002,6.0,73.8,84.1,85.0,85.0,0.0,79.333,85.0,14.0,100.0,0.0,61.3,4.0,0.8,63.8,7.4,6.199999999999999,20.6,48.9,7.4,4.9,13.5,9.9,6.0,17.1,7.7,3.6,13.9,12.7,5.2,20.0,0.4,2.2,0.19999999999999996,73.797,19.2,62.682000000000016,0.8999999999999999
90.7,30.7,991.0,794.0,99.1,88.4,97.9,97.3,92.7,73.3,99.4,61.7,1.3000000000000007,89.6,40.0,16.8,1.1999999999999997,10.3,89.0,41.6,41.3,17.0,14.0,62.6,15.8,64.5,52.5,80.7,68.8,4.5,98.9,63.9,44.9,4150.0,75.0,71.8,7.1,81.1,3.5,3.5,85.9,85.7,95.2,91.1,2.5,98.5,95.2,19.2,100.0,0.0,60.8,0.7000000000000002,0.0,56.8,4.0,4.1,21.8,53.1,5.7,5.0,11.4,8.0,4.6,13.4,10.1,2.4,14.3,16.5,3.1,21.0,2.4,4.900000000000001,0.8,73.797,26.2,62.682000000000016,0.3999999999999999
92.2,31.7,994.0,1171.0,97.5,75.3,99.7,95.2,91.5,83.7,98.7,44.2,4.0,95.1,50.2,11.8,2.7,4.7,83.0,26.305999999999997,21.699999999999996,22.5,15.176000000000021,43.9,22.2,60.7,35.5,72.609,51.4,10.0,96.9,59.6,33.209,7521.0,73.8,70.3,10.0,80.5,9.5,10.6,60.3,84.8,60.815,58.2,1.8999999999999986,79.333,65.5,20.4,98.5,0.0,68.0,7.6,0.6000000000000001,46.4,7.8,9.3,18.9,42.5,4.7,4.1,9.5,6.0,3.2,9.3,8.4,3.1,13.0,16.2,5.2,22.9,1.8000000000000003,4.900000000000001,0.7,73.7,21.0,62.682000000000016,0.6000000000000001
96.8,29.0,981.0,1084.0,100.0,93.4,99.3,97.7,98.2,81.8,98.7,58.8,1.5,99.197,43.1,7.199999999999999,1.3,3.0,93.2,40.0,39.4,15.9,11.8,59.8,17.3,77.6,60.3,85.1,73.0,12.000000000000002,99.3,86.2,43.0,6449.0,96.2,90.7,0.6000000000000001,96.8,13.9,13.0,84.7,93.0,84.7,84.2,0.0,89.8,85.8,28.6,100.0,0.0,65.9,3.2,0.2999999999999998,58.8,12.7,5.9,24.0,47.4,7.0,5.8,14.2,7.2,5.6,13.8,7.7,2.5,11.603,12.5,3.1,17.7,1.5,8.0,0.8,73.797,22.4,62.682000000000016,0.3999999999999999
89.8,24.5,1010.0,911.0,80.2,61.6,99.8,92.4,81.1,84.2,98.7,6.515000000000001,5.3,86.6,52.5,4.400000000000002,3.0,3.3,84.9,46.9,38.4,14.3,5.8,36.7,7.300000000000001,71.4,50.1,86.4,14.899999999999999,9.3,82.3,68.7,64.7,7330.0,73.7,43.2,9.4,80.7,14.6,14.1,55.9,63.8,73.2,71.1,7.199999999999999,85.1,74.6,13.100000000000001,85.5,14.5,49.4,2.2,0.6000000000000001,53.1,11.2,9.6,21.1,59.9,6.8,4.7,12.0,5.6,7.4,14.1,11.0,5.2,18.6,12.0,6.9,20.8,0.0,0.19999999999999996,0.7,44.0,25.7,16.4,1.7
77.4,32.4,954.0,871.0,72.3,28.1,97.9,90.9,83.1,16.4,99.7,8.8,3.5,73.7,22.0,22.5,2.4,9.0,69.1,42.5,32.7,17.3,10.2,66.1,9.7,39.90899999999999,14.524000000000001,72.609,9.921,1.9059999999999988,92.4,34.963,33.5,6288.0,41.715,33.8,11.9,50.7,2.806000000000001,5.1,47.512,73.5,60.815,55.11500000000001,9.8,82.1,66.2,21.4,91.3,2.1,42.3,7.9,1.6,55.5,13.9,13.9,9.3,58.7,5.7,2.0,7.8,7.0,3.7,11.7,10.2,4.1,15.3,15.3,5.2,22.0,1.1,1.2,0.9,44.2,15.8,10.1,0.9999999999999998
90.4,18.7,954.0,1075.0,78.3,42.8,99.5,89.9,87.4,61.7,99.7,26.7,16.1,95.2,70.9,1.5,1.0,1.2999999999999998,92.6,60.7,46.7,9.1,7.199999999999999,51.5,11.6,61.9,28.299999999999997,94.3,17.2,1.9059999999999988,95.2,58.9,55.6,4970.0,66.9,44.7,12.2,78.9,4.300000000000001,5.199999999999999,82.8,90.2,88.7,88.7,17.8,100.0,86.6,20.9,89.2,0.0,76.8,0.7000000000000002,0.8999999999999999,60.3,19.0,11.7,11.6,60.3,3.6,2.8,6.6,6.0,3.8,9.9,15.2,9.8,25.7,19.8,11.2,31.1,0.4,0.10000000000000009,0.4,47.9,27.4,14.4,1.2000000000000002
81.2,28.8,969.0,922.0,67.5,21.018000000000008,99.1,76.3,86.6,13.424,98.6,38.3,1.6000000000000014,82.0,23.8,11.0,3.9000000000000004,6.5,68.8,66.5,56.3,4.3,2.9,55.0,9.399999999999999,42.3,15.399999999999991,75.5,9.921,1.9059999999999988,91.6,34.963,33.209,7152.0,41.715,37.8,5.9,50.7,3.6000000000000014,9.4,53.0,64.8,64.7,58.2,5.5,88.3,73.3,16.5,97.3,2.7,46.8,6.1,1.2,62.3,21.0,14.4,7.0,41.7,6.0,3.8,10.2,9.6,4.7,14.5,14.1,7.2,22.6,20.5,8.7,30.0,0.6,0.8,0.7,54.0,24.0,7.9,0.5
88.0,20.4,1041.0,1075.0,85.6,29.700000000000003,97.7,97.4,96.7,46.2,98.7,22.3,7.3,94.0,55.8,6.0,2.6,0.7000000000000002,90.2,66.7,52.5,6.4,3.4,70.3,11.399999999999999,51.6,18.200000000000003,91.7,12.5,4.100000000000001,96.6,47.39999999999999,47.3,6242.0,51.5,47.3,12.2,61.7,3.8000000000000007,8.0,92.0,95.6,99.0,96.0,9.3,96.8,100.0,36.6,100.0,0.0,51.3,2.3999999999999995,0.8999999999999999,56.5,0.03000000000000025,11.3,15.2,73.0,4.6,3.8,8.6,4.5,5.5,10.1,14.7,7.9,23.2,21.6,6.9,28.9,0.4,0.0,0.0,53.0,23.4,22.2,0.3999999999999999
79.4,23.5,1006.0,775.0,71.4,50.9,96.4,86.7,86.4,13.424,99.5,39.3,4.500000000000001,78.2,24.3,3.0,2.6,2.8,66.5,68.7,55.6,3.7,0.7999999999999998,79.8,11.2,44.6,14.524000000000001,78.0,10.600000000000001,6.400000000000002,95.8,34.963,33.209,5533.0,41.715,25.603,9.5,50.7,2.806000000000001,2.3000000000000025,62.4,69.4,79.1,70.9,2.799999999999997,87.1,83.4,30.6,97.0,0.0,46.9,4.7,1.6,53.1,1.6999999999999993,8.7,9.400000000000002,73.8,5.2,3.7,9.0,7.4,5.5,13.0,13.1,7.1,20.4,25.3,10.0,35.7,0.3,0.30000000000000004,0.0,52.4,23.7,6.9,0.20000000000000018
81.1,28.5,1079.0,896.0,78.7,21.018000000000008,98.2,92.5,89.4,31.4,99.5,6.515000000000001,4.299999999999999,77.6,35.5,9.1,5.0,4.4,68.1,58.6,42.0,6.200000000000001,4.5,75.9,8.2,45.1,14.524000000000001,85.1,9.921,2.1000000000000014,97.3,46.9,45.1,4945.0,43.5,38.7,9.600000000000001,52.5,2.806000000000001,4.300000000000001,63.3,76.4,71.2,65.1,0.3999999999999986,86.8,74.2,12.5,94.7,0.0,44.2,3.4,0.5,58.5,9.0,6.6,16.4,65.9,4.1,3.7,8.0,7.5,7.0,14.6,13.2,5.1,19.8,19.7,7.2,27.7,0.2,0.30000000000000004,0.19999999999999996,49.2,26.1,13.4,1.4000000000000001
80.5,24.3,1021.0,880.0,70.3,31.200000000000003,99.4,98.1,90.1,24.2,98.3,24.9,9.2,85.8,39.4,6.5,5.8,4.3,71.1,56.3,47.1,6.5,3.5,63.1,11.3,50.1,14.524000000000001,83.8,13.5,5.599999999999998,97.6,39.6,34.9,5886.0,41.715,29.200000000000003,13.8,50.7,2.806000000000001,3.6999999999999993,54.6,71.2,65.3,57.3,2.1000000000000014,87.6,71.8,26.4,100.0,0.0,42.2,1.8999999999999995,1.1,64.8,15.9,14.8,14.1,59.8,5.1,3.9,9.0,7.5,5.8,13.4,14.8,10.3,25.9,21.1,12.2,33.8,0.0,0.0,0.0,45.5,24.1,9.9,0.8999999999999999
80.5,32.8,946.0,902.0,66.0,26.5,96.6,90.4,92.0,19.700000000000003,98.2,22.0,5.5,77.8,27.0,10.4,3.8,6.7,72.8,52.6,37.4,12.9,5.9,51.7,7.900000000000002,39.90899999999999,14.524000000000001,72.609,9.921,1.9059999999999988,90.9,34.963,33.209,3394.0,41.715,34.1,4.8,50.7,2.806000000000001,4.300000000000001,47.512,58.8,60.815,55.11500000000001,1.8999999999999986,79.333,63.748000000000005,9.8,94.6,2.1,37.8,5.5,1.8,69.4,14.8,15.9,10.799999999999999,58.8,4.3,1.9,6.4,7.0,3.3999999999999995,10.5,12.3,7.8,20.4,17.1,6.8,24.3,0.7,0.9,0.5,50.2,18.5,14.9,0.6000000000000001
85.8,21.4,1105.0,1245.0,78.9,47.5,99.7,83.4,88.5,41.2,98.9,20.6,2.1999999999999993,91.6,45.3,3.1999999999999993,1.7,5.2,90.6,64.6,50.1,3.2,1.3999999999999995,58.1,10.8,57.8,34.7,77.6,12.899999999999999,4.400000000000002,96.8,50.7,45.4,5531.4,43.6,25.603,13.8,63.5,10.1,11.0,47.512,57.10000000000001,61.3,55.11500000000001,9.8,79.333,66.4,30.1,88.0,12.0,44.89999999999999,3.6,1.6,48.5,27.7,8.8,18.3,44.0,6.2,5.8,12.2,10.4,8.2,18.8,16.0,7.6,24.3,23.2,12.0,35.7,0.0,0.0,0.0,50.4,27.2,12.9,1.1
87.4,22.2,1132.0,1207.0,59.86,51.0,99.4,91.0,88.9,18.6,99.1,18.1,0.0,87.1,40.2,4.0,5.3,3.4999999999999996,86.8,68.8,56.5,2.8,0.7999999999999998,70.4,14.8,46.5,14.524000000000001,81.3,9.921,2.3000000000000007,90.7,34.963,33.209,5523.799999999999,41.715,32.2,6.3,50.7,7.6,19.4,60.7,75.1,72.1,72.3,11.100000000000001,82.2,76.4,28.9,98.5,1.5,37.8,1.7999999999999998,0.0,38.4,15.5,5.6,8.9,74.9,5.7,5.3,11.1,5.2,4.6,9.9,21.994000000000007,10.5,33.2,28.994000000000007,11.8,41.2,0.4,0.19999999999999996,0.7,48.9,21.3,8.0,0.20000000000000018
84.4,23.9,901.0,994.0,93.0,87.1,99.8,99.7,77.0,98.8,96.8,22.6,24.8,83.5,57.1,11.2,0.8,4.0,97.5,68.5,49.8,9.4,3.3,59.8,11.900000000000002,70.4,73.1,88.3,62.2,43.3,94.0,84.9,90.1,2313.0,92.2,69.3,0.0,90.9,25.3,20.2,82.1,94.1,89.7,87.2,15.5,94.8,89.9,36.9,94.6,5.4,48.8,11.0,3.1,47.6,23.4,10.400000000000002,44.8,66.9,4.5,5.7,11.7,6.0,7.9,15.8,15.7,7.0,26.5,25.3,12.9,41.5,1.1,1.5,2.5,27.8,19.8,3.4000000000000004,0.2999999999999998
84.4,24.6,885.0,820.0,95.5,94.7,99.5,98.4,78.0,99.0,98.1,30.7,9.5,83.0,57.2,12.8,1.9,1.2999999999999998,96.7,81.9,60.3,2.5999999999999996,0.7999999999999998,87.6,23.3,85.7,89.7,97.1,76.7,53.9,96.6,90.0,88.4,2735.0,92.6,68.2,2.4,94.9,25.2,20.1,74.6,80.9,81.2,77.8,40.8,95.7,90.4,37.0,89.1,10.9,58.7,14.2,4.5,60.3,22.8,11.9,41.3,79.1,4.6,5.1,11.7,4.1,7.0,12.9,16.6,6.2,25.8,22.2,9.4,33.8,0.2,0.10000000000000009,0.0,25.0,19.8,1.5,0.3999999999999999
85.9,25.3,881.06,898.0,94.9,84.8,100.0,99.1,69.4,98.3,98.1,25.199999999999996,22.9,81.8,57.9,10.2,0.0,5.2,97.2,77.0,59.9,5.3,1.7999999999999998,66.7,16.4,83.2,80.1,93.8,69.7,51.7,96.8,86.4,85.6,2527.0,91.8,63.4,1.4,92.8,23.4,19.1,82.2,87.5,95.0,87.1,40.3,100.0,93.4,37.0,95.8,4.2,55.4,6.3,5.2,48.6,15.1,12.8,41.8,58.3,4.0,6.0,12.0,4.8,6.8,12.7,14.8,7.0,25.8,21.8,10.8,33.8,0.7,1.5,1.2,29.0,28.2,2.4000000000000004,0.0
82.7,25.8,906.0,936.0,95.6,91.3,99.9,98.2,89.5,99.0,96.3,19.4,14.6,83.8,59.8,5.000000000000002,0.6000000000000001,1.6000000000000005,98.6,79.0,57.8,5.1,1.7000000000000002,72.4,20.5,81.6,86.2,95.5,78.1,55.8,94.3,82.6,85.9,1991.0,89.2,68.3,1.1,89.8,23.5,19.5,86.4,83.2,93.4,89.2,43.6,95.7,91.6,31.3,92.3,7.699999999999999,42.8,11.5,2.3,50.3,31.799999999999997,9.6,43.3,64.7,3.6,7.5,12.9,3.8000000000000003,9.6,14.5,16.6,7.5,27.2,24.9,10.1,37.0,0.0,1.0,0.0,24.1,14.6,3.0999999999999996,0.20000000000000018
84.2,24.4,904.0,878.0,96.9,93.2,100.0,99.7,88.2,99.0,97.6,28.2,3.700000000000001,85.0,62.9,10.1,0.7,3.7,95.6,80.0,60.5,5.3,1.6,58.0,17.8,84.8,77.9,94.0,65.6,48.3,97.9,86.1,85.1,2703.0,94.0,62.6,1.8,95.5,22.3,18.7,78.3,78.0,83.4,79.7,14.8,95.4,88.6,39.1,91.7,8.3,54.4,10.8,8.8,48.4,14.1,9.0,43.2,60.9,5.0,7.9,14.4,5.9,7.6,14.7,14.3,5.1,24.1,20.8,6.3,29.9,0.2,0.40000000000000013,0.0,24.1,22.0,1.3000000000000007,0.3999999999999999
80.8,25.9,905.0,1084.0,92.1,77.7,99.8,99.3,70.2,98.1,93.8,18.1,10.2,80.0,53.9,17.0,1.0,8.2,94.8,57.4,47.3,15.7,5.8,82.4,13.1,55.0,50.6,87.4,55.7,41.7,85.6,68.9,73.4,2935.0,89.7,60.5,4.7,91.3,21.7,14.6,66.2,76.2,81.8,78.1,14.5,96.3,88.7,43.6,92.1,7.9,47.3,12.7,5.7,46.9,19.5,9.2,41.8,61.5,4.0,4.8,10.6,5.8,6.1,13.9,11.6,6.0,21.3,20.7,9.5,32.9,0.9,1.1,1.0,30.3,23.5,2.799999999999999,0.3999999999999999
83.1,23.2,935.0,976.0,95.1,85.5,99.9,99.8,83.4,99.0,96.4,21.5,24.9,83.9,58.4,7.299999999999999,1.9,3.6,96.6,78.0,56.1,4.6,2.1,79.3,22.1,80.8,88.9,96.0,67.8,37.5,93.6,91.5,92.3,3703.0,95.8,74.5,1.4,97.2,22.2,17.8,82.5,75.5,89.5,87.5,37.7,100.0,90.6,29.0,92.1,7.9,67.8,8.7,4.5,50.0,8.5,11.0,42.8,83.9,3.6,6.4,12.3,4.4,6.3,12.5,15.3,6.9,26.1,23.1,9.8,35.0,0.4,0.8,0.4,24.6,18.1,1.8000000000000007,0.7000000000000002
83.9,22.1,949.0,951.0,95.7,93.7,99.7,100.0,83.8,99.0,96.8,24.5,12.7,84.9,65.5,7.5,1.4,2.6,98.7,84.1,65.2,2.5999999999999996,1.0000000000000004,86.9,26.1,84.2,83.2,96.0,78.8,53.0,96.2,92.3,92.0,3186.0,96.1,60.6,1.7,97.8,23.8,18.6,64.6,62.3,78.3,78.3,35.4,90.0,83.3,45.9,79.309,20.38800000000001,74.1,10.6,4.9,70.1,13.5,7.699999999999999,33.0,80.7,3.7,5.0,9.9,4.8,4.3,10.3,15.8,5.3,23.7,19.5,6.6,27.8,0.2,0.6,0.5,20.8,19.5,1.5999999999999996,0.7999999999999998
86.6,22.8,881.06,701.0,95.8,95.4,100.0,99.7,86.2,99.0,96.8,37.7,22.5,87.5,68.4,7.5,1.3,4.7,98.6,78.5,60.8,4.6,1.5,76.9,23.9,83.8,91.0,94.7,74.8,54.9,96.2,92.4,88.3,2404.0,92.5,52.8,0.5,93.0,29.4,17.0,77.3,74.2,87.2,85.8,26.7,98.0,91.6,32.8,80.4,19.6,58.1,6.9,9.097000000000003,51.8,18.5,9.0,42.9,61.5,3.8,7.4,12.6,7.4,8.6,17.0,13.3,3.0,19.5,16.7,7.7,26.5,0.0,0.5,1.6,27.4,23.0,1.8000000000000007,0.6000000000000001
83.5,22.9,922.0,985.0,98.3,87.5,99.9,100.0,89.5,97.7,98.6,28.7,23.3,86.1,61.6,6.6,1.1,1.5,97.2,83.2,62.0,2.5999999999999996,0.7999999999999998,64.4,10.2,82.7,85.6,97.8,70.8,49.2,96.6,82.9,81.3,2426.0,82.0,52.6,7.1,90.0,24.5,18.2,86.2,85.1,93.0,91.1,49.3,100.0,95.4,48.1,80.4,19.6,37.8,9.5,0.8999999999999999,46.6,19.9,10.099999999999998,40.0,75.6,4.8,6.5,12.1,5.8,9.4,15.9,15.2,4.5,22.3,22.3,6.1,30.4,0.2,0.40000000000000013,0.4,28.2,25.1,3.8000000000000007,0.7000000000000002
83.3,25.4,953.0,932.0,90.7,88.8,100.0,99.8,76.8,99.0,96.3,21.0,16.1,82.3,56.3,10.5,3.4,1.2000000000000002,96.1,75.4,56.6,7.0,1.5,62.9,9.2,65.3,67.1,91.7,67.5,49.2,90.5,86.9,91.4,1750.0,91.8,57.7,2.8,93.9,22.5,14.4,67.5,78.4,76.3,74.5,11.0,98.5,89.7,33.8,85.0,13.6,47.6,10.7,7.3,47.8,15.9,10.5,40.6,59.6,4.5,6.2,12.9,5.2,7.5,14.4,13.3,6.7,23.8,23.3,9.1,34.1,0.0,0.40000000000000013,1.9,28.5,24.3,2.0,0.5
73.2,24.5,1027.0,868.0,85.5,68.7,96.7,76.2,66.4,23.8,97.1,63.1,10.6,72.4,33.7,25.0,0.3999999999999999,12.2,86.5,84.697,52.6,2.9000000000000004,1.5,62.0,11.900000000000002,78.7,83.7,97.0,53.7,21.6,99.6,84.8,85.1,3832.0,85.7,67.6,4.1,89.8,18.4,10.3,87.0,86.5,94.3,94.3,83.2,98.2,96.1,38.3,98.5,0.0,88.9,12.0,4.5,67.4,18.7,20.6,22.7,63.6,8.4,6.5,16.1,8.1,9.1,18.2,10.2,3.7,18.9,13.5,4.6,21.1,0.0,1.8,0.0,56.9,32.9,17.2,3.9
69.3,23.9,1056.0,919.0,93.3,74.3,97.8,92.9,66.3,32.6,98.2,44.0,9.0,68.1,31.4,14.0,0.7,3.7,82.4,77.8,58.6,3.4000000000000004,1.7999999999999998,84.9,30.8,89.1,95.4,97.1,83.0,54.4,100.0,96.5,94.0,4128.0,97.9,90.9,0.3999999999999999,98.2,19.8,14.9,95.8,97.9,97.8,97.8,95.8,97.8,97.8,44.0,98.1,0.0,91.4,2.3,0.7,77.3,27.799999999999997,21.5,15.9,66.2,5.6,4.7,10.8,8.9,6.6,16.0,14.7,2.7,20.1,18.1,3.5,24.4,0.0,0.19999999999999996,0.0,44.2,27.6,23.7,0.7999999999999998
77.1,25.0,1073.0,866.0,92.2,70.5,97.1,98.5,70.9,28.399999999999995,95.2,40.6,7.7,73.8,38.3,26.4,0.0,8.3,85.1,68.3,49.7,9.3,2.8,59.0,21.7,62.5,56.6,94.0,36.0,20.7,98.2,87.6,86.9,7183.0,97.6,80.8,0.3999999999999999,93.5,35.0,26.8,94.1,85.0,100.0,100.0,86.3,100.0,100.0,36.3,100.0,0.0,85.5,18.3,5.9,51.0,17.5,23.9,21.6,57.2,5.5,5.1,12.2,5.4,7.4,13.8,12.1,5.9,22.9,20.2,6.6,29.5,0.4,1.4,0.8,44.9,20.2,29.799999999999997,4.3
72.1,22.2,957.0,950.0,93.9,76.2,98.4,98.0,61.9,31.9,99.0,45.5,9.3,71.6,37.4,8.6,0.3999999999999999,3.3,84.6,75.4,55.7,5.1,1.6,80.9,28.0,80.9,70.1,90.9,52.2,25.3,100.0,92.7,94.0,4112.0,99.6,91.9,0.0,96.2,29.5,26.0,95.9,97.9,98.1,98.1,96.3,100.0,97.8,55.3,98.2,1.9,90.9,4.0,2.8,67.6,15.3,19.0,19.9,57.5,7.5,7.8,15.7,6.5,8.3,15.4,14.2,5.1,22.6,17.6,4.8,24.3,0.4,0.40000000000000013,0.9,40.1,28.3,21.2,2.2
68.6,25.9,1009.0,844.0,84.4,66.0,96.3,92.5,52.9,30.9,95.5,44.7,20.0,68.8,29.9,25.3,0.3999999999999999,13.7,79.8,70.7,45.3,5.2,2.1,67.3,28.5,78.8,79.0,95.7,58.3,28.9,99.6,89.6,90.9,4249.0,93.4,86.7,1.6,95.0,13.4,9.9,91.8,92.8,95.3,95.3,91.5,95.1,95.3,48.5,100.0,0.0,93.7,7.0,2.3,68.6,20.0,22.1,18.5,71.7,5.1,5.2,10.8,7.5,7.1,15.0,13.4,5.1,20.9,17.2,5.7,24.0,0.2,1.2,0.19999999999999996,42.7,25.1,19.1,0.8999999999999999
81.2,26.8,1150.0,980.0,91.0,69.0,97.8,100.0,62.0,22.9,98.8,44.9,18.6,80.1,37.0,10.4,1.3,7.2,86.9,72.0,50.4,11.8,5.3,67.8,14.3,75.9,74.9,94.2,53.7,27.1,99.6,89.0,94.4,5596.0,96.1,74.0,2.3,97.2,28.7,13.8,83.7,88.7,97.2,97.2,85.8,95.4,97.2,49.8,100.0,0.0,89.7,13.8,7.9,56.6,22.6,24.7,18.3,58.8,6.5,5.8,13.7,7.0,9.2,17.5,12.5,5.1,21.7,17.0,5.9,26.1,0.4,1.5,0.0,59.8,18.0,34.1,0.2999999999999998
80.6,21.3,1019.0,745.0,95.1,69.8,98.2,92.3,60.2,45.1,98.9,42.3,14.6,80.1,40.9,14.2,0.0,5.7,88.7,84.4,47.0,3.7,1.0999999999999996,53.3,9.8,73.6,84.2,96.2,63.3,28.5,100.0,92.5,92.2,4988.0,98.9,69.5,0.0,98.9,34.6,19.5,90.4,97.0,94.3,94.3,76.7,94.3,94.3,45.7,91.9,8.1,71.7,8.3,8.4,63.7,23.3,15.7,32.5,63.7,7.9,8.8,17.8,8.3,11.3,21.1,12.1,4.6,22.7,16.2,6.8,27.1,0.4,2.9,0.0,51.0,20.2,25.800000000000004,0.5
71.8,25.0,1053.0,822.0,92.4,67.9,95.3,86.2,69.9,18.4,98.8,57.5,9.8,66.7,31.3,19.2,0.8999999999999999,8.5,79.4,74.1,42.8,6.799999999999999,2.4,71.4,21.0,75.2,77.5,94.2,60.2,31.7,100.0,88.5,89.0,4319.0,91.2,76.6,3.7,90.8,15.9,10.3,99.94300000000005,97.1,100.0,100.0,96.88200000000002,100.0,100.0,47.0,100.0,0.0,80.9,13.4,4.4,71.5,13.0,23.3,13.4,54.7,5.6,4.5,10.7,8.2,7.9,16.9,11.8,5.5,20.1,17.0,7.8,27.5,0.0,0.9,0.19999999999999996,59.2,44.2,20.8,6.9
76.2,25.4,1047.0,895.0,89.5,64.2,96.3,63.4,58.2,28.8,98.0,55.2,19.4,74.1,33.3,23.7,0.8,9.3,84.9,75.9,48.2,8.1,2.4,64.0,23.9,72.4,75.8,95.6,50.9,26.4,100.0,90.7,89.8,5371.0,94.8,72.8,1.3,93.2,30.0,20.9,88.6,86.0,97.7,97.7,95.4,97.8,97.7,44.3,100.0,0.0,86.4,9.5,6.1,70.1,25.3,18.9,21.8,59.6,7.0,7.1,14.7,5.9,10.8,17.0,13.0,7.4,25.3,15.0,7.3,26.0,0.0,0.6,0.0,56.0,29.6,28.199999999999996,2.6
55.5,28.2,1087.0,999.0,89.9,72.5,94.1,78.1,58.3,28.9,88.3,39.6,7.8,47.6,22.5,28.1,2.0,5.8,75.8,76.2,53.9,5.4,2.2,80.2,26.2,79.3,83.0,99.2,64.9,36.5,99.5,78.2,74.2,3487.0,76.4,71.2,6.0,80.4,13.9,16.5,92.6,97.7,94.4,94.4,92.7,96.5,94.4,54.3,100.0,0.0,80.0,6.4,0.2999999999999998,79.9,18.1,23.5,17.5,68.6,5.6,4.8,10.9,6.2,4.5,12.0,12.6,4.1,19.7,16.4,7.0,24.9,0.3,0.30000000000000004,0.0,36.2,28.8,16.5,5.4
68.6,24.6,1165.0,855.0,97.0,72.8,99.3,89.6,72.9,63.7,98.9,51.9,11.5,69.5,32.6,22.3,0.7,11.4,83.1,59.2,46.7,16.9,5.8,80.1,32.3,77.6,82.7,96.8,67.0,42.2,99.1,89.3,91.1,3823.0,93.0,72.3,1.9,92.4,22.6,13.1,88.5,92.3,90.6,90.6,81.8,96.0,92.3,58.38500000000001,96.1,1.9,88.4,10.6,0.3999999999999999,71.9,20.3,11.2,36.9,68.3,6.6,8.3,15.3,9.1,11.4,21.8,12.4,7.1,23.4,16.6,9.1,29.7,0.3,0.30000000000000004,0.7,45.1,23.5,17.9,0.20000000000000018
84.7,20.4,1095.0,843.0,95.8,57.7,98.2,99.5,60.1,30.5,98.2,56.8,15.4,84.8,46.6,12.0,0.0,2.6,92.8,71.9,38.8,11.5,3.5,56.5,13.5,71.6,82.6,95.4,64.3,33.7,98.2,89.2,92.1,5897.0,98.3,79.1,0.0,96.7,42.2,33.0,91.3,92.9,97.9,97.9,89.4,100.0,97.9,42.1,100.0,0.0,90.6,11.0,7.1,68.8,31.0,12.9,35.5,64.2,6.6,9.1,16.9,7.5,11.6,21.4,14.8,7.1,26.2,19.4,7.4,30.2,0.5,1.6,0.3,51.1,19.1,25.700000000000003,0.3999999999999999
78.7,25.4,1018.0,898.0,91.4,61.9,97.0,92.0,47.4,28.399999999999995,98.7,53.9,8.5,75.8,38.0,11.4,0.8999999999999999,7.7,83.4,76.2,44.9,9.0,2.0,54.1,11.900000000000002,65.2,73.8,94.7,49.0,21.2,99.2,92.4,91.8,5002.0,93.8,74.4,1.7,96.1,25.8,15.0,79.5,70.5,91.0,91.0,67.7,98.2,96.5,44.9,100.0,0.0,90.0,12.0,9.097000000000003,60.8,14.6,24.4,21.3,58.5,6.6,7.7,15.2,7.0,9.6,17.5,13.6,6.1,23.8,17.6,7.2,28.0,0.6,4.6,0.6,58.8,21.9,34.4,3.4
77.8,19.6,956.0,793.0,96.6,78.6,98.1,88.4,70.0,41.8,98.9,37.7,8.1,79.1,40.9,8.5,2.6,1.0,89.1,81.4,50.3,3.7,1.3000000000000003,93.5,25.5,92.6,94.1,96.9,84.7,54.5,100.0,96.4,96.4,5720.0,98.6,66.7,0.3999999999999999,96.8,30.7,18.9,97.6,97.6,97.6,97.6,96.88200000000002,100.0,100.0,48.2,100.0,0.0,92.7,5.9,1.0,73.8,22.0,21.2,27.0,63.0,6.9,8.6,16.6,5.9,12.1,19.0,11.5,4.6,20.4,17.3,5.0,25.3,0.0,0.19999999999999996,0.19999999999999996,45.9,30.4,20.6,2.3
62.5,25.8,1051.0,903.0,85.7,66.5,97.2,96.5,64.4,28.9,97.6,48.6,16.2,61.8,26.5,16.3,0.5,1.8999999999999995,70.5,75.9,48.6,4.0,1.6,80.7,36.1,80.1,82.9,96.8,61.0,32.2,99.4,94.0,90.1,2271.0,92.8,84.7,2.2,92.2,13.2,12.8,91.3,91.3,91.3,91.3,90.9,100.0,98.1,41.1,100.0,0.0,91.6,4.2,2.7,68.9,17.9,23.8,15.0,58.1,5.2,6.0,11.7,7.2,6.9,14.4,16.5,7.8,26.4,18.7,6.1,26.2,0.0,0.0,0.0,50.5,30.1,23.2,0.7999999999999998
64.2,29.0,1052.0,985.0,89.4,74.4,96.6,64.4,52.4,24.1,97.7,54.5,8.2,68.5,28.1,20.0,1.1,4.2,75.3,76.7,49.6,4.5,2.5,72.0,24.4,74.7,81.1,97.6,72.5,42.7,100.0,90.6,90.5,2210.0,93.9,92.4,1.4,94.9,10.0,9.7,96.8,94.0,98.4,98.4,96.88200000000002,100.0,100.0,47.0,100.0,0.0,87.2,5.3,1.4,76.5,21.8,21.0,15.7,71.8,4.7,5.2,10.5,7.1,4.9,12.3,16.8,5.7,24.4,17.7,6.2,24.8,0.2,0.40000000000000013,0.19999999999999996,52.0,31.3,25.5,1.5
84.3,25.1,1127.0,860.0,96.3,67.6,99.5,99.7,57.3,27.9,98.9,50.0,12.8,84.4,42.5,9.4,0.8,1.7999999999999998,85.6,64.7,34.3,12.3,4.2,48.3,22.0,76.2,77.1,90.8,54.2,24.5,99.1,85.5,91.7,7842.0,96.7,77.3,1.7,94.6,25.3,16.7,82.8,93.5,91.4,85.9,68.2,93.8,88.9,39.8,94.4,2.8,78.5,10.4,6.5,68.9,23.9,20.5,24.1,59.1,6.5,7.4,15.7,7.7,11.3,21.6,12.4,5.4,21.9,14.2,6.9,24.8,0.6,1.3,0.4,54.9,19.1,30.9,0.5
68.2,27.2,1115.0,984.0,87.5,61.1,91.1,92.9,47.6,27.9,98.4,43.3,6.6000000000000005,64.6,29.5,29.0,2.3,12.2,79.6,77.6,45.8,3.8,1.3999999999999995,67.2,16.9,70.7,57.1,90.9,48.1,22.3,98.3,75.4,72.3,3467.0,80.4,70.0,4.6,79.9,15.3,11.3,86.0,81.4,89.9,89.9,82.3,94.1,94.0,33.1,100.0,0.0,81.9,15.3,2.4,57.9,15.8,25.9,17.0,58.4,5.8,4.7,11.3,7.1,7.7,15.8,14.4,5.4,24.1,18.4,5.2,25.1,0.0,0.19999999999999996,0.0,64.2,43.2,34.9,13.6
84.4,22.2,1024.0,810.0,97.0,84.4,99.5,94.6,73.2,63.3,99.7,43.2,11.6,84.9,43.2,17.1,0.0,5.3,93.5,74.7,42.4,7.4,1.7000000000000002,73.8,28.9,85.1,91.0,98.4,71.7,53.599999999999994,100.0,95.4,93.6,5081.0,97.8,70.6,0.7999999999999998,97.4,37.3,23.8,87.9,87.6,92.9,92.9,87.1,97.4,96.6,48.0,91.8,8.2,89.0,9.9,2.1,73.3,13.2,10.0,39.3,69.0,9.1,11.9,22.1,8.5,14.6,25.0,10.1,3.8,20.2,14.6,5.0,25.1,0.0,0.0,0.19999999999999996,44.7,20.5,20.1,0.5
50.6,29.7,1079.0,1014.0,90.1,60.2,96.2,89.5,39.4,31.5,96.4,54.6,6.8,40.818,17.6,35.5,0.6000000000000001,8.4,67.2,65.4,56.0,6.6,2.9,84.8,44.89999999999999,87.1,79.2,97.6,72.3,45.5,99.7,83.5,83.9,1535.0,82.1,79.2,5.9,86.3,5.0,5.300000000000001,98.0,98.0,100.0,100.0,96.88200000000002,100.0,100.0,44.2,98.0,0.0,89.6,8.3,0.3999999999999999,81.16100000000004,17.7,27.2,9.2,56.1,5.0,2.9,8.1,7.0,5.3,12.7,13.5,6.7,21.1,17.4,6.4,24.5,0.0,0.0,0.19999999999999996,58.0,37.3,32.7,11.5
48.912,34.1,1137.0,981.0,76.8,60.9,95.8,94.7,41.39999999999999,20.9,96.5,47.0,15.6,40.818,15.803,32.4,2.2,11.7,64.7,74.1,53.4,4.4,2.0,82.8,37.1,81.7,82.8,95.0,63.8,34.3,99.1,89.5,86.4,1782.0,90.7,89.9,3.4,93.8,5.699999999999999,6.1,94.8,97.2,97.3,97.3,96.2,100.0,97.2,46.9,100.0,0.0,88.0,3.8,1.1,74.0,21.6,34.497,10.100000000000001,62.8,7.4,3.5999999999999996,11.6,7.4,6.0,13.9,10.5,4.9,17.1,13.5,6.3,20.7,0.0,0.6,0.0,54.9,42.1,33.5,18.4
63.0,26.0,1056.0,837.0,85.1,65.5,90.3,80.1,54.4,16.1,98.9,46.5,10.1,58.6,25.1,31.3,1.3,17.2,76.2,76.3,50.8,5.9,2.5,69.4,18.4,65.9,52.9,91.2,41.7,21.6,98.7,86.3,81.2,2841.0,91.7,90.2,2.4,87.1,8.6,8.6,84.4,85.4,89.6,88.0,86.2,93.2,88.0,39.9,97.0,3.0,78.9,17.5,3.2,58.4,24.6,30.2,14.3,61.3,4.3,3.8,8.8,4.9,6.7,12.3,14.3,8.9,26.1,19.0,7.8,28.8,0.2,0.5,0.0,62.2,45.6,34.9,17.0
52.9,31.8,1060.0,1045.0,87.1,60.4,97.4,99.1,44.1,19.0,96.7,48.4,6.5,40.818,15.803,39.4,1.5,8.3,60.1,77.1,56.3,3.4000000000000004,2.1,86.9,27.5,82.1,87.7,98.9,83.2,48.7,100.0,89.3,88.7,2741.0,87.6,84.6,1.1,87.5,7.199999999999999,6.1,94.8,96.1,96.1,96.1,96.88200000000002,100.0,97.4,48.6,100.0,0.0,86.7,3.6,0.5,79.5,17.0,30.9,8.1,73.4,3.9000000000000004,2.9,7.1000000000000005,5.2,4.9,10.3,15.7,4.0,20.8,18.0,3.4,22.6,0.0,0.19999999999999996,0.0,61.2,36.2,34.4,6.0
76.1,23.1,1083.0,845.0,92.5,71.8,98.3,82.9,67.1,42.3,98.1,49.3,9.6,80.4,27.1,35.7,0.0,10.0,89.6,78.2,43.7,4.6,1.5,81.8,32.2,86.0,90.3,96.1,66.4,49.3,100.0,96.2,96.1,3481.0,98.3,75.2,0.3999999999999999,98.4,28.1,12.2,96.1,96.1,96.1,96.1,91.9,98.2,98.2,50.3,100.0,0.0,92.0,10.6,1.9,76.8,21.8,13.1,30.3,68.5,9.9,9.7,20.7,10.1,12.5,24.0,10.4,5.9,22.0,10.6,5.0,18.8,0.2,1.0,0.0,54.3,20.9,16.9,0.2999999999999998
60.9,27.2,1060.0,1025.0,83.7,63.2,94.6,97.5,58.4,23.200000000000003,99.0,45.3,12.1,53.5,27.3,15.6,1.1999999999999997,3.9,65.0,71.4,54.9,7.3,2.4,73.8,38.3,76.6,71.7,95.4,52.0,21.4,100.0,85.9,86.5,3418.0,89.8,85.1,3.5,92.7,14.0,12.3,97.0,95.9,98.4,98.4,96.88200000000002,100.0,100.0,54.0,100.0,0.0,89.2,7.0,0.8,78.6,26.0,30.7,11.9,54.0,5.5,4.7,10.6,6.2,5.2,12.2,13.9,6.0,21.4,16.7,5.7,23.6,0.0,0.5,0.8,48.6,34.6,23.7,0.8999999999999999
83.3,21.6,1045.0,782.0,94.4,82.8,99.5,98.5,67.3,34.4,97.7,61.5,13.3,86.4,38.1,10.2,0.5,4.0,92.7,74.4,48.6,7.3,2.9,82.6,31.8,83.3,94.9,97.6,76.4,49.2,99.5,93.9,92.4,4812.0,97.7,83.5,0.0,94.9,35.3,28.0,95.8,96.5,97.8,97.8,94.7,100.0,100.0,37.3,100.0,0.0,94.1,11.8,0.0,77.6,22.3,12.9,40.4,64.2,8.9,10.6,20.7,9.5,12.3,23.1,10.6,4.9,20.8,14.3,5.4,23.3,0.2,0.9,0.5,52.6,19.4,25.5,0.0
50.8,30.9,1110.0,951.0,75.6,68.8,96.6,91.3,50.5,30.2,96.5,45.5,8.9,42.0,19.1,33.2,1.4,9.2,63.5,72.7,45.3,6.1,2.6,77.3,30.1,74.1,85.3,94.1,64.3,43.0,99.6,69.7,70.4,1972.0,68.9,63.5,3.5,72.1,8.5,10.7,92.7,92.7,93.7,92.8,92.8,93.9,93.7,53.1,98.7,1.3,90.4,5.1,1.1,74.5,25.2,26.7,14.8,57.3,6.6,5.4,12.8,6.9,8.4,16.0,9.5,7.2,19.5,15.2,8.1,25.1,0.2,0.19999999999999996,0.19999999999999996,47.0,32.5,29.1,4.9
74.6,22.6,1067.0,1061.0,95.1,83.7,98.8,93.0,62.4,42.6,97.8,49.3,4.299999999999999,71.1,36.5,7.4,1.9,0.9000000000000004,86.1,77.1,58.1,9.1,3.6,83.9,24.2,79.0,89.0,90.8,63.1,35.6,100.0,90.5,94.1,4191.0,99.5,88.7,0.5,97.6,25.3,19.3,98.0,97.9,100.0,100.0,92.1,100.0,100.0,51.4,94.2,2.1,91.1,7.6,1.7,59.0,18.0,19.7,21.4,71.2,6.7,4.4,11.7,9.2,6.4,16.6,14.3,5.0,22.2,18.2,4.1,24.5,0.3,0.30000000000000004,0.0,50.8,40.0,22.4,7.6
74.4,23.5,974.0,924.0,95.6,78.3,98.7,94.2,66.7,41.6,98.5,45.8,7.7,76.1,37.8,16.9,0.30000000000000004,6.3,79.1,77.4,57.0,5.8,1.7000000000000002,88.0,25.8,84.3,87.8,97.4,68.8,40.9,100.0,93.1,93.6,5064.0,96.1,83.0,0.3999999999999999,95.0,26.4,20.1,98.0,98.0,98.0,98.0,95.8,100.0,100.0,56.3,100.0,0.0,91.0,5.3,0.2999999999999998,61.0,24.1,20.5,21.7,69.0,6.8,5.9,13.0,6.5,5.6,12.8,15.4,4.6,22.4,15.3,4.0,20.5,0.2,0.5,0.19999999999999996,39.4,21.5,17.9,0.7999999999999998
72.0,21.9,1030.0,809.0,92.2,69.7,97.1,91.5,65.5,40.2,99.4,39.3,5.999999999999999,70.8,35.6,12.900000000000002,0.5,5.4,87.7,79.7,47.9,2.503,0.7999999999999998,77.4,25.1,81.3,73.1,93.1,60.3,27.4,99.1,79.7,82.0,4756.0,91.3,80.3,2.2,88.2,20.8,16.3,82.0,81.5,86.1,86.1,86.1,91.7,88.8,26.2,96.7,3.3,90.1,5.4,3.9,63.2,15.4,21.1,19.6,61.7,5.8,5.7,12.4,5.7,7.3,13.6,12.6,5.4,21.1,17.2,6.5,25.3,0.0,0.19999999999999996,0.19999999999999996,52.2,45.9,21.9,11.5
86.3,21.9,1132.0,884.0,99.1,95.9,99.6,99.9,84.3,81.2,93.0,26.9,33.1,88.8,59.0,7.199999999999999,0.0,0.5999999999999996,99.497,59.7,57.9,10.2,3.7,73.8,28.8,79.2,88.3,90.7,81.4,65.7,99.3,95.0,98.297,2788.0,99.6,67.2,0.0,99.6,45.9,46.2,88.9,96.6,96.8,96.5,11.8,100.0,95.9,33.2,94.4,4.0,76.9,1.6000000000000005,4.1,60.6,18.7,12.7,39.3,61.8,7.3,13.0,22.4,6.5,13.5,22.8,12.1,4.1,20.5,14.5,6.6,24.4,2.5,3.0,0.09999999999999998,19.5,32.4,5.099999999999999,0.0
97.18800000000002,17.3,1164.0,1202.0,99.4,96.8,99.7,98.0,98.997,90.9,99.8,23.6,14.4,99.197,79.18800000000002,2.8000000000000007,1.8,0.7000000000000002,98.5,73.6,65.9,6.799999999999999,4.9,74.1,12.400000000000002,93.7,85.0,96.4,77.9,67.6,94.4,96.8,93.6,8288.0,100.0,45.6,0.0,100.0,27.5,13.4,95.3,95.3,95.3,100.0,17.9,100.0,100.0,38.3,91.5,8.5,84.4,0.7000000000000002,0.0,77.8,34.485000000000014,6.199999999999999,28.8,65.6,10.5,9.2,26.197000000000003,12.2,10.5,28.6,20.2,9.3,33.3,24.8,9.4,37.7,2.1,4.3,1.6,12.600000000000001,23.2,1.0,0.6000000000000001
83.8,20.1,1106.0,963.0,99.6,91.3,100.0,100.0,84.6,95.0,93.8,31.3,20.9,90.1,67.2,5.699999999999999,0.6000000000000001,5.3,99.2,66.5,62.1,11.4,3.1,60.3,24.6,82.2,87.0,91.8,85.3,64.1,98.9,92.1,95.0,3317.0,99.5,81.9,0.5,100.0,32.1,32.0,80.1,87.6,90.7,86.5,4.5,95.5,95.5,57.7,97.9,2.2,82.6,4.5,5.6,52.5,25.2,8.1,48.49400000000001,51.1,7.0,9.1,19.1,6.6,11.8,21.0,11.5,3.5,22.7,20.0,6.1,31.1,5.0,9.2,1.9,14.0,27.3,2.0999999999999996,0.2999999999999998
80.9,21.8,1089.0,1154.0,96.0,94.7,99.8,100.0,84.1,98.6,83.3,29.2,20.1,82.2,51.6,15.9,2.5,4.8,93.1,79.6,78.294,2.503,0.7999999999999998,59.4,34.9,95.5,79.8,97.7,81.0,72.4,98.2,97.1,96.3,2763.0,100.0,53.1,0.0,99.0,59.10000000000001,43.4,79.7,92.4,90.8,90.8,49.4,94.4,93.3,34.3,97.3,2.7,75.8,2.5,0.0,36.6,1.5,8.5,48.49400000000001,65.0,6.3,13.2,22.0,8.9,14.0,24.699999999999996,16.3,7.9,32.2,20.0,8.4,33.3,0.2,0.7000000000000001,2.3,11.006,18.8,0.8000000000000007,0.20000000000000018
78.0,22.9,921.0,1037.0,99.6,90.7,99.9,99.6,86.0,82.9,88.9,26.2,3.5999999999999996,80.2,56.7,9.2,2.0,4.4,96.0,68.9,57.6,9.7,3.7,81.7,24.5,70.9,56.5,85.9,45.1,27.3,98.6,90.1,88.5,3822.0,95.9,49.1,2.9,98.8,43.3,29.7,65.8,74.3,85.2,82.8,60.7,96.1,89.4,18.5,93.2,6.8,66.9,2.9,1.6,56.8,9.1,9.6,42.3,72.4,5.4,7.3,13.5,6.3,6.4,13.0,21.994000000000007,9.4,35.38200000000001,26.6,13.39100000000001,42.99400000000001,0.8,6.5,0.4,11.006,18.3,0.20299999999999935,0.10000000000000009
72.4,21.7,883.0,755.0,96.0,90.9,99.8,99.8,90.7,73.5,93.8,20.7,24.5,77.9,53.1,12.8,0.8,2.6,90.8,69.3,53.6,9.4,3.6,69.4,17.0,75.6,63.8,84.3,56.5,39.6,93.9,86.0,87.0,4033.0,96.7,67.3,1.2,95.3,37.9,33.5,68.5,86.7,88.3,84.1,50.2,92.4,86.8,29.8,83.3,15.0,71.9,11.0,6.0,54.7,22.5,13.0,37.7,78.7,4.8,8.4,14.5,6.6,6.9,13.8,19.1,9.5,32.8,25.4,12.4,40.0,0.5,0.5,0.7,14.0,28.5,0.3000000000000007,0.2999999999999998
68.7,21.5,881.06,820.0,96.4,82.9,100.0,99.1,88.4,78.1,91.5,20.1,5.999999999999999,69.2,41.1,14.2,0.30000000000000004,3.9,84.6,45.3,40.7,17.7,4.9,72.5,16.8,52.1,48.2,77.2,37.5,31.2,90.9,78.7,81.3,5366.0,93.1,60.8,1.8,93.2,29.5,26.8,66.5,74.5,89.3,81.1,32.1,97.9,87.3,38.3,88.0,9.5,57.2,13.0,9.0,52.0,17.4,16.5,37.5,67.7,5.3,6.9,14.0,6.0,7.1,14.5,16.0,9.5,32.2,26.5,13.39100000000001,42.99400000000001,0.8,2.3,0.5,20.3,30.1,1.0,0.5
71.7,23.4,924.0,914.0,97.8,91.8,99.0,92.5,87.5,79.1,94.0,20.4,6.7,72.6,46.5,11.9,2.8,4.7,91.5,56.3,47.7,15.7,5.0,78.4,13.400000000000002,62.6,53.4,86.1,48.1,34.6,92.8,81.7,84.3,3455.0,94.3,66.3,4.4,97.7,26.0,24.0,70.8,81.5,86.5,74.4,41.1,95.7,86.1,24.2,90.1,8.2,76.5,9.4,3.7,47.6,10.9,16.3,39.4,69.1,5.3,9.1,15.1,7.9,7.7,16.5,13.2,7.6,26.1,21.7,10.9,35.4,0.3,0.9,0.7,18.6,27.6,0.20299999999999935,0.20000000000000018
80.1,21.1,899.0,844.0,97.2,97.6,99.6,99.7,87.6,74.3,93.8,35.1,7.6,86.9,62.3,7.299999999999999,0.3999999999999999,1.5,98.0,71.6,44.1,7.7,2.3,66.1,28.4,74.3,76.0,94.4,71.0,54.8,99.5,95.5,93.6,5296.0,96.6,54.5,2.3,98.5,44.8,37.4,83.6,95.9,88.8,88.8,79.5,94.6,90.8,33.8,98.3,1.8,80.7,3.1,0.8999999999999999,61.9,10.2,9.8,48.2,66.8,6.5,9.4,17.2,6.9,8.2,16.1,18.1,8.7,31.8,22.1,10.1,35.1,0.6,2.3,0.8,12.300000000000004,23.6,0.20299999999999935,0.10000000000000009
70.8,23.7,944.0,951.0,96.8,79.9,99.8,97.3,81.8,57.1,97.1,20.6,9.8,69.4,41.3,12.4,2.5,2.6,85.3,68.0,56.3,7.1,2.6,68.6,12.2,65.2,36.5,84.3,38.6,25.9,95.0,84.3,83.6,1803.0,91.7,53.2,3.8,93.7,25.2,18.1,60.5,72.6,87.7,78.9,43.6,93.9,83.1,25.4,94.3,3.9,57.6,5.2,1.8,50.5,14.9,19.4,31.6,63.3,6.0,6.8,13.3,6.2,7.2,14.0,16.8,6.2,27.9,25.3,8.9,36.2,0.2,5.2,0.0,17.5,20.8,0.40000000000000036,0.2999999999999998
72.5,23.7,958.0,892.0,98.0,81.6,99.6,95.6,84.8,68.6,97.6,21.0,8.5,75.4,47.5,10.5,1.0,1.8999999999999995,93.7,77.3,63.3,5.4,1.7999999999999998,70.4,14.8,67.2,48.4,85.0,40.3,22.9,97.2,83.9,84.7,3051.0,95.5,60.1,2.7,97.5,35.6,26.8,74.5,86.5,90.9,88.7,64.0,97.8,89.9,27.9,88.3,11.7,57.6,2.5,4.4,48.7,5.3,12.6,39.2,64.9,5.7,6.9,13.2,6.0,6.0,12.7,18.7,8.0,29.7,20.6,10.6,33.9,0.0,9.4,0.19999999999999996,12.600000000000001,26.4,0.20299999999999935,0.2999999999999998
79.0,23.7,952.0,746.0,98.9,89.2,99.1,97.6,85.4,81.3,95.2,23.5,5.0,82.0,64.6,6.5,1.6,8.2,91.8,58.5,43.3,15.4,6.0,95.47900000000001,27.7,69.4,61.1,94.8,56.1,43.4,98.7,86.0,83.8,3575.0,92.4,47.1,3.4,92.7,47.6,34.4,80.0,90.2,88.6,82.3,66.3,91.8,87.8,27.3,88.2,9.9,80.3,2.3,1.3,50.5,9.9,11.1,41.0,82.6,5.2,8.4,15.1,6.0,6.3,13.8,21.994000000000007,10.891000000000009,35.38200000000001,25.7,11.2,39.2,0.2,0.30000000000000004,0.0,11.006,21.3,0.40000000000000036,0.6000000000000001
89.0,19.9,999.0,970.0,97.7,98.5,99.9,99.9,89.7,77.3,97.4,27.7,18.3,91.3,73.2,4.699999999999999,1.4,1.6000000000000005,97.4,65.6,46.3,11.9,5.7,80.84,22.8,80.1,59.7,95.3,57.8,43.4,100.0,92.9,90.0,3682.0,98.3,50.4,0.0,98.3,43.8,24.7,92.9,97.6,95.3,97.7,83.3,100.0,95.4,29.2,95.6,4.4,69.3,1.7000000000000002,1.3,58.5,11.8,10.8,40.7,75.8,5.3,6.5,12.9,7.6,5.8,13.8,21.994000000000007,10.891000000000009,35.38200000000001,28.994000000000007,13.1,42.99400000000001,0.2,4.3,0.0,11.006,16.4,0.20299999999999935,0.2999999999999998
82.1,21.7,997.0,936.0,97.6,95.5,99.6,99.9,88.2,82.3,94.7,25.9,6.5,86.8,64.4,7.4,2.3,0.7000000000000002,96.8,66.6,40.1,8.8,2.1,81.2,26.9,78.5,72.8,93.2,53.9,39.4,98.8,88.2,86.1,3680.0,92.3,40.8,1.0,93.3,48.3,40.4,91.3,95.6,97.7,97.7,86.5,96.0,97.7,33.9,86.8,10.5,72.8,4.1,0.8999999999999999,54.5,7.7,11.9,48.3,66.3,5.8,10.7,17.8,6.4,7.4,14.8,20.3,8.5,32.5,27.2,8.3,37.5,0.2,3.3,1.0,11.300000000000004,22.5,0.6999999999999993,0.2999999999999998
79.2,21.8,998.0,922.0,98.7,91.7,99.8,99.4,87.7,84.2,93.9,20.7,2.4000000000000004,84.1,60.3,6.9,1.6,2.5,95.6,61.0,47.2,13.4,4.4,86.4,19.5,67.6,51.4,93.4,57.9,39.5,95.3,88.4,86.4,3300.0,95.0,48.1,3.2,93.5,46.0,35.5,65.7,83.4,86.8,81.4,58.6,96.2,90.5,37.2,88.8,11.2,72.9,3.3,2.0,58.5,17.3,11.5,42.4,68.3,6.4,8.4,15.8,7.2,7.4,15.9,19.5,8.6,32.3,24.9,8.8,36.2,0.0,2.3,0.0,11.600000000000001,22.3,0.20299999999999935,0.20000000000000018
81.4,21.3,918.0,964.0,97.8,95.6,99.7,99.9,84.6,83.2,94.9,25.199999999999996,2.1999999999999993,82.4,61.6,6.5,0.8,1.7999999999999998,95.7,69.8,50.5,8.3,3.8,88.9,25.1,61.8,65.2,90.7,67.1,48.7,96.2,82.5,77.3,3157.0,90.1,48.2,4.7,92.4,37.0,22.5,73.2,79.8,79.6,79.6,73.6,91.1,79.7,19.5,82.9,14.1,72.1,5.6,0.0,46.8,14.3,10.099999999999998,45.1,80.8,6.8,7.6,15.3,5.6,8.6,15.5,15.1,6.9,26.3,21.3,8.0,32.2,0.4,0.8,0.3,13.5,20.8,0.5,0.2999999999999998
63.6,23.0,924.0,871.0,98.1,84.3,99.5,99.3,85.4,52.3,97.3,18.4,10.0,67.4,37.5,11.5,2.4,2.7000000000000006,88.0,67.6,57.2,7.2,2.8,66.7,19.0,66.9,49.4,89.9,48.8,31.6,94.9,84.3,83.2,2903.0,88.8,63.8,5.7,93.5,30.3,29.8,79.1,88.8,93.2,89.9,55.5,97.7,89.3,34.0,94.4,3.3,68.5,2.9,5.8,60.7,9.9,16.1,32.9,65.1,5.3,5.7,11.6,4.4,5.8,10.9,17.1,9.6,30.2,25.9,13.39100000000001,42.2,0.3,3.4,0.0,16.9,28.4,0.40000000000000036,0.2999999999999998
72.0,22.8,906.0,1014.0,97.3,87.3,99.9,99.2,87.8,71.5,96.4,23.7,17.0,74.7,45.2,13.1,1.5,4.3,90.5,75.0,60.0,8.0,2.7,70.0,16.7,75.0,58.4,89.4,51.1,33.6,99.5,87.4,88.2,2488.0,93.0,64.1,4.3,95.3,27.3,27.0,80.6,83.7,89.6,77.1,55.1,97.8,87.3,25.6,93.7,6.3,70.5,7.4,6.0,44.3,3.4000000000000004,13.4,33.1,73.2,5.8,8.0,14.9,6.2,6.0,12.8,18.3,9.6,31.2,23.1,10.3,35.3,0.0,0.5,0.0,16.9,30.4,0.3000000000000007,0.5
68.5,23.2,942.0,877.0,96.4,87.3,99.5,97.8,82.9,72.9,95.2,23.9,10.8,71.1,39.8,8.6,3.6,2.7000000000000006,90.5,72.0,59.7,6.200000000000001,2.3,81.9,13.3,71.2,57.9,88.3,47.8,35.2,95.5,88.1,89.4,2177.0,96.4,61.3,1.2,96.0,18.6,16.5,57.6,71.4,76.6,67.8,47.0,93.9,79.5,22.9,93.6,6.4,60.6,7.5,4.0,61.7,9.9,18.4,30.8,68.1,6.5,6.6,13.5,6.6,5.3,12.6,15.1,6.0,24.4,20.9,9.6,32.0,0.0,0.5,0.19999999999999996,20.8,32.0,0.40000000000000036,0.2999999999999998
82.8,20.9,952.0,756.0,98.6,95.8,99.9,98.6,79.2,79.8,96.6,27.0,0.0,88.7,74.0,4.6,0.0,2.7000000000000006,96.8,62.6,42.7,10.5,3.6,81.3,25.1,63.5,52.4,97.3,61.3,43.6,97.9,88.5,82.4,3141.0,94.8,50.9,2.1,95.0,52.9,39.1,77.4,74.5,91.9,89.4,72.1,92.2,91.9,24.2,97.1,2.9,65.8,2.7,0.3999999999999999,41.4,4.7,11.0,40.0,84.7,4.7,9.3,15.1,5.1,4.5,10.1,20.4,10.0,33.0,23.9,7.5,32.5,0.4,0.9,0.5,15.8,24.3,0.40000000000000036,0.2999999999999998
76.9,20.2,922.0,954.0,95.5,92.4,99.7,99.1,88.1,80.4,94.3,33.8,4.299999999999999,76.6,56.0,7.800000000000001,1.3,5.2,95.7,71.7,49.3,7.5,3.8,78.4,22.8,65.5,72.0,90.8,70.4,57.2,93.6,81.8,81.3,3696.0,97.3,57.1,0.5,97.3,48.1,45.7,74.7,93.1,90.8,90.8,81.8,96.3,89.0,20.4,90.0,7.9,78.2,5.8,0.6000000000000001,52.7,8.5,14.0,42.9,76.9,7.5,10.1,18.5,5.5,8.1,14.8,16.7,6.6,28.7,21.0,9.4,34.3,0.2,0.19999999999999996,1.2,11.2,21.9,0.3000000000000007,0.3999999999999999
81.8,21.5,991.0,1022.0,96.6,95.9,99.8,98.5,84.0,63.9,96.9,37.8,7.7,86.6,64.0,2.3999999999999986,0.0,0.5999999999999996,95.8,71.8,49.8,10.8,3.5,58.9,25.2,56.6,65.2,93.0,70.0,56.7,96.7,83.9,79.4,5635.0,97.8,46.2,0.8999999999999999,98.7,39.5,33.7,76.5,82.0,82.7,79.3,79.3,97.6,84.5,32.3,97.4,2.6,73.0,3.2,0.8999999999999999,38.6,3.299999999999999,13.4,45.3,76.7,6.9,11.2,19.5,8.4,11.0,20.7,14.0,7.0,27.2,19.0,8.3,31.9,0.0,0.0,0.4,11.499999999999996,20.0,0.5,0.2999999999999998
84.3,20.9,881.06,855.0,97.5,89.7,99.6,99.9,87.6,88.9,96.8,31.0,11.0,83.5,62.5,10.6,0.3999999999999999,2.9,95.9,76.5,53.6,4.7,2.4,69.6,29.4,81.2,69.0,91.8,70.3,58.8,98.6,87.3,86.6,5710.0,97.4,74.7,0.5,97.9,34.6,34.6,71.1,78.6,85.0,82.9,64.5,96.8,78.7,26.8,91.2,8.8,72.6,5.0,2.5,60.8,18.3,9.5,48.49400000000001,64.3,6.5,9.5,17.1,7.2,9.9,18.1,14.3,6.8,27.7,21.6,8.3,34.0,0.0,1.3,0.0,12.300000000000004,20.9,0.5,0.6000000000000001
73.5,21.2,937.0,798.0,98.4,86.2,99.6,99.7,92.4,69.8,95.3,18.7,14.5,78.3,54.4,8.0,2.0,1.3999999999999995,89.8,57.0,48.2,12.3,3.4,82.8,19.4,66.5,47.7,85.9,48.6,35.5,96.5,86.6,87.9,5693.0,94.7,58.8,4.5,97.7,36.2,34.0,89.6,92.6,93.7,91.3,71.5,95.7,95.9,27.7,94.6,5.4,64.9,6.4,6.6,65.3,3.4000000000000004,14.1,37.6,70.3,3.3,7.0,11.2,5.4,6.5,12.6,19.1,9.5,32.9,26.2,13.39100000000001,41.8,0.7,2.6,0.5,12.7,22.0,0.5999999999999996,0.2999999999999998
82.3,20.9,1004.0,833.0,99.0,97.7,100.0,99.7,91.3,76.4,97.7,23.3,10.8,88.1,65.4,6.399999999999999,0.0,2.8,97.3,66.1,49.4,10.8,4.4,77.8,22.8,79.9,60.5,97.2,66.1,46.8,100.0,96.6,94.7,2450.0,99.3,41.7,0.7000000000000002,100.0,43.6,21.0,99.94300000000005,97.4,100.0,100.0,69.0,100.0,100.0,50.9,92.4,4.8,74.6,1.2000000000000002,0.0,63.7,2.9000000000000004,9.8,41.8,70.6,8.1,6.3,15.1,8.5,6.9,15.8,21.0,9.3,32.7,28.994000000000007,11.900000000000002,42.8,0.3,3.5,0.09999999999999998,11.006,18.7,0.20299999999999935,0.20000000000000018
68.6,25.8,978.0,890.0,99.1,96.4,99.7,95.6,82.0,66.2,97.3,25.0,3.0999999999999996,66.0,40.4,10.7,2.2,5.2,92.0,73.7,60.7,8.0,4.1,80.6,19.2,66.4,60.3,92.7,55.6,41.1,99.0,85.5,83.3,3104.0,96.0,53.2,0.8999999999999999,95.4,36.7,22.1,81.8,87.6,92.6,90.7,57.7,96.4,89.4,32.0,96.4,0.0,71.3,0.9000000000000004,0.2999999999999998,40.6,5.1,12.5,39.0,81.8,5.0,6.8,12.2,4.6,5.3,10.3,18.8,9.3,31.1,22.9,10.7,36.1,0.0,0.30000000000000004,0.7,11.006,23.4,0.20299999999999935,0.5
67.3,26.7,993.0,848.0,96.4,83.4,99.9,98.1,77.5,52.9,97.7,88.7,10.1,68.4,40.2,20.2,3.1,5.5,84.3,60.6,56.6,11.9,5.2,48.1,27.4,80.4,52.8,95.9,39.6,20.7,97.5,82.3,82.0,1986.0,95.1,82.1,2.8,97.9,11.6,9.7,78.9,92.3,91.9,91.9,56.1,96.8,93.5,29.0,95.2,4.8,64.0,4.2,2.9,35.2,5.3,14.2,18.9,59.9,3.8,2.9,7.5,3.3,3.7,7.9,6.8,3.3,14.5,7.800000000000001,2.5,13.1,0.2,0.40000000000000013,0.19999999999999996,38.6,12.4,4.099999999999999,0.20000000000000018
64.0,29.4,991.0,1127.0,77.0,65.0,97.8,97.6,66.0,34.9,92.6,80.8,24.5,63.2,35.1,32.2,5.0,8.0,84.9,54.6,47.3,12.0,5.9,54.7,13.5,55.5,30.0,82.4,16.7,7.0,91.8,72.9,76.2,1829.0,91.3,64.0,1.0,90.8,8.8,6.6,59.4,72.1,71.4,68.8,40.2,92.6,81.0,27.8,97.3,1.2,52.8,6.1,4.0,33.5,9.6,24.3,17.3,53.0,3.0,1.7000000000000002,5.103,3.3,3.3999999999999995,7.199999999999999,13.1,5.3,20.3,15.7,8.7,25.8,0.6,1.5,0.19999999999999996,42.5,13.3,9.7,0.2999999999999998
55.9,31.7,1056.0,835.0,88.0,58.9,93.1,95.6,40.8,21.1,88.4,84.2,4.7,53.1,28.5,25.0,2.8,5.2,61.3,70.4,58.5,8.1,3.1,68.2,39.0,87.0,69.9,95.9,26.4,6.800000000000001,96.7,94.0,95.9,1153.0,97.7,83.8,0.5,97.5,6.400000000000002,4.6,83.0,88.3,91.1,91.1,75.1,98.9,93.5,33.3,100.0,0.0,63.9,3.8,0.5,57.8,10.5,23.3,5.599999999999998,77.0,5.7,3.1,8.9,6.2,4.4,10.8,12.7,3.1,17.1,15.2,3.6,19.4,0.0,0.0,0.0,38.7,18.1,5.8,0.7999999999999998
61.7,28.4,1019.0,1077.0,91.2,60.0,98.3,96.1,59.0,39.6,94.1,89.5,6.8,57.9,24.4,26.8,2.2,3.0,74.7,78.9,71.8,4.0,2.9,66.1,23.0,88.2,79.3,95.1,36.9,11.2,100.0,92.4,94.7,1590.0,97.3,91.4,0.7999999999999998,97.8,6.699999999999999,5.0,89.3,93.4,95.3,95.3,80.3,100.0,96.5,46.1,100.0,0.0,73.9,5.4,8.1,63.0,12.1,20.5,10.100000000000001,53.0,4.5,2.1,7.2,4.8,2.5,7.6,7.6,2.9,12.6,10.6,3.4,15.6,0.0,0.19999999999999996,0.0,57.0,16.2,19.3,0.7999999999999998
67.0,31.4,986.0,877.0,96.0,88.7,95.5,99.9,83.6,26.8,92.5,93.16400000000003,3.4000000000000004,66.3,25.6,20.2,3.5,2.0,86.3,77.9,66.7,5.1,2.8,73.6,26.8,82.7,64.9,96.5,41.7,24.0,99.8,83.3,85.1,1117.0,93.3,86.0,1.2,94.3,4.900000000000002,4.0,92.9,92.8,92.9,92.9,68.9,97.5,92.9,28.4,100.0,0.0,77.7,9.4,1.3,28.6,9.2,19.7,5.599999999999998,50.6,4.3,3.5999999999999996,8.2,5.9,4.2,10.2,6.6,1.7000000000000002,11.603,8.8,1.6029999999999998,12.009,0.0,0.19999999999999996,0.0,49.1,11.4,3.9000000000000004,0.3999999999999999
62.4,31.7,970.0,845.0,79.4,67.7,98.3,93.9,62.7,24.3,89.8,84.8,12.2,61.1,30.3,33.5,4.3,5.1,77.7,61.2,48.4,11.3,4.7,47.9,19.3,55.4,33.2,86.9,13.699999999999996,3.8999999999999986,95.5,75.9,76.8,2773.0,92.1,74.6,1.3,90.8,12.2,7.0,64.1,67.2,80.1,81.2,51.2,86.0,83.0,13.600000000000001,96.8,1.1,44.89999999999999,15.3,3.8,37.9,12.9,23.5,12.4,48.7,3.0,3.2,6.7,3.1000000000000005,3.7,7.7,11.4,4.9,19.1,16.4,4.5,23.6,0.3,1.4,0.6,47.5,12.1,10.5,0.20000000000000018
57.1,29.2,1069.0,802.0,92.4,83.4,99.3,93.1,62.3,26.5,96.2,89.1,10.3,56.4,25.3,41.8,1.3,5.4,76.0,71.1,58.9,7.2,4.6,83.9,25.4,78.0,64.7,97.1,30.4,11.9,99.4,95.7,94.1,1248.0,95.0,87.4,1.0,96.0,5.900000000000002,3.5999999999999996,83.2,87.8,89.1,88.1,78.6,94.6,89.1,17.6,100.0,0.0,70.2,3.9,2.0,45.9,6.4,16.3,12.4,70.4,3.9000000000000004,2.4,6.7,6.2,4.1,10.7,10.7,3.5,15.399999999999999,11.3,3.7,15.7,0.0,0.0,0.0,41.9,11.5,4.2,0.3999999999999999
64.6,30.2,968.0,907.0,89.9,77.3,96.1,94.9,79.8,51.4,95.7,87.4,5.8,62.5,30.2,33.3,3.9000000000000004,6.5,90.2,79.5,67.5,4.6,2.7,42.5,23.6,80.5,50.5,91.6,29.8,11.6,98.7,81.2,80.8,2492.0,90.0,81.8,2.9,92.7,8.1,6.300000000000001,75.6,81.3,84.0,85.1,58.6,94.8,85.1,23.8,95.6,4.4,56.3,3.6,2.2,48.0,9.7,17.8,14.4,65.1,3.9000000000000004,2.7,7.3,4.8,2.8,8.5,6.2,2.2,12.0,8.4,1.6029999999999998,12.009,0.2,0.0,0.19999999999999996,38.0,8.799999999999999,3.4000000000000004,0.3999999999999999
57.9,28.4,1002.0,803.0,90.7,81.9,98.4,95.7,56.3,26.5,94.9,87.7,9.3,56.9,27.4,34.1,2.2,2.3,77.6,75.8,66.6,7.1,4.0,63.2,29.1,81.0,74.0,91.1,35.5,8.7,97.9,85.2,89.4,1961.0,95.3,83.7,0.5,95.1,10.5,8.1,75.7,81.4,92.3,87.5,65.5,97.7,91.1,28.7,100.0,0.0,62.8,7.4,9.097000000000003,41.8,9.5,29.6,12.4,53.8,3.4,2.0,5.9,3.4,4.0,8.0,10.5,4.6,17.2,13.4,4.0,19.0,0.2,0.0,0.19999999999999996,52.8,11.5,13.8,0.5
55.3,26.1,1037.0,861.0,95.5,73.3,99.0,97.6,63.8,31.3,97.3,90.6,4.4,56.1,24.8,42.6,1.7,3.4999999999999996,67.5,66.9,49.6,8.1,3.2,72.4,33.5,85.5,75.0,97.2,30.2,13.7,97.2,91.2,94.7,3139.0,96.8,85.3,0.7999999999999998,97.3,15.4,11.3,87.8,89.9,96.8,98.3,86.6,100.0,97.1,55.5,98.8,1.2,62.7,5.2,1.3,51.1,5.0,20.2,15.3,68.0,5.6,2.9,9.1,8.0,4.0,12.3,11.9,4.3,18.3,14.9,5.1,21.1,0.2,0.19999999999999996,0.3,44.4,10.5,3.7,0.5
62.9,29.0,1037.0,944.0,88.0,76.5,96.6,98.2,80.2,40.6,90.9,81.9,6.8,63.9,33.4,27.9,3.4,4.2,87.9,76.7,68.4,7.6,3.5,42.8,25.3,72.4,45.0,87.3,31.4,12.9,97.4,73.9,75.2,2104.0,87.8,67.4,3.4,89.9,8.2,4.9,74.3,82.4,88.2,85.7,52.5,93.0,88.1,35.8,100.0,0.0,61.4,6.2,5.2,39.7,10.6,20.3,20.3,55.0,2.9,2.6,6.2,3.6,4.0,8.9,13.1,5.4,21.2,16.6,6.5,25.4,0.09999999999999998,0.5,0.4,39.9,9.1,5.000000000000001,0.3999999999999999
59.4,29.2,986.0,863.0,89.6,67.6,99.0,99.4,59.4,22.600000000000005,92.8,91.2,15.9,60.3,34.6,26.3,4.2,3.0,86.9,80.0,68.7,5.2,3.1,58.5,14.7,81.0,53.6,92.1,16.299999999999997,4.900000000000002,98.3,89.7,93.1,1902.0,98.2,74.3,0.0,96.1,8.8,5.9,92.1,87.4,96.2,97.5,82.8,98.5,96.1,27.0,100.0,0.0,60.2,7.3,4.4,36.7,6.7,22.7,9.1,45.6,4.4,2.6,7.4,5.5,2.6000000000000005,8.5,7.8,3.0,12.2,11.0,4.0,16.1,0.3,1.2,0.0,47.5,7.1999999999999975,15.8,0.20000000000000018
63.2,34.9,1002.0,929.0,73.7,50.5,97.5,94.8,57.5,36.5,78.0,89.0,16.2,57.7,27.0,29.6,6.0,7.2,76.0,67.9,52.9,10.9,4.5,54.2,17.5,67.9,42.4,91.5,21.3,4.699999999999999,97.1,79.4,84.9,1362.0,94.4,86.1,0.3999999999999999,94.2,5.900000000000002,4.300000000000001,85.9,79.8,94.3,94.3,79.6,98.3,97.0,28.9,97.3,1.1,63.0,10.8,6.0,41.0,4.9,21.5,11.7,47.2,3.0,2.6,5.8,4.0,3.0000000000000004,7.300000000000001,8.6,3.7,13.4,10.3,3.8,15.1,0.6,0.40000000000000013,0.0,48.0,9.9,9.9,0.20000000000000018
64.6,28.8,1029.0,843.0,94.5,72.7,99.4,94.1,59.9,27.3,96.6,93.16400000000003,3.4000000000000004,66.0,32.5,16.9,0.8999999999999999,4.4,85.5,70.7,60.8,5.9,1.7999999999999998,71.2,16.0,77.0,50.6,97.5,38.0,6.700000000000003,100.0,92.6,92.4,1525.0,94.1,81.2,1.9,95.5,5.900000000000002,4.0,83.3,89.2,93.7,89.8,53.3,96.9,96.8,30.0,97.6,2.4,61.7,5.7,0.0,47.2,5.1,26.8,5.599999999999998,63.7,5.7,4.0,10.1,9.1,5.7,15.1,9.9,1.9,12.9,11.7,2.4,14.9,0.0,0.0,0.3,40.8,11.4,3.5999999999999996,0.2999999999999998
68.6,24.9,957.0,906.0,98.9,87.0,96.9,94.4,83.4,45.5,98.1,85.3,6.8,69.3,39.3,13.600000000000001,0.8,2.4,92.3,81.1,72.8,5.1,3.6,54.5,32.4,83.3,58.7,96.8,48.5,23.6,99.2,85.9,84.6,1902.0,97.7,74.0,0.5,98.2,14.3,8.1,89.7,90.4,94.0,94.0,45.1,95.6,95.6,17.9,98.5,1.5,70.8,3.0,4.2,46.9,12.0,14.3,19.5,69.9,3.8,5.1,9.5,3.9,3.8,8.4,10.3,2.2,16.2,12.8,3.0,18.3,0.0,0.19999999999999996,0.0,29.0,15.6,2.0999999999999996,0.5
65.1,25.1,1015.0,1117.0,94.3,89.1,99.0,97.8,83.8,36.2,97.7,89.0,9.1,68.2,38.4,18.6,2.3,2.8,92.0,80.2,70.7,6.1,3.2,49.4,21.7,84.4,53.1,91.7,48.3,20.8,99.7,83.4,84.8,2057.0,94.9,65.7,2.0,96.9,16.0,9.0,83.3,86.6,94.7,94.7,57.6,92.2,93.5,27.3,100.0,0.0,64.8,2.2,1.6,45.0,6.1,19.3,17.6,69.9,3.9000000000000004,3.0,7.4,4.1,4.1,8.5,11.5,4.0,20.0,15.7,4.8,22.6,0.4,0.8,0.6,36.1,13.0,1.5,0.10000000000000009
68.1,25.6,944.0,915.0,90.9,81.9,99.5,99.9,79.6,60.1,95.3,81.5,19.8,72.4,47.9,23.1,1.3,1.7999999999999998,91.8,76.9,66.7,5.4,2.8,58.8,20.2,81.3,53.5,92.5,20.6,8.900000000000002,97.6,89.4,92.6,3252.0,97.3,67.0,1.2,98.0,18.0,15.6,89.3,96.8,97.1,97.1,89.8,98.6,98.6,22.0,97.3,2.7,62.3,4.3,0.6000000000000001,40.7,5.2,16.6,18.1,60.6,4.2,2.9,7.9,4.8,2.8,8.5,9.1,3.1,14.7,11.7,3.3,16.5,0.4,1.3,0.09999999999999998,33.1,7.700000000000001,6.3,0.20000000000000018
61.7,32.9,987.0,818.0,91.3,83.1,97.3,95.2,75.7,30.9,93.0,93.16400000000003,1.5,62.2,18.7,28.9,4.5,1.0,82.8,83.0,68.2,5.6,2.8,54.4,25.5,64.6,47.6,96.2,37.5,13.1,98.4,80.1,79.0,2110.0,90.0,81.1,3.8,93.6,9.3,8.9,72.0,74.7,78.3,78.3,46.2,89.8,80.3,18.800000000000004,96.8,2.1,70.7,7.7,3.1,36.4,6.4,16.3,11.2,62.3,2.7,2.0,5.103,5.0,3.2,8.8,6.7,1.7000000000000002,11.603,12.7,2.1000000000000005,15.8,0.0,0.0,0.0,44.9,10.5,5.000000000000001,0.10000000000000009
59.5,31.1,982.0,769.0,96.6,94.0,98.4,98.3,77.4,36.5,97.0,93.16400000000003,0.6999999999999993,60.4,22.2,23.3,2.4,2.9,79.8,54.2,46.2,14.8,6.9,75.7,27.2,82.1,71.2,95.8,38.0,15.2,98.0,87.6,87.0,1460.0,95.5,73.7,1.3,94.8,4.099999999999998,1.5,78.0,82.4,85.3,85.3,62.5,97.4,87.7,26.7,96.7,2.3,76.7,5.2,1.7,43.3,5.8,19.7,5.599999999999998,55.7,4.3,4.4,9.1,6.2,4.3,10.8,7.9,1.7000000000000002,11.603,9.0,1.6029999999999998,12.009,0.09999999999999998,0.10000000000000009,0.09999999999999998,44.2,9.9,6.5,0.5
55.6,25.7,977.0,905.0,97.0,76.2,99.3,92.4,62.1,33.8,95.5,93.16400000000003,4.6,54.3,22.4,37.8,1.3,5.6,62.1,74.4,67.8,6.799999999999999,4.3,67.2,27.4,89.9,72.3,95.9,30.3,9.100000000000001,99.8,89.7,91.0,1692.0,98.3,92.2,0.5,98.5,8.6,6.6,81.5,92.0,90.8,89.3,77.6,98.8,90.6,34.6,100.0,0.0,67.8,3.7,5.1,59.3,6.0,19.8,8.6,59.0,4.6,2.7,7.7,6.4,2.0,8.8,9.4,3.8,15.0,12.7,3.6,17.3,0.0,0.19999999999999996,0.3,55.4,15.1,9.8,0.3999999999999999
66.8,24.8,1063.0,946.0,93.2,77.6,99.0,98.4,79.0,55.5,94.9,86.1,6.1,74.4,45.2,18.1,2.1,0.7999999999999998,93.6,77.8,69.1,7.1,3.7,52.3,26.8,80.1,49.2,91.6,38.8,16.5,98.9,84.6,86.6,2435.0,97.1,64.8,1.4999999999999998,98.6,13.7,5.9,88.7,88.0,96.0,94.3,52.4,98.5,94.6,34.8,98.4,1.6,62.9,3.7,3.1,43.3,11.4,20.0,19.0,58.9,2.9,2.9,6.7,3.6,3.7,8.2,12.5,5.0,20.7,18.0,5.6,25.6,0.2,0.7000000000000001,0.19999999999999996,39.9,12.4,5.9,0.7000000000000002
64.8,30.3,1042.0,872.0,97.1,83.3,98.4,96.5,75.4,56.1,94.5,87.5,1.6999999999999993,67.4,34.6,28.1,2.6,5.1,89.5,78.9,66.4,5.7,3.2,70.8,21.5,71.9,56.7,96.4,46.3,24.4,99.4,81.6,83.9,2286.0,90.0,73.9,3.1,92.6,13.6,10.8,81.2,77.0,85.9,84.1,46.1,94.1,89.0,23.4,97.3,2.7,69.8,5.3,2.4,27.9,13.1,16.9,13.3,52.8,3.1,2.2,6.299999999999999,4.8,2.3999999999999995,7.5,8.7,2.6,13.1,12.8,2.6,16.5,0.2,0.0,0.3,43.6,7.499999999999998,6.9,0.20000000000000018
56.5,32.1,996.0,863.0,88.9,65.5,98.7,94.8,49.9,24.2,84.7,86.4,13.1,53.3,22.7,33.5,4.2,7.0,73.8,72.7,61.2,6.9,3.6,60.3,22.4,65.0,42.0,94.5,14.100000000000001,2.1999999999999957,97.4,89.4,87.5,1987.0,97.6,76.9,0.20000000000000018,97.6,2.806000000000001,1.8999999999999986,88.9,93.1,95.9,95.9,70.0,98.2,95.9,20.6,98.4,1.6,61.7,6.4,2.4,38.4,7.2,23.0,10.5,47.6,3.7,2.0,5.999999999999999,5.0,2.3999999999999995,7.8,7.5,1.7000000000000002,11.603,9.5,2.8,13.2,0.0,1.0,0.19999999999999996,51.6,7.0,17.3,0.3999999999999999
74.7,23.9,981.0,870.0,95.1,84.4,99.4,99.6,79.0,72.3,96.0,80.9,15.7,76.5,44.0,13.2,1.8,0.5,83.3,77.2,68.3,4.6,2.7,59.5,31.1,88.0,81.3,94.8,37.3,11.9,98.7,88.8,91.3,1647.0,97.9,77.8,0.5,99.0,20.7,17.4,84.4,85.2,91.8,85.3,71.9,98.4,95.3,25.8,93.7,6.4,61.6,6.4,7.4,47.9,10.3,15.5,13.0,57.3,3.1,1.7999999999999998,5.8,5.0,2.1000000000000005,7.8,10.0,2.8,15.900000000000002,14.1,3.8,20.2,0.3,0.30000000000000004,0.7,43.2,12.6,9.2,0.2999999999999998
62.9,27.6,1055.0,817.0,94.7,86.7,99.0,96.9,79.0,45.7,92.3,90.0,4.7,67.2,32.3,28.2,1.3,0.9000000000000004,86.6,83.4,69.3,4.4,2.2,64.6,22.2,77.1,46.2,96.4,40.6,19.0,99.5,80.8,85.5,2450.0,97.0,77.0,1.7,96.9,8.9,5.4,80.6,93.4,92.0,90.2,42.6,95.3,92.0,28.2,98.7,0.0,66.0,4.6,1.3,28.9,8.1,18.9,13.0,52.3,3.4,3.1,6.9,4.6,3.1,7.9,10.6,2.9,15.6,12.7,3.3,17.5,0.09999999999999998,0.10000000000000009,0.09999999999999998,44.0,7.499999999999998,5.9,0.2999999999999998
67.1,27.3,1085.0,998.0,98.0,90.4,99.7,96.2,81.8,53.1,96.2,93.16400000000003,3.4000000000000004,74.4,36.6,11.8,1.4,2.2,94.1,57.8,47.6,12.9,5.2,65.1,30.6,69.3,45.0,97.5,43.8,20.0,98.5,96.4,94.7,2269.0,98.8,82.4,0.2999999999999998,98.5,10.2,4.4,90.2,89.2,93.1,91.6,61.1,100.0,97.4,33.0,100.0,0.0,65.7,6.3,1.3,38.5,6.1,16.3,8.1,65.9,5.4,3.5999999999999996,9.5,8.4,5.1,13.8,8.5,1.9,13.0,12.2,2.7,16.5,0.0,0.0,0.0,40.1,9.000000000000002,4.599999999999999,0.10000000000000009
57.0,30.7,1038.0,919.0,90.1,71.0,97.0,88.6,46.3,23.000000000000004,90.4,84.5,9.0,53.5,23.5,30.9,2.9,3.2,67.6,72.0,61.8,6.0,3.1,76.0,30.5,75.1,52.9,91.2,17.0,2.6999999999999993,98.7,94.0,93.0,1213.0,96.4,92.3,0.5,97.1,3.6000000000000014,1.8000000000000007,75.8,88.7,97.2,97.2,67.7,96.5,91.9,30.2,100.0,0.0,76.1,5.0,0.8,56.6,6.8,24.1,5.900000000000002,67.2,3.5,1.7000000000000002,5.4,6.1,3.5,9.9,11.8,3.4,16.5,13.3,4.5,18.7,0.2,0.19999999999999996,0.0,37.8,18.0,2.700000000000001,0.3999999999999999
64.2,27.6,1065.0,800.0,96.5,79.1,98.9,94.8,72.1,37.1,97.5,93.16400000000003,5.3999999999999995,67.7,33.9,27.5,2.2,3.2,77.9,56.6,50.7,14.7,7.4,54.4,22.0,84.8,60.7,96.4,46.3,23.9,99.7,82.6,79.2,1413.0,95.1,84.3,1.1,95.7,9.0,5.199999999999999,71.7,76.6,81.3,81.3,52.8,85.3,86.7,13.8,100.0,0.0,63.3,8.2,3.2,44.1,9.0,18.1,8.3,56.6,3.9000000000000004,2.2,6.8,4.4,2.3999999999999995,7.9,8.6,2.6,15.100000000000001,11.4,2.1000000000000005,15.4,0.0,0.0,0.0,44.6,11.6,4.799999999999999,0.10000000000000009
57.4,28.9,999.0,849.0,79.4,63.0,95.5,92.5,71.2,29.1,92.5,80.5,11.6,55.7,28.3,35.4,3.0,2.9,78.2,58.7,50.2,11.5,5.3,49.2,15.4,65.4,47.3,82.5,24.6,5.800000000000001,95.3,75.2,82.8,2083.0,97.4,83.2,1.0,97.8,10.4,9.5,54.9,56.809,77.2,65.7,35.9,90.1,77.5,24.5,100.0,0.0,56.6,8.7,7.0,48.2,11.6,25.8,11.1,59.6,3.0,2.0,5.5,4.4,2.8,8.2,9.6,3.7,15.399999999999999,13.7,4.7,19.8,0.2,0.19999999999999996,0.19999999999999996,47.1,7.300000000000001,13.9,0.6000000000000001
67.9,27.5,1061.0,770.0,92.3,74.8,99.2,99.4,77.9,58.4,94.5,82.4,9.1,71.8,41.4,18.0,2.3,3.0,94.0,75.2,63.3,10.3,4.7,58.0,20.2,75.9,50.4,90.9,45.1,25.8,97.2,83.5,87.8,5927.0,95.8,54.8,1.1,94.9,17.2,11.7,70.0,71.3,80.6,79.3,38.0,95.7,86.5,22.5,93.2,6.9,68.1,5.9,3.2,30.4,10.7,21.4,19.6,52.7,2.9,2.6,6.299999999999999,4.7,2.7,8.8,12.1,4.3,19.4,15.1,5.2,22.0,0.09999999999999998,0.30000000000000004,0.3,35.1,9.800000000000002,7.0,0.20000000000000018
59.4,29.5,1060.0,1064.0,93.7,65.8,93.9,93.6,54.1,46.0,94.1,92.0,4.200000000000001,60.6,25.7,18.0,2.2,4.4,74.2,67.9,61.5,8.9,3.7,71.7,30.1,73.1,69.5,93.3,42.5,21.4,99.7,91.1,91.3,1614.0,95.7,82.6,1.1,95.9,6.599999999999998,5.699999999999999,86.4,95.6,92.5,90.1,77.8,91.2,93.7,16.0,100.0,0.0,65.5,7.5,2.9,50.1,5.0,17.7,7.9,76.9,3.0,1.7000000000000002,5.103,5.1,2.9,8.6,10.8,2.1,14.2,14.2,3.4,18.7,0.0,0.30000000000000004,0.3,39.9,13.5,8.7,0.2999999999999998
54.8,25.9,987.0,969.0,87.5,67.5,97.8,90.9,66.2,24.1,96.9,84.5,15.2,55.2,27.3,37.2,1.6,3.1,82.2,69.1,61.3,8.7,4.4,51.1,16.5,78.8,66.2,93.6,33.5,11.6,97.8,84.5,88.1,2303.0,97.4,84.9,0.5,97.9,12.9,9.7,75.3,80.3,90.5,88.8,60.9,94.4,88.7,32.2,93.6,0.0,52.8,8.6,5.7,38.9,7.4,23.8,10.0,60.0,3.0,2.4,5.8,3.2,2.9,6.5,9.9,4.8,16.7,14.1,4.7,20.1,0.0,0.10000000000000009,0.3,47.6,12.1,8.6,0.5
63.8,27.6,998.0,833.0,97.8,82.3,98.1,92.7,60.3,34.3,98.4,93.16400000000003,3.9000000000000004,62.0,30.1,18.2,1.8,4.5,85.7,75.5,65.7,4.4,2.1,71.1,34.6,69.6,62.3,98.4,44.7,17.4,100.0,96.6,95.2,1480.0,96.1,89.4,1.6,97.4,7.300000000000001,5.4,86.8,89.5,90.2,90.2,76.4,95.3,91.9,22.4,100.0,0.0,74.2,6.9,1.8,44.6,6.5,17.5,9.1,70.4,5.4,2.8,8.8,6.6,3.3,10.5,10.0,3.2,14.4,13.1,2.4,16.5,0.0,0.0,0.0,42.5,14.4,4.500000000000001,0.2999999999999998
86.4,19.3,1008.0,1000.0,95.9,68.4,99.4,93.6,85.0,87.6,97.7,29.9,44.2,90.1,53.2,9.4,0.0,1.7000000000000002,84.8,54.3,42.8,17.7,7.199999999999999,52.9,17.0,53.4,43.8,90.3,48.3,27.6,91.9,65.8,59.2,8471.0,91.8,70.4,3.9,94.2,36.9,36.6,72.78,78.94,87.82000000000001,82.52,18.48,94.78,87.7,29.16,96.12,2.78,91.2,6.5,0.5,27.1,21.8,7.699999999999999,38.2,68.3,7.4,5.5,14.6,6.7,8.1,15.8,15.4,10.891000000000009,31.6,19.1,12.0,34.2,0.0,0.10000000000000009,1.2,37.9,35.9,11.2,14.5
78.5,21.0,997.0,701.0,98.1,76.3,98.9,94.7,83.8,65.9,99.0,24.5,24.9,81.4,37.7,16.0,0.0,3.8,75.3,75.7,61.0,12.8,6.9,50.4,28.6,66.2,59.4,92.5,74.0,61.89999999999999,95.5,71.3,72.0,7390.0,97.3,91.1,1.4999999999999998,98.5,27.3,26.0,90.8,90.6,100.0,95.3,0.0,100.0,96.9,31.1,100.0,0.0,90.1,7.2,0.7,26.1,25.3,3.4000000000000004,44.1,73.0,6.5,4.7,11.6,8.4,6.5,16.0,21.994000000000007,10.891000000000009,35.38200000000001,25.1,13.39100000000001,42.99400000000001,0.4,1.2,0.0,35.4,43.5,9.9,22.7
80.2,19.9,973.0,1324.1300000000008,96.8,87.2,99.6,93.3,91.7,66.5,99.4,20.8,39.1,90.5,45.7,9.9,0.0,8.7,85.3,84.697,67.6,5.2,2.8,67.2,24.3,78.1,84.5,92.3,71.3,46.2,99.4,83.1,81.1,11031.0,97.4,86.4,2.0,99.4,27.8,23.0,86.4,94.42,89.5,83.8,0.0,89.5,86.4,33.1,95.14,4.0,88.4,4.5,0.0,28.2,19.4,4.6,34.8,84.8,6.6,4.0,12.5,9.1,6.0,17.6,19.6,10.891000000000009,35.38200000000001,28.994000000000007,13.39100000000001,42.99400000000001,0.0,1.6,0.0,47.4,38.1,15.8,15.0
81.8,19.2,959.0,701.0,97.6,83.1,98.8,89.9,88.9,69.8,98.1,19.9,28.2,85.7,43.9,14.1,0.0,2.5,92.4,84.697,70.8,4.3,1.0999999999999996,69.1,19.8,75.8,70.4,95.9,48.6,17.3,96.4,63.6,67.8,5361.0,99.3,89.9,0.0,99.3,28.0,25.4,96.9,93.2,98.5,95.3,0.0,96.9,98.5,58.38500000000001,100.0,0.0,72.2,3.3,2.1,56.2,29.0,3.0,24.5,83.4,3.5,3.7,7.4,7.0,6.1,13.6,21.994000000000007,8.9,32.7,28.994000000000007,13.39100000000001,42.99400000000001,0.5,0.5,0.7,44.9,50.9,8.9,20.5
73.5,22.4,1143.0,807.0,97.5,91.7,98.2,93.2,54.6,46.7,81.6,71.1,21.6,74.6,50.7,12.4,0.5,11.5,98.0,61.4,60.2,7.0,3.1,86.9,31.4,65.0,91.4,88.4,84.7,70.8,100.0,95.7,96.2,4664.0,100.0,72.1,0.0,100.0,57.3,49.10000000000001,90.8,90.8,93.6,93.6,80.3,100.0,100.0,49.5,95.9,4.1,61.7,5.6,0.0,68.4,7.6,15.6,33.3,49.2,8.7,11.7,22.0,8.7,13.899999999999999,24.699999999999996,12.4,4.5,20.6,18.5,6.3,27.5,4.3,5.6,0.4,20.7,28.1,8.7,0.10000000000000009
92.7,18.0,1037.0,859.0,98.2,98.8,99.9,98.7,90.4,97.7,97.0,58.2,30.72,94.8,76.7,1.8999999999999986,1.0,3.0,99.497,65.8,63.6,6.9,2.5,86.6,23.0,81.4,89.9,96.1,86.3,75.27000000000002,96.8,95.0,96.7,3951.0,100.0,60.1,0.0,100.0,50.5,42.5,96.6,100.0,100.0,100.0,45.7,100.0,96.6,48.7,79.309,20.38800000000001,56.4,4.1,1.0,75.0,13.1,7.4,41.9,59.5,10.5,13.594000000000005,26.197000000000003,10.7,8.4,22.1,16.0,7.0,28.8,21.1,7.6,33.2,6.3,8.6,1.1,11.006,16.1,0.6999999999999993,0.10000000000000009
84.2,19.3,1061.0,952.0,98.5,96.2,99.4,99.9,78.5,95.5,98.8,61.0,44.2,89.3,62.8,19.8,1.3,10.3,99.497,66.5,62.0,9.1,2.0,88.8,40.9,72.6,90.0,91.8,91.5,75.27000000000002,100.0,95.4,98.297,5609.0,100.0,60.1,0.0,100.0,50.9,35.9,94.5,94.5,94.5,90.8,86.9,100.0,98.3,50.2,79.309,20.38800000000001,75.2,2.9,1.2,65.0,9.4,10.099999999999998,48.49400000000001,56.8,6.8,10.3,19.1,7.7,9.0,18.3,17.1,7.9,29.2,23.3,7.6,33.3,8.4,13.299999999999999,1.1,21.4,22.9,5.500000000000001,0.5
76.8,22.9,1062.0,819.0,99.1,83.3,99.2,99.5,61.3,75.6,88.1,64.4,15.9,78.3,50.1,12.6,0.8,4.9,99.1,65.3,63.5,9.2,3.6,75.1,24.0,75.5,82.2,88.1,68.5,52.6,98.3,87.7,93.9,3803.0,99.2,72.5,0.3999999999999999,99.1,51.4,47.1,79.0,77.3,91.5,91.5,68.0,88.6,97.3,50.6,97.2,2.8,72.7,3.4,1.6,61.7,12.3,14.8,35.1,55.2,8.3,11.0,20.5,7.4,11.5,20.7,11.8,4.5,20.1,16.9,8.3,27.0,4.6,7.1,0.6,24.4,32.6,7.5,0.6000000000000001
72.6,23.8,1192.0,1052.0,93.0,87.1,99.4,98.7,72.4,82.5,93.4,75.5,17.8,79.0,54.4,16.7,0.6000000000000001,6.4,97.5,70.0,68.0,8.5,3.5,95.47900000000001,36.3,78.4,94.5,95.9,92.17900000000002,73.5,100.0,97.98800000000001,95.9,2808.0,99.6,73.0,0.0,99.6,29.1,17.6,90.6,96.1,96.4,94.5,69.6,98.0,96.4,50.5,97.8,2.2,66.2,3.2,0.0,74.4,3.5999999999999996,12.9,33.4,46.5,5.7,8.4,15.4,8.0,7.6,18.1,15.0,8.1,25.8,20.6,8.3,30.8,1.2,1.8,0.8,24.6,26.8,7.9,0.7000000000000002
77.8,24.4,1066.0,816.0,97.9,97.0,98.8,99.5,61.0,76.3,81.6,71.9,38.0,78.2,50.1,20.5,0.8,8.6,98.9,74.2,71.4,6.3,2.8,84.8,29.8,71.9,95.69100000000002,87.4,85.7,63.599999999999994,99.1,95.3,96.2,2828.0,97.0,74.6,1.4,98.6,33.3,28.1,92.6,96.4,95.6,89.8,72.5,97.6,96.0,53.9,98.5,1.5,84.0,2.3,0.3999999999999999,55.2,20.1,12.9,38.5,71.6,8.2,12.100000000000001,22.1,11.9,12.0,25.1,16.6,5.7,25.7,24.3,6.8,34.2,2.1,5.8,0.7,27.7,26.0,6.5,0.10000000000000009
73.1,18.2,1112.0,807.0,99.6,93.8,99.6,98.9,67.6,95.9,97.6,77.7,20.7,82.4,57.8,13.7,0.30000000000000004,14.8,98.7,70.6,67.4,4.9,2.0,95.47900000000001,51.5,87.8,93.9,97.5,82.2,51.3,100.0,96.5,98.297,2401.0,100.0,51.4,0.0,100.0,48.5,29.6,95.9,97.2,100.0,100.0,53.8,100.0,100.0,58.38500000000001,92.3,7.800000000000001,64.2,1.5,0.0,69.9,14.8,11.4,37.1,58.5,6.4,8.3,16.6,6.2,6.9,16.1,17.0,9.0,29.5,25.7,6.7,36.1,8.694000000000004,14.661000000000035,0.7,26.2,23.5,11.1,0.10000000000000009
85.0,19.2,1002.0,889.0,97.5,93.8,99.4,99.4,75.9,88.1,88.8,59.7,44.2,82.6,56.8,10.0,0.0,2.5,97.8,69.3,67.3,7.2,4.2,62.1,15.7,62.6,76.1,76.8,73.5,47.89999999999999,97.6,87.3,93.0,3531.0,100.0,68.5,0.0,100.0,40.2,31.0,69.1,81.5,92.3,86.1,54.3,97.1,88.4,36.4,83.1,16.9,67.9,3.1,2.3,54.2,20.1,12.6,46.4,48.9,6.7,13.2,22.9,6.0,15.099999999999998,24.3,12.2,6.5,24.3,18.9,8.6,32.0,6.8,6.8,1.7,17.5,28.9,4.500000000000001,0.7999999999999998
92.9,20.8,1121.0,880.0,98.9,99.2,99.8,98.2,96.2,74.4,97.2,64.1,28.4,97.7,77.1,4.300000000000001,0.0,4.0,98.6,70.3,66.6,4.9,3.4,86.8,29.8,65.6,84.2,87.1,90.3,74.0,97.3,86.0,88.2,3170.0,100.0,39.4,0.0,100.0,68.3,53.3,96.0,96.0,100.0,100.0,66.7,100.0,100.0,29.8,81.9,18.1,78.4,0.9000000000000004,0.0,46.9,21.3,5.9,48.49400000000001,66.3,9.3,13.594000000000005,26.197000000000003,8.4,14.899999999999999,25.2,13.5,6.3,24.4,19.5,6.1,30.2,3.9,13.1,0.8,11.006,14.8,1.0,0.20000000000000018
73.2,19.1,1154.0,839.0,98.6,95.6,98.7,99.4,63.6,72.5,94.2,74.6,30.0,78.2,51.2,13.3,0.8,3.3,97.9,65.8,63.5,7.5,2.3,77.6,30.3,83.3,95.69100000000002,82.7,68.7,46.4,97.3,96.4,91.9,2586.0,100.0,56.8,0.0,99.2,47.8,35.4,82.5,84.0,84.7,84.7,43.1,94.5,93.9,22.0,97.7,2.3,48.5,5.6,0.7,42.2,5.5,17.9,34.7,53.3,9.4,12.7,23.4,10.8,15.5,28.891000000000005,12.9,7.1,24.1,18.9,6.1,29.1,5.8,12.1,0.19999999999999996,25.5,29.0,5.9,0.3999999999999999
72.6,24.2,1053.0,857.0,98.7,94.8,99.2,99.8,75.9,86.0,95.2,73.6,12.8,78.6,53.9,20.3,1.4,9.5,98.1,70.0,67.7,4.9,1.9,95.47900000000001,40.2,84.5,93.1,93.7,92.17900000000002,74.3,99.5,95.5,94.0,2081.0,99.6,75.9,0.3999999999999999,100.0,31.9,23.4,87.3,90.3,91.1,84.2,60.2,96.7,91.1,42.3,98.5,1.6,68.5,1.1000000000000005,0.3999999999999999,76.5,6.1,11.7,34.5,51.2,4.9,7.8,14.0,6.7,7.4,15.0,14.9,6.2,23.5,16.4,7.3,25.3,0.4,0.9,0.6,20.3,22.7,8.2,0.20000000000000018
83.9,19.9,1079.0,815.0,100.0,97.9,98.9,98.7,80.1,91.2,88.4,66.3,24.9,83.9,58.6,11.5,0.5,4.0,98.2,69.7,68.4,8.7,4.2,88.0,21.5,70.0,89.5,85.6,71.0,59.7,100.0,91.4,94.5,3317.0,100.0,70.0,0.0,100.0,43.8,34.3,88.8,92.9,93.6,89.4,69.9,95.5,95.5,42.4,92.8,7.199999999999999,66.6,4.3,0.6000000000000001,55.0,17.1,12.2,40.8,58.2,7.9,11.0,21.2,9.5,11.3,22.7,15.9,5.4,25.6,22.4,6.0,31.8,2.4,12.1,0.4,20.3,24.5,0.8000000000000007,0.3999999999999999
79.2,20.8,1148.0,799.0,99.1,87.6,99.0,100.0,69.6,59.0,93.3,70.9,34.60000000000001,87.8,53.7,6.300000000000001,0.0,5.2,96.2,65.9,61.9,8.5,2.3,70.4,20.9,89.4,93.1,93.0,85.6,61.3,100.0,91.9,92.4,4655.0,99.7,69.0,0.3999999999999999,100.0,49.4,38.7,93.8,94.6,96.4,96.4,73.6,100.0,96.4,50.1,86.4,13.6,63.4,5.7,2.5,56.1,15.5,19.4,31.9,45.6,6.5,11.4,19.4,6.7,11.3,19.9,13.3,7.1,24.5,19.9,9.4,32.1,8.694000000000004,14.661000000000035,2.2,24.9,34.3,10.4,0.2999999999999998
73.5,17.3,1142.0,1130.0,97.6,93.6,99.2,99.5,75.2,89.7,95.7,68.8,16.32,87.7,55.7,14.2,0.6000000000000001,6.5,97.8,65.2,62.3,6.5,2.3,85.5,32.9,76.2,95.69100000000002,96.3,87.5,71.0,100.0,94.8,89.9,3435.0,100.0,59.8,0.0,100.0,53.7,45.1,83.9,84.4,96.2,87.3,73.8,92.5,96.2,52.1,91.0,9.0,66.2,4.0,0.0,53.9,7.1,9.4,43.2,58.3,8.0,9.9,19.7,9.5,12.4,24.0,14.1,7.3,25.6,20.8,8.0,31.5,1.0,1.7,0.0,19.8,27.1,6.6,0.10000000000000009
73.1,22.6,1210.0,887.0,99.3,94.0,99.1,100.0,57.4,75.1,92.7,75.5,32.6,81.1,49.0,21.4,1.3,7.7,97.8,63.1,58.9,11.4,3.1,83.3,30.2,85.8,92.2,94.1,78.7,57.3,99.4,90.1,92.6,3707.0,100.0,69.5,0.0,100.0,50.3,39.3,92.5,94.0,92.5,92.5,49.7,94.9,94.9,51.4,100.0,0.0,64.1,4.3,0.0,51.9,11.4,18.0,32.9,46.4,8.4,10.3,21.0,7.0,13.7,23.2,11.7,3.8,19.8,16.7,5.6,26.1,8.694000000000004,14.661000000000035,3.3,20.3,29.1,5.500000000000001,0.20000000000000018
74.7,23.7,1095.0,804.0,98.4,86.9,98.9,95.7,55.2,42.0,90.6,72.9,12.4,81.1,52.2,11.6,0.3999999999999999,11.3,95.1,68.0,64.3,12.2,5.6,82.3,24.6,77.9,91.6,89.9,73.7,53.3,99.2,95.4,94.5,2610.0,100.0,68.6,0.0,100.0,41.2,30.1,83.3,75.9,97.1,97.1,47.0,92.1,94.6,49.3,93.6,6.5,69.0,5.1,3.3,46.5,25.2,20.3,32.0,59.8,6.5,9.4,18.5,6.6,13.8,23.0,11.7,5.3,23.0,17.3,7.5,30.2,7.6,13.4,2.5,28.3,31.7,7.6,0.7999999999999998
80.3,24.4,1147.0,787.0,99.0,87.8,99.3,93.9,78.6,82.7,90.6,69.7,14.5,84.1,53.7,14.7,1.1,6.0,98.3,72.2,68.1,7.9,3.9,82.7,28.0,82.9,88.2,89.1,77.1,56.0,100.0,94.9,95.8,3729.0,99.6,72.5,0.0,99.3,47.5,42.1,90.4,91.1,90.4,88.7,62.1,96.5,96.5,39.4,93.3,6.7,75.0,3.3,0.0,58.4,13.8,15.7,34.1,66.9,8.0,7.7,17.2,7.9,10.7,20.2,14.1,6.0,23.3,18.4,7.4,28.2,5.3,12.799999999999999,0.4,22.8,29.9,1.0999999999999996,0.6000000000000001
74.4,20.1,1057.0,900.0,97.4,91.9,99.5,97.6,64.5,84.5,95.7,67.5,3.4000000000000004,81.6,51.3,23.7,1.0,8.9,98.6,69.0,64.1,5.6,1.3999999999999995,86.8,41.7,74.7,85.0,89.3,82.2,50.8,100.0,92.9,96.0,3965.0,100.0,63.7,0.0,100.0,43.0,39.4,77.0,81.8,87.9,87.8,69.1,95.8,84.3,29.3,84.5,15.5,67.8,0.7000000000000002,1.6,72.0,14.64,10.099999999999998,40.3,53.0,7.7,8.3,18.0,8.7,11.2,22.7,16.4,6.5,26.6,24.2,7.8,34.0,8.694000000000004,14.661000000000035,1.7,23.5,24.1,6.5,0.20000000000000018
78.8,21.8,1218.7300000000002,1127.0,98.8,90.4,99.4,96.5,74.4,75.2,93.2,67.7,10.5,85.3,59.9,4.5,2.1,9.6,99.497,67.3,66.1,7.0,2.4,88.5,27.0,72.6,90.9,76.1,81.1,64.7,99.3,89.1,92.5,3143.0,100.0,73.3,0.0,100.0,43.2,43.4,89.4,81.5,95.8,94.9,70.6,96.2,95.8,42.4,100.0,0.0,73.2,2.6,0.0,55.6,12.4,12.7,33.4,60.2,8.5,11.599999999999998,22.7,9.3,15.2,26.2,13.0,3.9,22.0,14.9,6.8,26.0,1.5,3.4,0.19999999999999996,17.5,23.0,2.4000000000000004,0.3999999999999999
80.6,19.6,1112.0,934.0,99.3,82.6,98.8,99.7,79.6,69.4,95.3,70.6,30.1,83.8,54.3,4.099999999999998,2.1,8.4,98.2,64.8,60.6,9.5,2.7,66.0,23.3,86.1,93.7,89.5,79.3,67.2,99.0,93.8,97.1,3425.0,100.0,59.5,0.0,100.0,51.4,33.8,78.5,66.7,86.2,80.4,33.2,100.0,89.4,31.9,89.8,10.2,49.8,4.8,2.6,62.9,10.5,12.7,42.8,54.8,7.8,12.9,23.3,7.6,15.5,28.891000000000005,17.0,7.0,28.8,19.7,10.0,34.6,4.5,9.0,2.2,22.4,30.0,7.6,0.5
80.9,23.8,1168.0,1057.0,99.1,93.8,99.4,99.9,74.4,89.9,76.8,67.4,29.0,85.7,56.9,16.0,0.8999999999999999,13.5,99.497,70.6,67.1,7.3,3.5,88.7,32.1,88.8,95.69100000000002,90.0,85.6,60.3,100.0,97.1,97.8,1773.0,100.0,81.7,0.0,100.0,43.7,40.1,95.2,95.2,96.6,96.6,80.9,98.5,97.3,43.1,94.7,3.9,74.0,3.8,0.20000000000000018,63.1,14.4,10.3,45.2,73.4,8.8,12.600000000000001,22.9,9.0,12.5,23.1,20.0,6.1,28.7,25.4,7.9,35.6,4.9,9.1,0.5,21.3,23.0,4.300000000000001,0.2999999999999998
85.2,19.7,1093.0,1035.0,98.7,96.6,98.6,96.4,83.6,81.5,98.4,74.5,29.299999999999997,89.1,63.4,11.1,0.0,4.5,96.7,77.9,74.7,6.0,1.6,88.9,35.3,80.0,92.5,94.1,92.17900000000002,75.27000000000002,99.4,91.5,90.9,3438.0,100.0,62.2,0.0,100.0,42.3,33.6,90.1,98.0,100.0,95.8,81.9,100.0,96.2,38.5,92.1,7.9,69.4,1.299999999999999,0.0,66.1,20.8,10.8,39.5,62.2,5.4,6.5,13.6,8.2,5.9,15.0,20.0,10.891000000000009,34.2,21.9,9.8,32.9,8.694000000000004,14.661000000000035,1.2,21.5,25.9,6.8,1.1
83.5,21.6,979.0,991.0,97.0,94.3,99.8,100.0,75.6,93.4,83.8,57.4,38.6,83.6,57.2,13.4,1.1,5.8,98.8,67.9,66.0,9.3,3.4,61.3,21.9,77.6,85.4,76.8,75.0,53.5,95.6,90.3,95.2,3668.0,100.0,72.3,0.0,100.0,46.4,40.1,88.6,88.6,90.9,88.6,59.2,98.0,98.0,44.3,80.0,20.0,62.9,5.2,3.9,56.2,23.4,10.5,48.49400000000001,49.7,6.3,12.100000000000001,22.5,6.4,14.1,23.4,13.2,6.3,26.4,19.6,9.3,32.4,7.9,10.8,3.9000000000000004,18.3,26.7,1.6999999999999993,0.10000000000000009
84.9,19.6,1131.0,901.0,97.2,86.8,98.6,100.0,71.0,58.9,94.6,75.2,24.200000000000003,89.3,57.5,9.1,0.6000000000000001,2.7000000000000006,98.4,70.2,66.7,9.6,4.7,78.4,26.2,80.5,92.3,86.8,86.3,65.5,97.2,89.5,92.2,4590.0,100.0,62.7,0.0,100.0,60.60000000000001,48.8,97.1,97.1,97.1,97.1,78.7,100.0,100.0,58.38500000000001,91.9,8.1,70.9,4.3,0.7,45.0,19.1,15.4,37.2,58.9,10.5,13.594000000000005,26.197000000000003,8.7,15.399999999999999,25.9,14.4,5.1,23.8,18.0,7.8,31.0,8.694000000000004,14.661000000000035,0.7,24.3,32.2,11.5,0.3999999999999999
86.6,20.9,1111.0,734.0,99.5,91.9,100.0,97.0,79.4,90.7,89.0,57.8,17.5,88.5,59.5,8.9,0.0,0.9000000000000004,99.4,67.6,63.8,8.1,3.0,90.8,28.8,59.2,80.7,89.1,86.1,70.4,100.0,94.8,97.2,3180.0,100.0,59.1,0.0,100.0,52.0,38.9,99.94300000000005,100.0,100.0,100.0,85.2,100.0,100.0,58.38500000000001,93.2,6.8,63.0,4.8,0.7,53.0,16.3,11.9,43.4,57.9,8.4,11.5,22.0,9.8,13.8,25.4,15.5,5.2,24.5,17.3,7.5,28.2,1.7000000000000002,3.8999999999999995,0.4,18.5,21.6,1.4000000000000004,0.2999999999999998
80.7,21.5,1123.0,919.0,98.4,94.9,99.0,98.1,67.1,71.2,94.2,67.8,15.8,83.6,57.1,13.5,1.0,4.5,96.5,68.1,61.5,11.1,4.4,87.8,28.0,86.1,90.5,92.2,86.1,66.2,98.8,97.6,94.6,2593.0,98.6,65.3,0.3999999999999999,99.0,41.0,29.0,97.1,89.4,97.1,97.1,67.3,100.0,97.1,43.6,100.0,0.0,63.8,5.2,1.4,50.9,8.1,16.7,33.5,62.5,8.6,12.600000000000001,22.7,10.4,14.899999999999999,26.5,12.0,5.4,21.4,18.4,6.0,28.9,5.4,11.2,2.2,19.8,25.7,3.5,0.3999999999999999
84.4,22.1,1109.0,939.0,100.0,98.3,99.5,98.1,79.8,87.9,89.9,61.3,12.7,85.6,54.2,10.7,1.1999999999999997,4.3,97.2,69.8,64.4,7.1,3.7,77.4,23.5,84.5,85.0,90.8,87.4,65.5,98.0,92.9,93.0,3281.0,100.0,47.2,0.0,100.0,60.2,51.5,93.3,95.5,95.5,93.3,72.3,97.7,97.7,41.3,90.8,9.2,69.0,2.7,0.0,50.9,0.03000000000000025,13.5,40.2,58.8,6.7,12.4,21.0,7.6,13.399999999999999,22.3,12.8,5.8,22.1,15.5,6.4,25.5,5.5,14.661000000000035,0.19999999999999996,16.3,17.3,0.6999999999999993,0.0
75.8,17.8,1114.0,1016.0,96.9,99.2,99.5,99.8,75.9,95.4,98.3,59.9,19.2,87.1,55.1,10.5,0.7,5.1,98.5,69.3,66.0,4.6,1.3000000000000003,87.4,37.6,68.6,93.5,95.0,92.17900000000002,74.2,100.0,97.98800000000001,98.297,5017.0,100.0,61.0,0.0,100.0,46.4,41.5,91.52,93.76,95.46000000000001,92.34,74.3,96.8,96.92,49.5,92.28,7.720000000000001,74.2,1.5,0.7,60.1,9.92,9.9,45.0,60.5,5.9,11.0,18.3,6.1,11.0,18.6,15.8,7.4,26.8,19.0,7.0,28.9,3.7,6.1,0.6,22.8,26.2,5.7,0.10000000000000009
75.5,20.9,1109.0,848.0,97.6,91.6,99.0,98.5,61.7,70.7,90.3,69.6,24.8,79.8,50.2,11.6,3.2,8.5,98.7,71.9,68.7,5.1,3.3,76.9,28.0,81.2,95.69100000000002,94.3,84.5,63.5,100.0,97.98800000000001,98.297,2724.0,99.1,85.8,0.0,99.1,27.7,21.5,97.1,92.6,97.1,97.1,76.2,97.1,97.1,36.5,100.0,0.0,64.3,6.0,2.6,61.5,2.5,12.6,37.8,50.3,6.7,10.1,18.8,8.0,12.1,21.8,12.3,3.9,19.2,16.5,6.2,25.8,4.3,8.0,0.6,17.2,24.2,4.799999999999999,0.20000000000000018
80.0,22.4,1070.0,722.0,96.5,91.7,99.3,97.7,76.2,85.3,93.8,71.4,16.6,81.6,52.5,14.9,1.9,4.9,98.5,65.2,63.2,6.7,3.6,95.47900000000001,32.7,84.4,95.4,96.8,92.17900000000002,75.27000000000002,100.0,97.98800000000001,96.7,2272.0,99.5,67.6,0.5,100.0,42.4,42.1,92.7,97.2,94.3,91.2,80.8,97.0,95.5,46.4,86.1,13.9,71.6,2.8,0.2999999999999998,76.4,8.8,11.4,45.4,51.5,8.1,11.1,20.4,8.0,12.4,21.4,14.1,7.1,25.9,16.8,6.4,25.6,0.5,1.8,0.19999999999999996,14.399999999999999,23.0,4.300000000000001,0.2999999999999998
73.6,24.8,1120.0,916.0,100.0,93.0,99.7,98.4,53.8,68.6,88.1,77.6,29.0,75.4,45.7,19.0,2.9,7.9,98.3,71.6,68.6,7.4,1.7999999999999998,75.8,24.6,80.1,94.9,95.4,72.7,44.8,96.0,88.1,94.0,3255.0,99.1,84.3,0.5,100.0,28.0,23.3,88.5,81.6,97.1,97.1,55.6,100.0,97.1,29.0,91.1,8.9,73.2,5.6,1.4,59.6,12.7,17.2,37.0,45.0,6.6,9.2,17.7,6.7,11.7,19.9,10.0,4.2,19.0,16.6,7.1,26.1,8.694000000000004,14.661000000000035,3.7,25.1,38.1,8.8,0.20000000000000018
80.5,21.4,1109.0,730.0,100.0,91.7,99.5,97.4,59.8,90.5,89.5,51.3,6.6000000000000005,84.1,53.5,15.5,0.0,3.6,97.3,68.1,66.3,6.4,2.9,71.9,23.1,65.0,83.4,86.3,69.5,58.3,99.3,80.2,86.5,2607.0,97.8,66.3,2.2,100.0,50.0,44.3,76.7,77.7,95.3,90.4,71.0,100.0,100.0,55.8,95.3,4.8,74.8,9.3,0.0,39.1,21.6,14.1,37.4,51.9,6.2,10.3,19.2,8.3,10.6,21.6,10.2,4.3,20.2,13.3,6.0,22.9,1.8000000000000003,2.2,0.8,18.8,22.8,1.8000000000000007,0.5
58.6,24.8,992.0,785.0,83.9,77.3,99.2,95.7,50.8,81.6,97.6,63.6,6.299999999999999,64.8,41.0,21.4,1.3,7.8,77.9,54.3,54.1,10.1,4.7,32.6,12.0,89.7,74.8,90.9,44.4,21.8,94.1,83.4,80.3,4105.0,94.1,66.8,1.8,93.9,40.7,30.6,69.3,73.7,81.9,81.9,7.399999999999999,91.6,86.7,43.7,94.9,4.7,85.7,10.3,1.7,20.4,9.7,26.9,15.7,48.3,4.7,4.5,10.8,5.9,5.8,12.8,13.0,6.5,23.1,15.5,7.4,26.4,0.2,5.3,0.6,29.7,28.3,11.0,2.1
62.7,19.5,1082.0,817.0,90.0,75.3,99.4,99.1,75.3,89.2,97.7,59.4,9.2,68.7,41.8,20.8,1.0,13.0,92.9,75.0,74.0,3.8,2.1,51.3,18.3,92.8,70.1,91.2,62.5,42.3,98.6,87.1,85.4,3255.0,97.4,53.9,2.3,94.2,58.0,48.6,80.4,87.0,93.7,93.7,8.0,98.0,96.1,41.4,98.2,1.8,73.2,9.2,1.0,40.2,8.8,14.9,31.0,48.7,9.1,7.5,18.3,6.8,10.0,18.4,16.8,6.6,29.6,19.5,6.1,30.1,0.0,3.4,3.2,28.4,38.8,4.7,2.9
80.3,23.0,959.0,844.0,94.3,82.8,99.9,99.6,84.4,99.0,97.4,48.9,19.9,83.6,63.2,10.6,4.0,2.2,94.2,71.8,70.0,6.1,2.9,58.2,18.5,87.9,69.9,89.6,72.2,38.4,94.4,91.2,94.9,2815.0,98.3,48.3,0.0,94.6,59.7,35.4,73.8,91.6,75.4,70.1,2.5,82.1,77.9,19.8,84.3,5.3,62.0,1.0,0.8,48.1,6.2,12.4,48.49400000000001,43.9,5.4,11.4,21.2,6.5,15.5,26.8,14.2,5.3,30.2,22.0,10.2,41.7,0.0,2.3,5.9,12.399999999999999,28.0,1.6999999999999993,0.7000000000000002
55.9,24.1,1218.7300000000002,955.0,92.5,70.1,99.3,97.3,76.5,94.7,96.5,59.2,6.2,62.4,43.5,28.4,1.8,3.1,90.2,57.4,56.5,13.4,3.6,24.345,17.3,94.6,81.9,87.9,53.5,36.3,95.5,84.1,89.9,3494.0,94.4,39.8,1.0,91.9,68.1,60.47600000000002,77.7,94.0,93.2,90.8,9.0,95.7,93.2,38.2,93.8,6.2,72.5,4.1,0.3999999999999999,27.499999999999996,14.7,22.5,26.0,43.2,7.5,6.1,15.5,8.6,8.4,19.5,11.9,5.8,25.5,16.4,8.4,31.3,1.0,6.7,3.4000000000000004,23.5,47.6,11.2,2.6
56.6,19.1,1066.0,1089.0,86.6,66.3,99.3,99.4,84.3,91.1,96.8,71.7,9.3,65.5,44.0,20.3,1.3,6.5,93.6,71.0,70.4,4.6,2.5,33.9,19.5,89.7,65.4,86.1,59.4,34.8,98.9,85.6,96.5,4741.0,99.6,49.6,0.0,90.1,71.53100000000006,60.47600000000002,84.2,91.2,94.7,89.4,0.0,94.7,94.7,40.6,100.0,0.0,80.8,10.8,2.7,41.9,11.1,18.2,24.1,41.1,6.5,6.9,14.4,8.1,8.8,18.3,13.4,6.2,26.1,18.3,7.6,29.0,0.2,3.0999999999999996,0.19999999999999996,27.1,60.599999999999994,4.099999999999999,11.3
52.4,18.5,1079.0,903.0,90.9,58.9,99.3,95.1,65.6,90.3,97.7,71.5,3.9000000000000004,58.9,36.3,24.9,2.0,13.2,90.8,64.8,64.3,7.0,2.4,47.1,13.5,94.6,72.7,94.1,58.9,35.3,94.0,89.1,89.6,5993.0,99.5,61.3,0.5,95.1,64.3,50.4,87.9,97.2,94.0,94.4,6.5,96.9,96.9,45.6,97.4,2.6,70.5,7.0,1.9,44.6,11.1,17.7,22.4,46.3,5.3,7.1,13.5,9.8,6.3,17.4,15.8,7.9,28.4,20.8,7.5,31.5,0.8,7.300000000000001,4.9,27.4,53.1,5.6,4.3
48.912,26.8,1037.0,853.0,81.7,72.8,99.8,97.0,73.7,86.1,85.3,61.8,12.5,45.0,27.4,34.6,2.2,15.899999999999999,77.3,75.5,74.9,2.5999999999999996,1.6,43.3,24.7,88.3,72.9,92.6,56.6,27.6,96.5,88.3,88.2,2832.0,94.2,46.5,2.5,91.7,41.7,22.2,86.9,92.3,92.4,92.4,0.0,95.2,93.5,37.6,98.8,1.2,75.0,5.4,3.7,40.0,6.8,27.5,21.9,29.9,3.4,4.9,9.3,6.1,7.7,14.3,13.0,5.3,21.5,17.1,9.6,29.7,0.5,2.4,3.2,23.7,34.6,9.7,7.1
51.1,23.4,1104.0,870.0,91.0,73.9,99.5,99.4,68.2,82.3,93.6,66.5,8.2,58.6,35.6,30.8,2.3,1.1000000000000005,88.3,56.8,56.8,9.8,5.4,44.4,9.399999999999999,87.5,79.5,90.6,56.1,28.3,96.8,86.8,89.0,5957.0,97.1,59.1,1.4999999999999998,93.2,55.400000000000006,42.6,75.5,84.1,86.8,82.0,9.2,94.3,91.2,38.4,98.0,2.0,79.6,7.1,1.4,37.7,7.5,21.7,21.0,41.3,5.4,5.8,12.9,6.9,8.9,17.5,14.3,6.8,27.7,16.9,8.1,29.1,0.6,2.0,1.6,25.7,41.8,5.6,16.7
63.6,20.1,1065.0,933.0,88.7,66.4,99.7,98.3,78.8,94.9,99.1,58.6,16.4,70.3,50.8,11.9,1.1,7.6,94.1,56.8,56.4,10.0,2.9,24.345,14.5,92.3,69.6,85.2,48.8,38.6,88.2,89.5,95.9,4573.0,98.4,34.2,1.6,86.9,71.53100000000006,60.47600000000002,73.4,74.5,88.5,88.5,2.6000000000000014,95.8,94.0,26.7,89.3,10.7,79.8,13.5,2.1,30.3,5.2,20.6,28.8,30.4,6.2,8.5,16.8,6.6,10.9,20.0,11.8,5.8,25.0,19.5,8.6,34.7,0.09999999999999998,4.900000000000001,1.6,19.3,49.8,5.7,5.6
61.8,19.0,1061.0,905.0,94.4,86.4,99.7,98.4,84.5,97.1,96.6,60.4,8.6,66.3,40.9,35.0,1.4,10.9,95.4,78.7,76.2,3.3,1.3000000000000003,54.9,25.8,84.9,76.3,97.3,66.7,34.9,99.4,93.2,91.5,3771.0,97.9,39.0,0.5,93.2,69.2,59.7,86.6,94.3,92.4,92.4,2.700000000000003,95.0,95.0,31.5,96.1,4.0,70.9,6.7,9.097000000000003,30.6,7.2,12.8,36.1,55.0,6.9,8.3,17.7,6.7,9.0,17.7,14.9,6.6,27.6,18.1,8.2,30.8,0.3,2.2,2.1,19.5,31.8,2.0,1.2999999999999998
52.9,23.7,1024.0,917.0,83.1,56.4,97.8,93.6,54.0,85.8,92.9,63.6,17.3,51.7,28.7,25.0,1.3,4.6,79.6,49.4,49.1,6.799999999999999,2.7,33.0,12.5,80.0,68.8,91.8,49.0,18.8,96.7,85.5,81.9,4121.0,82.0,55.7,5.7,83.4,27.2,16.6,76.2,93.5,98.0,95.9,17.9,98.0,96.4,42.1,96.5,3.5,75.0,7.1,2.2,42.6,8.1,25.7,14.0,39.0,3.9000000000000004,3.8,8.4,6.2,4.8,11.6,13.3,5.5,21.8,17.3,7.8,27.2,0.3,0.9,1.2,37.7,38.4,12.8,3.0
55.0,21.8,1067.0,885.0,91.0,70.0,99.6,98.2,68.6,86.6,96.2,69.3,25.8,58.0,34.7,28.3,0.5,6.6,92.8,75.4,74.7,4.7,2.2,59.5,16.3,87.8,67.7,94.0,52.1,32.4,98.1,91.5,94.3,3234.0,97.7,41.5,1.9,95.4,71.53100000000006,60.47600000000002,76.1,96.8,87.4,87.4,0.0,89.7,87.4,21.4,100.0,0.0,73.6,11.2,1.5,50.5,3.700000000000001,18.6,23.7,48.0,7.7,5.6,14.1,6.8,8.4,16.5,11.6,6.1,21.9,18.4,7.2,28.8,0.5,1.8,2.0,28.1,56.5,5.000000000000001,12.6
54.8,27.8,1035.0,789.0,91.9,72.6,99.4,99.6,73.7,85.9,94.1,70.3,20.2,59.6,40.4,23.4,2.0,9.2,95.6,72.0,70.1,2.7,1.7000000000000002,48.3,31.4,86.2,62.6,90.2,69.1,45.5,98.7,84.9,85.5,2369.0,98.1,59.2,1.0,97.6,43.4,25.9,89.4,98.1,96.5,89.3,0.0,98.2,96.5,41.6,90.7,1.5,70.8,4.0,2.4,42.9,5.8,24.0,24.0,40.3,4.9,4.7,10.8,6.4,7.0,14.2,14.0,5.6,24.2,16.5,6.5,26.5,0.0,2.2,1.4,25.299999999999997,42.9,7.5,8.0
58.4,19.5,1065.0,909.0,93.2,73.6,99.6,95.6,78.1,93.1,97.7,64.4,16.1,69.5,48.8,14.0,0.8999999999999999,3.7,88.1,55.3,55.3,11.3,2.9,33.0,9.5,86.7,64.7,89.6,68.1,49.0,93.6,87.7,85.3,3902.2,90.1,33.9,4.0,96.9,67.9,46.8,76.0,87.4,92.7,81.7,4.899999999999999,100.0,87.5,46.5,79.309,20.38800000000001,63.9,12.6,1.1,24.2,4.3,21.9,24.6,43.3,6.7,6.0,14.2,6.5,7.1,16.1,14.7,6.7,27.9,19.5,8.5,32.0,0.2,1.8,1.9,22.4,44.1,6.5,1.9
52.3,23.4,1051.0,848.0,85.3,58.3,99.4,99.9,78.2,80.1,97.1,61.2,14.2,57.7,39.3,31.8,0.8999999999999999,6.5,89.3,57.4,55.7,7.4,3.8,51.4,9.1,78.9,68.5,81.3,41.8,23.4,97.7,80.8,89.8,6139.0,98.9,62.2,1.1,92.9,51.3,37.6,69.3,91.1,87.6,85.4,21.0,93.2,82.7,41.0,100.0,0.0,85.2,13.3,1.2,32.9,10.3,25.4,23.3,31.9,5.7,7.0,14.0,6.9,10.9,19.5,13.7,6.6,26.7,15.7,8.4,28.9,0.4,4.0,2.7,26.2,54.0,6.4,23.8
72.9,23.1,996.0,828.0,95.0,78.8,100.0,99.9,86.2,99.0,98.8,53.8,19.8,79.5,59.3,10.2,1.1,3.1,97.1,76.4,72.4,3.7,2.0,57.9,25.4,89.4,69.6,92.2,60.8,31.8,96.2,90.6,90.1,3534.0,98.3,39.4,1.6,96.2,61.0,45.900000000000006,76.1,87.6,88.4,88.4,1.2999999999999972,87.1,89.0,36.5,81.9,18.1,69.5,6.4,4.1,42.9,9.7,15.2,41.8,51.7,4.4,10.2,16.5,5.5,10.0,18.6,13.0,5.7,26.5,18.7,9.2,34.8,0.2,0.5,0.7,17.9,39.3,3.0,2.4
51.1,23.8,1066.0,771.0,91.4,84.8,99.9,99.6,73.2,87.3,92.0,68.6,18.9,57.1,36.0,32.1,1.9,5.3,96.6,77.3,76.5,3.9000000000000004,1.7000000000000002,58.3,27.1,92.4,75.1,88.5,65.9,41.1,97.0,90.3,91.0,2975.0,98.0,56.2,2.0,94.5,53.0,39.5,81.1,98.3,88.8,86.7,1.7000000000000028,91.9,90.1,37.0,98.1,1.9,64.7,3.6,2.9,41.0,4.4,19.1,22.8,46.7,4.5,6.4,12.5,7.0,6.8,14.5,12.9,6.5,24.6,17.0,6.3,27.3,0.2,2.0,2.6000000000000005,30.8,55.5,6.2,11.8
59.8,23.9,1017.0,883.0,80.4,79.3,99.9,99.2,76.4,94.6,87.5,64.8,11.5,62.6,40.9,28.2,1.0,6.0,96.9,78.5,77.2,2.503,1.2000000000000002,62.8,23.6,90.5,65.7,91.8,66.8,40.1,98.7,92.2,95.3,4320.0,98.3,57.4,1.7,99.0,65.7,50.4,78.3,79.9,91.2,91.2,2.8999999999999986,94.1,94.1,32.5,97.0,3.0,72.6,4.6,5.2,48.5,6.2,15.5,28.5,50.6,5.9,6.5,13.8,6.4,8.3,17.0,10.4,4.8,19.6,15.6,5.9,25.7,0.2,4.6,1.4,24.3,51.400000000000006,4.0,7.4
53.3,22.7,1171.0,1138.0,94.0,71.7,99.5,98.3,63.6,88.8,95.1,49.9,11.5,58.6,40.9,23.3,1.8,9.6,78.7,59.3,58.5,6.7,3.6,39.4,9.2,85.2,69.7,91.2,58.7,34.6,96.9,87.2,91.0,5080.0,96.7,31.299999999999997,0.5,91.6,71.53100000000006,58.6,75.3,77.2,89.5,87.7,17.2,100.0,97.2,50.1,88.9,5.9,84.1,7.8,0.0,20.9,10.2,26.9,22.5,32.0,5.6,5.2,11.7,6.7,7.6,15.8,13.4,6.1,25.1,18.6,5.3,28.5,0.9,6.5,1.4,29.0,43.9,13.0,3.5
54.3,23.7,1132.0,941.0,90.4,77.6,99.9,99.4,72.5,92.4,96.9,52.3,17.8,63.1,42.4,23.7,2.1,3.8,88.8,60.3,56.8,9.4,5.2,60.4,8.6,87.9,78.5,80.0,40.9,28.2,96.2,79.5,85.9,5262.0,97.3,46.4,1.0,91.8,66.7,45.0,86.1,81.5,96.7,94.4,13.399999999999999,95.0,95.3,57.9,96.5,3.5,83.0,16.2,1.1,25.6,18.0,21.0,27.5,41.9,5.1,6.1,13.5,6.3,7.7,15.6,13.6,6.7,27.1,18.1,9.1,31.2,0.4,5.0,1.4,20.6,40.2,8.6,9.8
61.3,18.1,1028.0,913.0,87.9,69.8,99.5,98.0,77.8,96.6,97.8,59.1,12.5,73.7,46.6,13.600000000000001,0.7,4.6,93.2,66.1,64.8,8.3,3.1,44.5,16.9,83.5,77.9,87.0,61.0,41.9,92.9,87.6,89.8,3850.0,96.5,45.8,0.0,96.2,71.53100000000006,58.2,73.1,79.4,97.0,94.5,0.0,100.0,97.0,34.9,100.0,0.0,66.3,11.6,2.0,26.3,14.0,16.5,26.1,47.8,4.2,7.5,13.7,7.3,7.7,16.8,13.4,6.4,27.7,21.8,8.2,34.7,0.3,4.900000000000001,3.5,21.6,47.5,4.599999999999999,4.2
56.4,21.3,1167.0,1115.0,91.2,76.7,99.8,98.7,77.4,96.6,98.5,62.8,9.1,64.7,46.4,13.2,1.9,3.0,92.2,60.7,59.3,9.9,2.9,60.0,18.9,90.4,67.1,96.3,55.2,34.0,99.0,89.9,90.1,3065.0,97.6,37.7,1.2,95.4,71.53100000000006,60.47600000000002,84.1,85.1,94.4,92.8,1.5,96.4,94.8,41.9,96.8,3.3,73.3,6.1,2.1,32.5,8.1,18.6,23.8,43.1,6.5,5.1,13.2,6.2,11.4,20.3,15.9,7.3,30.2,19.5,8.0,36.0,1.2,6.9,3.3,19.4,49.9,8.5,6.1
68.6,24.1,1022.0,964.0,93.4,72.8,99.7,99.4,81.1,97.0,98.2,58.3,19.8,72.1,51.4,29.0,1.1,5.2,95.3,72.6,69.7,4.8,2.2,53.4,18.7,95.5,75.1,90.3,48.2,26.6,95.3,89.8,90.0,3499.0,97.2,48.2,1.2,92.7,57.8,42.9,85.8,91.9,89.2,87.8,0.0,94.1,87.6,30.5,92.8,7.199999999999999,67.8,5.3,1.1,40.3,7.6,14.9,40.6,47.9,5.2,8.3,15.3,6.3,11.0,19.6,14.8,7.9,28.5,21.3,9.3,35.0,0.09999999999999998,0.5,1.0,18.9,46.8,4.500000000000001,6.7
60.2,24.5,1053.0,1039.0,79.7,71.5,99.6,99.4,68.0,81.1,97.5,58.1,19.4,63.6,41.5,30.6,1.1999999999999997,4.4,92.2,62.3,61.7,8.5,4.2,47.5,10.2,82.8,66.4,89.5,44.0,21.6,98.3,84.7,89.0,4718.0,93.0,63.2,4.4,95.1,43.2,34.6,78.5,76.3,90.2,80.5,15.8,95.0,89.7,26.5,98.1,2.0,74.0,12.3,0.8,32.2,2.700000000000001,20.0,29.4,38.4,4.4,5.3,11.3,6.3,8.7,16.3,14.9,6.3,25.7,19.3,10.3,32.6,0.7,1.2,2.4,27.3,39.7,5.4,11.2
60.8,22.0,1062.0,976.0,90.0,71.8,99.5,97.2,84.1,93.2,98.5,60.9,14.7,71.0,51.3,19.0,0.0,1.0,88.4,59.8,59.4,9.6,3.7,46.7,11.6,86.1,62.6,89.8,60.6,41.5,98.9,74.1,85.9,5528.0,99.7,47.3,0.3999999999999999,90.5,69.0,56.0,63.1,81.5,84.2,81.2,13.399999999999999,93.0,88.6,40.0,95.3,4.7,81.0,8.3,3.1,34.9,13.6,17.9,26.8,42.8,4.0,8.4,14.7,7.9,10.4,20.0,11.5,6.6,26.6,19.0,9.2,36.9,1.0,5.1,3.5,23.2,50.3,5.2,8.3
57.4,18.9,1032.0,980.0,92.7,70.1,99.4,99.8,77.9,94.5,93.0,63.1,17.0,63.5,42.5,29.5,1.1999999999999997,6.2,95.5,78.2,77.9,4.0,2.3,36.9,16.6,92.7,70.4,87.1,67.1,38.9,99.7,88.6,88.7,3615.0,95.9,40.5,4.1,94.2,71.53100000000006,60.47600000000002,70.4,79.3,84.5,80.5,0.0,88.2,85.4,25.6,92.1,7.9,70.2,4.6,4.3,22.5,9.5,16.0,33.9,45.0,8.1,8.2,17.7,9.0,12.2,23.9,12.7,6.2,25.2,17.1,5.8,27.3,0.4,5.3,4.1,20.8,46.7,3.0,6.1
53.1,24.9,998.0,775.0,91.6,57.6,99.1,99.7,66.7,76.0,89.1,59.6,6.4,59.3,38.3,39.8,2.0,10.0,93.3,69.8,69.8,4.6,3.0,36.5,8.6,78.0,54.8,83.2,37.2,24.4,98.7,80.8,86.9,3201.0,95.0,54.9,2.0,86.7,48.0,36.6,86.2,88.7,90.7,89.2,3.3999999999999986,98.4,93.6,33.9,98.4,1.6,66.1,13.0,2.5,39.7,10.8,25.6,25.7,38.2,4.8,4.1,10.8,5.7,7.5,14.3,15.0,7.8,27.0,17.9,8.9,30.3,0.09999999999999998,2.8,0.6,29.2,44.7,11.6,17.0
49.3,24.8,1018.0,987.0,90.5,75.7,99.2,99.4,75.9,88.9,93.5,70.1,9.5,52.1,37.0,32.6,4.6,4.7,95.5,77.3,75.7,3.5999999999999996,2.1,36.6,22.3,91.4,62.8,92.6,64.3,38.8,100.0,87.6,83.6,2989.0,99.0,51.4,1.1,96.6,50.9,35.8,87.0,94.7,91.9,86.9,0.0,97.3,97.3,30.4,100.0,0.0,71.4,5.0,1.7,43.5,1.8000000000000007,24.6,23.5,37.1,5.9,7.0,13.9,7.4,7.7,16.5,13.5,4.8,22.5,16.1,5.8,25.5,0.3,3.3,2.2,27.5,48.7,8.9,8.7
51.8,17.3,1070.0,701.0,82.6,70.3,99.7,99.0,74.3,87.8,97.4,72.0,22.6,60.1,40.0,22.9,1.8,12.899999999999999,93.5,60.0,57.5,9.4,2.4,53.5,16.3,86.8,70.4,82.3,51.9,35.2,98.7,93.8,90.5,3713.0,100.0,63.1,0.0,94.5,71.53100000000006,60.47600000000002,79.0,83.6,93.0,93.0,0.0,93.0,93.0,39.3,100.0,0.0,83.7,14.4,4.6,33.8,5.6,22.6,26.4,45.6,6.6,7.6,15.6,6.5,10.0,18.1,15.4,6.2,26.3,17.4,8.5,29.4,1.1,5.5,3.8,23.2,54.4,2.799999999999999,6.5
70.3,20.2,1087.0,829.0,82.4,77.7,99.6,99.1,81.2,94.6,96.6,62.0,11.6,76.9,57.2,22.7,1.3,4.3,96.4,67.7,64.4,8.9,3.2,49.4,27.8,88.4,71.3,96.2,63.7,38.9,96.4,92.6,92.3,2825.0,99.7,41.9,0.0,93.0,69.3,44.2,70.1,86.8,83.3,80.0,1.6000000000000014,89.2,91.8,54.9,91.4,8.6,78.5,8.7,4.3,29.8,5.5,16.8,32.0,50.7,7.7,7.3,17.1,7.9,8.9,19.0,10.8,5.6,24.5,17.6,8.5,32.7,0.0,1.4,0.4,14.0,43.3,1.5,2.9
59.1,23.0,1071.0,954.0,93.8,71.1,99.6,99.7,81.9,94.9,98.7,65.3,27.199999999999996,68.4,48.0,21.6,3.0,1.7000000000000002,94.8,76.2,75.0,5.0,2.0,58.5,20.6,92.1,67.2,91.5,60.5,35.7,97.9,93.2,94.9,3082.0,97.7,54.9,1.2,94.1,68.2,60.47600000000002,76.7,84.3,87.2,87.0,5.100000000000001,95.2,90.0,37.9,97.0,3.0,69.6,6.0,1.1,43.7,4.5,19.4,24.6,48.8,6.1,6.9,14.6,6.9,9.6,18.0,12.5,6.8,24.8,19.1,8.8,32.3,0.2,2.4,2.1,22.2,58.39999999999999,5.6,12.9
74.8,27.2,1034.0,1160.0,94.2,81.0,97.7,70.3,67.6,34.0,98.7,44.2,11.9,71.6,15.803,38.9,0.30000000000000004,23.48800000000001,63.2,80.9,53.3,4.0,1.7999999999999998,50.8,5.717999999999999,58.1,52.0,97.8,26.0,8.8,90.7,72.4,73.1,4010.0,87.3,84.5,0.5,87.7,10.1,10.1,73.7,76.7,89.0,86.2,68.4,97.6,90.2,29.1,100.0,0.0,58.2,4.9,1.5,44.0,14.9,15.9,19.1,67.7,8.5,5.7,14.5,7.8,8.4,17.0,9.0,3.5,14.5,11.5,4.0,17.4,0.4,0.6,0.5,61.3,40.2,55.2,7.5
80.1,24.2,1011.0,1043.0,92.9,70.8,98.8,87.7,77.4,47.7,99.0,29.9,30.9,77.2,22.8,42.8,0.0,23.48800000000001,71.5,65.5,48.7,12.1,3.7,40.2,13.1,54.0,40.6,91.7,22.000000000000004,6.599999999999998,91.1,66.3,68.6,10954.0,93.2,90.0,0.5,94.1,23.6,23.4,67.1,85.1,83.9,80.6,34.8,91.8,89.9,16.7,95.1,0.0,74.6,9.8,1.6,24.8,13.4,14.1,19.6,72.5,7.9,7.5,16.8,8.4,8.0,17.4,10.5,3.6,19.8,13.1,3.4,21.4,0.4,0.7000000000000001,1.2,55.8,33.7,49.6,9.4
81.3,23.5,1059.0,959.0,94.8,83.9,99.0,83.2,67.8,41.5,99.9,44.1,21.3,80.5,18.9,28.3,0.0,23.48800000000001,69.2,79.9,49.9,4.1,2.2,34.7,8.7,57.2,41.5,96.8,38.0,16.6,97.7,59.7,62.9,7328.0,95.7,90.7,1.6,95.2,27.8,25.6,60.7,65.8,87.7,85.7,63.7,96.1,85.7,22.5,100.0,0.0,68.1,0.7000000000000002,2.0,20.9,12.3,18.7,15.4,62.7,9.9,7.0,17.8,10.3,7.6,18.3,11.3,5.2,19.0,14.6,5.0,21.4,0.0,0.19999999999999996,0.0,61.9,40.3,51.3,9.600000000000001
86.4,26.2,1040.0,913.0,93.5,85.9,96.2,75.6,74.1,41.6,99.2,28.7,25.1,83.1,23.7,34.2,0.6000000000000001,11.9,74.2,78.3,54.4,6.1,2.5,62.2,13.5,75.5,67.1,95.0,17.3,3.8000000000000007,93.8,76.6,77.4,4418.0,85.4,65.2,1.3,86.7,18.2,14.7,69.6,67.9,77.5,74.6,50.9,93.1,74.6,9.5,97.6,0.0,61.6,5.7,0.7,61.1,12.6,18.6,16.8,56.0,10.5,7.3,18.3,12.2,9.2,22.9,9.8,4.5,18.8,10.3,5.2,19.3,0.0,0.19999999999999996,0.0,64.0,33.5,52.5,6.1
78.9,23.4,1021.0,930.0,95.3,67.4,99.0,97.4,75.4,37.1,99.7,31.6,17.6,79.6,21.7,51.9,0.5,23.48800000000001,68.3,58.9,44.2,15.3,3.9,39.6,9.8,61.9,52.8,90.2,18.8,6.800000000000001,93.0,72.1,70.1,8389.0,87.7,81.7,1.1,87.2,21.8,21.3,70.3,78.6,89.6,86.8,60.8,97.6,84.7,18.800000000000004,97.4,0.0,80.8,9.9,0.3999999999999999,46.4,11.9,13.9,24.2,72.7,8.7,8.6,18.2,10.0,11.3,22.2,9.9,4.3,19.3,11.3,3.3,19.9,0.2,0.9,0.4,50.4,29.5,47.6,8.1
80.4,24.5,1054.0,1136.0,91.7,75.2,95.9,90.5,68.6,29.4,99.3,37.3,23.6,80.3,21.6,46.2,0.8999999999999999,23.1,49.6,50.7,40.3,17.3,3.7,28.299999999999997,13.0,54.2,58.4,89.4,29.5,13.3,84.6,68.0,67.7,7199.0,89.7,80.9,0.7000000000000002,88.6,20.4,16.1,48.5,65.6,81.1,72.7,55.6,89.0,83.7,19.3,100.0,0.0,75.2,11.3,3.2,15.8,10.5,16.8,22.8,51.9,8.3,8.1,18.2,9.7,8.9,20.4,11.4,4.9,22.4,14.5,4.6,24.2,0.5,1.4,1.8,54.3,30.5,51.0,5.6
81.6,27.4,1079.0,1036.0,91.7,71.1,96.4,78.6,61.8,29.2,99.3,28.0,26.2,76.4,18.7,38.0,0.3999999999999999,21.2,56.8,66.8,40.2,9.7,3.7,24.345,5.717999999999999,41.0,24.6,95.6,31.6,14.3,89.4,44.5,46.7,7693.0,71.5,55.4,2.9,66.0,11.2,7.699999999999999,58.3,66.7,78.0,74.8,57.3,85.1,83.6,16.8,96.7,1.5,73.7,6.2,1.6,21.7,8.8,26.0,16.6,53.8,8.6,8.0,16.9,11.0,8.5,19.9,10.9,5.2,21.0,12.8,5.3,22.1,0.0,0.40000000000000013,0.0,59.7,23.3,54.9,3.4
85.3,20.2,937.0,1048.0,94.9,88.1,99.8,98.5,80.2,65.2,99.8,28.1,32.3,86.2,30.9,37.1,0.0,20.2,81.5,80.1,53.9,2.503,0.9000000000000004,42.1,9.399999999999999,78.7,61.2,99.2,31.8,7.099999999999998,98.1,87.7,88.7,5556.0,95.3,79.8,1.6,96.9,47.7,41.4,88.4,93.7,94.1,91.7,74.7,100.0,94.1,33.6,93.6,6.4,73.0,2.3999999999999995,0.5,38.0,17.3,13.7,26.8,61.6,8.4,9.3,18.7,7.9,8.9,18.1,12.7,6.6,25.1,15.4,7.2,27.1,0.6,0.6,0.4,55.2,33.0,47.7,3.5
72.3,23.2,1218.7300000000002,1324.1300000000008,91.1,68.5,99.9,93.3,89.2,35.9,88.1,66.0,40.4,86.3,48.0,1.5,2.3,1.7000000000000002,88.6,78.6,70.5,6.4,2.6,68.9,13.400000000000002,52.3,44.3,87.7,38.6,20.9,99.4,78.1,79.6,3162.0,80.1,69.4,6.200000000000001,85.4,16.3,13.7,85.1,96.3,85.1,85.1,19.6,96.3,96.3,36.6,100.0,0.0,51.6,6.2,4.0,30.2,20.1,15.6,19.5,58.1,5.3,3.7,9.5,6.9,5.9,14.0,13.6,8.2,24.6,19.6,12.2,33.2,0.7,0.0,0.4,44.3,31.8,5.500000000000001,0.10000000000000009
73.9,24.6,1174.0,940.0,94.7,76.1,99.8,92.0,88.5,34.6,98.6,71.9,41.8,87.2,52.2,12.900000000000002,0.7,1.7000000000000002,91.2,78.8,66.4,8.4,2.9,58.2,17.3,63.8,67.9,94.8,42.4,25.1,99.4,78.1,79.8,2542.0,82.0,75.1,3.7,85.0,12.4,9.9,86.9,91.0,93.8,82.6,41.9,95.3,93.2,16.7,95.5,0.0,37.8,4.0,1.8,37.0,6.4,17.2,17.6,53.5,3.8,3.8,7.9,4.6,6.0,12.0,13.1,5.7,20.2,20.8,11.900000000000002,34.9,0.0,0.0,0.0,43.7,39.5,7.7,0.5
79.1,26.1,1087.0,1026.0,96.9,66.5,99.5,94.4,87.6,37.4,93.8,71.1,28.2,89.2,59.0,3.3999999999999986,1.4,3.0,96.8,73.7,64.0,9.3,3.6,70.5,21.8,58.6,52.2,94.6,40.8,18.8,100.0,72.1,67.8,7882.0,73.9,67.3,2.8,75.3,8.8,7.1,85.0,91.1,92.0,90.4,21.4,100.0,92.0,57.9,98.4,0.0,49.9,5.7,1.5,63.1,9.8,9.6,24.2,73.5,3.4,2.9,6.8,3.6,5.0,9.8,15.1,3.7,19.7,19.4,8.2,28.5,0.0,0.0,0.6,38.4,37.7,2.200000000000001,0.20000000000000018
75.9,27.6,1112.0,926.0,94.6,77.7,99.6,95.4,82.7,39.8,97.1,65.7,23.9,83.8,51.0,11.7,0.8,1.8999999999999995,94.4,66.7,57.7,10.4,3.5,73.9,28.1,72.3,62.0,96.6,57.7,30.7,100.0,80.8,80.5,2578.0,79.8,51.8,5.6,80.7,16.3,6.9,91.9,91.6,97.2,94.1,46.7,98.0,98.7,37.7,97.0,3.0,56.9,4.2,0.0,46.3,9.9,14.6,17.9,59.9,3.3,3.7,7.9,3.8000000000000003,6.8,11.3,12.9,5.0,19.9,20.7,7.9,29.7,0.5,1.2,0.0,38.7,33.1,4.9,0.20000000000000018
82.9,23.1,915.0,823.0,95.6,73.7,99.7,99.0,83.9,88.8,92.3,67.3,19.3,85.8,62.6,6.6,1.0,0.40000000000000036,94.1,75.0,59.1,6.5,2.8,66.4,27.7,83.5,75.3,98.4,57.7,33.2,98.0,82.4,84.2,4277.0,91.7,49.4,0.7000000000000002,92.7,25.9,22.8,76.0,83.0,87.8,85.9,38.9,95.4,86.2,40.5,96.0,4.0,61.0,1.7000000000000002,1.4,55.4,14.4,13.1,39.8,58.7,4.5,8.2,13.8,5.8,10.6,17.8,12.7,6.0,23.7,17.9,10.2,31.9,0.0,0.19999999999999996,0.0,25.6,21.6,2.4000000000000004,0.20000000000000018
73.9,31.0,946.0,985.0,88.0,67.1,99.7,99.6,69.8,61.5,89.8,46.6,40.3,73.7,40.3,9.9,3.9000000000000004,2.3,85.4,63.6,50.9,11.8,4.1,52.2,11.399999999999999,57.4,48.5,89.7,38.2,21.8,93.2,74.2,76.6,3786.0,79.8,37.9,4.8,83.2,22.1,17.0,76.5,93.7,86.2,80.7,23.2,92.6,89.4,36.1,87.6,9.1,50.8,6.4,3.9,30.6,14.5,15.9,29.8,74.3,2.6,5.5,9.9,4.5,6.9,12.3,15.0,6.9,26.2,22.5,9.5,33.9,0.5,1.3,0.9,31.8,17.6,5.7,0.3999999999999999
80.3,25.8,1014.0,1136.0,91.7,79.9,99.1,93.0,82.4,71.6,97.4,60.8,44.2,83.9,55.2,11.3,1.4,2.0,90.7,74.7,64.4,6.5,2.0,59.7,15.1,70.0,59.7,88.8,45.7,29.4,97.8,75.9,76.3,3599.0,81.2,56.4,4.9,83.9,30.1,23.0,74.1,73.5,87.7,83.5,20.3,97.4,84.4,31.0,94.5,1.6999999999999997,45.8,5.0,2.4,24.0,19.0,12.7,33.3,72.9,4.6,6.0,11.5,6.3,6.7,14.6,14.3,5.9,24.0,19.8,7.8,30.4,0.2,0.0,0.0,34.8,29.5,5.2,0.3999999999999999
75.5,23.0,1166.0,1065.0,86.0,71.9,99.4,83.5,83.3,48.1,92.3,62.7,39.2,84.0,56.2,8.6,2.6,1.2999999999999998,86.5,78.0,64.0,9.9,3.2,27.6,9.399999999999999,49.0,39.6,90.5,40.2,14.9,96.8,64.0,70.7,2382.0,76.0,59.4,2.4,76.9,9.4,6.4,76.0,80.4,81.8,84.2,13.899999999999999,90.6,90.2,26.4,96.1,3.9,48.3,6.1,1.6,36.0,9.0,16.1,21.0,71.2,4.4,4.9,10.6,5.4,5.7,12.1,14.5,5.2,22.1,20.7,12.0,34.3,0.0,0.10000000000000009,0.0,42.9,33.6,6.4,0.7000000000000002
79.7,22.2,1043.0,911.0,96.4,79.5,99.6,90.9,84.5,45.9,97.7,72.8,23.0,87.6,55.5,16.2,1.1999999999999997,3.7,94.6,71.2,63.6,11.3,4.5,59.0,28.3,68.7,58.7,94.0,52.6,24.3,97.4,82.0,82.7,3726.0,84.9,80.0,1.9,83.2,17.0,18.4,96.0,97.0,100.0,100.0,43.4,100.0,100.0,27.5,97.8,2.2,69.6,4.8,0.5,54.1,19.3,11.5,21.8,65.3,3.5,2.4,6.5,4.5,5.0,10.6,14.8,6.7,23.3,21.6,10.3,32.9,0.0,0.5,0.0,38.5,33.2,4.300000000000001,0.2999999999999998
73.0,25.0,1218.7300000000002,958.0,97.7,86.1,99.5,93.9,86.8,35.1,91.7,76.6,19.2,86.1,56.4,8.6,1.7,1.7999999999999998,96.8,72.1,61.3,12.2,4.5,74.7,26.7,74.2,76.5,94.0,51.9,28.7,99.7,83.6,82.2,4156.0,86.6,81.0,3.8,85.8,16.7,16.7,91.4,94.0,95.7,95.7,43.6,97.1,95.5,32.7,98.6,0.0,71.9,3.2,0.8999999999999999,54.4,13.2,8.8,25.3,43.6,5.7,4.2,10.4,6.7,8.7,16.3,12.7,4.4,18.7,20.6,9.2,31.7,0.0,0.0,0.19999999999999996,41.0,38.9,2.0,0.20000000000000018
62.2,25.7,1218.7300000000002,866.0,90.4,58.4,99.9,84.1,84.6,34.9,92.8,71.2,33.6,74.9,50.8,6.300000000000001,1.8,1.7000000000000002,93.7,67.3,52.4,13.8,5.6,65.4,20.4,62.3,48.9,94.1,57.6,27.5,93.8,78.5,80.4,1827.0,82.2,59.3,2.0,77.6,15.0,9.7,83.0,77.6,98.6,96.5,10.399999999999999,100.0,98.0,38.6,97.3,0.0,59.5,3.0,2.5,41.8,1.8000000000000007,12.7,20.9,55.5,3.7,4.1,8.9,4.6,6.0,11.9,13.0,5.5,20.0,22.0,10.4,34.0,0.0,0.0,0.0,41.1,35.7,3.8000000000000007,0.20000000000000018
70.5,27.9,957.0,1022.0,92.3,76.4,99.6,99.9,70.9,64.0,95.9,59.0,31.4,70.4,41.1,14.6,2.1,5.2,93.6,67.2,51.9,7.2,2.1,68.3,22.8,77.3,75.9,96.9,45.7,23.2,98.5,82.0,80.8,1906.0,85.1,51.0,3.6,81.6,20.4,6.9,83.2,92.2,90.1,86.2,43.9,94.8,90.1,35.8,98.6,0.0,52.1,3.4,1.9,42.4,11.9,14.1,35.4,53.0,5.3,8.1,14.2,7.7,9.8,18.0,12.6,7.2,22.2,19.2,8.7,30.2,0.0,0.5,0.6,31.7,21.6,5.299999999999999,0.3999999999999999
69.0,25.0,1024.0,869.0,94.1,81.1,99.6,96.1,75.7,32.6,87.2,80.3,4.200000000000001,80.1,53.6,5.699999999999999,2.5,4.8,90.2,73.8,60.2,7.7,3.9,51.5,34.2,77.1,66.8,95.3,46.9,18.9,99.6,72.0,72.4,3168.0,85.9,77.0,0.3999999999999999,84.5,6.199999999999999,4.800000000000001,81.8,91.5,94.3,94.3,44.4,89.9,95.8,29.4,100.0,0.0,55.6,4.8,1.7,61.7,7.4,12.9,21.5,59.7,4.5,3.5,8.2,4.4,6.0,10.9,12.5,5.0,19.0,16.5,6.3,24.4,0.09999999999999998,0.10000000000000009,0.8,35.1,26.9,2.5,0.5
69.4,30.5,952.0,902.0,76.1,50.1,99.1,99.8,70.8,67.5,93.1,9.399999999999999,9.6,63.1,36.1,17.9,3.3,3.4999999999999996,76.5,67.7,47.1,9.0,4.0,53.6,12.8,62.1,42.7,91.1,20.900000000000002,11.3,85.9,77.2,75.2,1878.9999999999998,89.1,43.0,1.4,90.1,18.8,9.9,74.1,78.2,92.2,91.3,45.6,99.1,96.4,48.4,87.5,5.700000000000001,71.9,6.8,4.5,19.5,10.7,15.4,25.2,58.6,3.7,3.2,7.2,4.3,3.5,8.2,10.3,5.2,16.8,16.4,4.1,20.9,0.3,0.30000000000000004,0.4,46.1,20.9,8.9,0.6000000000000001
68.0,32.1,1031.0,1030.0,64.6,56.2,95.3,100.0,69.4,51.4,96.9,17.6,8.3,66.0,37.5,15.8,3.9000000000000004,4.5,79.6,68.2,39.7,6.4,1.6,69.0,27.7,69.5,44.7,93.9,25.2,12.600000000000001,98.1,82.1,80.3,2638.0,82.6,49.2,2.9,85.5,18.7,7.0,70.1,83.9,78.6,77.6,69.5,93.3,81.8,40.6,89.7,3.7,69.4,5.6,3.2,43.4,9.1,18.6,29.4,42.9,7.4,5.3,13.1,7.8,6.1,14.9,11.8,4.3,18.2,16.3,4.1,22.0,0.4,0.19999999999999996,0.0,37.0,16.9,5.099999999999999,0.10000000000000009
71.6,29.2,1097.0,818.0,90.3,57.4,94.2,100.0,63.6,32.2,98.3,23.0,10.0,76.2,53.0,5.5,2.4,0.0,77.5,48.9,20.699999999999996,22.9,6.9,62.6,20.2,61.1,44.5,94.6,25.2,11.6,97.8,76.8,74.5,2611.0,92.2,49.8,3.7,87.9,16.0,7.4,75.1,91.3,84.9,84.9,55.6,90.0,83.5,28.3,91.0,0.0,80.0,3.0,1.6,20.4,2.799999999999999,26.7,20.3,47.2,7.2,6.6,14.6,8.5,9.3,18.4,9.1,5.6,17.2,13.6,6.9,22.0,0.4,4.8,0.4,52.9,16.5,12.8,0.20000000000000018
66.1,32.1,1170.0,844.0,87.5,52.4,92.3,98.7,60.9,26.4,97.2,20.9,5.3,63.3,34.6,14.9,3.3,1.8999999999999995,71.8,48.4,30.5,19.9,7.0,77.4,34.4,72.6,31.7,93.5,15.899999999999999,10.400000000000002,96.8,76.3,73.7,2713.0,90.8,71.3,3.4,91.4,11.1,4.5,75.9,86.8,82.0,82.0,65.2,96.8,85.7,27.5,95.9,0.0,80.7,4.4,3.7,21.6,5.0,21.0,23.5,39.9,5.9,6.5,12.9,5.7,5.6,12.0,12.7,5.0,19.2,14.3,5.7,21.2,0.2,1.5,0.4,49.3,9.1,11.5,0.3999999999999999
75.9,29.3,1021.0,880.0,87.2,50.4,94.0,99.5,74.3,33.7,93.9,18.4,8.4,74.9,46.2,18.1,2.3,4.9,77.1,51.4,32.3,18.7,6.2,66.3,42.9,72.2,50.4,91.3,23.7,10.7,98.6,77.8,73.3,1182.0,90.1,72.8,4.1,90.9,8.0,2.4000000000000004,82.5,84.3,89.4,88.3,74.5,95.6,89.4,23.4,99.1,0.8999999999999999,84.7,6.5,3.2,19.3,5.2,18.8,19.3,60.2,3.0,3.2,6.9,3.7,2.8,7.0,14.1,5.1,20.0,16.8,5.0,22.1,0.3,1.4,0.7,46.8,11.4,9.3,0.2999999999999998
71.2,29.3,1141.0,839.0,85.7,59.3,96.5,100.0,72.8,37.6,99.3,8.999999999999996,17.3,76.5,52.6,12.0,5.2,0.2999999999999998,79.3,52.7,31.4,20.7,8.2,53.3,17.8,53.7,38.5,94.4,19.4,9.900000000000002,96.6,72.9,72.5,4265.0,93.2,44.7,3.7,89.8,16.8,7.699999999999999,64.5,80.3,82.1,79.8,43.2,92.2,80.0,16.2,86.4,8.8,67.8,2.7,1.8,18.8,0.03000000000000025,22.1,21.5,45.2,6.8,6.9,14.2,6.8,10.1,17.1,12.0,5.4,19.4,18.8,8.1,28.7,1.5,4.6,0.6,44.1,14.7,9.4,0.2999999999999998
71.6,29.8,938.0,818.0,75.7,65.4,98.5,99.9,87.0,51.5,96.6,12.5,3.799999999999999,76.3,44.0,8.1,5.3,2.7000000000000006,81.4,71.7,45.2,5.2,2.1,75.0,19.8,79.4,42.4,93.1,33.8,8.599999999999998,96.1,79.1,82.3,2001.0,80.9,44.0,3.6,82.3,12.6,8.8,83.9,93.0,91.5,91.5,81.2,92.8,87.7,30.5,92.9,0.0,73.5,4.0,0.6000000000000001,18.3,10.6,14.9,34.5,54.7,5.8,5.7,11.8,6.0,6.4,12.7,13.3,6.0,21.4,18.0,6.0,25.5,0.0,0.19999999999999996,0.0,31.8,12.9,4.7,0.2999999999999998
48.912,40.597,1012.0,848.0,78.8,21.018000000000008,77.818,100.0,44.2,38.2,85.1,10.100000000000001,8.4,40.818,15.803,37.5,4.6,8.4,48.4,38.4,33.4,25.897000000000002,11.1,75.4,31.2,40.2,34.3,86.0,22.4,14.2,85.9,52.4,54.5,1745.0000000000002,67.7,58.6,8.3,70.7,5.199999999999999,5.1,51.8,62.2,64.2,59.7,35.2,89.4,70.3,26.3,96.1,0.8000000000000003,69.4,9.8,6.6,17.0,9.5,29.9,12.5,55.4,2.6,3.1,6.1,4.8,2.7,8.6,13.4,7.4,24.2,18.1,8.5,28.7,0.0,0.19999999999999996,1.3,59.0,12.2,26.6,0.6000000000000001
68.1,29.0,1009.0,1062.0,85.6,53.8,89.1,99.8,61.7,53.8,96.4,10.599999999999998,9.4,70.0,50.1,9.9,3.5,1.7000000000000002,71.6,55.2,41.9,20.2,5.7,77.6,33.9,64.0,30.5,90.0,15.8,2.8000000000000007,95.8,76.6,72.9,2441.0,90.0,73.9,4.5,93.1,7.4,2.900000000000002,62.2,65.7,69.4,63.4,31.5,96.8,80.3,20.3,94.1,2.8,75.7,10.3,7.1,12.503,1.0,16.8,16.6,69.1,5.0,6.1,12.2,6.3,6.6,14.0,10.6,3.8,17.1,15.2,3.2,20.7,0.4,0.9,0.7,35.6,9.9,2.200000000000001,0.5
53.1,38.9,1075.0,1034.0,81.2,21.018000000000008,78.4,99.8,59.7,39.6,96.9,13.000000000000004,9.9,43.2,16.8,35.0,3.2,4.1,53.0,49.0,39.4,22.3,7.799999999999999,77.9,31.0,55.2,41.0,91.4,23.9,12.4,95.7,62.1,61.3,1809.9999999999998,69.7,58.0,6.1,67.4,5.300000000000001,2.6999999999999993,57.4,67.9,67.5,64.2,34.0,86.4,74.5,30.8,88.1,0.8000000000000003,76.2,5.1,5.4,14.100000000000001,7.4,22.2,14.8,72.2,3.3,4.0,8.2,4.2,3.6,8.7,13.7,7.1,23.2,16.6,7.0,25.3,0.5,3.0,1.6,59.8,10.7,23.6,0.3999999999999999
61.8,30.6,956.0,971.0,93.4,47.6,89.2,98.2,59.3,26.8,90.4,13.3,4.800000000000001,57.0,27.1,19.0,5.5,2.5,52.6,62.4,45.6,15.3,5.1,81.2,35.5,66.9,39.0,90.0,18.000000000000004,2.3999999999999986,95.1,73.7,65.1,1132.0,89.8,85.9,4.4,92.5,4.199999999999999,2.3000000000000025,62.9,64.9,73.5,71.9,39.3,95.0,80.1,28.6,97.4,1.2,81.2,2.3999999999999995,3.5,16.9,5.9,25.7,13.5,50.6,6.6,3.2,11.5,6.7,3.6,13.1,12.5,4.6,20.1,12.7,4.4,18.9,1.4,3.5999999999999996,1.7,63.3,12.4,19.7,0.5
65.1,32.6,1074.0,951.0,68.1,24.5,77.818,98.8,62.4,47.8,78.2,14.600000000000005,15.9,56.1,29.5,20.4,3.9000000000000004,3.4,58.1,45.4,38.3,21.4,7.9,65.0,19.4,43.3,22.6,83.7,12.5,5.300000000000001,91.6,41.5,42.4,3205.0,76.0,63.1,5.0,73.3,9.0,8.2,64.4,67.2,78.3,71.2,30.1,94.9,78.2,33.7,93.4,1.3,64.8,5.2,4.8,30.2,7.2,26.0,17.1,64.5,3.2,4.6,9.4,5.2,5.6,12.0,11.1,6.0,19.1,14.8,6.6,22.7,0.0,1.3,1.2,50.2,11.3,11.2,0.20000000000000018
55.8,31.3,965.0,1084.0,73.1,55.9,92.5,100.0,79.7,54.6,93.5,18.7,3.299999999999999,53.9,22.1,11.4,3.5,5.6,71.9,68.8,43.5,5.9,1.7999999999999998,59.9,27.6,72.2,43.1,96.9,18.000000000000004,6.099999999999998,94.8,75.2,75.4,1919.0,75.1,40.3,3.5,77.8,15.5,5.699999999999999,70.5,91.0,85.8,85.8,57.4,95.4,88.7,38.5,91.9,5.0,80.2,4.4,2.5,42.7,11.1,18.2,25.0,51.9,3.6,5.4,9.7,5.7,5.5,11.8,10.9,4.2,16.4,12.0,4.7,17.6,0.0,0.19999999999999996,0.0,39.3,17.8,5.500000000000001,0.10000000000000009
64.4,31.7,1098.0,895.0,90.9,49.8,94.6,100.0,64.2,57.0,97.5,15.8,5.699999999999999,63.2,40.9,15.9,2.6,1.0,73.3,72.0,53.8,11.1,4.1,71.8,22.2,45.0,31.499999999999996,96.0,15.899999999999999,7.199999999999999,99.0,83.8,81.6,2062.0,93.2,79.2,1.7,92.0,11.6,5.9,73.8,77.4,76.3,76.3,45.6,93.1,86.0,33.1,96.5,2.2,78.5,10.4,7.7,12.503,6.1,20.0,16.8,62.6,4.3,4.9,10.0,5.9,5.4,11.6,11.2,6.0,19.2,16.2,7.6,25.0,0.5,3.0,0.0,51.3,14.8,10.2,0.20000000000000018
69.6,30.7,1059.0,951.0,85.7,51.5,96.1,99.7,78.2,45.8,95.1,18.8,14.8,72.8,39.7,5.1999999999999975,3.7,1.2000000000000002,77.0,68.1,47.3,5.0,1.7000000000000002,76.0,25.0,68.7,48.8,93.8,21.8,6.199999999999999,96.0,82.4,81.9,2240.0,83.7,30.6,6.5,89.4,22.4,3.6999999999999993,90.6,96.7,92.6,92.6,87.0,96.7,92.6,35.4,89.6,1.2,78.2,3.2,1.7,31.3,6.9,17.0,28.0,51.9,4.1,6.6,11.3,6.2,6.8,13.3,13.2,4.5,19.7,16.8,5.9,24.3,0.0,0.0,0.19999999999999996,36.5,15.1,3.5999999999999996,0.20000000000000018
54.9,35.3,933.0,870.0,59.86,44.3,80.7,99.8,69.7,39.8,91.4,13.600000000000001,6.2,49.7,21.6,22.9,4.1,7.0,58.8,76.9,42.0,4.3,1.5,80.3,16.6,58.5,40.6,90.1,15.899999999999999,1.9059999999999988,94.4,62.4,59.4,3622.0,72.3,57.4,2.8,73.1,5.699999999999999,4.4,69.5,74.5,82.6,64.9,35.5,93.9,86.5,40.5,97.9,1.1,71.7,10.6,4.2,33.6,8.4,19.4,15.2,44.9,5.0,3.5999999999999996,9.0,6.8,3.7,10.9,8.6,3.4,13.0,10.3,3.1,13.8,0.4,0.7000000000000001,0.19999999999999996,41.9,14.0,7.1,0.5
67.7,31.3,979.0,841.0,73.8,66.2,96.3,100.0,81.5,48.4,95.7,20.5,5.9,69.2,37.8,12.8,4.8,5.5,79.0,72.9,40.4,5.1,1.7999999999999998,64.0,19.6,78.3,47.6,94.8,30.4,7.800000000000001,97.1,82.5,82.8,1709.0000000000002,83.5,49.1,5.1,86.7,17.0,6.5,67.3,84.7,80.0,81.0,65.6,92.9,77.9,33.6,92.5,0.5,69.6,5.4,1.8,21.7,9.9,15.8,32.2,46.4,6.7,5.7,12.8,6.9,7.5,14.9,13.0,6.4,21.2,18.8,6.5,26.2,0.2,0.0,0.0,34.4,17.2,4.099999999999999,0.20000000000000018
68.8,30.5,986.0,877.0,80.5,45.4,91.9,97.5,66.7,42.3,98.9,28.1,12.6,70.6,47.2,17.2,3.4,2.1000000000000005,80.6,60.4,48.7,15.4,5.5,69.2,24.6,69.3,32.9,92.3,26.3,15.100000000000001,96.5,65.2,63.5,2530.0,86.2,53.4,5.0,85.1,18.5,5.199999999999999,70.6,82.6,82.6,81.5,64.0,90.2,82.7,24.0,100.0,0.0,75.9,4.4,1.2,28.0,3.0999999999999996,21.4,23.1,57.7,5.2,4.2,10.3,6.5,4.4,11.2,11.5,5.8,18.9,15.6,6.3,23.6,0.8,4.2,0.6,44.8,16.9,7.1,0.3999999999999999
63.8,31.3,950.0,889.0,83.3,35.9,92.0,97.0,56.7,31.2,75.8,17.4,7.6,56.2,30.2,21.8,2.8,3.4999999999999996,55.8,57.1,49.0,12.7,4.7,69.0,25.9,53.7,30.3,79.9,13.399999999999999,7.199999999999999,93.9,50.3,49.6,2331.0,81.1,75.0,6.0,78.4,5.300000000000001,3.0,63.7,68.9,76.8,72.8,54.5,84.8,80.7,32.4,92.3,4.8,80.6,3.2,1.9,26.9,8.9,24.1,14.5,62.4,2.6,1.2999999999999998,5.103,3.8000000000000003,2.3999999999999995,9.1,8.4,3.1,15.100000000000001,10.3,3.0,16.4,0.4,1.4,1.3,59.6,13.6,12.7,0.5
69.0,30.3,1046.0,1002.0,86.7,47.7,95.3,99.8,69.1,67.2,97.0,10.499999999999996,7.5,71.3,50.4,13.7,1.9,2.1000000000000005,76.9,56.2,45.9,20.4,6.3,79.3,24.7,55.9,42.5,93.9,13.800000000000004,7.400000000000006,96.2,77.2,73.9,1961.0,93.4,76.4,2.5,91.6,12.7,5.1,64.2,73.2,79.0,77.9,61.7,92.6,77.4,26.5,98.9,0.0,68.0,5.0,1.6,17.3,3.0,16.8,19.3,67.4,4.2,4.4,9.6,6.3,5.3,12.6,10.3,5.8,17.6,13.0,5.8,21.0,0.8,6.8,0.5,36.9,12.7,2.299999999999999,0.2999999999999998
68.0,33.2,1047.0,1004.0,59.86,49.10000000000001,88.0,99.8,62.7,39.6,74.927,12.8,11.8,67.8,38.8,20.1,4.1,4.3,64.5,73.1,39.7,7.0,2.0,56.5,13.400000000000002,54.1,33.6,92.3,20.0,4.699999999999999,96.2,60.2,61.6,1929.0,76.7,50.5,5.2,80.8,7.5,2.8000000000000007,55.5,71.9,75.0,69.0,19.1,98.1,88.9,37.1,90.2,1.1,69.6,9.4,9.097000000000003,29.8,4.2,18.7,20.4,50.7,3.7,2.1,6.2,4.8,2.6000000000000005,7.6,11.2,3.6,16.4,14.2,4.4,19.2,0.3,0.7000000000000001,0.0,46.0,15.1,5.000000000000001,0.6000000000000001
74.6,29.4,968.0,799.0,74.3,49.0,95.7,99.5,78.1,48.6,77.2,17.9,12.9,77.4,45.7,16.3,2.6,2.2,76.5,71.0,48.9,8.3,2.4,65.4,27.5,67.9,43.7,93.6,28.7,13.1,94.6,79.3,79.5,1692.0,85.2,70.1,3.1,88.0,11.2,6.300000000000001,77.7,87.2,88.0,88.0,32.2,100.0,92.7,31.1,97.4,2.6,73.9,5.8,4.8,30.4,7.1,16.0,23.7,45.0,4.9,3.5999999999999996,8.9,5.2,4.1,10.2,11.8,3.9,16.7,15.4,3.4,19.7,0.0,0.19999999999999996,0.19999999999999996,45.5,16.9,5.2,0.10000000000000009
71.1,29.1,1049.0,885.0,86.6,58.9,90.3,100.0,64.4,41.3,94.1,19.8,9.0,73.8,49.0,7.600000000000001,1.5,2.0,71.0,46.0,21.0,25.897000000000002,12.3,50.4,16.2,48.4,33.8,94.2,20.800000000000004,9.8,94.1,75.5,71.2,2525.0,89.1,63.3,3.2,91.6,21.2,9.3,68.7,82.9,86.4,85.1,62.7,88.6,82.5,27.7,97.3,1.4,65.1,2.5,0.7,12.503,3.5,20.0,24.5,31.6,7.9,8.6,17.0,10.6,9.5,20.6,8.9,4.0,14.9,10.3,4.4,17.7,0.0,0.0,0.19999999999999996,41.2,10.6,8.7,0.20000000000000018
67.1,32.7,972.0,789.0,67.7,47.0,91.8,99.7,72.6,45.5,77.5,13.5,4.500000000000001,63.1,33.3,18.8,4.3,4.1,61.0,67.2,40.0,7.7,3.5,81.3,29.6,71.4,41.5,94.8,24.5,10.5,91.7,72.5,72.0,1611.0,69.3,48.8,7.1,74.7,10.0,4.199999999999999,68.5,83.7,82.7,79.0,34.7,95.3,85.6,33.6,98.0,0.0,71.0,4.6,4.1,32.9,16.1,18.3,15.7,51.7,3.3,2.9,6.7,3.9,2.7,7.099999999999999,9.1,3.4,13.8,12.1,1.9000000000000004,14.8,0.2,0.10000000000000009,0.4,49.0,19.7,6.4,0.2999999999999998
63.4,29.0,1035.0,890.0,84.3,35.3,77.818,98.8,63.1,38.9,76.2,16.800000000000004,12.6,62.3,37.3,10.4,3.7,3.3,70.4,66.2,58.0,9.7,2.7,73.9,35.6,56.3,38.1,90.2,17.7,6.800000000000001,96.8,66.8,65.5,2145.0,81.4,64.6,7.2,85.6,7.0,3.9000000000000004,55.7,63.5,76.0,69.8,20.2,90.0,71.5,29.3,91.3,6.0,76.3,2.9,1.9,13.899999999999999,3.0,24.7,15.8,63.7,2.6,2.5,5.700000000000001,4.2,4.2,8.8,10.5,4.3,17.0,13.3,3.4,18.0,1.1,1.9,1.5,60.8,18.5,20.8,0.7999999999999998
72.5,31.9,950.0,871.0,65.4,34.5,96.3,99.4,69.0,53.5,88.0,13.399999999999999,10.9,71.4,42.4,24.8,4.8,3.6,70.0,66.9,34.6,9.2,3.2,47.1,18.3,58.3,39.3,84.7,14.899999999999999,4.599999999999998,92.7,73.7,72.0,1791.0,80.1,56.4,4.2,83.3,10.7,2.6999999999999993,67.1,72.9,79.4,75.1,19.7,94.9,79.7,28.5,91.5,2.6,52.9,7.0,3.9,28.4,8.3,18.8,24.3,49.1,4.5,2.5,7.5,5.5,3.2,9.4,11.9,5.0,18.1,15.2,4.7,20.5,0.2,0.19999999999999996,0.0,45.6,17.7,5.2,0.2999999999999998
78.0,28.5,897.0,735.0,84.1,68.6,99.4,99.9,74.0,75.0,97.2,23.8,21.8,79.9,51.9,13.5,2.9,2.1000000000000005,89.6,76.3,55.9,5.3,2.4,67.0,23.7,75.3,52.7,96.1,34.1,19.5,97.6,85.4,84.0,3626.0,86.6,32.4,3.5,90.1,19.8,9.0,68.2,90.4,86.4,86.4,74.0,94.6,87.6,26.6,83.0,6.5,72.3,4.7,5.2,33.4,7.4,15.0,34.7,53.3,6.9,7.0,14.8,6.8,9.4,17.2,9.8,4.0,16.4,14.0,5.3,20.9,0.0,0.19999999999999996,0.19999999999999996,29.7,17.3,3.0,0.20000000000000018
78.9,24.9,930.0,1182.0,86.8,73.4,99.9,99.1,84.5,92.4,96.3,20.0,1.6000000000000014,80.1,55.2,8.0,3.7,0.5999999999999996,91.7,72.7,51.1,5.3,2.8,95.47900000000001,22.6,77.2,62.0,86.0,47.8,22.6,95.5,84.8,85.3,2251.0,86.4,40.7,4.1,88.0,31.8,19.2,68.5,83.8,79.1,77.8,64.7,90.2,82.0,27.4,87.8,8.6,64.5,4.7,0.8,18.4,7.5,11.1,43.7,49.7,7.8,9.4,17.9,8.0,11.2,20.2,10.3,6.4,19.3,15.5,6.9,24.5,0.0,0.7000000000000001,0.9,22.3,13.4,1.6999999999999993,0.10000000000000009
69.7,29.6,1053.0,972.0,74.3,53.4,91.8,99.3,64.1,39.3,98.2,10.599999999999998,1.8000000000000007,72.4,51.4,13.5,2.8,1.8999999999999995,77.6,62.9,51.2,13.4,4.9,68.5,30.5,58.1,29.2,93.7,10.600000000000001,2.1000000000000014,97.7,71.5,69.1,2575.0,88.3,71.1,3.0,90.5,10.9,4.6,60.8,69.9,71.0,70.0,33.9,95.8,76.5,20.9,97.4,2.6,71.8,6.6,5.3,12.503,5.1,19.4,14.3,67.1,4.9,3.4,8.7,7.8,4.8,13.3,9.1,3.0,14.2,15.7,3.5,20.3,0.09999999999999998,1.3,0.19999999999999996,37.7,10.5,4.4,0.20000000000000018
61.7,32.4,1078.0,896.0,73.0,34.6,88.9,100.0,44.6,56.2,85.1,13.399999999999999,7.1,57.7,31.5,25.4,2.0,4.2,61.4,41.1,37.1,24.5,9.2,62.2,33.2,44.4,41.7,90.4,17.2,12.000000000000002,97.1,68.6,72.1,2602.0,81.8,66.9,5.7,82.6,11.0,8.1,59.9,66.2,70.5,63.5,21.1,90.5,71.4,29.0,97.8,1.1,74.5,15.400000000000002,9.097000000000003,17.9,5.8,24.6,17.5,50.8,3.6,3.7,8.7,3.2,5.5,12.4,12.2,6.1,22.9,17.5,7.5,28.6,0.5,2.1,1.2,51.6,11.1,18.0,0.3999999999999999
67.6,30.5,1089.0,943.0,90.3,51.5,94.9,99.8,69.6,66.8,98.4,17.9,10.7,68.8,42.8,14.6,1.7,2.4,78.3,63.8,48.9,14.7,4.3,84.7,30.6,63.9,56.3,96.3,29.3,17.0,98.6,79.1,73.9,2533.0,91.6,72.5,4.3,84.1,15.2,5.699999999999999,67.7,69.3,78.3,76.0,58.3,97.2,85.5,23.9,93.6,4.8,72.6,3.4,3.9,38.8,1.5999999999999996,18.0,21.1,63.9,6.9,6.2,13.8,6.3,5.1,11.7,10.2,4.6,16.8,13.4,6.1,20.7,1.3,1.8,0.9,44.6,18.9,5.4,0.10000000000000009
70.8,28.2,1003.0,882.0,98.0,61.7,94.6,99.4,77.7,29.0,94.4,21.9,4.500000000000001,69.4,37.6,10.5,2.6,1.3999999999999995,77.4,61.3,47.5,14.4,6.2,77.7,38.4,77.7,43.2,94.5,27.1,11.5,99.7,87.2,79.0,965.0,96.3,88.0,1.8,96.2,10.7,6.800000000000001,77.1,79.8,86.6,81.3,45.0,97.5,92.5,45.1,100.0,0.0,87.1,8.4,2.7,19.9,5.8,22.5,9.3,55.6,2.6,1.6,5.3,4.4,1.7999999999999998,6.700000000000001,13.7,2.3,16.7,15.4,2.6,18.8,0.2,2.8,0.5,64.5,13.3,17.0,0.20000000000000018
71.8,31.4,917.0,785.0,75.1,56.2,98.8,99.9,85.6,68.0,96.0,14.899999999999999,9.8,73.7,43.5,7.1,5.0,0.7999999999999998,88.6,70.3,47.6,4.8,2.2,85.1,31.4,80.1,53.3,96.2,29.0,12.600000000000001,98.9,83.0,83.3,1297.0,83.3,34.7,3.4,85.6,16.5,7.0,84.4,89.1,94.3,94.3,83.6,97.2,92.4,41.6,93.5,2.0,82.1,3.9,2.0,38.4,12.6,9.4,32.4,70.7,4.1,3.3,7.7,4.9,4.1,9.599999999999998,15.6,6.3,22.9,20.1,5.1,25.7,0.09999999999999998,0.40000000000000013,0.3,30.8,15.400000000000002,2.4000000000000004,0.10000000000000009
64.6,32.4,975.0,1097.0,77.8,38.4,77.818,99.9,55.7,29.0,82.9,16.000000000000004,15.1,55.0,26.5,19.3,4.6,2.8,63.8,58.3,46.2,13.4,4.5,79.8,31.2,68.0,39.7,92.6,23.8,13.199999999999998,96.2,67.0,62.8,1679.0,73.9,61.3,8.2,79.1,7.0,2.4999999999999982,63.3,62.4,76.8,75.3,37.5,88.7,79.0,28.1,98.8,0.0,78.4,5.1,3.4,20.4,8.0,22.9,13.6,64.8,4.1,3.4,8.0,5.8,3.5,9.8,11.9,4.4,18.1,14.9,4.3,19.9,0.3,0.7000000000000001,1.5,52.1,14.3,6.5,0.10000000000000009
71.9,26.0,937.0,797.0,84.8,39.4,96.9,99.0,80.2,36.5,91.4,17.6,9.9,66.8,38.9,16.9,2.6,2.2,80.1,62.4,50.5,13.5,4.6,72.5,28.8,67.9,62.8,92.1,20.5,11.400000000000002,98.8,67.5,65.9,2194.0,85.1,70.0,6.1,85.6,12.1,4.1,66.2,64.7,71.6,69.8,32.0,90.3,79.1,18.9,100.0,0.0,77.3,1.2000000000000002,0.8,37.3,3.0,22.2,14.6,53.0,2.6,2.3,5.2,3.1000000000000005,2.8,6.299999999999999,11.5,3.6,16.8,14.7,4.1,20.0,0.0,1.4,0.0,49.9,11.7,13.4,0.20000000000000018
69.9,29.3,1066.0,898.0,94.0,51.0,98.2,99.1,62.6,55.2,97.6,12.0,1.9000000000000004,75.9,52.7,11.8,3.0,0.5999999999999996,83.5,62.0,55.2,16.2,5.4,75.3,27.9,47.9,47.6,94.0,14.8,7.5,98.9,82.3,79.4,2030.0,88.8,72.4,5.6,86.7,7.300000000000001,2.8000000000000007,75.1,83.6,79.9,78.9,47.1,91.4,81.1,24.4,97.4,1.3,76.1,5.1,4.8,18.0,4.1000000000000005,17.5,15.7,75.8,3.5,3.4,8.0,4.9,3.7,9.599999999999998,10.2,3.8,16.0,13.6,5.0,19.7,0.0,4.2,0.09999999999999998,43.8,13.6,5.8,0.6000000000000001
71.1,24.7,946.0,927.0,93.8,64.6,95.2,96.8,73.2,51.9,97.7,11.399999999999999,8.6,69.2,43.3,25.1,1.9,3.4999999999999996,82.1,62.0,53.6,13.8,4.2,77.0,36.7,70.3,36.6,90.6,24.7,13.1,95.9,80.4,76.1,1090.0,92.9,75.6,3.8,93.4,12.8,6.1,47.512,56.809,69.2,62.599999999999994,30.3,94.0,73.6,26.4,98.5,1.5,79.1,4.9,3.4,12.699999999999996,7.3,18.7,12.6,55.1,2.8,1.7000000000000002,5.3,5.7,2.2,9.0,11.7,2.4,15.7,12.7,3.9,17.3,0.5,1.7,0.9,49.5,10.9,10.1,0.2999999999999998
63.7,32.5,1001.0,860.0,78.1,48.7,96.4,99.7,78.9,45.4,90.4,8.299999999999997,6.1,61.2,35.4,11.6,4.7,4.0,74.0,65.7,45.3,6.799999999999999,2.4,72.6,31.7,70.4,43.9,87.2,23.5,4.199999999999999,95.1,77.7,79.5,1736.0,81.1,31.299999999999997,6.200000000000001,86.7,20.3,6.9,72.9,91.1,86.1,85.2,61.1,95.3,84.4,33.6,92.5,0.0,76.4,5.5,0.3999999999999999,30.3,17.9,16.0,19.7,72.8,2.8,3.4,6.299999999999999,6.9,3.9,11.1,13.4,4.2,19.1,18.5,5.2,24.6,0.2,0.0,0.19999999999999996,38.9,14.4,4.4,0.3999999999999999
71.3,32.7,1003.0,1038.0,81.1,35.2,87.3,99.9,70.1,35.5,80.6,15.300000000000004,17.4,64.8,37.3,10.4,4.3,1.2999999999999998,66.5,69.4,60.3,7.2,2.9,75.9,31.3,65.6,46.4,92.9,25.4,10.5,96.2,70.3,66.8,1914.0000000000002,76.4,56.5,8.8,81.5,11.8,4.0,55.8,56.809,73.2,68.0,20.6,92.7,82.2,31.6,99.0,0.0,72.7,5.6,3.5,12.600000000000001,13.4,20.5,18.8,61.4,3.1,3.3,7.3,3.1000000000000005,3.3,6.9,8.9,3.2,14.9,10.8,2.2000000000000006,14.4,1.0,2.3,1.2,50.9,15.3,8.7,0.2999999999999998
73.9,27.9,974.0,1027.0,77.5,37.8,79.8,99.4,70.6,39.3,81.7,17.9,16.6,70.8,45.4,12.7,4.1,1.8999999999999995,76.2,60.1,41.6,15.0,3.9,59.2,19.1,66.8,54.4,87.9,24.0,13.7,94.2,67.9,62.6,1993.0,84.3,69.2,4.4,83.8,8.3,2.0999999999999996,56.3,68.0,69.0,67.8,24.2,85.5,73.5,20.0,94.7,2.3,67.9,4.4,1.5,26.3,6.0,17.1,19.6,62.1,4.2,2.9,7.6,5.1,4.1,9.9,7.2,3.7,12.6,11.4,4.2,16.5,0.0,0.6,0.6,50.5,16.5,10.2,0.3999999999999999
80.4,24.5,925.0,816.0,84.0,46.2,89.3,98.8,77.5,76.9,92.8,16.100000000000005,22.0,81.3,58.5,10.9,1.7,3.4,87.6,73.7,57.4,6.799999999999999,2.3,65.5,17.5,78.4,69.9,95.0,26.6,14.1,95.6,71.1,70.6,2645.0,86.6,60.3,5.0,87.0,19.3,11.9,72.8,81.2,74.7,72.9,23.7,93.7,78.6,32.2,96.4,3.6,81.6,7.1,3.9,34.8,4.6,13.8,25.2,70.1,5.1,4.3,10.8,3.9,3.2,8.3,10.1,4.4,17.3,11.7,2.8,16.2,0.5,0.8,1.0,46.8,15.1,9.5,0.2999999999999998
62.2,35.5,1040.0,997.0,59.86,46.7,87.2,99.4,69.8,36.6,84.2,15.100000000000001,9.7,56.4,29.7,23.2,5.0,7.6,55.4,65.2,31.3,11.8,3.5,50.6,18.8,61.2,38.1,85.9,22.4,7.199999999999999,93.2,62.0,67.8,1834.0,74.8,46.6,3.9,77.2,6.5,1.8999999999999986,69.2,74.6,82.4,77.6,26.4,94.9,87.2,30.1,93.1,1.8,59.6,11.1,6.1,33.2,5.8,17.7,20.7,46.1,3.6,2.8,6.7,6.4,3.2,10.3,9.3,4.8,16.5,12.8,5.8,19.5,0.2,0.6,0.19999999999999996,44.7,17.1,6.9,0.3999999999999999
63.2,34.9,1069.0,972.0,82.4,56.2,78.7,98.3,59.6,37.0,97.7,20.2,10.0,58.6,31.9,17.6,3.7,2.9,67.1,62.5,38.3,12.5,4.4,65.7,28.2,72.2,34.0,91.2,21.3,11.5,96.0,74.2,67.9,1628.0,88.6,72.3,5.4,92.8,8.9,3.4000000000000004,65.7,77.1,73.8,73.6,57.2,92.0,79.1,30.2,98.9,0.0,79.8,3.9,1.8,27.8,5.9,24.1,17.3,44.4,6.7,4.5,11.7,7.2,8.0,15.5,6.2,3.4,11.603,7.702999999999999,2.8,12.009,0.2,0.5,0.6,53.6,13.0,14.9,0.20000000000000018
66.3,32.4,998.0,901.0,76.1,42.7,84.2,99.9,65.6,35.9,92.1,22.0,5.3,57.5,28.7,19.7,2.0,3.6,58.1,54.9,37.9,16.1,6.1,64.6,28.0,53.9,48.0,89.9,12.0,7.800000000000001,93.6,60.5,55.7,2126.0,82.8,68.0,3.7,81.2,14.2,6.699999999999999,69.5,76.2,77.5,75.2,56.4,88.3,78.4,26.7,91.0,1.3,65.4,3.7,1.3,27.0,3.299999999999999,30.9,16.4,51.9,4.0,4.0,8.7,4.7,4.2,9.4,12.8,5.7,20.1,16.7,5.2,22.4,0.0,0.6,0.3,55.2,17.5,14.8,0.20000000000000018
63.7,34.9,1145.0,1080.0,85.4,47.3,91.5,100.0,73.1,55.2,97.9,15.600000000000001,12.8,62.5,34.1,17.7,3.4,2.6,77.3,64.2,48.5,14.5,6.6,67.0,18.9,44.4,35.8,91.1,17.8,9.7,96.5,79.3,74.7,2571.0,89.4,71.1,4.3,93.1,12.0,3.6999999999999993,65.4,82.9,85.0,83.9,44.1,91.9,87.7,31.9,97.4,0.0,77.3,4.6,5.9,16.7,3.200000000000001,19.0,20.2,51.5,4.9,4.9,10.6,6.2,6.3,12.6,9.3,4.6,16.4,13.3,6.4,21.9,0.3,3.0,0.3,45.1,16.9,4.300000000000001,0.20000000000000018
66.8,31.7,997.0,998.0,87.3,33.7,94.1,96.6,64.2,20.299999999999997,90.7,11.7,5.6,55.3,23.8,42.5,3.1,9.4,63.8,73.8,65.7,7.4,3.8,64.9,27.8,65.7,45.7,89.6,26.8,9.900000000000002,98.2,71.1,64.8,1381.0,90.8,86.6,2.4,84.5,6.400000000000002,4.800000000000001,70.8,73.0,80.9,79.1,38.9,94.7,81.9,29.0,100.0,0.0,78.7,2.7,0.8,29.2,4.8,22.4,13.2,50.2,2.6,1.7000000000000002,5.103,3.8000000000000003,1.7999999999999998,6.299999999999999,10.7,4.7,17.2,13.2,3.6,17.9,0.2,0.9,0.5,54.5,16.7,5.500000000000001,0.7000000000000002
80.8,23.5,950.0,981.0,86.0,51.9,96.8,99.8,80.4,78.3,97.0,15.8,8.0,78.4,51.9,9.9,1.1999999999999997,2.1000000000000005,84.8,56.5,40.2,15.7,5.1,77.2,28.9,74.8,53.1,96.0,22.8,15.9,96.2,78.7,71.3,3489.0,91.3,47.2,1.6,87.9,36.7,25.6,68.9,84.5,78.2,75.8,61.3,87.5,78.7,34.0,94.1,5.9,70.2,4.9,1.4,19.8,3.0,15.7,34.8,50.4,6.1,7.8,14.7,5.6,9.5,16.5,12.4,6.4,21.2,15.2,6.0,22.8,0.0,1.1,0.4,39.2,14.2,7.7,0.20000000000000018
67.9,31.9,1029.0,989.0,59.86,36.3,94.9,99.0,73.3,46.5,93.9,10.899999999999999,10.0,65.5,39.1,28.1,4.8,5.7,66.9,57.5,37.5,13.8,4.8,56.3,14.3,49.1,27.799999999999997,87.9,15.0,6.5,90.0,50.8,51.8,2896.0,80.3,54.0,5.0,82.5,13.9,5.800000000000001,71.6,79.5,85.2,72.6,27.6,95.1,88.4,40.1,92.5,4.2,61.7,11.5,7.6000000000000005,34.7,5.3,15.9,23.8,52.9,3.6,3.3,7.6,5.2,4.5,10.9,13.6,6.3,22.4,17.5,7.3,26.4,1.7000000000000002,2.4,2.2,43.3,12.9,8.0,0.5
62.4,32.4,1116.0,933.0,89.0,33.5,94.8,100.0,66.7,65.1,98.1,18.2,6.6000000000000005,62.0,33.8,24.1,1.9,3.6,80.6,62.9,49.6,13.7,5.3,77.3,32.3,55.5,52.5,96.1,26.5,12.2,97.4,77.2,76.4,2398.0,93.3,77.5,2.5,92.0,14.7,7.199999999999999,76.2,82.8,92.4,87.4,68.5,96.8,91.9,30.1,94.8,0.0,81.1,3.4,4.2,13.399999999999999,7.7,17.9,19.9,52.6,6.0,5.4,12.0,6.9,5.6,13.3,11.3,5.2,19.6,16.7,6.0,24.9,0.3,0.7000000000000001,0.3,47.8,17.2,5.9,0.2999999999999998
65.2,28.4,972.0,1056.0,97.4,54.2,95.9,94.3,69.0,28.199999999999996,93.8,16.2,3.200000000000001,65.6,30.7,20.8,4.2,4.0,77.9,61.6,52.0,16.6,6.6,80.5,45.10000000000001,76.0,46.2,92.5,27.7,13.7,98.4,86.3,80.8,1213.0,96.3,87.6,1.9,97.0,9.6,4.699999999999999,70.7,73.9,78.4,78.4,54.3,90.8,78.2,35.0,100.0,0.0,88.8,6.6,4.0,20.1,7.3,28.0,10.6,53.9,3.4,1.9,5.9,3.1000000000000005,2.3999999999999995,6.299999999999999,10.9,3.2,15.0,11.8,2.7,15.7,0.7,6.0,1.8,63.3,12.2,13.2,0.20000000000000018
74.6,30.9,1016.0,837.0,63.400000000000006,46.6,95.2,99.6,63.1,39.8,74.927,16.100000000000005,14.9,74.2,45.8,16.0,5.5,4.0,71.3,80.1,46.4,4.4,1.6,76.5,21.4,63.7,38.1,92.0,16.2,3.0,95.6,63.3,66.9,2390.0,82.7,59.7,2.2,84.7,8.2,2.200000000000001,75.0,87.7,86.1,79.4,22.1,94.5,89.2,32.6,93.5,3.4,68.3,5.7,4.9,30.3,11.0,15.3,21.7,48.0,4.4,3.5999999999999996,8.4,6.3,3.7,10.2,9.7,3.3,14.4,13.7,3.3,17.9,0.4,1.0,0.0,41.3,15.2,2.9000000000000004,0.5
68.4,32.7,935.0,930.0,63.60000000000001,34.3,98.2,98.4,71.2,47.3,90.3,10.8,12.8,64.4,34.7,21.3,6.0,6.4,74.7,58.2,43.1,12.9,4.7,51.4,16.7,59.3,39.3,87.0,14.100000000000001,3.6999999999999993,89.8,62.8,67.2,2650.0,79.5,36.9,4.3,81.5,15.7,5.199999999999999,73.6,80.5,91.7,84.4,23.9,98.3,90.3,43.2,91.8,3.2,69.7,9.3,6.4,24.5,2.4000000000000004,18.1,25.4,52.8,3.9000000000000004,2.8,7.9,4.8,5.0,10.2,13.0,6.2,21.1,17.1,7.1,25.4,0.5,0.7000000000000001,0.19999999999999996,42.9,13.0,9.3,0.10000000000000009
68.8,27.2,989.0,938.0,89.8,59.2,94.2,99.8,75.1,54.2,98.4,16.000000000000004,14.6,72.0,53.1,11.0,2.9,0.2999999999999998,76.6,54.2,39.0,16.8,7.199999999999999,84.2,27.3,64.4,43.2,97.5,27.6,13.4,98.1,80.0,75.7,2476.0,94.7,58.9,2.7,90.7,14.5,4.4,59.1,63.3,74.6,69.3,41.3,98.8,76.7,19.5,97.1,1.6,84.5,4.7,2.6,37.1,3.5999999999999996,16.5,20.2,63.2,4.8,5.4,11.6,5.8,6.5,12.7,16.3,5.2,23.9,20.8,7.9,29.9,1.0,3.7,1.2,39.3,13.6,6.4,0.3999999999999999
74.0,30.3,967.0,926.0,80.2,59.0,98.6,99.7,82.7,68.5,96.2,18.4,13.8,79.0,47.3,7.600000000000001,5.4,2.4,83.6,72.4,48.8,5.6,2.7,82.8,28.2,73.4,49.9,92.5,35.5,13.8,95.7,81.2,81.2,1726.0,80.6,25.700000000000003,8.3,88.8,19.9,13.7,82.5,92.2,91.6,91.6,79.5,97.8,92.4,36.7,89.8,1.3,79.3,2.8,2.0,27.2,6.8,12.8,38.5,53.1,5.8,7.8,14.4,7.3,7.9,16.0,12.6,5.5,20.0,17.4,7.6,26.2,0.0,0.19999999999999996,0.0,24.4,13.7,2.5999999999999996,0.20000000000000018
69.0,31.9,1003.0,812.0,87.4,44.400000000000006,92.7,96.9,72.3,42.5,97.0,15.0,2.799999999999999,70.9,43.8,16.6,3.3,2.4,75.4,61.5,53.3,14.5,6.1,66.9,23.6,55.7,36.5,94.2,11.600000000000001,3.3000000000000007,98.1,69.8,69.6,2576.0,91.1,62.1,1.6,88.6,17.6,8.0,68.3,83.3,77.7,77.7,55.5,92.9,80.9,30.0,100.0,0.0,72.0,3.8,2.6,12.503,4.2,20.9,22.3,58.3,3.8,5.1,9.4,5.4,5.0,11.3,13.7,6.3,21.7,18.6,8.1,29.0,0.2,3.3,0.8,42.2,14.0,5.4,0.10000000000000009
67.6,29.4,1002.0,1022.0,74.4,58.9,96.0,99.8,79.0,58.3,95.1,17.1,10.1,66.7,42.6,9.6,4.3,1.5,78.5,69.8,47.7,6.9,2.9,77.4,20.9,73.7,33.2,95.1,17.2,2.900000000000002,97.6,76.1,74.7,5877.0,80.3,40.0,5.3,85.6,22.5,13.1,84.5,90.6,90.2,85.9,61.2,97.2,89.1,18.0,96.1,1.3,74.1,7.0,2.2,17.0,9.1,13.4,17.0,69.7,5.2,3.9,9.5,8.1,3.8,12.9,13.6,6.4,21.3,18.3,6.2,25.6,0.8,0.8,0.4,32.6,13.8,3.5999999999999996,0.2999999999999998
69.1,30.4,957.0,865.0,80.2,70.5,97.8,99.9,80.1,59.8,96.3,8.200000000000003,4.4,72.1,41.8,7.299999999999999,4.3,1.0,78.1,73.2,44.9,5.0,1.9,78.8,17.6,75.5,44.0,94.0,34.5,8.400000000000002,96.4,88.5,87.3,1747.0,87.0,45.0,4.2,89.9,22.4,18.7,69.5,79.6,75.5,75.5,62.2,91.1,77.6,23.6,93.8,4.1,72.9,6.4,0.5,18.2,18.3,11.1,28.1,67.7,5.5,5.2,11.5,8.5,5.8,14.3,14.9,5.0,21.6,16.6,6.8,24.2,0.2,0.19999999999999996,0.19999999999999996,31.7,13.7,3.7,0.2999999999999998
60.1,29.6,922.0,814.0,74.2,66.6,86.8,100.0,76.8,48.1,91.2,21.4,8.9,54.7,28.5,16.2,1.4,4.6,71.1,74.1,45.5,4.9,2.5,53.2,20.8,67.5,43.6,91.1,26.3,4.799999999999997,98.8,72.6,71.2,1458.0,76.2,50.2,6.200000000000001,80.2,19.0,9.7,92.3,90.4,94.0,87.3,70.2,97.0,95.6,34.8,97.2,1.5,78.1,8.6,3.7,29.1,10.1,16.4,21.4,50.9,5.0,5.0,10.8,6.4,6.6,13.3,11.8,5.5,19.5,11.4,5.4,17.5,0.2,0.9,0.4,38.2,15.5,4.9,0.20000000000000018
67.2,29.0,1218.7300000000002,1034.0,85.7,45.2,92.5,97.8,52.0,37.1,95.7,14.899999999999999,8.7,74.8,49.7,11.0,2.3,0.7000000000000002,69.1,51.9,33.6,21.9,8.7,59.2,16.3,57.2,30.599999999999998,93.4,22.8,8.2,94.1,71.1,67.3,3814.0,90.8,62.6,4.5,93.1,11.8,6.1,75.0,92.1,82.8,80.6,42.8,89.1,87.6,22.4,96.1,1.3,69.3,2.8,1.6,13.2,5.9,19.6,25.0,36.0,6.9,6.7,14.1,8.2,10.5,19.1,10.2,4.9,17.6,13.2,6.1,22.3,0.0,0.0,0.19999999999999996,41.4,9.000000000000002,11.9,0.5
70.6,31.5,1083.0,1191.0,74.9,48.9,95.0,95.8,59.5,45.1,96.8,20.6,13.1,67.7,47.6,13.8,6.3,2.0,79.9,63.1,45.6,11.9,4.5,54.8,18.9,58.3,45.9,88.3,22.3,12.000000000000002,95.8,67.5,59.6,2243.0,83.2,52.6,6.1,85.5,15.7,4.6,55.8,67.8,67.2,66.2,53.6,85.4,70.9,15.5,95.6,1.6999999999999997,60.7,3.8,0.7,24.8,0.03000000000000025,17.3,25.5,48.8,6.3,6.7,13.4,7.7,7.3,15.7,7.9,3.1,12.6,11.9,4.3,17.7,0.4,1.4,0.7,44.6,12.5,11.9,0.20000000000000018
66.4,30.4,1102.0,871.0,78.1,31.6,88.9,98.1,55.0,39.4,79.5,16.800000000000004,3.5999999999999996,62.8,36.1,14.3,2.7,1.2999999999999998,70.9,69.3,55.8,12.4,3.6,52.8,18.7,58.8,43.6,90.7,16.0,4.799999999999997,97.3,60.1,61.6,1963.0,89.5,78.5,4.5,90.8,8.8,4.1,71.4,77.2,81.8,77.0,27.2,93.9,82.8,33.9,97.3,1.3,73.4,2.1000000000000005,4.0,28.6,3.9000000000000004,18.5,18.7,64.3,3.9000000000000004,3.7,8.3,3.1000000000000005,3.2,7.400000000000001,11.3,5.9,19.4,11.8,4.8,17.9,0.2,1.4,0.7,50.4,16.5,11.8,0.5
57.6,31.1,1022.0,968.0,71.5,42.60000000000001,96.2,100.0,79.0,46.2,90.1,13.100000000000001,13.2,57.0,26.9,10.5,3.5,3.4999999999999996,74.3,56.8,30.0,12.0,5.8,68.9,14.3,73.8,50.4,94.5,32.7,12.5,97.8,72.5,72.5,2245.0,81.0,44.7,3.6,81.1,16.7,4.800000000000001,79.4,81.9,88.7,88.7,61.8,96.1,91.7,31.4,97.1,1.3,56.9,5.0,5.3,39.6,7.7,13.6,20.6,60.1,6.6,5.5,12.4,7.5,6.0,14.4,10.7,5.1,17.7,15.5,4.6,21.0,0.2,0.40000000000000013,0.4,36.1,14.6,4.9,0.10000000000000009
69.3,28.5,984.0,1022.0,85.4,60.2,98.3,99.7,83.8,56.6,96.2,11.8,7.8,71.2,38.2,6.999999999999998,4.7,1.2999999999999998,76.7,73.7,48.9,4.3,1.6,69.6,18.7,78.7,52.4,97.4,25.7,7.5,96.8,83.6,79.1,4537.0,81.7,53.5,5.3,86.9,15.4,9.1,89.2,93.4,92.9,92.0,56.9,97.3,93.7,35.7,93.7,4.5,82.7,6.1,3.9,26.7,5.4,12.8,16.4,79.1,4.8,3.2,8.8,8.7,2.5,11.6,15.5,6.5,23.0,18.2,5.7,24.3,0.09999999999999998,0.19999999999999996,0.19999999999999996,30.7,14.1,2.4000000000000004,0.5
56.0,35.5,1019.0,940.0,59.86,37.7,91.9,100.0,72.8,38.2,91.1,13.700000000000003,7.0,51.3,24.1,21.1,4.4,4.3,60.2,65.9,40.1,8.5,3.9,81.2,19.6,60.8,32.9,90.3,21.3,5.599999999999998,93.5,67.5,67.5,1214.0,74.2,45.1,5.2,78.2,8.1,1.4000000000000004,83.0,89.6,89.6,88.7,73.5,95.7,91.3,27.7,86.1,0.8000000000000003,72.7,5.4,2.1,31.5,5.9,16.1,19.6,61.6,3.5,3.2,7.4,4.8,3.3999999999999995,8.5,14.2,4.8,19.3,16.7,5.4,22.7,0.0,0.0,0.19999999999999996,40.3,16.7,4.9,0.20000000000000018
63.8,34.6,1185.0,835.0,82.6,36.4,94.0,99.9,65.1,58.1,98.2,20.4,4.200000000000001,61.3,34.8,16.8,2.5,1.8999999999999995,63.4,69.2,48.5,13.0,6.6,84.6,31.4,62.1,43.2,93.7,23.8,9.8,98.3,72.5,75.1,2134.0,90.6,79.5,3.6,89.7,8.3,5.9,80.2,82.9,87.8,88.0,37.7,95.5,95.5,42.4,97.2,0.0,84.4,3.5,4.9,12.503,7.3,19.3,15.9,58.5,4.5,3.3,8.7,5.1,4.5,10.2,13.0,5.7,22.5,18.0,7.3,28.2,0.3,0.8,0.19999999999999996,51.9,14.4,9.9,0.2999999999999998
67.3,33.7,1082.0,839.0,81.9,45.2,96.5,96.7,68.8,39.9,98.7,18.8,2.5,69.7,46.5,19.6,3.7,1.7000000000000002,74.8,53.8,40.2,22.4,10.1,62.6,26.3,53.6,25.799999999999997,89.9,12.899999999999999,5.699999999999999,92.1,69.5,67.5,3299.0,90.3,47.8,3.7,92.3,18.9,5.9,62.2,72.1,78.6,77.8,59.1,87.8,80.6,27.3,96.5,0.0,63.9,4.1,1.6,12.503,3.5,15.8,26.5,49.8,4.3,4.0,8.7,5.3,7.3,13.2,9.3,4.1,14.9,15.9,5.4,23.0,0.0,1.8,0.6,36.5,7.700000000000001,7.4,0.10000000000000009
63.2,34.4,977.0,1064.0,64.9,43.0,84.1,100.0,69.2,40.4,79.8,14.2,6.1,56.8,27.7,20.9,4.2,4.6,59.6,70.3,46.4,6.4,2.6,74.2,27.8,61.4,35.3,95.2,24.5,5.800000000000001,98.2,62.8,63.6,1394.0,63.3,47.8,5.7,68.3,8.6,4.300000000000001,76.5,84.5,88.1,87.3,48.6,97.3,89.1,35.4,97.2,2.8,76.7,5.8,7.3,27.6,5.7,17.8,17.2,54.0,4.5,4.3,9.1,3.9,2.5,6.700000000000001,11.2,4.1,16.1,11.1,3.0,14.5,0.2,0.19999999999999996,0.19999999999999996,49.0,20.4,6.6,0.20000000000000018
62.7,31.3,989.0,1029.0,87.0,65.4,98.7,99.9,83.3,53.6,95.7,14.8,4.0,64.2,32.6,10.8,6.5,2.3,74.1,71.0,45.6,5.6,2.3,74.6,17.6,82.7,41.0,97.6,25.0,6.700000000000003,98.3,81.3,75.2,1725.0,78.3,54.3,5.9,83.3,11.3,5.0,91.1,95.3,91.1,92.5,76.9,97.5,94.6,40.4,93.0,0.0,84.0,1.8999999999999995,1.3,19.1,1.5999999999999996,9.8,22.6,75.4,4.6,3.5999999999999996,8.7,7.4,4.7,12.5,12.7,7.0,21.2,20.9,7.2,28.6,0.2,0.40000000000000013,0.19999999999999996,30.6,10.2,3.7,0.2999999999999998
48.912,40.2,1037.0,971.0,75.5,34.6,77.818,99.3,58.1,36.9,81.9,13.5,0.5999999999999996,40.818,15.899999999999999,51.9,3.8,5.3,47.4,49.8,35.6,20.1,8.7,76.5,37.2,42.2,42.4,94.4,16.6,8.8,95.9,68.3,68.4,1969.0,80.4,75.3,6.1,84.3,3.1999999999999993,2.4000000000000004,59.6,69.8,76.1,70.9,33.4,92.2,78.1,33.1,98.7,0.0,81.7,9.8,6.7,14.100000000000001,4.0,22.8,13.7,56.8,3.9000000000000004,3.5999999999999996,8.1,4.6,3.7,9.7,9.8,4.6,18.4,13.1,3.5,18.7,0.4,1.2,0.6,64.2,7.999999999999998,24.2,0.2999999999999998
57.7,40.597,1177.0,852.0,85.2,29.200000000000003,90.7,99.9,42.8,50.6,99.0,12.2,9.6,48.3,17.0,33.9,2.8,3.7,63.0,65.0,52.5,14.4,6.2,93.2,36.1,62.8,60.9,93.8,31.7,17.9,98.3,61.8,57.2,1943.0,69.7,62.9,7.4,67.6,4.0,3.9000000000000004,65.1,68.1,77.1,74.6,53.6,97.1,87.9,33.8,97.4,0.0,82.7,4.1,4.3,24.9,2.0,25.8,12.9,73.6,4.0,4.8,9.5,5.5,5.4,11.7,11.8,5.3,19.1,14.0,7.4,23.5,0.4,2.3,0.19999999999999996,54.9,11.2,14.6,0.20000000000000018
65.0,33.6,970.0,1011.0,88.7,41.9,77.818,99.7,52.5,31.5,96.2,23.2,9.8,53.4,23.9,20.8,4.0,3.4,55.5,51.1,36.5,17.9,6.1,60.4,39.8,66.8,35.4,91.2,18.000000000000004,9.599999999999998,94.8,71.5,67.9,1577.0,84.8,70.4,5.5,87.8,8.4,4.6,65.9,72.2,81.8,80.7,51.4,91.7,80.5,35.1,95.9,1.0,89.4,9.5,5.4,24.3,3.0999999999999996,30.1,15.4,42.1,3.7,3.9,7.9,4.5,4.8,9.7,11.4,5.5,17.8,16.1,5.7,23.0,0.2,3.8,0.4,59.7,13.8,13.8,0.10000000000000009
62.1,31.8,995.0,974.0,82.6,34.0,82.9,89.6,70.6,30.4,98.2,19.7,13.0,60.9,35.7,17.7,4.9,6.9,68.9,67.1,53.6,11.6,4.7,64.8,21.9,63.6,36.4,86.0,28.0,12.5,95.8,59.9,57.4,1924.0,76.8,56.8,7.3,77.1,11.8,3.6999999999999993,72.7,82.3,83.6,83.6,51.4,93.6,81.5,20.5,98.9,0.0,83.1,2.0,2.9,29.1,1.9000000000000004,20.9,15.3,60.9,5.1,2.6,7.9,5.8,5.0,11.3,12.9,5.0,19.0,16.8,4.0,21.4,0.0,2.8,0.19999999999999996,54.1,24.1,5.8,0.6000000000000001
68.9,31.4,1151.0,997.0,86.8,53.0,94.3,99.5,65.1,33.7,97.0,20.7,15.1,71.9,46.6,7.900000000000002,0.8999999999999999,1.1000000000000005,74.8,47.6,24.3,23.9,9.2,75.2,19.0,59.6,47.0,93.4,27.8,12.4,97.7,70.5,69.4,2642.0,87.0,68.0,4.4,83.7,13.0,6.5,80.2,92.7,87.8,87.8,55.5,94.5,89.3,33.3,93.8,1.2,80.5,2.3,1.3,26.7,2.5999999999999996,20.8,22.9,53.8,5.6,6.9,13.5,7.8,7.8,16.7,13.0,5.8,20.6,16.4,6.7,24.3,1.8000000000000003,4.3,1.7,47.5,10.1,14.2,0.10000000000000009
69.0,28.1,993.0,960.0,84.1,36.1,77.818,98.5,60.3,43.4,74.927,15.300000000000004,10.4,64.4,37.0,18.9,2.4,2.2,65.4,48.7,46.2,19.1,4.5,64.3,25.9,44.7,19.799999999999997,88.1,18.599999999999998,9.599999999999998,93.0,54.2,60.6,2405.0,80.8,62.6,5.7,81.2,18.3,10.4,58.6,62.5,71.5,64.8,26.2,88.8,76.7,21.4,88.3,7.4,74.1,8.0,2.3,12.503,5.8,22.6,20.6,62.2,4.4,3.7,9.7,4.4,3.7,9.2,13.5,5.7,22.0,15.7,4.0,21.4,0.7,2.0,2.4,50.9,16.7,9.5,0.2999999999999998
74.1,27.3,951.0,885.0,95.6,61.8,97.2,98.4,83.2,71.5,99.9,12.8,13.0,79.0,55.0,10.4,2.2,0.0,85.6,72.5,60.9,8.7,4.2,77.0,27.4,74.3,51.4,95.0,30.1,10.7,99.0,85.1,82.0,3698.0,95.2,58.7,2.8,93.4,23.0,10.5,79.3,78.6,84.3,84.3,48.4,96.1,89.5,27.4,97.7,2.3,80.5,4.4,2.1,36.4,6.6,15.7,22.6,67.1,4.3,4.2,9.3,7.2,5.0,12.6,13.3,3.9,19.0,20.9,5.6,27.1,0.9,3.4,1.6,38.4,13.4,5.500000000000001,0.3999999999999999
68.7,22.6,1053.0,1002.0,95.6,64.8,92.3,96.3,49.2,20.799999999999997,86.8,43.4,13.1,68.3,27.9,45.7,0.3999999999999999,16.0,79.0,56.7,51.9,12.0,4.7,43.6,12.400000000000002,74.7,75.7,89.5,60.5,23.3,99.5,67.2,76.5,3274.0,93.3,83.3,4.7,93.8,22.7,20.9,85.0,94.6,93.7,74.6,6.399999999999999,97.8,93.5,32.5,100.0,0.0,73.4,12.7,4.3,47.6,26.2,28.0,13.0,56.0,8.1,7.1,16.2,11.4,10.9,23.8,11.5,5.1,21.0,13.8,3.2,20.3,0.2,0.40000000000000013,0.0,47.7,16.0,21.5,0.6000000000000001
73.6,25.7,1033.0,934.0,99.2,75.2,97.8,99.4,55.0,28.099999999999998,93.3,37.7,7.3,70.8,25.800000000000004,49.89999999999999,0.6000000000000001,23.48800000000001,79.3,82.2,73.9,4.8,2.7,48.1,21.6,81.9,78.4,98.4,51.5,16.2,98.7,67.5,81.7,1391.0,90.3,72.7,2.4,92.2,25.4,12.6,81.6,90.9,98.4,96.8,0.0,95.2,98.4,43.3,96.9,0.0,58.4,9.5,4.7,72.0,24.8,20.5,13.4,63.9,8.7,7.2,16.4,11.4,9.1,20.9,10.7,4.0,17.5,9.9,2.1000000000000005,14.1,0.2,0.19999999999999996,0.0,50.3,18.0,8.1,1.7
77.7,23.4,1106.0,1067.0,97.7,80.2,96.5,99.7,79.0,28.7,97.3,28.3,21.9,74.3,30.5,45.60000000000001,0.0,18.2,76.6,78.6,59.0,6.1,2.6,68.3,16.0,70.9,76.4,95.3,76.2,36.2,99.6,83.2,89.1,2593.0,91.4,81.2,3.1,94.0,25.3,19.5,92.6,93.0,96.7,92.6,0.0,100.0,96.7,44.7,100.0,0.0,67.2,2.7,2.1,70.5,34.485000000000014,14.9,20.2,76.6,10.5,6.7,17.5,12.2,8.1,22.0,9.7,4.1,17.6,10.2,3.0,16.2,0.2,0.5,0.19999999999999996,47.2,22.7,12.8,2.3
78.3,20.7,1029.0,1059.0,98.4,92.0,98.2,90.8,83.0,68.8,97.7,26.3,7.6,77.0,41.3,21.2,1.1,6.3,92.7,82.2,67.0,5.9,2.7,49.2,11.8,85.0,79.2,96.6,62.2,30.1,96.8,73.9,84.7,2183.0,98.4,79.5,0.8999999999999999,99.2,30.5,18.4,94.2,94.2,98.3,94.7,5.399999999999999,100.0,100.0,57.6,92.0,3.7,76.2,6.6,3.1,54.3,28.0,11.8,28.3,74.5,7.0,4.8,13.2,9.0,6.6,16.5,16.2,10.1,29.2,18.7,8.7,29.5,0.3,0.5,0.19999999999999996,49.0,32.9,14.4,5.8
82.0,21.2,1011.0,1062.0,97.8,85.4,99.0,99.5,72.9,61.9,97.4,20.1,19.0,80.5,40.1,30.4,0.0,9.4,94.1,84.5,68.4,3.2,1.6,56.6,20.5,84.8,82.7,97.8,69.2,33.1,96.5,70.7,79.8,2166.0,95.5,60.8,1.4,96.9,42.8,30.9,87.8,90.8,93.4,80.2,3.8999999999999986,96.2,89.8,28.3,87.4,12.6,70.1,6.6,5.6,58.4,22.8,10.3,22.8,76.6,9.5,6.2,16.9,10.8,8.3,20.3,13.6,6.8,24.0,18.7,6.0,26.8,0.0,0.30000000000000004,0.09999999999999998,44.7,19.4,6.0,0.7000000000000002
81.0,19.9,1082.0,1025.0,98.2,83.2,98.4,98.1,76.2,54.6,90.5,26.5,15.1,77.4,37.0,40.8,0.0,13.2,86.5,74.9,61.3,7.0,2.5,59.7,13.3,76.0,72.2,92.2,68.1,42.3,98.6,56.7,76.7,4558.0,97.0,67.9,0.3999999999999999,97.4,49.7,36.8,95.4,95.2,95.4,93.3,2.200000000000003,100.0,97.9,43.4,97.8,2.2,75.0,11.2,0.8,69.5,26.4,14.1,34.6,71.9,8.8,9.5,19.7,9.7,11.4,22.3,12.2,5.4,24.1,17.7,4.6,26.7,0.4,0.30000000000000004,0.6,53.5,22.3,8.1,1.5
73.7,22.6,1038.0,1099.0,99.2,74.8,97.4,95.2,73.2,42.7,94.8,35.8,30.0,73.6,33.9,18.7,0.0,11.8,82.3,82.7,70.1,4.0,1.6,61.1,15.1,77.5,88.4,96.6,70.7,29.0,100.0,74.8,82.5,2243.0,95.8,83.2,0.3999999999999999,97.7,28.7,20.8,87.9,96.3,94.8,94.8,0.0,98.3,96.6,53.6,100.0,0.0,65.5,4.3,2.1,61.3,29.699999999999996,15.8,16.7,82.7,7.9,5.2,13.8,9.5,6.8,17.2,12.6,6.3,21.2,15.1,7.1,23.7,0.0,0.0,0.0,54.2,28.2,19.0,2.8
75.7,25.0,1058.0,959.0,97.4,70.3,98.2,99.3,75.7,25.700000000000003,97.6,36.0,27.8,79.2,26.7,46.7,0.0,23.48800000000001,83.5,81.7,67.7,4.6,2.3,49.7,18.3,71.3,77.3,96.6,58.8,28.3,99.6,71.9,79.7,2499.0,93.0,81.3,0.5,92.5,23.9,16.1,94.2,97.1,94.2,91.1,0.0,98.5,97.0,50.0,100.0,0.0,61.4,4.5,2.5,56.5,23.5,18.1,16.5,75.8,8.3,4.6,13.6,9.6,7.5,18.7,12.8,6.1,21.7,11.3,6.4,20.8,0.2,0.40000000000000013,0.19999999999999996,56.1,14.4,22.3,0.2999999999999998
87.2,17.3,954.0,809.0,95.0,92.8,99.6,99.3,60.9,91.7,98.6,21.1,20.1,87.6,55.4,16.7,0.7,4.9,97.5,84.697,71.7,2.503,0.7999999999999998,57.0,17.9,74.2,71.7,99.2,67.5,33.8,94.4,72.8,84.6,1969.0,97.5,69.9,1.9,99.3,44.7,32.4,80.2,79.0,91.0,86.7,2.799999999999997,97.7,91.0,41.4,83.5,13.2,58.0,5.6,2.6,44.2,34.0,6.6,29.0,84.4,10.5,9.4,21.6,9.4,12.899999999999999,24.3,15.1,4.9,23.9,15.0,5.1,23.8,0.0,0.0,0.0,42.4,22.2,6.0,0.9999999999999998
71.3,30.2,1062.0,942.0,95.9,72.4,98.1,99.0,62.0,29.6,97.8,29.0,13.4,72.3,30.0,49.1,0.8,18.900000000000002,83.6,75.3,54.7,9.2,3.4,46.5,18.9,77.8,82.8,93.1,58.8,27.8,99.7,61.6,67.9,1961.0,87.7,76.6,1.8,88.9,22.2,16.1,87.2,93.1,94.1,92.2,0.0,100.0,93.8,45.7,100.0,0.0,57.7,5.5,2.3,52.5,25.8,15.7,22.0,80.6,8.0,7.8,16.7,10.1,9.6,20.2,11.4,5.5,19.3,10.6,4.1,17.8,0.0,0.19999999999999996,0.19999999999999996,45.2,15.1,8.4,0.2999999999999998
74.7,29.3,1103.0,1054.0,99.4,74.1,96.7,99.1,69.7,30.7,92.5,28.4,17.2,67.6,24.2,51.9,2.8,20.6,85.7,84.697,64.9,3.5,1.7999999999999998,60.9,6.400000000000002,73.9,66.9,91.1,52.8,30.6,97.3,49.8,67.6,2662.0,87.0,71.5,5.3,92.3,29.5,21.3,90.0,89.7,95.4,94.2,1.3999999999999986,97.7,96.1,30.9,100.0,0.0,67.7,7.8,2.4,57.9,8.4,19.9,25.2,75.0,8.9,8.8,18.4,11.1,8.1,19.5,10.0,5.3,18.7,10.9,3.2,16.3,0.3,0.30000000000000004,0.19999999999999996,43.7,10.8,5.099999999999999,0.8999999999999999
77.6,21.5,1071.0,982.0,98.6,81.3,98.2,98.2,78.4,34.2,96.0,23.0,29.1,76.2,28.3,39.9,0.0,15.099999999999998,83.4,59.9,49.3,12.9,5.9,61.6,20.9,61.1,71.2,95.7,57.9,23.8,98.4,89.4,89.9,3776.0,97.7,54.2,0.0,98.6,58.2,32.4,89.9,91.8,97.3,92.2,0.0,100.0,95.0,35.7,100.0,0.0,74.0,5.9,3.3,71.8,17.4,8.3,28.6,80.3,10.5,7.9,20.0,11.9,8.5,21.2,11.3,5.3,21.2,10.2,2.7,16.0,0.0,0.19999999999999996,0.0,47.7,10.8,6.8,0.3999999999999999
82.4,20.6,1013.0,889.0,99.6,87.6,99.5,99.5,80.4,58.9,98.9,30.7,26.3,85.5,40.7,33.6,0.0,11.5,89.6,78.8,61.0,4.4,1.5,66.5,21.9,72.7,89.9,97.7,73.3,35.7,98.7,87.8,92.4,2809.0,97.5,74.4,0.5,98.3,47.5,35.5,92.8,97.1,97.7,97.7,2.200000000000003,97.7,95.0,58.38500000000001,90.7,9.3,78.1,2.0,2.0,63.2,22.2,6.5,26.4,82.6,9.7,8.4,18.8,12.2,9.5,23.2,11.1,5.0,19.0,11.7,3.2,17.1,0.2,0.19999999999999996,0.19999999999999996,49.8,17.6,7.0,0.3999999999999999
74.8,22.3,977.0,787.0,97.7,77.9,97.0,95.2,71.5,56.3,89.8,21.8,10.2,73.5,37.1,31.8,2.1,15.399999999999999,84.4,65.3,54.0,12.0,3.6,25.799999999999997,13.7,70.3,70.4,96.6,57.0,30.8,95.5,64.1,70.5,3020.0,89.8,62.7,0.7999999999999998,91.3,34.3,24.8,62.4,69.7,90.8,90.3,0.0,95.9,89.4,48.6,97.6,2.4,60.6,8.8,2.0,59.3,31.4,18.4,20.4,67.1,8.5,7.0,16.2,12.2,10.3,23.4,9.6,4.3,17.6,14.5,3.7,20.7,1.3,0.7000000000000001,0.4,40.2,14.6,11.8,0.7999999999999998
72.1,23.4,1089.0,1005.0,99.3,78.8,95.4,95.5,58.3,17.5,93.8,25.8,41.5,70.9,26.2,51.9,0.3999999999999999,23.48800000000001,67.3,60.7,55.6,11.5,5.7,49.3,23.5,52.6,63.1,96.2,64.3,31.9,99.1,79.7,80.9,3388.0,87.6,72.0,5.1,95.1,23.1,18.3,76.9,86.8,93.7,89.0,0.0,100.0,89.3,40.6,93.3,0.0,78.3,6.3,1.4,67.9,20.9,18.9,19.1,64.5,9.3,7.8,17.9,9.9,10.5,21.7,9.1,5.0,19.3,10.7,4.3,19.0,0.0,0.0,0.0,50.5,20.8,18.8,1.5
71.2,22.2,1067.0,877.0,99.6,69.6,96.8,99.1,64.2,32.1,95.2,37.2,17.5,73.2,27.3,50.4,0.0,21.9,80.4,67.9,58.5,8.6,3.9,36.0,16.0,72.5,80.5,90.8,68.3,33.6,100.0,65.2,75.0,1892.0,96.0,70.3,2.0,94.3,37.9,21.6,97.2,97.2,100.0,96.3,0.0,100.0,100.0,54.8,95.0,5.0,65.2,3.3,5.0,54.5,34.485000000000014,16.3,23.9,73.0,8.1,8.1,16.6,10.0,11.2,21.8,11.5,5.7,21.2,11.5,3.8,18.4,0.09999999999999998,0.19999999999999996,0.0,50.1,22.9,9.9,1.2000000000000002
83.0,23.9,1031.0,777.0,99.3,86.2,99.0,87.8,69.8,17.0,90.0,21.5,23.3,77.0,30.9,51.9,0.0,22.0,78.4,59.3,48.1,12.3,4.1,50.0,20.6,69.3,56.8,87.1,51.6,32.9,98.8,48.5,58.1,4390.0,91.5,71.5,4.6,94.6,36.1,29.3,88.4,74.3,91.7,90.0,9.5,100.0,91.7,52.5,98.0,0.0,83.7,8.9,3.8,59.4,21.5,16.5,27.4,66.2,8.8,11.0,21.3,10.8,11.9,24.0,9.6,4.7,18.1,11.9,4.4,21.3,0.2,0.0,0.5,40.1,14.8,12.9,2.0
63.6,25.4,1065.0,860.0,95.3,61.3,88.6,87.6,36.521,23.200000000000003,89.7,35.6,10.6,61.0,26.9,37.0,0.8999999999999999,12.0,72.7,51.0,41.3,16.1,6.3,30.700000000000003,21.2,59.1,57.8,91.2,53.4,26.4,98.0,51.5,68.4,2478.0,89.8,82.7,2.6,91.4,11.9,8.2,84.7,87.0,91.6,93.1,3.299999999999997,96.6,93.2,52.0,90.9,2.2,68.0,9.0,4.0,62.5,25.1,33.7,9.599999999999998,51.6,10.1,4.8,15.3,10.8,8.7,20.7,9.6,3.9,17.5,13.6,3.9,20.4,0.2,0.40000000000000013,0.19999999999999996,51.2,17.8,26.700000000000003,1.1
80.9,25.5,1055.0,1099.0,97.6,84.1,99.2,100.0,70.1,36.2,94.1,36.7,21.4,85.6,34.9,41.9,0.0,13.1,80.3,82.9,67.9,3.7,1.7000000000000002,54.5,17.7,77.1,87.5,96.4,67.2,32.7,98.6,67.0,70.8,2142.0,91.0,77.7,2.2,93.2,26.6,21.8,91.7,96.3,94.9,95.0,1.7000000000000028,100.0,94.8,37.4,100.0,0.0,58.8,4.5,1.6,46.2,27.2,9.9,21.2,86.0,7.2,8.2,16.5,9.8,10.1,21.3,13.5,5.6,21.5,13.0,4.3,19.1,0.0,0.0,0.19999999999999996,49.8,16.5,6.3,0.3999999999999999
68.1,29.2,1093.0,1155.0,98.2,66.5,96.9,99.8,63.8,27.2,93.7,21.0,4.1,65.4,29.3,30.3,1.8,12.7,79.6,81.2,60.9,4.4,3.3,50.6,10.3,76.6,70.1,96.7,59.3,28.9,97.8,60.9,69.4,2706.0,76.9,58.9,7.8,84.7,22.0,13.7,84.4,86.4,92.4,91.3,0.0,97.5,88.5,51.9,97.2,2.9,67.4,7.9,4.3,60.2,22.4,16.5,14.6,71.2,8.0,4.7,13.6,10.3,7.7,18.8,10.4,3.9,16.3,15.9,4.8,23.8,0.0,0.0,0.0,49.1,15.9,10.2,1.7
