PC1,PC2,PC3,PC4,PC5,PC6,PC7,PC8,PC9,PC10,PC11,PC12,PC13,PC14,PC15,PC16,PC17,PC18,PC19,PC20,PC21,PC22,PC23,PC24,PC25,PC26,PC27,PC28,PC29,PC30
-3.5697924510310726,-6.159500607889272,-4.262188065493847,3.3517496207069364,-1.9002585817952238,4.545628429031544,-3.633514539475078,4.650056579615644,-1.505675362952759,2.4862645179490612,2.3155756015155102,1.8158644147690721,2.2490260097701174,0.5240330167543371,1.8409240130344025,-2.911154607481335,-4.008048772717263,2.2254556048609486,0.3356210321662868,-2.552128887106504,-1.939478839263908,2.1092074656064272,-0.8058769995154773,-1.6188284050725992,0.11681603332365124,-3.1656647614691633,-0.07127861755076924,-0.7825177403647918,-0.7516686588102769,0.9713564487718643
-3.772866085419448,-1.1956670543419141,-1.6011493471141922,0.7873507524891851,0.5092975035927936,2.1404401193687166,-2.5819944675342024,-0.12853077560139436,0.0967192135972959,1.5150935908409653,2.757509679014038,0.036797883744628876,2.6942198577129632,-0.3712262377309795,0.18596838995640175,-2.6911701871196856,-1.4866345884904149,-0.6023984156820439,-2.913162524467516,-2.7306670113393077,-1.5381201976400176,3.391100757858854,-1.104441512340209,-0.9014105650075623,-0.6098565832713584,-1.2533920117982387,1.1962711807648279,-2.602203960182697,-0.1550390635970378,-0.4866372755174856
-5.442060721751094,-2.531595794311417,0.9366020185096171,1.0098732932540861,2.2869728693700835,0.09316289989845039,-0.3311771657421017,2.4679758359004347,0.7412102746415726,0.4307689606507706,0.4500408612879609,0.02542761027904589,1.6208281662477042,1.212093345905193,0.2546244121089635,-0.5508686041856931,-0.6550838180053327,0.7184601885281426,-1.8580643432633293,-3.87594224931364,-0.47366155331572285,1.7434525575966855,1.532242576391506,-1.2279544903681412,0.3744165962763086,-0.8657788397151001,1.9304765902955885,-2.4322626691164495,0.8370169363966677,-0.7642784441332771
-3.061962101749089,0.7871512481907679,1.9546150148947994,-0.88955864866582,-2.6150317491225055,0.9951779418206205,-1.3955315093307967,-0.17531058539481018,-0.4692330759425689,0.4663573387686318,-0.7522028245361623,0.7892511827729173,-1.4933374702896487,0.29797731987660425,-0.6926679288590094,1.800508475836009,0.43517080991576546,-0.8262839412772326,-2.1329180153793974,-0.8359758042877877,0.9896549058047044,2.0524728534699257,0.08090649538780759,-0.9245576777102146,0.19922765087694183,0.6401603303037161,-0.41030648972447137,-0.9988165599042287,0.6032728689447794,-0.6710534115641992
-3.121607367874934,0.5629648099122034,3.481286058801499,-0.5301337384568983,-2.3020649873714087,0.8174624653283223,-2.319764270201291,-0.10119512281261506,-1.2107760053130778,-0.504540172256708,0.017702588711351202,2.1862880441302024,-0.5603163667944351,-0.25362239198853304,-0.5371750100644892,0.016339252590792868,1.2792064156939515,-0.7698758726365559,-1.4925081564604636,-1.5876127277477452,0.882977113258651,1.7392999401185292,1.4000340977161339,0.5731745030904506,-0.1825094901234378,1.0491052051188123,-0.08689053913077115,-0.3662084354301558,1.046197343833076,-0.19837375180108627
-4.070785889147371,-4.822172480100354,4.0847930766791976,-1.4360724389992225,-2.5850271258579456,0.6326846508485376,-2.580101264892161,-0.4369656732043839,-0.5352571566003205,-1.0366380257734782,0.5060311216902129,-0.2117927611965757,-0.7881854625074123,0.3705789430575451,-1.334155067022707,-1.7566542980472144,0.8173764748262515,-0.019575119622422383,-2.482559561881701,0.5997780276389798,0.8532283879428313,0.9392054552400556,-0.1389095422458463,0.47019753745362525,-0.5561900006358615,2.3451706874462874,-0.8127648710660395,-1.2453311559022915,1.1925752466749922,0.963850489131663
-6.587152739904153,-1.1082327901531495,4.547178965069578,1.1215750282425654,-4.110050791990413,-0.9128682923749795,-2.922351622498697,-0.24862765146637777,-1.9349801496857018,-0.8921781020740007,-0.3094374232077538,1.8285178061955254,-0.7999488819839623,2.347403610104228,-1.4236988519963463,-0.6695517427621978,0.09864197085937189,-0.659537341779485,-2.2874924782982267,-1.0651873876625422,0.35281283840494243,3.362908050822231,0.5857646465032937,0.4744464587968376,0.496054191728111,1.5448971445005337,-0.03390202081241254,-0.8657158103168257,0.37095575036090234,1.1422526063354386
-6.781028157154288,-1.1385703266742193,3.704438599133901,0.4950084600440109,-2.3543998724659887,-1.3564949391701653,-3.010134539231769,0.26542900168825373,-2.5112876921693634,-0.5175122084448079,-0.9298996161575404,2.164974057325826,1.8091842160766154,0.7911847197987169,-1.5939836575220543,-1.8217764551714128,1.0032850151428017,-0.21928528598689936,-1.4923756161277435,-0.6749873193312581,-0.6619038139101941,2.8682306663641577,1.5394505614019045,-0.3331993864713178,-0.15061105504295821,0.6463969471189155,-1.28494371537625,-0.4876801621200134,-0.5744693791725396,-0.09514733298374267
-2.075156211793273,-0.25148759831341677,2.2650403852815324,-0.7820799752490012,-4.3202831347935575,1.2123532567442432,-2.4018399430201285,-0.9683554667694602,-0.9564531838230453,-0.004743379220033997,0.013807388476232396,2.451470422433232,-0.8991764823148628,1.958907885278966,-1.1309647441040123,-0.2548226374246888,2.2579887071648193,0.28793178125268803,-1.7169476327555184,-1.0352605589688493,0.5627692041744099,0.5217207283287991,-0.8969763133323307,-0.179737093960752,-0.7595798454650972,1.2492685350895434,-0.36867990989561356,0.6268370111633055,1.699149878371955,0.7813188657845694
-4.179867043827633,-4.414152433931188,5.287087838755123,-1.0440400148741649,-4.161041143090795,2.807309274448204,-4.084583198429177,-1.3027780080561795,-1.3797746357296354,-0.7506754750614388,0.45695158836504346,1.1311738800265982,-0.19104702349073568,2.8501719917411776,-2.1647143300179277,-1.360801535617109,1.378147074315905,-0.33818680583005606,-1.120891305297763,-2.5899801545308945,0.48111985610271063,2.2204650376453743,-0.45501546303150786,-1.081469590896129,0.3173014166316498,1.75382194023154,0.4168053887116099,-0.7449331838572717,0.3144628751599707,0.7477092481060127
-3.9064468887955264,1.0048811785681928,2.486982081746184,0.3686419984041109,-1.8991402246689773,-0.6455810686999276,-2.4357701530618443,0.6751203083809721,-1.4079205676722313,-1.0555116255495764,-1.7564236816867111,0.9751631526149743,0.7563076415611519,1.0720157746321182,-1.7830499712003975,-0.6458379167954613,2.7156984469137786,0.6147309892300242,-1.9683223429404344,1.6069750178584212,1.3110474928329827,0.9372100308410549,0.11685151336465892,0.11809412603256014,-0.7183113327201999,0.6395965792180834,-0.23416194216698832,-0.7659105536981238,-0.5997119387443441,0.8470134557246306
-4.0603253112168165,-2.3847776670599248,5.084140498616144,-2.068300624227656,-2.789741349367085,2.260370145436345,-2.993997758243731,-0.20782752170119123,-2.5851556827985087,1.219905628545857,-0.6333206488226871,0.7558375860139394,0.4452644500784629,0.45760554779295604,-2.1931792199925093,-1.431406025166288,0.7169490161405713,-0.21151238660042201,-1.436816257591639,-1.0754282841601983,-0.17061405110831596,3.4916011298436813,0.522755280667961,0.25994203167587043,-0.3850318451632949,0.757742789161038,-0.7348108701577039,-0.412602175222141,0.0035132521933999537,0.7045890164373564
-3.693706001840168,-0.14210851231397187,1.8725868882778027,-0.453199864101285,-2.005779313603853,0.03508614726690581,-1.4770902619548263,-0.08270279051552322,-0.7676589111188199,0.6882327869809388,-0.4685418465392535,-0.3203965039917428,-0.6870610141760491,0.7313249808982336,-0.4995199355663523,-0.5975846540691836,0.9928996330480424,1.0362925915664831,-2.6369503693797234,1.6884232822623155,1.1940711141247342,2.157052299160811,0.43265488282610864,-1.3549913098959696,0.2354958722135278,1.4077420959043765,0.18895420022594556,-0.8033248198512404,0.9156823486971843,1.264849281206977
-2.816599602777524,1.318531291252051,2.2082119724675597,0.24246754890057284,-3.5225910203066317,-0.032462650484735935,-3.3017898128642926,2.317328407172565,-1.4661401816212323,0.6479180089657396,-0.6620120351000197,2.145033516048253,-0.1173260233800638,0.953381054634896,-1.5295157302212974,0.2827055624691332,0.6108379491733974,-0.44744930638969543,-2.4541890243076088,-0.8576189958474945,-0.27837183986398073,1.40153241562468,0.8655146732106914,-1.038874670106414,0.9085739157489547,0.7742821377063037,-0.028725199154505547,-1.8833650508518893,1.0724248116959605,0.22442765035341466
-6.606911619802709,-1.2132785138301632,2.7283404306268664,-1.020334119202242,-3.2492547242956906,0.5992430028637621,-2.9718058539513343,0.4850577083424512,-3.251353883679437,-1.099497980511008,0.20618278018897052,2.5570072659440464,-0.42984508105375024,1.2592502266075507,-1.732732690904363,-0.8764008568229138,-0.18204118251441684,-2.0724463062714698,-2.754965204954911,-0.687223125017284,-0.9691117539584916,2.3410329854786602,0.8002703599291766,-0.19653174903422843,-0.6574418585167143,0.5054003855030378,-0.34712263892605744,-0.43320105225343114,0.49833508661299847,0.205086362171085
-4.973874718060102,-0.2814465612824011,3.9736469374843786,-0.825569228489215,-2.9797945466728684,1.3770388011105932,-1.8456663951348167,1.719103571972492,-2.3714020173825494,-0.38985521325228933,-0.5880689448982502,1.8645490692392719,-1.16719858175862,1.0230982361733671,-0.469141474342602,-0.9548422743263809,-0.05506188428118477,-0.9425127588664061,-1.500634905109444,-0.740283768865813,-0.29459833597566254,1.148861764822274,-0.4943101602330105,-0.3671579312949866,-0.0881133207767908,1.3466746671896,-0.6628105649649647,0.855311948565111,0.2734536363687961,0.8307772566602364
0.3963385970191502,-3.104922196281826,-5.87251430478827,4.948415957739166,-3.4211880427613703,-2.5145089504416904,-0.24380147829346416,-0.2336564870276294,0.772689512017009,-0.7921116390438828,1.7843856570131031,-0.8358810984308315,-0.25133234704455404,1.4834442667541403,2.680829479368953,-1.5500739791236817,0.25206264668533046,1.020760207793763,-0.16654059987262973,-0.2629396288852124,-0.7577550862371525,1.108070227567278,-2.3972871416867942,1.7676533589754466,0.5159235975656502,0.3956438261762575,-0.30323023355663786,-0.06317994314382824,-0.45580499912511385,-0.9970254921173403
2.057653530896677,-2.023333164115599,-4.654081298350779,4.167965027064062,0.682549554976137,1.1648687699549451,-0.9516217685872701,-1.4709158397088007,-1.2587123035351826,-0.6276920246153818,-0.6429482316524113,-2.215814156080314,0.3627363285229949,1.392316449183782,0.9264007695308554,-0.46952075578220953,-0.25277401873562017,1.4150548905630225,-0.7263510822415397,-0.40105537693337545,0.2580224536607381,0.4344703914719549,-0.4115946924325692,-0.09428050611320093,0.3679170981697978,-0.6537939473663429,-1.4264294977867504,0.2092583570505769,-0.4979887393925151,-0.8404525495999065
-0.021858138052968577,-2.9929685934988717,-7.809486865533825,2.9966652979676383,-3.0650606412511987,-0.687894051991653,0.5609972891104583,-0.1858662005457527,-0.5937030056095096,-1.1726206648658006,1.6227544075281939,-1.2578266490606684,1.2629331340135828,0.38097921386921346,1.554578123686489,0.9597825801059349,-0.9960976137503955,-0.07014960770201656,-2.125423969129132,-0.05251712931743194,1.2487613243504494,0.9125340750332591,-1.4699833509751645,1.192359436269317,0.4911878906308304,-1.6961752200147695,0.050697338677899856,0.27442568227694736,0.18249128863095698,1.6484442978544247
5.777021103329139,-4.5291344741658035,-3.5450740683202002,2.091994199282262,-0.9960107073843207,-0.5867205119260698,-2.3887773708206486,-0.10716149487666093,-1.8786482353799545,-0.696330726876868,0.9796263388260398,-1.5600605107024546,1.478356323541902,2.125447442708742,2.501398844825202,-1.2447200018792528,0.03760974727991986,1.4274688908745323,0.4780476072188694,-0.5886519247826286,1.2506201900154539,-0.16941032972407338,-0.023431893794922946,0.21085669810232463,0.9432289128836983,-0.4410313582095796,-0.8063121663110328,-0.10966726057337373,-0.9082287126546615,0.6193556273379136
2.9963605001064795,-7.767403169653976,-4.898632235547447,2.1134157347931337,-0.4757826826765565,-0.5218523965141934,-2.2525842739008275,2.1495154786187083,0.56425153759196,-2.2038649026355213,1.2132842694258703,0.6485738757736935,0.9443627761736254,-1.0190744509842977,2.039553180891607,0.1902668170021836,0.49750544451822626,1.7312698302342309,0.7655506130128616,-0.2255671738446911,1.506412432123463,-0.3620059426220567,-0.08212306205363817,0.3977741055576006,0.9664683430534384,0.640155661548319,-0.08595113027496248,-0.19785456435276397,0.6741944739991202,0.9428931113168908
5.77726416981347,-4.715502419503307,-3.921750730588665,0.03428280545772946,0.6107503462070641,-2.3977682827738227,-2.556728300441848,2.4455029451634647,-0.7808169850095596,-2.5054592068375325,-0.4669455581847342,-1.0632993574822187,-0.8214041714188375,2.8521141514840296,1.1842881465474642,2.263027310769418,-0.2220453059879592,-0.12938399808174916,0.6545365875739274,-0.7648724326776177,-0.5543954674463185,0.18840654764135006,2.236288171106904,-0.021228276744231663,0.21697866605571592,2.8161361981782904,-1.225860813624602,0.20291245792575205,1.1163181101810542,-0.023551915770461854
3.47338648611144,-2.990213127172431,-3.9644319978943248,1.9098985710819851,0.7874754030972027,-3.3160292311593627,-1.4265127770128316,1.188200518440009,-1.4498665755791278,-0.8024970323389743,0.35990903315629286,-2.1822475484426467,0.4221112665531736,1.456846531546327,3.3038237590868427,0.6222726855081437,-0.07401548289507222,-0.0005992075632407999,0.21122566405524631,-0.695829854728813,-1.4396543959177714,-0.14730668765886998,-0.040648079222764665,1.4590978028896693,0.3120105889500176,0.6619191001617117,1.3012694494968582,-0.33250711234547065,1.3456121909255492,-0.32986268787172596
1.4861115063300478,-2.347023662327394,-3.670824425761943,1.5699993668971477,0.6411482117155457,-1.4437506614543252,-2.012745417682115,2.589966866920361,-0.8954986230871291,-0.7706608753757805,0.35948970496164484,-1.5342769668709748,-1.1473773728579708,0.791201720739744,1.8113218626167356,0.14712729784545048,-0.5511570043007813,0.7365649329765527,0.09151119552855616,-1.1968391700828884,0.04400904274984539,-0.13651194660842622,0.6183312141276666,0.709470724905234,-0.10159714935979478,0.6796611141145237,-1.3324887125510563,0.08717737871260256,0.3639610479765488,0.45032135418623126
4.648899559119972,-5.417219619915879,-4.640857169176932,1.6510846943382627,1.113793883789947,3.489862430689565,-1.5344909301478757,-2.617248530180163,-2.5131425433698316,-0.4429761777084611,-0.46687405333606324,-1.1175164128558575,-0.5418323621132061,1.997463745834225,-0.01890024785498134,-1.6543151674541317,0.6914720759370613,2.441392338138423,-0.08497749102248014,0.2762372465054546,0.09441944846298031,-0.7089548370410682,-1.220941459993802,-0.6189197805051148,1.1009903832625674,-0.4895118434022336,0.7384434798164815,-0.08228038132338021,-1.8896623825882726,-1.2946949209909242
0.5970155105671948,-3.1095432536270686,-6.437243916444831,2.611589268448282,-0.4626763072449794,0.20280962417934442,-0.4815309112737068,-0.4030266022389699,-1.4178199472783133,-1.3959661772070568,2.2134280594700555,-0.905509143955227,0.9392973363452426,0.5470137353398071,2.2158408015673157,-0.33476388865810225,0.38697252899453377,-0.2217038284199915,-0.21024457448485262,-0.5352784646950433,0.8830524034285091,-0.264757541447959,-0.6167380972233026,-1.2363891775652156,-0.5595790441167997,-0.7762259816403012,-0.19021274768817623,0.4724622950926801,-0.5856759608165717,1.0413815373617796
0.9626776783889208,-5.127551001935341,-5.075429680480927,1.7947736422972118,-0.9379031458304093,-1.2251494376668832,-2.924103390838214,-0.13824058853196117,-0.7225424818581222,-0.685072949264516,1.2920876708839129,0.8816645404633001,2.692437619484993,-0.39054282621476405,1.4995829196751376,-1.0806151912201751,0.48255265789994295,2.924844313091112,1.792189021291336,-0.007224378577925352,1.436778009883156,0.5551261386153301,-0.07855283531195999,-0.30667678264368536,0.5062694808052688,-0.02080599527194924,-0.4817757522313327,0.07924205238675391,-0.43652331384031884,-0.2757120023469423
4.275362576522246,-3.499315212182437,-4.5280363857400525,3.5906187736816295,-1.4046087327281582,1.0520165355013185,-1.3553004188087996,-1.1246681792786195,-1.0478715299521435,-0.9406396729953327,-1.126593853584953,-1.1359895837657232,-0.7956559215503107,2.1306566433099956,1.925856752313171,-0.7553438356276118,-1.3750736257525225,0.1927289303302344,0.10650092555272712,-0.3041803346965415,0.005143507739357161,0.2325252319142368,0.396870390341039,-0.9375980146662107,-0.14925901986110163,-1.1080143229522055,-0.8540954973048144,0.837742084351245,-0.566673704903412,-0.5985272511753759
3.1432852007353724,-6.637540378860473,-2.9228181665020387,1.0917839241831462,0.5888104078475123,-1.6110089430493237,-1.7301802974676643,2.5229730349878845,-1.1710759476132488,-0.5383198559846809,0.5797917853622951,-0.9042083853074278,0.9430569730785282,0.2993066291854848,2.0897423446656016,0.3038948334482457,-0.5450661871316904,2.1543304391880063,0.7341892379527368,-0.8896235435225704,1.464793161441249,-0.4443248665474092,0.904772869901072,0.11788583196496254,0.9379229091788225,2.096692935815018,0.4839592912239379,-0.729825552656811,-0.19368855953155992,0.6340612404829703
2.7561403127437747,-4.193165177301504,-6.762001589115384,1.4367875928293514,-0.23950126613232847,0.14144967957849408,-2.167592648203429,-1.3848881520387406,-2.551817238226378,-1.465879600305351,0.14908348710869168,-0.4651485620064796,0.4740105894738445,-0.3020142798471758,2.53035631275972,-1.22654759879571,-0.6486848897740802,1.0418460647253247,0.3166912114480857,0.12092927189391443,1.0037370416779268,0.09338100159082943,-0.47418129915008844,-0.7866915948126247,0.7792564843048753,-0.2618935734969951,-1.3224250335919152,-0.23136005411129054,-0.5041984765816349,0.8110193037035129
1.3425978797355906,-3.1311082557154504,-6.111739357445238,0.271355241207481,-2.066517265989162,-1.4986814453723598,-1.7975628751993666,2.818617115957038,1.2309143482976792,-1.1557396859956606,0.5106133878694816,-1.340150321225883,-0.45321020408321,1.6286517566331487,1.4190592066866707,0.9077115630671623,2.0514228709974627,0.29261671996209454,1.4388775706848902,-1.2569141031045004,-1.7909031618169922,0.7687237979511482,-0.47577208293535694,0.17651933443190293,0.22908589654698197,0.9906489624026471,-0.17279340239348884,-0.4237714730681977,0.9916851858382059,0.3056234839881848
2.70554517903645,-5.6217151530652725,-4.968536964743888,1.0207102570343223,0.12451602070555644,-0.13168007278714505,-1.7582559106760969,0.5953155298845076,-0.10754759005988469,-0.9622261703863598,-0.7278167717641443,-1.000136370960692,-1.0950750215654397,2.326190826609371,1.271406674664326,-0.25288617734142493,0.03463293362482584,-0.12375899563224016,0.5502701668537491,0.21325137248480122,0.3225967452942456,-0.7310257930786609,-0.6891169830027121,0.5596203417672801,0.871792149803345,1.4922677663078312,-0.9543347450679144,-0.4705778856662906,0.22340763210610012,0.24279578999666868
4.245740815188142,-5.952288937425581,-5.95502466740328,1.1524563231953766,-0.9741271908930743,0.22511901760713934,-2.971561193799767,0.12465282138696003,-1.0936021794577326,-1.6904949522343862,0.31021152622762926,-0.8304338873603619,0.25553470695410163,0.8716183295856805,2.8078378635985093,-0.44387433302088275,-0.721397405375907,0.5655389455023933,0.6663164298698605,-0.7904946228072914,0.7911397539742964,-0.3530923437328453,-0.007941740341127039,0.40120058421334376,0.18662618104870618,0.932758744057524,-1.0288632931636605,0.5642779506507838,-0.10711558833628347,-0.3127506759114695
4.6103631554314255,-4.884581322794015,-5.875357771656417,3.4489222200043934,-1.953352615724446,-1.1995209487899854,-1.728536404605761,1.4612660785418006,-1.0007480015569103,-1.4258018339504341,0.7396299201770187,-1.2822550406816002,1.4267851212289147,1.1718064304251934,1.8843123368876091,1.8063318531863501,0.28312100636341103,0.47579070990728245,-0.42136829764002565,-0.17688717147179445,1.3130351312835873,-0.09844297748585294,0.5525267713380339,1.1626331042409968,1.4962075409016278,-0.6021869006500298,0.4246060393442735,-0.15052726098402697,0.33199340924534393,0.9693730980221253
4.790491762809126,-5.81416214673909,-4.54601714842059,-0.02266969672499132,2.251573669225799,-0.05780771995559229,-2.7983047588803505,2.582109828206564,-0.36558420528863367,-2.0824262724536173,1.2958785232660144,-1.5004110115972895,-0.6328685848786305,0.6520825726585416,3.46144186036874,0.26872003372062236,1.1929625544690092,1.565151098971316,0.6784610884393161,-1.3012798429377417,-1.8311108164493886,-0.5976739464810675,1.22882943030235,-0.6711588914640126,-1.0333087740194677,1.662756055621224,-0.26862028445587244,-0.3913083063804565,0.9936312624176961,0.9227317684724545
2.472830701726377,-6.883528002767897,-6.2618678669865595,2.187439091520303,-2.1598480978858645,-1.920954730759035,-1.587265723954199,1.4634903600925768,0.27582260836302436,-2.563976827115161,1.3899487469099472,-0.38193903006359176,0.7706961707232504,-0.8689472241354196,2.133516291288617,1.120037976039966,-0.33480003938311864,1.2953828902401248,-0.96187599342244,-0.8178034653070434,0.65927397547547,-0.4149005284042708,-0.13542538072178414,0.981584577354992,0.5932802068651724,0.28225076250473835,-0.5578629700911564,1.9680632965936842,1.5462611394304993,1.2096303447645294
1.5166441790784098,-1.2015079460895493,-0.8971516162957933,3.845127008399871,0.3274089358975095,1.6487981567646983,-0.8722660967098422,-0.4921638995760107,-0.11524817795845477,-1.910619224841762,1.2290842722606738,-0.03356062325478191,0.44472189015804997,-0.5921051261071857,0.3679197686062902,1.7571729130956673,0.5131189733297943,0.09169317147252146,0.2395134612595327,1.0168257311387758,-0.37493095336060056,0.01691038240608475,0.17807761883110704,0.8951697606653871,-0.5693031312635827,0.38923166086224686,0.737072761277483,0.22152806084119367,0.9628097291861822,0.14581302333847987
3.398191315379566,-0.6277796634686877,2.3387069033943377,1.1927439364054329,2.6061240960020924,1.909559816799065,-1.6709097469734082,-1.2863237222207689,-1.1789211781259707,-1.3258848078545957,2.6266772384069608,0.35418347607017986,0.6083743418580272,-0.1306587944720191,-0.07171688266580856,2.712056885842871,0.5953807709397534,-1.2957920840949189,-0.184508093681166,1.2753727908752284,0.21599969439008343,-0.07344295699995956,0.3717754437387089,-0.06049653895900011,-0.030500843376561962,-0.10987180620204959,0.9937057999010377,1.0651908765999856,1.0824567088339094,0.5209798058602836
2.8084814150936364,-0.002585162485652357,-3.614623550557573,3.362752022809844,-0.3779182529321025,2.3214024964477713,-1.337159100728584,-1.2769273433459374,-0.4859520094730155,0.6307308711176977,0.934273885459496,0.19988423300897884,0.08004775636209323,0.2826915384613992,0.1243722470814378,0.6640396934999786,0.5752963025494048,-0.9696031228437307,-0.680481071472564,1.2844294868188102,0.2690867436578528,-0.12538123231064696,-0.2587510464457806,0.003109601728048945,0.1297902790434005,0.08476408882209555,0.5387954808230003,0.11290262645707956,-0.9960328957425871,0.29168437990388635
3.4242015094237006,-0.8498841774867435,1.9679073369132396,1.4704708652116918,2.820136385129486,0.8984073403724178,-0.9284373769069502,-0.48155736112973696,-0.7549521892502451,-0.43369442317827295,1.031586391565487,-0.18055983508725038,-0.6513373661870087,0.5429014763170871,0.7088963905186775,1.908034339792257,-0.01951575948248837,-0.9952431648125426,0.06394199081326167,0.020547446408045046,-0.7044081541320347,0.6622699643499215,0.961824346917539,-0.40698409199823465,-0.15637049143235324,0.843334657741293,-0.4385284262455745,0.07980012890580142,0.3168991484079997,-0.4480498126785991
5.800390640591599,-1.0442165051895869,0.6043782963399548,2.4117367288886866,3.406826482731124,2.509095811292369,-0.05424992177499576,0.6744454692875324,-0.02318657479506177,-0.7633710187274485,0.968285619374751,0.1280380244361832,0.8780123963892539,-0.10178761549142439,-2.027914539244045,0.6512950067074504,0.5356698975220829,-1.5218039449082474,-2.3433335590126383,1.6734952215856862,-1.1123229190032722,-0.8317553967328826,0.43460257504841243,0.7292442099318819,0.9519292784434124,-0.6183031510284125,0.20190016431255353,-0.26843504205215857,-2.762080278444279,-0.08419951609273714
1.7635355661812029,0.6106849857989294,0.06631753704081148,2.8202970944943226,1.4608914245575113,1.0846281825410522,-1.0903438830104382,-0.7200666227018835,-0.1480872487177143,0.023444279053824166,-0.5604483723357122,-3.375775853399958,0.5191944072284218,-1.0808552943779035,0.8594594578425916,0.34357405467256835,0.05479838502705454,0.10468452869339631,-0.5367094921224616,1.4504737442625255,0.7972740440312273,0.9476574933878142,-1.6198437881808319,0.40355751122632844,0.3385259543329929,-0.8905155556908391,0.21520185902461048,0.22630148227760796,1.099500114595797,0.5183417341115716
2.1063832035766823,0.32460379818262675,-1.3606356640664878,2.4031256615242036,0.07871523596981167,1.3878225868150236,-0.6248418298720209,-1.0238413010597573,0.29498596880396954,-0.0058598763638476326,0.7026560650926797,-0.6259021460953393,-0.26910406360200445,0.020547498740418488,1.2645039519165253,1.997691383348471,-0.28289419366778806,-0.8908467974098438,-0.33815768381123096,0.6833743782529805,-1.098173133955329,0.27518489956046455,0.07503400908155955,0.18427311533787952,-0.5895605600542885,1.0675071758274075,0.642405727011446,-0.27545986883955276,0.8068048265557092,0.2084534359261635
4.99900444650962,-1.1459181320195928,1.8244777876215523,0.7439074425585865,3.1336161769736512,1.0784347906099085,-1.8511564180559494,-0.5185538927155197,-0.46933235404865464,-1.1241515660758563,2.5855243516499713,-0.04822896211912648,-1.4278538237501572,0.6783091708924934,0.3927151210528201,3.0061379674967332,0.1252472089714983,-2.1689912979598183,-0.5304365406116267,0.5351536131747642,-0.698460297879977,-0.5397095569973509,0.3796671911862435,-0.3212182749022954,0.20894167015491671,0.1853025812199857,-0.05142457989662599,1.1849245902909615,1.5930513765059842,0.20361398966119518
1.6037624736154787,1.7249134241315276,-2.6035498843604277,4.368036918954268,0.9057868862694646,0.1653380332435472,-1.1777661803842376,-0.3780816451140357,-1.8816063014047473,-0.7549922509741441,-0.47070888397046645,-1.9918815535552534,0.12199388686569365,-1.8102613735737036,1.0627202138748402,1.166837156193409,-0.5010610676188676,-0.15030981515642447,-1.4040832326342738,-1.0742867716866205,-0.16428528859949723,1.0014552995146322,-0.6855000218594302,1.481196016064024,0.15088175033723802,-0.8993622361536494,-0.41863986796255775,-0.24334381683794876,0.5480586856292264,-0.4014274848674722
5.77232385781349,0.25761359252165605,0.22073741533765592,1.7689429024445842,0.27781601611858275,0.7902959014279453,-0.42435021721870936,-1.8421557745117338,0.5399708969165836,1.2513966099004121,1.004001212100536,0.5504853356583397,-0.8584742002383928,1.752814428641084,0.13868984607375026,2.7914780981285747,-0.5612363737134943,-3.1374565503634178,0.6328526283175264,1.5616495272473434,-0.051353866984654155,0.5122401882717044,1.095002376317206,0.37299167164916147,-0.14181732494574703,0.37590453878683266,0.3795983678223093,-0.9986460909070869,-0.030702217508747628,0.6818838574127501
-1.3498542956668185,0.6279835934584224,0.7038942955470675,3.082595561369707,1.4282005159130058,0.6930141144726125,-0.20024548217940946,-0.26812813891478887,-0.5116142180207441,-0.6953585083996711,-0.2830585521884928,-3.553353425958833,0.043091005071634776,-0.989123084273947,1.1658398929880809,0.21291416202386268,-0.648822577416145,-0.17034012782058253,-1.173233103772817,0.6654783559408534,0.9695538093763375,1.0526996676419176,-1.5375063595712395,1.2800294822301537,-0.04639770733391744,-0.7482540496682433,0.7729463186370557,-0.23419051878180536,0.6300071394576444,-0.1453582692180444
2.6797061702041303,-1.6643736564957923,-2.6728731362155225,2.5073191292475685,3.0202767606932084,2.552195733516818,-3.4207163458220258,-1.0872177238495555,-1.3067703375226494,-0.14249170794690547,0.37661424037766894,-1.566134843885205,-0.42519752642839304,-1.7668502903925696,-0.24555756028141243,-1.0918006441255304,1.2152392701135866,0.6713055595706485,-1.511832775946227,0.026302510989273477,-1.5364933662907518,-1.5520294974448563,-0.46215647616189587,1.1221802662730762,1.4911077169627205,0.1850448065087679,1.110539409407411,-0.37489338069600936,-0.22834401964014894,-0.030004486143928394
2.3575036872014374,2.12981483786731,0.25065560033050016,1.9834980422586417,2.091547602111432,0.5263334996140447,-1.775383955942878,-1.049522013744303,-0.6122042892874403,-0.3332596711463263,1.573455002653246,0.01266923737013566,0.024178709757288995,-0.6423771049526246,-0.07782241564360522,2.2820614230965472,0.4754601126692232,-1.105576532670539,-0.6637953706119328,0.8070918054531555,-0.6276491636103123,0.697215409925484,0.29335512610090625,1.4051479044333803,-0.04670737844251431,-0.1330754821820329,-0.41106630217439466,0.5121352635564078,0.12184378778489334,0.9260274247729303
1.0078022487177665,0.3124829721724175,-0.4141340030479925,2.29791286102206,0.5933338166103319,1.2818856952752322,-1.4996112071529426,0.12994826206533416,0.49347476451893374,-0.21473465526113228,0.10681635341355462,-1.106602665464744,0.15777265503977156,-1.3727756638144823,-0.35644350861278723,0.4004201420005344,0.5839013787507032,-0.895356797542189,0.2395019569678591,1.1764711647908979,1.3378316796901997,0.659647028051857,-0.3959698669589669,1.0646975228923394,0.33239346905614164,-0.19201704787962148,1.1890583713465972,0.47755490816078455,0.782430651833029,-0.2772712194512502
3.315774698550528,0.3054867776600506,0.034474875292932514,3.3313760593763946,1.0339371363342793,2.4114909365363872,0.13177807011730525,-1.0354809463105803,1.0153306913194122,-0.5138618724813165,2.024322766063349,0.5003524904373385,1.1636897922283669,-1.2939927894500487,-2.1542658433736563,-0.2008886790490267,-0.02703697527954661,-1.4880294877984153,-1.3421235460820609,0.7855852789006009,-1.5202246257789676,-0.7712793373381779,-1.3678264479744404,1.0665635112351912,0.0022299192562554486,1.0612292874731484,0.1887540845884098,-0.022536941047452567,-2.154260707151982,-0.3427796735866708
3.1263526512542437,-4.366165012189391,0.7659491554316324,-0.13557175894224222,1.186787725532093,4.530053481968095,-1.561859006115851,-2.0312117321079413,-0.08977199797557443,-0.07938694883395844,1.7718494742545219,-0.5223354487998826,0.1297932429065731,0.3201414438288945,-0.5094581545876607,2.263301421328056,0.2957586600900786,-1.6936351006750612,0.7460038727376116,1.6247695312045112,1.2588931727881572,0.7788892333294618,-0.3308902842044328,-0.42950835268366,-0.4053107756914421,0.15354792259434336,0.4043267523405484,-1.5848459080813677,-0.3917526220573528,-0.5847908161708177
-1.399695650125855,-2.1511796527399767,0.6546754034217943,1.9558823779487287,0.5638947385273915,0.7735831982942187,-1.8857583636555093,-1.1049087626825782,0.7451407837140083,-0.8278156514054026,1.4536002133509565,-1.1059922605554842,-0.9900386952478952,-1.7035304344470734,-0.9548220532324457,0.7193079911733434,0.07318101664157067,-1.5137249782144644,-0.6167928352371324,0.5465676322047404,0.27994476450410005,-1.2186673500043577,-1.2655249348006612,0.4894288738262627,0.667978965441791,0.6854107137764237,0.6064137621621571,1.1884365846964686,0.8459560787385663,-0.04033851510733152
2.100199276282792,-3.9130835814742917,2.270367951316887,1.4114107604212311,2.483790905477074,-0.17472920286390978,-0.7581882719833305,0.45992581732088217,0.13118033663905407,-2.1774878098431345,1.1098401516587237,-1.559033226362685,-1.1335704335961372,0.6809626778694314,-0.5460460064451098,1.5351821118773155,-0.5657205885429576,-1.5236694546703176,-1.0963869431264637,0.8689718497037159,-0.7763934393460038,-0.9097751652596411,0.27335550897776123,-0.2680080925951813,0.34350388197526605,0.7916302042729789,-0.2611857110851872,-0.44059403030844824,0.29197598818619214,-0.01808858248877127
-0.606569454878502,-3.741492639947328,2.7814285904421068,-1.0856331711922849,3.9310930165116953,1.8450957303344462,-2.2298905954851396,-2.813105787864926,-0.9756120294222037,-0.3134722903391179,-0.08029894768218868,-3.5115225770535243,-0.08837013648010916,-1.0019236599098555,-1.271576474081088,1.4397272637508824,-0.7325826196412346,-0.06774361515650458,-1.0451247615275687,2.2537156689166133,0.8189676827251348,0.174671615709842,-0.3968978441394775,0.49977962281087296,0.5634163432448135,0.8301453541866946,-0.01737267812348413,-1.2580972874777072,0.3736539896595852,-0.0035164683804936683
3.5145200612824308,-3.0396884322649265,-2.1957279530713585,2.9068923921320597,1.5622708644705823,1.832457448989376,-1.9508015597311412,-2.209637962966718,-1.669900163676042,-0.24797360122303577,0.0121033521638027,-1.879668340202364,-0.5543321937031923,0.09279781644193841,0.221254136806293,0.5786640802004682,0.12843756255360908,-0.0028104849749545874,-0.32817659468269184,-0.0645645890246844,-0.4205729847173066,-0.5455719223269864,-0.979940107709156,0.05011088691335391,-0.10526974505341068,0.0013334804432154393,-0.06125742034688932,0.1693421209080179,-0.6733691140341177,-1.0300372061764693
4.4826669159740495,1.220198684623086,0.585332707869169,2.6511808973681084,3.0171109695190608,2.0403944926611572,0.2903536932348324,-0.9602086612182671,0.09226617005866306,0.8412552435815831,1.0021620310976367,-0.055810159693815455,0.42326656469541735,-0.045682365921167506,-1.0659087922620454,-0.05405377244290172,-0.19748098159804262,-1.6283355373325712,-1.9715511686169462,1.1637399972559797,-1.4384506445484415,-0.3418482909074255,-0.4374127584600049,0.8292380249004602,0.617954037273471,0.8692782833309044,-0.022154461263713485,-0.8807216816383687,-1.7068297682487976,0.6324205009998342
3.5062096362677426,-0.9023958897556243,-0.7165128053878774,1.9204323684029057,1.7824977689946309,1.7692971664806114,-2.7270387289770985,-1.9082670360844003,-1.1863470141272332,0.44704864726931287,1.6371968942923325,-0.4016876857800637,0.5235082371004952,-0.38962721816148427,-0.009597251638045187,1.6383964550934835,0.8950352607695431,-0.953873621075006,0.19228763191351256,0.13197226924163427,-0.5993339998794075,0.4245146977737048,0.08261427754638782,0.28270602017864344,-0.08210607665722004,0.35683241243866237,1.1064057562868574,0.8498531233950009,0.9962535431962763,0.1462275492208138
1.6629179881949332,0.6988240411850276,-2.730394569388716,2.4681609616986386,1.909157844664835,1.3644121818786537,-2.070285551061878,0.3028866819979222,-0.1341298634268787,0.23058292499110414,1.0519307234307245,-0.6025532069164231,-0.23837806782384355,-1.67323291138182,0.3490065365849398,1.4205347978788054,0.428535419164574,-0.6387905764438008,-0.8180375621141386,-0.3059014789461823,-0.3234605234299661,-0.5916905780892217,-0.44014819180761855,1.2301901514700277,0.7952910406053733,0.5951995328546318,0.07222813153324777,-0.33606994327993156,-0.33403746857289157,-0.4102357691621675
1.2115873758895115,0.10645513431142357,-1.5504430395458608,4.0611028601658985,1.1826199108356592,1.007119131321875,-1.286579855392101,0.45254803870516475,-0.5644203378446657,-1.240790750368682,0.8846698195182372,-2.628455930508845,-0.814383272386799,-0.7637325318644453,0.9532890973799968,0.44828166008285514,-0.4164509093222426,-1.091446644723757,-0.4946932896284363,-1.4260111479011353,-0.34921681281074163,-0.5279067039650626,-1.334451648350733,0.5111490717650631,-0.09742624139881742,-1.2283300712529504,-0.27950343611999157,0.09669964942331724,0.8448956216739844,-0.40972030965283424
2.5398392998944765,1.0927919243178255,-0.38974372347403285,2.180177254650067,1.230603392352863,0.9099759669089567,-1.1066563938522347,-1.1352985032848768,-0.3592689697233516,0.5160859287287133,2.1537700299481606,0.8289680929413406,0.716024594181105,-0.2712217684284043,-0.4788850220592737,1.595849735072475,0.8292530604091704,-1.642108088756578,-0.22987816423141896,0.4184313843436298,0.46022006694184747,1.400861333095971,-1.1383866137184464,0.9762994289488612,-0.11460190747074997,0.06956463371650592,-0.6133613059967629,-0.2207452554926327,-1.0433314671362732,0.5488316864608027
3.797846157099819,-1.9385522272221238,3.676763329928903,1.762821148068671,2.7247587758514586,2.8204189658600005,-2.1073994008507255,-2.0618561160070947,-0.5642101650710039,-0.5925179250503272,1.6009436652615994,-0.20887657772699983,0.2746041852846258,0.2525701205567075,-0.46340357381682423,1.5012167553493354,0.8174657435135845,-1.1744917358905074,1.120220182013995,0.39090980325475644,0.2362067688093057,0.09907702039081233,-1.189441069878675,0.2775921969659361,0.14241205437948926,-0.14408389413905925,0.046237769052260444,-0.9181540215339745,0.025365897283103157,0.06447352701536635
-0.009081037249122775,-2.568265864079812,1.6897160156271525,1.5042841489251513,1.3642092422178802,0.24813259233996918,-0.8813382371454124,-0.045960433691676524,-0.6842273146755272,-2.543527417118192,1.5949670113313634,0.2807992967181542,0.6551071652020829,-0.6089454511031658,-0.6305908170920456,1.1554463535168138,0.19178586882552603,-1.0962088026394394,0.35667695154731655,0.6591524045435996,0.13047315543643914,0.06158816008757656,-0.4267291648406953,-0.057120263917133554,0.3902159738954345,-0.27198263863147426,0.31760263433218056,0.10746573080145579,-0.14756424228201412,-0.032386426823521386
-1.3601953790960182,-0.6174851062328973,-0.42305589284833783,3.6673203623612034,1.5113503736245801,0.9063362937880148,-1.2720192077445251,-0.887506438539614,-0.038661865280528916,-0.7793012445508827,0.5730434493861615,-1.370306105917225,-0.3177662948792556,-0.5083887991493972,0.46871108447780163,0.3626351299380243,-0.30306004791277513,-0.6630227346422232,-0.024202623685595722,-0.9693225768901707,0.4869512066753228,-0.09386251417262273,-0.704965950418143,0.18873964996786236,-0.4206500884586918,-0.4467245247302878,-0.4265082422475994,0.806051196659849,0.09279463954851819,0.22948685405793234
2.4291829014801354,-0.2471886708081198,-2.747545612349944,2.017589981653313,0.13080175334445465,2.449062361282534,-1.431741030665081,-1.4617459716466281,-0.21474159956269773,0.10877851966489971,0.7489195124365956,1.3382259050729586,2.0613354668046044,-0.9265576792543196,-1.3673864344941913,1.2668250471499511,0.6824042304986988,-1.440191961869236,-0.30968556566418165,2.3038503842376796,0.9554899641879622,0.4283573340702605,0.17181831084036644,1.0428752670761234,0.36814849678492967,-0.3634258349860824,0.38323900441339465,0.09815561489149534,-0.6791730664523706,0.18428213754827744
5.902284522105808,1.4862143569445918,0.5294410108561632,1.534199893236641,1.272666884155117,1.5820004241975665,-0.8289355350036719,-1.8316708836689786,-0.8041116099990769,1.0512228529497802,2.427899834044435,-0.16085456806305054,0.8101119679249826,1.6535883256223476,-0.25990533154586376,2.734616113981062,0.3796211273816767,-3.4418807073097755,-0.7009689366057105,0.5134043957072907,-1.2261386696789776,0.8222566733997169,0.9516395719364554,0.8231785037957189,-0.2748166275223512,-0.3155437651637926,-1.2589160430177782,0.6814335142506671,0.5128135008661652,1.0573071978960604
0.5486078872653686,-0.42811866950950944,1.2398580898214357,2.9945458111562924,1.2507934504679339,-0.20650764541336597,0.21484829525217877,-0.9226587298796307,-0.6924711387391206,-0.913141760667511,-0.21266849152994222,-3.7269909983070533,-0.3814661910980358,-0.010079546811635866,0.8641302193697975,0.32744613036742154,-0.3946623122662472,0.19322345443863195,-0.5210118478183681,1.2592379067005932,0.7244051014149337,0.8409765788021537,-1.9444497161081902,-0.16647685528830852,0.1508259848453367,-0.35611184011432756,0.5116915175813674,0.18332398427797128,1.0446432484913786,-0.9123346918052795
4.558159811663332,-3.8508490083517297,0.05386177200247926,1.9165517643429981,1.3638059480014282,3.307098455814828,-2.314813711876819,-0.46112356639928453,-1.1761432967833134,-1.8120854385463054,0.5915130615136801,-0.20710624803763958,0.8295924002163809,-1.1094996584239405,-0.8115873686975544,1.5411096820669563,1.6652488387877722,0.5343330394782456,0.43186950328802504,2.6017570886129997,1.4884073494535455,0.5901188501782967,-0.2715161607047443,0.03530181081764958,0.7474336725482394,0.3054198246331718,1.3510768042151131,-0.1789704446495734,0.3007091255039545,-0.6687217868621929
6.492996385395031,-2.279307171990161,-2.863991286498433,3.063028375273275,1.7338470212381318,3.4502128189575423,-2.2781661090796637,-2.4166217014887135,-2.138235833623329,0.627915689632608,-0.306074848715788,-1.1454665623601925,0.07278261318433178,-0.21497110947190617,-0.3215735568011126,-0.6108179038675144,1.8248339931493844,1.3895700280667056,-0.5432312264567998,0.5570409993728423,-2.1197822916424243,-0.9059908208721527,-0.07335205478148821,2.3419671076029553,0.20862487588226566,-0.24410442683083095,0.3897083973859995,0.3238922069096492,0.6723159537894704,-0.7494895654046634
10.042349118174707,-1.660592882151906,6.140606340134331,0.12899770155678653,-2.2734079570271097,-2.1701851346998167,0.19045371587244403,-0.5779335922660432,0.359065073260845,0.2192572360305152,0.47726875685004433,-0.29703341533053473,0.05949754203254167,0.7074305324149797,0.3274205527951669,-0.5199161227175,0.3149452053094529,0.20048528816381903,1.8733334306982856,0.26390156519408026,-0.22540341156710467,0.6671575469604665,-0.8256340521317032,-0.23908106683610889,0.376867372692603,0.2484794153567611,-0.03527290767281487,-0.6694708032049295,0.2365828917395172,-0.09459593115867101
5.418357704492703,2.520402311536074,3.821954515472426,0.3014504034978223,-1.1863547045668958,-3.2200683532318775,1.5539324443895042,-0.07804125926445557,0.3918545261488863,0.315194037216477,0.09012755419636916,-0.6836438160080536,-0.1417968100383441,-0.13233439508959458,1.4676558914760258,-0.7455475197578629,0.04463931314017263,0.27746366207831047,0.3239661276190382,-0.027036454805381353,-0.4785732625239793,-0.4388719969384144,-0.8397077687114132,-0.366202802393697,0.6009338570025021,-0.14067554545353314,1.196050231910058,-0.626067548225135,0.34504320407218714,0.249240004490428
4.519177751366985,2.556821246938435,1.9550683553529322,0.0015082369138578109,-1.0824864256592441,-2.7259931816447818,1.917687628817564,-1.279247126737424,-0.4212536881348425,-0.3478136081337684,-0.8417799526174781,0.35640371525446973,0.6043359795489318,-0.7720411807564229,1.233362328151724,-0.0426158150125565,-0.8926002544010581,0.45666344701069433,-0.3996513966516435,-0.3523244827302032,-1.2242739903736528,-0.58760115233996,-0.3342904759480959,-0.1870011974656695,0.00832026381438702,-0.2701611908581262,0.012859841402334388,-0.5166850811388904,0.6151044913883265,0.2525612465834185
4.377343418476012,1.1586735537452186,3.3831685549359016,1.538729084327843,-2.4163653317928806,-3.851111214559742,0.3635541583384516,-1.994302171093867,-0.022400322667659043,0.37281514596626364,0.5191855734892227,0.9847470827805839,0.3626706578512628,-0.7311239766402492,-0.009962581285436617,2.3352135297184113,-1.4983211065282724,1.004112276523351,-0.4294782643858841,-0.8383091464958156,0.5652166732855756,-1.2039516694253845,-0.011427304763864185,0.5300192501631249,-0.3280624148516157,0.27084437727089594,1.0288063413886,0.04106744171050649,-0.5304410894765845,0.6607594789257384
6.487557625704975,-0.8986338656777132,4.410922141773942,-0.6727085257608024,0.211887683908005,-1.8958638212773669,0.697922630254936,-0.2046971845185915,0.44316194791465385,0.06701394613701564,0.6383323702894359,1.0678002445318608,0.5624381254003386,-0.708021676319286,1.5337766992972732,1.4630778907408903,0.7518419375261954,1.4360126031236409,-0.14399644773033665,-1.1722634582824265,0.16865940132683122,0.08903894661470987,0.3933323491104089,0.683196273537158,0.4773579545583032,-0.37692540441997635,0.35054926183294083,-0.7160253302214792,-0.1680253615656832,0.3069841001305457
5.0240831126785634,-1.2347181710764779,5.085523620302881,-0.8057462757784509,-0.832992653541908,-2.8409292501382595,1.6645114174207178,-1.2186499495240468,-1.0827800286052922,1.1000306119321035,0.04637132938953638,-1.4350530925808005,-0.14731316320326007,0.3234774566537307,1.5920201421176245,0.7055275598627344,-1.2964280478759207,0.8963148047806206,-1.998384873055212,0.4202577346554751,0.09202126992472782,0.618449275235758,1.2115099049948146,-0.19613790952441282,-0.313811363966965,0.6480058762420364,1.4369598153724468,-0.15766664612906175,-0.2929664871745609,0.8241049162496419
5.507326898142176,-0.20869302972493775,4.15934001056311,-1.3032918437041388,0.08463268701912631,-1.8123010790622789,0.20606364954805917,-1.1775996061184117,-0.673711263559517,-0.9532742788606672,0.8876923677497018,0.4907279853870974,-0.024661168334998772,-0.9733828310942741,1.5235930274658536,-0.06733798872749035,-0.23640559924020468,0.8140697325393031,-0.006327955362134065,-0.4699542860814969,-0.5247005115515857,-0.9385482614180158,-0.3915655390871171,0.27007900055092793,0.3244188004614144,-0.7228506353070648,0.3990364734287718,-0.8657387761242558,0.5421849086349275,-0.05796573386481238
4.594757238404854,1.592427339757993,3.2718706092441496,-2.2085743658834707,0.4675959060911159,-1.9571080319788914,1.5481166823936503,-1.1943757400612727,0.12364872272867625,0.8277046128758238,0.44608014840362387,-1.0371384451264156,0.3393858281326687,-0.29262773042719475,1.3295914854762865,0.5448580272324353,-0.8399507641918464,1.0502902823002627,0.039093069941878014,-0.37659423714920537,-0.19238403126921066,-0.15757329264893066,-0.9665460569755415,0.5861316597541179,0.6828318177507119,0.050118590134510276,0.17955872695252723,-0.45571515418484176,-0.2961394474534006,-0.14907687191444477
6.849506080246294,-1.6179396632019878,3.78594398120783,0.34485873317781873,-2.352609986238022,-1.5245923620824193,1.1010533652204364,-1.296973319545402,0.679975026560316,-0.4116932218036712,0.18799765094888496,-0.7607916845004029,-0.02204952983626436,0.3100707734801134,0.36925722785141984,0.513566329351506,0.005927932457493479,0.3447546747526355,1.6596837233553587,-0.04874980970105715,-1.4138493798803846,0.4755263624173984,-0.4396116907286895,-0.7735280083034439,-1.5072522493429292,0.9606998501660587,0.21462134261432506,-1.3245326739155516,0.0827568521726648,0.17414104755229912
4.886208875367315,2.164498300331904,1.0082022739850558,-0.5306163357056086,-1.8961392978045553,-2.463089551340015,0.8884253051638363,-1.9417183176224362,-0.7310578128441478,0.8891538308597131,-0.3788821384438842,-0.46294943609238604,0.20349109934162837,-0.7725011780124804,0.7664097247174799,1.1746119677529518,-0.642900795601576,0.1905678341268439,0.1348539289250784,-0.9180224122131623,-0.4923474010826188,-0.4489414270601316,-1.128776603526247,-0.5528776639512163,0.4009644004487544,-0.2907647944462094,0.4467935398337723,0.008056892697761069,-0.21143763828596357,-0.014698642884509592
4.604854938033257,0.06395277868206985,0.5206693055861054,-0.27795699601842433,-0.9185110801775231,-3.533402470334814,1.7187815869882772,1.124534006414811,1.1083769118298379,-0.29851649873466163,0.522214614464266,0.5767289678902663,0.41282571606367835,-0.5577798515386351,-0.06430599885669824,1.1591939205265758,-0.15534307306278575,0.15999543654277298,1.0932855680309401,0.020118044931586136,-0.36992581485919895,1.0121810979028814,-0.27108870230242216,-1.0090434834843187,-0.41093230074858145,0.36810102449332566,0.035727922730032675,0.14454124243857688,-0.33369586760839076,0.043493555291137145
6.729686331014754,0.6119817672935689,3.736340315827674,0.32281846072405207,-1.4957172121738542,-1.378876166988433,-0.10141130809902019,-2.3906795095836935,-1.1828756504242854,0.9041035350015924,-0.4533886538513421,0.4514375721679783,0.7159973850157975,-0.6611818908302595,-0.4556864336237483,2.2975177091959855,-0.6972611263666664,0.7795644541393175,0.018210990111085006,-1.6194147425237118,0.5142137507733037,-2.196202067119752,-0.058997818607639495,0.18202297539007592,0.05013019483279928,-0.33467257468407663,1.4046418179797309,0.2778894656682641,0.20481562186899935,-0.8888686767953692
4.9665345584226115,2.2760271551247566,4.372095996073494,0.15853090800655498,-0.7442689587968833,-1.5284079516431692,1.1744499519094695,0.4401854369297341,0.44085200683021436,0.02538638801805862,0.32958733912526633,-0.12216706852120672,1.527556220524969,-0.4921897041295073,1.6053511638624434,0.7210459230099612,0.15347163594497626,1.2205830009624095,0.22085363484113413,-0.8676850646593911,0.037009360573421066,-0.3456859902610336,-0.31958843225924727,1.1014568866698975,1.4455406718058192,0.7647547652412406,0.7701594496147725,-0.44260692638323046,0.4325018313691053,0.10167638676177586
4.87592256307744,4.477069901981288,0.26762991970030425,-1.5109352462762475,-0.08938423970526106,-1.5597224878411995,1.6798201144573104,-1.2711358102369739,-1.0500194074044296,0.6570134690995261,-0.17511257417659998,0.2515894555945618,1.328936077428158,0.18185751138799142,1.0913463246959558,-0.07356027385176318,-0.35672040663055227,0.7080891684035755,0.3840202123810154,-1.154514394951686,-0.2751700796581513,-0.151519303283119,-1.4277401005782595,-0.09813891333639935,0.688571624393789,0.6781253311851347,-0.7494939923716452,-0.17387061707867518,-0.49990482940201225,-0.3766455633698889
9.12618083466801,-2.0335499861362014,4.813851719979276,1.0758342643731325,-0.7609778684953334,-1.715615755285955,2.456263669177233,0.4106293918845242,1.0273095395401546,-1.2694951816909552,0.3996376460453297,-0.5167986677048634,-0.5505312428149753,1.2888963117582426,0.8181821243883095,1.5877640011332113,-0.3759724541419258,0.013240953969755468,0.4894415802119309,0.26615111137523056,-0.486534638053614,0.49277252125304116,0.7914021474620244,-0.10070573995462599,-0.059018958631288525,-0.6139647506551807,-0.010728889186072354,-0.703873970655623,-0.2980229560102197,-1.0584176616793026
7.67834820199369,-2.126542614788632,6.216693073567963,0.4013418457955847,-1.0529479339289365,-2.519447520800772,2.1567708332538795,0.09119326063051482,0.09029282639236931,-1.3966199079457415,0.25576370642226354,0.057831268428791244,0.0093973754728532,1.012416426257254,1.0716180204636032,0.1489457728081646,0.08515886174732895,1.3934643543041847,-3.940090867941686e-05,-0.41191690592961777,0.18349191719778082,0.6483676300715924,0.03224942362047177,0.21288264905554094,-0.276017340775654,0.8404281363225606,-0.9017173893891137,-0.6115741970044997,0.11033579300897796,0.17330098340197386
10.264388072592986,-3.680697888881741,3.611151004978448,0.4071554119115207,-2.0790458988268252,-2.2161627824075687,2.7583680961366515,0.7773720411708225,0.704011998232276,-1.1432411178602402,-1.992105765400357,0.7487515742642125,-0.0193524423615848,0.38146793163107995,-0.8192196063758354,1.101038613916056,-0.5242475162909506,0.5120086421397464,1.6175309746661255,0.4612647345102521,-0.288579013352078,0.23609200161214458,0.40815054460232825,0.09021104720035855,-1.3129532020811863,-0.23574658154724754,-0.7460262841420917,-0.40744475880875475,0.6838732974719565,-0.447359545615522
6.399719743792623,-0.6207892067168914,4.688084651398082,-0.2108731279790154,-0.4981214559146535,-2.262859479712595,-0.23472307089025143,-1.875136107214164,-1.1085959598889255,-0.080256769700441,-0.028704879482835163,0.4488820377171074,0.055030106795214855,-0.33872795226752805,0.5085665267072219,1.632289512006096,-0.4235299918069015,0.950864029823091,-0.5610159603515793,-1.4853804302371993,0.4438901742794523,-1.9028585111513572,-0.5476897178955015,0.6241740830413577,-0.515894989031706,0.5128578739159373,0.11639190581391964,-0.8227411147280965,-0.06836658138401135,0.815555525365394
8.132464145527036,1.1727131425882025,5.809333921156926,1.1249079761189549,-1.8248697122122826,-1.5743073068372762,1.3166750993225214,-1.2079626764141773,-0.3194976657866202,-0.29144865010468374,0.23004310307497577,0.46046301784136734,1.380040181645831,0.6988175288442914,1.1962447860777927,1.012677697382243,-0.4081300242464169,0.726606194902233,1.3876893832034405,-0.3824156800196096,0.1503789777374702,0.18462249467680378,0.16775502361397143,0.8070170562885192,1.2144795958122068,-0.28227773511199133,-0.19782565351127113,-1.4705629186084828,-0.5867236569121805,0.3528801420639097
5.755008529585946,-0.5497557605141496,4.25531850056843,0.9059744669394078,-2.5735063614517855,-2.9028015109960714,1.6907472305717979,0.48732454383849577,1.60978677152097,-0.9850003220491446,0.23034482895857067,-0.8089051859675559,0.21756130249239042,-0.12291717528557153,-0.20173443721377426,-0.15970155252865612,0.672908084211988,0.16071154783572236,1.6422940181850196,0.01950765819161728,-0.9873359564438111,0.1798736445926052,-0.7751028047739884,-1.1368779880812712,-0.9954636918361394,0.3252747640742739,0.49354740983609724,-1.4296734213991666,0.06275959934849927,0.902807359065919
1.5120081420055995,-0.7076206389121855,5.330728550465529,-0.31252363924070764,-0.33588240908184924,-1.5532997941340323,0.41028044969808475,-1.078261281393978,-0.4704621395766986,-0.9367131751299019,1.2317801857763155,0.6448796538443774,0.7996354896513311,-0.6231775960919875,1.2481020014637192,-0.42796452124851325,-0.12750406578830892,1.336409425386241,0.356079600027327,-0.9653188786923528,-0.9175921402383089,0.17636719700665543,-0.36418964887700583,0.9874654356282176,0.08779817344450329,-0.9565336362448272,1.5633197020408642,-0.6986501654792634,-0.9849445985168741,0.6620751011109597
5.316604262042616,-0.6023756479366285,2.255519175351868,-0.3459216936453072,-2.110912013808586,-3.184471401647482,1.974460049756204,-1.143286302506856,0.8924177998298524,0.16705754514903146,0.2506273405632692,-0.20726323300484492,-0.6400643531080757,-0.5712133833500981,0.7956049715433154,-0.3576857602292589,-0.709524030317011,-0.23274616190902445,1.4779727182705888,-1.0122897388989414,-1.7135025307935308,-0.11979685661390449,-0.7146357860728869,-0.21735384568643257,-1.442528806976888,0.8449346626957335,-0.1277851844998,-0.5549693698510975,-0.3645889503460274,0.8650814634710771
5.939568565179062,1.3845289645504053,3.2884582771591813,-1.305787453316545,-1.1413762391728202,-2.594099214491154,-0.08113659159700096,-1.7273656103506143,-0.553448907926966,0.2561393655739391,0.0871958926470429,0.1428609458802319,0.927682556607298,-0.7639161255347338,0.35963316010360036,0.5449914016535224,0.31841939367583544,0.7974477481780471,0.36843543773708415,-1.6430729009089426,-0.9547701488724926,-0.37649664134198535,-0.6657375415106331,1.1338158365290925,-0.7570336809682859,-0.4332924903137098,0.03610622300066462,-0.3148600825161968,-1.0904509162203286,-0.02332291156481079
5.233284683104238,1.0379552699339298,1.8701368954385127,-1.2034665839849317,-1.5943667962047716,-2.8084088545038535,0.2625811909470906,-2.150600891062829,-1.2247725224550157,0.42023865063765775,-0.6461894983441435,-0.09446454366527439,-0.11779709976944175,-1.567253627550328,-0.1859694099704954,1.1469327539931264,-1.424591082290662,0.18297613152932973,0.9603383723718346,-1.116965735078217,0.4100099439491003,-0.8940422459841622,-0.5038054304502485,-0.5608439021211953,0.30428165037081856,-0.9700324598694607,1.374067233704205,0.1727497401265312,-0.27750269715955933,0.04845649654609091
8.120149688479007,-1.5690770804615495,2.4216304956199637,-1.6734454005053763,-2.8033801777770595,-1.7533999681710744,-0.2676228146982193,-0.12436302608923856,1.9817627269251592,0.338000988424492,1.0241661722701634,-0.1437855915687875,0.050940834418079894,-0.6824519049324993,-0.6856646062214563,0.10275601168343637,0.4501736381716504,0.2884179043333915,1.9752806320405052,-0.8214069526415565,-0.1330362745255774,0.5762189688050837,-0.4412387400536125,0.1093545845615921,-0.014670309595874056,-0.1492376072417607,-0.22041262889122465,-0.7877151192485037,-1.695136519313381,0.7747961989772761
4.681328475624853,-2.7098123340196496,4.698783238406875,-1.6694096871664716,0.49330690275140365,-1.4081658672859374,0.7322166741107339,-1.1529159278955214,-0.7072271263413139,-1.1642184234327206,0.18526869869011758,-0.041693570743963376,0.22400893699060628,-0.27907237981525296,1.3074389757847134,0.10890422229040259,-0.47812384765552074,1.7498435943473472,-0.20003718134060303,-0.8388035957703923,-0.38632792794724996,-0.4335163622791684,0.5330514512702328,1.286554052950686,0.8006711471021651,-0.13872785924253145,-0.43954943972323296,0.0737984530302782,0.597957823230105,0.06719901009608927
9.006494583889664,-3.404296492203689,3.643157719903452,-0.06518947075094104,-2.7531839065340904,-1.9258905260873298,1.5021165840706339,-0.3094097008027869,0.3795373263913923,0.9144856591390801,-0.2378571420414593,-0.42686862006185194,-0.24047350466413203,0.34729104946090944,-0.00032773685269489524,0.9836709608768439,-0.197094032247703,0.09079950012097601,2.0535881094539428,-0.4122106648323494,-0.808402228887507,0.7156651908535046,-0.3630049304898345,-0.43681031805258264,-0.9177768216237573,0.7610923335160993,0.1875484362410419,-0.6114541414889574,-0.6682557950848673,0.4471597096811064
9.590968130806877,-3.645000129654391,6.264099652866959,0.750749827108402,-2.6543787473098677,-1.3990224573204173,0.7692569490995048,1.235210279494188,0.8480915473649676,-1.0258138326807442,-0.07739177110732655,0.9683838305201647,-0.2987410074836293,0.788486839462384,0.06113478765159997,0.9973878164675419,-0.5362797006137822,0.02388137691483243,0.582507303203752,0.4129762144983843,0.07850358626312356,0.6480575841119635,0.4616570826479574,-0.1999648264113724,0.8601610327635679,-0.6336072672472219,-0.7563197469917337,-1.2364012316500945,0.3880698547980616,-0.36206990850493515
2.372321652950475,3.0747317988209506,1.3975130912662992,-1.8076441468748008,-0.6116751726478105,-2.0988869308932574,2.2219958415921277,-1.0353378632642949,-0.7828440607609108,-0.43328211431342456,-0.7664709674791663,0.4372389684527713,0.9864730539507036,-1.1943953598396915,1.3023386238279342,-0.2611645674378095,-1.6013025391023936,0.33181766050016465,0.3546921939172721,-1.3486339739341282,-0.5256336168875028,0.0334961533944916,-0.6388762907181696,0.3589366889745976,0.8297492971573693,0.701918463007369,0.3570754598741026,0.2617191000300243,-1.0271321340723654,0.2480998452349744
9.177866138271188,-0.003458470124380443,4.908036608429503,1.6722386866195023,-1.7098004536243936,-2.4557175429423808,1.073539587309357,0.16017467253673448,0.6759841653375618,-0.9036520110014638,-0.6080084593198277,1.0583978407375203,0.044218808478477485,1.4221644458067821,1.5192749529117957,1.8252737272193624,-0.7952648631040652,0.351390489850598,1.158876516183392,0.7279536791807133,0.3566193316890693,0.7357947612784369,0.6865907716905687,-0.03651274583146095,0.4925629528361169,0.6365681289790363,0.04973836969928231,-0.40182408430913624,0.18967334589791188,-0.6583536145099581
5.949355339470902,1.107436524268218,4.146508796014457,0.4827773275683441,-1.2354887130796013,-2.1846374712436836,0.6788748568545411,-0.6564308924418435,0.5570971007536072,-0.2583676531633544,1.1627142029898094,0.4944266478513057,0.19829216864660026,0.3370877283382373,1.5861661700312086,0.6426247050159744,-0.25506431116257294,0.5158778292380619,0.6411612400186055,-0.4075810350799646,-0.8389008455218575,0.5645892412391273,-0.22610067093568886,0.0998082196141843,-0.8392193894061578,0.816619831785026,-0.5482313547707214,-0.009076894861778496,-0.6852344369367842,-0.35702946144828046
6.381610956101034,-1.394719692409932,4.291535097049852,-0.03553618715416118,-0.8150809808658328,-2.6131044437123174,2.068076306229483,0.7717039083032524,0.18006096271199795,-1.5244030759690936,0.08732811976612176,0.11864173486361332,-1.0010376887443129,-0.07508333420321744,0.5885612907590438,-0.8529996850017251,-0.44776403349423144,-0.18847997410066372,0.27938339154622066,0.4826876337332976,-0.7904301127888073,-0.5371719339963008,-0.011452298672387434,0.3840040974574198,0.09102577096041418,-1.043760945352302,0.2892378129205279,-1.5488424410844963,0.7448909364747606,0.7792170134904135
4.6243955186799575,3.0403550143049163,2.117725300360111,-1.5736369537984358,-1.8349251301233696,-2.8908107333556554,-0.3678875889309963,-1.6271500132995647,-0.6462081429598844,0.9156373804746398,1.0523576472680862,0.12144158090756185,0.7579419566868915,-0.9305435220622498,0.27305558456509005,1.093217071505107,-0.2143887746676241,0.542093207731887,0.3432497988776704,-1.3727072062362806,-0.9666723080421754,-0.18825317503026784,-1.342200531532718,1.0228944122299064,-0.9458080982714187,-0.2114692692130658,0.42392537103194994,-0.008274165688099508,-1.342576004354096,-0.11714013756450396
7.346148018663688,0.31444067755240385,0.849502993582165,-1.4795856251129738,-0.7532741847086637,-0.29566639561527486,0.15024670465913784,-1.0962896926930912,-0.36365269021621127,-0.650666975549467,0.4058532154910629,0.49948019156218854,1.3967805394679418,-0.23203802451288993,-0.1310955511525196,0.8338017719308152,0.6237320862769231,0.42160670955280793,1.381651422060729,-0.356503770441575,-1.1101550789130195,0.7011073158392379,-1.326485398426742,0.036068280611440066,-0.5988720515867307,0.1812728586922764,0.5600275629136907,-0.8048440703522846,0.2657952282102248,-0.2474072897233482
8.719443151700828,-1.3383853326674982,3.838465254219083,0.38481177022455726,-2.289860698398375,-1.51573463854361,1.0702217287963642,-0.28371111075268285,1.4095579688003854,-0.26849326825816217,-0.40314204134435727,0.4580091515930418,0.9286738260544667,0.407513360034653,0.13737882399598358,0.35457619647293476,1.0139768128591553,-0.02129834932631217,2.320703618223364,-0.3561636076623264,-0.37830310964055264,0.35217272472941236,0.19827774648064597,0.20118027689944123,-0.32098598385170385,-0.3152095360394291,-0.34359478739206434,-0.5028615140788482,-0.4153135793794158,0.986104471886948
4.049627861996138,-1.4781326145237033,0.7708407241760267,-1.028980167611838,-1.6054139433561276,-3.87410907079076,0.7570790588099294,0.023345405484288,2.0733014362471955,-0.13568766462025336,1.1088097134252566,1.3100276774345976,0.45158945999775707,-2.7999753335346504,-0.9143220652767117,0.187153030083889,1.0262809014133607,0.8412947601265083,1.2656073240375845,-0.35472476875754294,-0.6462157801935182,0.5286760576683365,-0.6335153459126136,1.0075472208945353,-2.0133457145498177,-0.6092892349880025,0.7201106558435704,-0.8074459194689484,-0.02126829282614974,0.6724935873853173
7.852115199251454,2.1527944351732025,4.934759856494943,0.5443989389978922,-1.8411786387339857,-2.6849495307859974,-0.15348202955033508,-0.6649352125764357,0.4073288795267856,0.3532335216160327,1.057638040989816,-0.05501543597523513,0.09790242386302937,0.5067552927384643,1.083443136222678,0.6730348357918864,0.7179314588241648,0.06923855453433014,1.9920897537977522,-0.8113061036531352,-0.26733408893555594,0.5105553986504185,-0.7340815209556529,0.29659698436020504,0.37346027040687574,0.2489737252046825,-0.28895767247928583,-0.7566022976202612,-0.5316077485709829,0.6609603730761239
6.609849065143171,-1.768852498996907,4.06041897434891,-0.5787780892203778,-0.515670296552376,-2.232128580061426,0.3708368941679268,0.7961492386777697,0.8596281682937241,-0.166452000015731,0.036843662544302734,1.2257855344096695,0.4807741009915732,-0.7668894230397005,1.2915783420020048,0.4686923142291788,1.386874875258532,1.7796138538043624,-0.3056281620800273,-0.6329839792834797,-0.2467671409418929,0.1477325375651121,0.6786598012332985,1.147283063241612,-0.4036021475226774,-0.9589121022413052,-0.9356197852100545,-0.8527333630760134,-0.06239609335232373,-0.0508161501850522
-2.663678361149265,3.71881648867923,-4.660426010370599,-0.6435195485963318,-0.11917649324472761,1.9011337236005663,0.5471141614033622,-0.24640665682759538,-0.3964210817415969,-0.8337924957527586,-0.21319192084382485,0.5481076166139058,1.0043656661232678,-1.266101231590487,0.4168434648757451,0.8594823778341595,0.09626946442056715,-0.14565446572213586,-0.37955353499186295,1.0705837007215546,-0.6477354139396689,0.3452576314894699,0.1119588428014813,-0.3912134811339714,-1.0329022388815683,-0.010553004447339908,-0.9656614985484933,-0.12595260577241094,-0.23411266054955454,0.2623665051464877
2.1747790318569384,0.9735898573860824,-3.515917672853651,0.08317474617309273,-1.012161689795766,-0.10924658918166005,0.716694141264337,-0.4809871595509226,-0.31471363695903354,0.4353039474547894,-1.2085177018693294,0.9327176271218582,0.3242478222497161,-0.49966665198286514,0.20127148248493684,0.10785750298511224,0.46094393670065004,-0.11503125697086757,0.8062396066551525,1.3591901461800682,-1.0719842818484069,0.46838128079482483,0.022577934672505393,-0.47706611995978504,-0.9548519465025437,-0.24187063501804568,-1.429226293009008,-0.7146061831154245,0.8832363340063748,-0.5480763573226936
2.7151979176071306,0.32849825462487003,-3.204308253586252,2.2215564822892198,-2.619874234243679,3.0314567664148484,1.1361454344848858,0.6680859860296146,1.2862720714736875,-0.3518422470651626,-1.4880624344507627,-0.8918621007399711,-1.830065726432519,-0.3358479022064143,-1.2167364055949772,0.584963940696795,-0.9578405017849008,1.0911388961915132,-0.1413297138861676,-0.9435401424963916,-0.9810110472535751,-0.28214393590947373,0.7841117972637569,-0.09568683263700303,-1.5780423481494628,-0.4898164627289136,-0.5875110173505079,0.4365886432480784,-0.3277805499650853,-0.9213524834078273
5.728917991524426,-0.5423389263448681,-1.6978407574904715,1.8779874634330773,-2.6756792449216933,1.9840630882566035,-0.20975165808832655,0.8881696754848502,2.1080771832935814,1.602289557342763,-1.1925727107158495,-2.3555309982038524,1.4105078797033754,-0.31870012849905976,-0.4694799079079465,-0.9484879180099987,0.9865714772143522,-0.6838246261750762,1.2416061116751047,0.33465704589362194,-1.3593489304655617,0.1351505336671774,0.36184611824808416,0.9404809769065966,-1.3852848694212356,-0.007616511208032099,-0.80045179824925,-1.5902359652816893,1.9595017047338328,0.4811943495898037
-1.4067593030749954,3.9037101744517027,-3.357033826682434,0.8823797650853085,-0.9541838902911927,1.6661067113986674,1.03297659915808,0.04439655500255526,0.36235942268971266,-1.2655880030561812,-0.02089979718946135,0.9672633614015322,-0.32962932202292916,0.24390077893052642,0.5305579281281558,0.856600182278306,-0.4015668482335581,0.8804190744663741,0.03660763367118911,-0.08021551431497836,-0.6255666806510592,0.531821923989995,0.11208942341060237,-0.4068232635081111,-0.5955097687219197,0.2242049010405137,-1.3234377091590133,0.6565380906393807,-0.0459352298761149,-0.04071176933418994
7.399083178523212,1.7061600565778285,-1.8914239546315907,3.8179680979105406,-1.8211455156011318,2.7065257279639208,1.4257963246760208,2.7951003463326627,-0.270233126484542,0.18007718569828624,-1.9554995926161876,-4.24082532575444,1.3945621536836577,0.36551670056145086,-0.25142776738817785,-0.6975110238660491,-0.09364839712712333,-0.24520206931104635,0.13437935317124602,0.22699931778543064,0.35801548687625945,0.03713500806002223,0.9859516129598969,0.6404594170558646,-1.3273567142095575,-1.670065079953648,-0.6743516228467247,-0.9129264907544804,1.0609123823667308,-1.1701562879563994
2.365035933033585,-2.6998666958019446,-1.6145172774845957,-1.1768359565340165,-1.2433036577751648,1.84463684582219,0.24787437122824238,-1.0606440751905462,0.40572294000596565,0.0027819178136913856,-1.1494708949903836,-0.7891877779760292,-0.40714773020637457,-1.0841623988006295,0.224445702156694,0.36881844045779155,0.14056400251322695,1.1324189249373193,0.7644042984589486,2.213313086876517,0.37836234349739734,0.6591046921061012,0.6385130777920145,-0.8155036665937484,-0.8784459152880232,0.47714847555732653,-0.2927479919035794,0.4549153553003924,0.8266043950152191,-0.31468479545019235
2.9664470897722914,3.519904575519643,-2.4393319901992077,3.442823766150483,-0.6685505679624372,3.075957551710986,-0.3627381233063617,1.5071183336460792,-0.7388784999644069,-0.4536915035581441,-0.5215462677645742,-1.7316946921180543,3.1348517473963393,-0.4344656456991714,0.23692788684003402,1.1695776264772584,0.3232229146086154,2.3344753132259153,0.40374654717984676,-0.493126567684179,0.44901752190356325,0.9234370051050821,-0.35284825089570576,0.2285896229973387,-0.5809550354364831,-0.44267902811380977,-0.8381874892234106,-0.38990505520781665,0.6109414828388565,-0.2596015496370874
-1.8643775908007316,2.8300241573505525,-2.387636615205232,0.5939369421112465,0.6087501857433394,2.560653037655634,0.7624473799281382,-0.3730101330793197,-0.7445529970298773,-0.9523207434582718,-1.003452394749113,0.4999341020948513,1.5034191916406983,-1.773880944100648,1.1069496096237712,0.11965547007040099,1.3801099821184506,-0.7842465528808035,0.5090528684815184,0.4983153055940987,-1.25897505109091,0.5150029089306144,0.24012708739464697,0.4968105214321061,-1.0515421849349298,0.6754811026174506,-1.3171407352314937,0.008276252802621675,0.5331154864901521,-0.38135880121932936
-3.3450282444259276,1.7773508770304665,-2.33514621095542,-1.7969926404884276,1.0639413669341038,1.6349314056214004,0.8112667774898703,-0.5404018673062444,-1.1138540554130036,-0.7266609841490967,-0.13781721267635824,-1.5091011253236886,0.15995350264403665,-0.591379508362755,1.2370324581418994,0.38299374909900924,-0.6220921069073637,0.12324693703249605,-0.9723598922246525,0.2018524395666032,-0.8724694253632808,0.5054972380736061,-0.023934301282255308,-0.9290358928077945,-0.5839021256642051,0.7710708327383687,-0.05276946197597099,-0.7606906883334669,-0.5238993488150997,0.11381232728327109
0.9175263809705589,3.4583927836825037,-3.5600580835033706,0.6900212545289528,-0.7599692241789283,0.9087568012832519,0.4034593539824868,-0.25906784500705565,0.03402931062021428,0.5038049600365634,-0.3393637496791174,0.5417920952258259,0.8861015113763875,-0.7084537222012541,0.5680879506214379,0.11644035558012637,0.4638444661719155,-0.6948391930717625,0.7992188584154829,1.31160555949012,-0.926698625983532,0.31718591575519395,-0.48851873553948155,-0.2897179516394558,-0.9743624094606995,0.42392320791463906,-0.2053814291657673,0.0850238150485227,0.7225911954908677,-0.8919348546786573
-0.2066833097676311,1.8652207975091168,-2.4997273801303077,-0.4985454660974386,-1.1903052747546683,0.09349741202855592,0.34242901253980124,-0.4990248942948882,0.19131161248109446,-0.09989210201763507,-1.3317056251775483,-0.6186846035330875,-1.0829973471862238,-0.716181520854083,0.3984704236279601,-0.6361391383759014,-0.622781928985879,-0.8983629330635994,0.4159818526709956,1.7350677092308053,-0.6505735716675557,0.2621450834923881,-0.11038619347037487,-1.4048152957052682,-0.8350590337040427,-0.11103942773583726,-0.28719011273474665,-0.8690815999431094,0.23759309373582913,-0.11564137716776159
0.2921731791624101,1.5255090974720538,-4.4585785718289035,2.901647724216158,-3.0449931651766877,2.5369487936320523,2.434114926763739,1.6648618335073668,1.3820769889330349,-1.1068839238845087,-1.456602201744504,0.403520799577554,-1.513251903626665,-1.026419176757697,0.40322219952197313,0.6903509069402834,-0.7170895623419468,-0.384088270256779,-0.8734904039983163,0.04235360856815345,-0.06717890639109997,0.23511557361596724,-0.08814467371779819,0.18842447553208713,-0.023572609554964086,-0.15672663114227678,-0.20164177893082813,-0.20957963258242632,-0.7658583586115687,-0.5275095678544708
-0.9463759287573607,4.513015310002426,-3.3955480321915528,0.6105526405101305,-0.8393947670895668,2.27427089111652,1.7045994383188094,0.5367322390437559,-0.25834743089685835,-0.9037543256168551,-0.35276972712275717,0.6625391434526746,-1.2888274807999702,0.6812252662053963,0.4401736628258832,1.0284962861344078,-0.4431041069353849,0.4157067188554525,-0.6468042220107703,-0.3731667615031533,-1.007413740824356,0.19495377882801704,-0.6485425898192997,-0.3785331877726348,-0.4743186770203385,0.0702757809936996,-1.1702604721819723,-0.3570460542818543,-0.025394652962125903,0.2477528737626497
3.292283687235818,2.701650736936747,-2.9513771875009382,1.4238730529130117,-1.3237550537635097,2.32886336782624,-1.2711168864812878,0.04721609857102805,0.3973494824229309,0.26110997840520195,-0.7424168398299751,-1.689255305068924,1.4913710498064432,-0.8705818877537566,0.2800420611750469,-0.36683180822254063,1.1025073594461108,-0.4704320186638538,1.5364118913558398,0.7445155932315111,-0.5512255454068911,0.43456368469097206,-0.5195594878201281,0.6265172260042805,-1.1807228283115296,-0.4534417462329258,-1.0229061634725263,-0.0668368156607671,1.726596475184319,0.11818493659855828
2.5296314396581514,-2.2642729191360287,-2.667200358903362,-0.4104282835261698,-1.6828806135283767,1.0445704765092079,0.6700895087014649,0.5793094719233158,0.6255413046685314,-0.06291163902237196,-1.8499114751661512,0.9338973361189216,-0.85347412872151,-1.0141429516544116,-0.7405121350063419,-0.911128382236657,-0.4752260697932951,0.49437325071531596,-0.2485795975012999,2.543115041975858,0.02164161656050765,-0.20786632288306084,0.7398190225825285,-1.257722237500561,-0.4239278860700985,-0.7880311266125773,0.7531837172139262,-0.6093355768817039,-0.18377847078981902,-0.5834023161743113
-0.14869277239182477,0.44952281378610337,-1.8542957986871238,2.0714734233381793,-1.3941588947444465,2.929526158962316,2.1535452306783665,0.24894443266306923,0.42725507756686554,-1.209805519519165,-0.7258476961622959,-0.05611149864803679,-1.4444446115568745,0.06214379857399746,-0.8420732163685457,0.17329471316909323,-0.7969850047901129,-0.42611566220349356,-0.6668420494547563,0.07920497677651019,-0.9404246840095691,0.6578981559093562,0.26613713314956416,-0.28342185576482865,-0.9990748252220564,-0.5408900760499892,-0.05369620704722651,-0.5016473082060173,-0.3915467724328465,-0.9611694232136369
0.6586846654147113,3.3057606203644183,-2.4389927936840126,0.30918465273712414,1.1593448378254434,0.8349316074837928,-0.33102744216161606,0.5020419706940902,-0.06615252848471621,0.24722738864354293,-1.0163406741623158,-0.14417527220462642,0.9763401584694185,-0.8164571514436879,0.15383607252547243,0.1783926880166273,0.6000889485441836,0.2282814396897395,0.9745901086426183,0.6220885563245566,-0.01059997077153338,0.8130767247238042,-0.3551363744758105,-0.6419935354484464,-0.880235094509992,-0.29410960280138176,-1.6476299960036889,-0.17736476992700395,0.644881087773146,-0.004982499242287111
0.6949897715936271,0.8226483448601016,-2.4763026515627797,0.34694751368337107,-1.947290227039948,2.23679529321126,3.030455525206827,-0.5197095304656002,0.25290470822926536,-0.47138249980327546,-1.8743486684555404,0.5452008070387057,-0.4855961883502697,0.7041861729380057,-1.4796786794370012,1.183334014785354,-0.4518662762709279,-0.4204788786227244,0.10975601461886021,0.37599329511215873,-1.072637693119294,1.0670021554944975,0.8341888494931382,0.034161077875653666,-1.9375961408625395,0.03926405106524788,-0.6747164948453113,-0.4839378427294208,1.6776785244089842,-0.5627761068999848
4.4037563632553045,2.832937765398282,-2.8377251609820235,2.8663561514532296,-1.041568200057818,2.599804814604078,1.075302912965566,1.0150494190409192,-0.5559262409097876,0.47149733787579456,-1.8488890978768022,-2.942287792155858,1.4867733426369396,-0.47018633841667323,-0.6572688590155935,0.45090144967378365,0.7215088868305123,0.5886894203229267,-0.5182221744199101,0.25740099552496964,-0.6415042176973772,0.15872732645586665,0.30072210445578923,0.5897446816665977,-0.9313030149848539,-1.5789104472383282,-1.812361412463538,-0.8310823182813558,1.6725774143024006,-0.6350040870567275
-0.8325777523190503,2.2274862709420216,-3.4110134334526356,0.9864348822799964,-1.5105687946115927,2.3468203303969712,2.2214295336368295,1.1616348680632027,1.1062008182389764,-1.2032659057144797,-0.47107470238236027,0.25620174693007847,-1.4876612345433973,-1.0826002356878612,0.016640348514926396,0.6914929352586924,-0.43825461926352943,-0.9580747727189994,-0.45185767584593806,-0.2738500227033738,-0.7714882248110508,-0.34856999066128996,-0.7075097770724248,-0.14794789941356049,-0.27341522820525077,0.09733869215453067,-0.9142869963312118,-1.0377759993596682,0.6173651683783173,-0.3955047273049589
-0.144729706219953,1.9741164180868176,-2.0574793594526732,-1.8237220096449582,1.9677836813232399,1.728883484859971,-0.7580075439509053,-0.5706454195097326,-0.8063578781367029,0.4411443950910049,-0.9612860555485302,-1.3250810744707595,1.0488720395867697,-0.4180741960288206,0.06677347707080594,0.24277776594010744,0.9900869556242572,-0.6923346027929072,0.8603441934476096,0.6010866899358815,-0.8514966239540805,0.5461262221839519,0.28529419597547395,-0.2285386625903868,-0.736581136099005,0.445167469428617,-0.5929320470420367,-0.05306346469951135,0.7999374531877164,-0.4424671117500625
-1.9977474352419546,3.840294096264502,-4.312220923317268,0.8453707233121865,-0.8156797033230012,2.009221577985671,1.2219144598521274,0.6889743597448768,0.6438456013517951,-1.056471595373431,-0.5486169711564541,0.7308957442244888,-0.3836137601976029,-1.2925162928026737,0.03861120691516432,0.06687282789456674,-0.46730678958033256,-0.29431426105811975,0.19947786396955955,0.6798484710222072,-0.26604455750725403,0.5968127869319052,0.19533234393240964,-0.6774948616867691,-1.2350699852182028,-0.41033082892296,-0.9705342856792485,0.3829479957478466,0.24909729695497215,0.24460417433455225
6.097168828495142,3.792879467754131,-2.3476708388253544,3.0753943515015982,-0.4837635880287481,3.509723714664168,-1.2040911324750405,1.925732294312127,-1.0311420204673893,0.3269961058463068,-0.759315794579722,-3.7722662730913203,1.111560423127867,0.04065934881069526,-0.26104907656660237,0.5443916842096614,0.18984559617152857,1.4240948669858777,1.1590757331713322,-1.327830161305684,-0.5275607398088664,-0.7516338506332858,-0.7413382482255868,-0.4386970233158398,-1.4102690030918077,-1.369023115967882,-1.8567753359771146,-1.7953120295021867,1.082886361018802,-0.7462368837812178
1.7144367142169965,0.5650415180805141,-2.71148861808004,1.4327956055859155,-1.9498178027173894,4.008785388468124,0.8529583901011502,1.259652334727896,1.2979903739375973,-0.9031109534993271,-0.73970628367945,-0.05019399298595405,-1.733947670838359,-0.522569271943798,-0.15490192860174712,0.18284580242660442,-0.4908823683491872,0.718389625933952,-0.38714564320035194,-0.33990494647232855,-0.5860379486891618,0.16860579145774918,1.1853729391181582,-0.48629137562656893,-0.5314828362514374,0.6413439817043565,-0.1840241644430721,0.12940373537136407,-1.2126318516728403,-0.5351338451015161
-0.04385389702217717,0.5374624147107364,-3.917330969676816,1.9619535117030285,-2.8503785233870214,2.4792449561414887,2.0110564301697593,1.2126107484288626,1.8666075202045427,-1.0332945096157053,-0.973935871541381,0.3756117965163785,-0.5251792885421607,-1.0948987480079053,-0.3895026420584781,1.24936306291957,-0.1762774929557011,0.43461440409298996,0.30920902323017,-0.09647674491581942,0.8581703230347394,1.3879565520974892,0.1353784620711053,0.2975586230294496,-1.020113985591841,-0.5095108427133688,-0.18036547550086934,-0.22811736316605366,0.40278965671416256,-0.6164104014800839
-2.139501969580917,3.7054543100812474,-4.989023127497674,0.6194047636889244,-1.4140943587944137,2.134384177152419,0.5670143661357949,0.4238647028737934,0.5674004821191091,-0.1421539368318914,-0.7554059550151841,0.8203499841102232,0.9176550599126405,-0.760333353690556,0.14575084680066952,0.10184184561709393,0.7050668127665781,-0.15180200983033718,0.7511162301896205,0.9880705791761311,0.11392212815211965,0.806185365329897,0.10254765765310901,-0.7530226802791377,-1.042485207718486,-0.41827981828549765,-0.21102076947019546,0.08826164280879872,-0.6079503351722163,0.5110671811996659
-2.1253717708484543,4.966186782430464,2.6733008311137496,-0.19522628639161865,1.451377504091742,-0.1952372342969511,0.11280586258915692,0.6127283886944068,-0.4351759838436021,-0.8323990980802345,-1.7261634178552863,-0.4513112994365887,-1.2984548243752978,1.4157761978273962,2.1374241757269705,-0.9067434990531985,-0.5707226922170877,0.40960447097943953,-1.6322935226718331,0.19702596907337366,-0.007537715677671398,-0.6332255630605693,0.6117309568109865,-0.023626303864729567,-1.837940766674018,-0.6910861514357247,0.3601714703759189,0.8930672933076756,-0.6364102281380961,-0.8075215941030648
-0.3019539479603065,-1.5096394964465845,1.1321438330153817,-2.0627342391700396,2.7069030301112535,0.9144170761056618,-0.6473877105241709,2.4558986923674957,1.0656903485666196,-2.037751487957599,-0.5013487393992909,-0.5229688786946932,-1.935802581917806,-0.0382454662562175,1.856850995047237,-0.47643008561997796,-0.09560463446400279,0.2870176981461053,-0.3227762361640421,-0.7087786200311545,-0.6758872994390801,-0.8969857707463871,1.5101287915890582,-0.41308691865288216,-0.6421497777786473,-0.9212191225620326,0.14372252293966054,0.39674900078249514,-0.7957078913715933,-0.796578136806215
-5.193035235347391,2.987988026177053,1.846132385855846,1.1470760898018366,2.1419776302166653,-0.5176726626583116,2.3481832028473297,0.33102122409093154,-1.0979144851974647,-1.8934023284161678,-2.6134631253937366,-0.04180008156216469,1.4783379046988359,-0.43845669957510086,1.2136758627708082,-1.1243949604423686,0.7501792324241011,-0.291713263768407,1.028938692832823,-0.39769638086995357,-0.07983350436563313,-0.38628939448922595,0.46672915955306943,-0.35413616619975163,-1.5706567075111781,0.3577300989283594,1.5251080894615712,0.5791675025556345,-0.24202258394835705,0.12223636903788093
-7.409546504097214,-1.9200035842042389,1.8291350451813704,0.7401504045191328,2.100425012942103,1.408706177195936,1.0210176594395513,0.4310605376436145,-0.005505060456171409,-0.5364692791585963,-0.49872577563409776,-1.315946320175566,0.3541301863307946,0.40690886656664876,0.7820565208996615,-0.7167320211613761,1.6138590052431716,-0.19280128165317595,0.32234317148905767,-1.7351182805352015,-0.5767851209814187,-0.8739020615707954,0.20527376752338025,-0.24688161166314943,0.05376081788871573,0.2510366594380461,-0.9908997915923037,-0.5132408924939363,0.5868486109628444,-0.33293770250491694
-7.801257857134442,0.273086808256636,1.5020750086524866,0.9238411460660408,1.899503080879313,0.8934404412421306,1.611836719569381,-0.880797517478653,-0.7861871812051796,-1.023346661175788,-0.8533853260016323,-1.4130693414303608,-0.30195853202714124,-0.0868796814701468,1.4203291111370102,-0.9460973798224948,0.5079779520451227,-0.2246772388239076,-0.809657825706447,-0.14911429673321375,0.12390444005117773,-0.9919550733757063,0.30378590018674695,0.02270491957844265,1.1019733307286679,-0.1996262511260076,0.5810824706107077,-1.1806480742241356,1.2306201336628346,0.196250981605111
-2.575098410745443,-0.3055030912246819,3.802057936798177,-1.88504864239443,3.37662875056587,3.9519493616291945,0.011114070204341218,-2.067539497192185,0.5933380420084563,-1.7751857449411619,-1.137861735882852,-1.1141696031576862,1.244818248774033,0.8261985834683854,1.3237959457435735,-0.2069524850561005,-0.46439947472500726,-0.03188925451446106,-0.19698704845948,0.3333146990045674,-0.6514408415401434,-0.07131485842968296,0.04134545830160699,0.7215343046941056,-0.32605488885013034,0.14020734139117547,-0.40027700007625466,0.6652699138603216,0.0045020843875117865,-0.9439969552419435
-0.6280599251756359,0.6848544277811169,3.0642488235677634,-1.4534430494394146,3.1082988918902723,3.5001580651832276,0.0683548217163376,-0.3382936448691462,0.23240687891664655,-0.591414960387306,-1.883430867178629,-0.00824447096352968,0.3308741457199488,1.0081764794806707,-0.31613322538050453,-0.3872787879473221,0.020343246118772928,-0.5940978469040771,0.4203480986550637,-0.512830838120781,0.12696286304320778,-0.755705072536325,0.009914378979626498,0.5865044697677377,-1.3344476995034198,-0.5019751501611553,0.14392560188331158,0.7620985282153403,1.324538615780806,-0.46652118237782864
-1.5751276407527561,0.09781273571592677,2.0236677886417893,-1.0882482973480825,-0.3144510704030718,1.9798352264497856,1.0791308505396413,0.6808492646280417,3.954136181968433,-1.664284338631136,-0.3338779342647431,-0.07843821798420185,-1.840119179426864,0.95032918996907,1.3572620792387033,-0.3460930207510406,-0.897627762209691,-0.22662875636555477,-0.5866806958810429,0.10714142617871089,-0.737462569324273,-0.07428467093555666,-0.5952550047596146,-0.528051508844087,-0.28525658945562266,-0.4631238600427647,0.016441570545786842,0.8919657843230899,0.6554069984611391,0.9449547856764042
0.5020924309037752,0.9420886423180422,2.306221483910173,-1.0700876794741807,-0.6424446656946711,1.9385491901142538,0.5640846896202306,0.13047994588158718,3.2508476571853535,-0.02448179991164165,-0.8451791539611713,-0.6557491784786058,-0.13892414085375923,0.43253178139948,0.24984201615329596,-0.05079217291040428,-0.09244059366565094,0.25387437234851523,0.49109752192094935,0.9280201013209035,-0.4069240519206002,0.2255722482471111,-0.6880669486777968,0.6942940929252545,-0.9479440378981683,-0.5268153183652889,-1.514750041289758,-0.3984259185435017,-0.4214550055679773,1.7537033242323266
4.707453755538234,-2.241723296618964,4.984541569015971,-2.9080598981011216,1.4239146097930582,5.399147956508366,-0.8047288050399254,0.7687016753252502,1.7748682047961264,-0.5302876315105856,-1.471812773340813,-1.6016018376842949,-0.7715745705897914,1.0077067042484908,-0.2978536306824683,0.7491278484494791,0.20134569465516514,1.754192949046251,1.0087486018627654,0.7648195410483742,1.138588886277082,-0.6548974488110474,-0.45355068941320953,-0.12923470587193253,0.3258691059185463,-0.9594136318724741,-0.20402579389316933,0.9861589362520172,-0.29296198100697857,0.6902711648488333
0.15963258766475139,-2.4014244617125895,2.8888974816911057,-0.6640300363100292,1.3321290124316731,1.8569946553228234,1.7643647131555165,1.4616937757408925,3.356524728762487,-2.491599410396138,-1.0475840713429259,-0.1985192591207277,-0.6780463895925389,0.25678599068795616,0.4369785030855396,0.12688390029125202,-0.2282938148886993,1.4866270421693648,0.14995580295551508,1.5107082596907933,0.5018449295844591,1.733893204092613,-0.44627844984440285,0.5039378966662292,0.23108749500057202,-1.1949441137456551,-0.35788554454363053,-0.43565695692264655,-0.24850994148146455,-0.22542779157749473
0.6189454547682679,-0.39195572870982903,3.4458506943338283,-1.7267246372446494,2.0824059310071887,1.1450924401198412,-0.09320482345931483,1.128845681247291,2.5178330356517438,-1.5489321823804922,-1.8553334412087261,0.7886525909624518,0.2910815270577209,0.21346812270924967,-0.769930239720199,-1.2220066831172465,0.3121471237546936,1.2224029326952854,-0.6621571097327287,0.6219093399724986,1.3762650789245332,0.8665647720195206,-0.719277514195154,1.1950216358110333,-0.8028819474419671,-1.3302305421702518,-1.108468908458339,0.4817901778805666,-0.2558505572902906,-0.45911559161850646
1.4562605416138308,-0.40560021913200206,4.050988237543139,-1.8999372345516923,3.431606132763907,2.8462043078089363,-0.2469650862477454,0.07904004718763545,0.4461825163018839,-1.541726382081532,-2.436226064891885,-0.191300124973682,-0.418045875709613,1.1217710982779763,0.19027117450177514,-1.0461523872461682,-0.4623897820317196,0.058121761012650715,1.3395226335018218,0.22607799066164885,0.3485722491772994,0.2608201291790316,-0.27090612324301405,0.7185317708415434,-0.5620264119304156,-0.7421040000008721,-0.03739937441122344,0.5849432695944494,1.1937625595638823,-0.8717480935668336
1.6052983848637412,5.395380008161376,1.1260862756158831,-0.2483194776994347,-1.2447015326458462,3.284047647438855,0.5306060870508147,0.2682995598391569,2.0035290059194777,-0.25255660169673844,-0.3087586476748208,-0.3114189179113103,1.7211939167907162,1.425305325279393,0.0779084568578069,-0.23100319923372578,-0.006376772037321388,-0.18174944751238165,0.9660715360740085,-0.15617309013864408,-1.5910173070813174,-0.7131647518371134,-0.5879046191681878,0.4236510783809655,-1.3267496467247857,0.03483464984077016,-0.02478788554374324,-0.36345679492536054,0.2326934335662227,0.8262559213203864
3.813601785321416,2.970715787841827,2.026609339693416,-0.11591954142450599,-0.19264855397787772,3.769922991768355,-1.008822073956266,-0.11853667053364471,2.0458007101344156,0.9252193284919851,1.3719309849019161,-0.3225405107723609,1.7687106446919136,0.8407458120716534,-1.441924189495637,-0.15301176620989473,1.2205051126479123,0.38327530965310097,1.283328802944166,-0.2103382518513622,0.17198653602852432,-0.8468029931334461,-0.7801430140939801,-0.06781675273187815,-0.5765711668944202,-1.705017818396905,0.06909209217982948,-0.6265265871953248,-0.6735951304670417,1.488755971672722
1.9506069153088987,0.7492327893148734,1.6803566542340425,-1.1799969615369845,2.445612922740284,2.414754527574674,-0.5757849278696723,1.2295477544268951,1.7393722382746066,-1.4158650486334543,-1.4082196928722877,-0.29308478380775743,0.05186982702684217,0.9381598171825585,-0.9172094532904226,0.0661466698248891,-0.8215677509866307,-0.321920547535837,1.1504147807395673,0.08337808189923294,0.7078998393247935,-0.273941670684961,-1.202814038261571,-0.06608866979807024,-0.37071990824270806,-0.4594608380308826,0.3214851661166475,0.3114226035691098,-0.14941059587395217,0.4774074914511227
-2.098059969228907,-1.7459182075830184,2.691080499913498,-1.3268271308464952,0.3283852807423266,0.10325970624222156,0.5835450968571995,0.9858869744574636,3.4009223068226917,-2.254069584680306,-0.6295374388848048,-0.17570002188679587,-2.112577100056325,0.8785609038632914,0.7963801551215258,-0.3371090267790194,-0.8282373027843267,-0.49487996445194854,-0.634479124406443,0.9079569023968097,-0.4893079934201528,0.5443445824127876,-0.6496578128386242,0.20411488981182313,-0.26228633326620765,-1.0398597146026873,-0.26981646393414155,-0.2445661849827734,-0.77810050953712,0.7596522868206137
0.970154917969352,2.094310473565978,3.1423184538880715,-1.0211932428493753,2.4075602930380784,0.8347462402406114,0.14853116946596415,0.9268290744931588,1.4234835652458193,0.02596474030783053,-3.0578798732047745,0.4727706929401091,-0.638283124828715,-0.1165704290558762,0.15845031757894587,-1.9968358028901017,0.007606041346541611,-0.039308833772942406,-0.15075671387341866,-0.8134629001165264,0.27105801091746046,-0.397095559578217,-0.0033439078734944457,-0.3819595540077721,-1.5844249748045192,-1.0066796235705668,-1.8734264559274203,0.7602046890981559,1.0383447225805678,-0.024377704278842338
-2.5492503186744107,3.744233691307081,1.5418279526164147,-1.2863949676276316,2.941554205465178,2.0906711717965614,0.5999787446543139,-1.102721326444732,0.17849294552623685,-0.5678132312766838,-0.9261406222516496,-0.5758839360618342,2.050692230737133,0.8094664601893204,1.5648924590458417,-1.4848209668581174,-0.537981936952814,-0.8195466454913886,1.1413291818175193,-1.2678343443521767,-0.7441491505490574,-0.5483466132436701,-0.7508156699221746,0.423770805967788,-0.5550415828615424,1.4841855126327554,-0.4587245443265966,0.9706039515291299,-0.16532122287137557,-0.19053768805983648
-2.3056708858929102,1.0104351512750251,2.2361413090690307,0.3946564739004457,1.6879710165164536,0.4689447251625537,1.1119449808710935,1.157652664000526,2.0406380770732784,-2.743889683149352,-0.8556928792803743,0.7619187151017572,-0.3879360997789771,0.35102759445600806,0.8356492024374312,-1.1764860576111988,-1.1126356625842702,-0.779711514624119,-0.12381225196174454,0.43228406444244655,-0.4839626484646678,0.6084185156020813,-1.1634820590908637,0.25166549618392187,-0.23741764240746838,-0.5486341959419676,0.14818876402171327,0.4729661679096887,-0.44828340253352467,-0.23764140082244556
-1.1870313747253074,2.0132160297263666,1.9435349986073291,-2.43713783018939,1.7436926278991371,3.734834498816874,0.4583699021448375,-1.0189741950644284,1.5433101192925502,0.5021904393576528,-1.6840825378292104,-0.9341672927207201,0.22360089158758464,0.7174690446476081,0.5092892305174532,1.1437213110366082,-0.9089146897460388,0.5355132067312176,0.4617177337254722,-0.43915822928456666,0.527060986466707,-0.050695282928249805,-0.7349451040302912,0.8825808448416559,-0.638964049004193,0.28231007826561433,-0.4282880768649479,1.176557362216448,0.3414101616296481,-0.15586993386635245
1.5346356278118751,-1.0939336710502237,3.4927448562751446,0.058154811217009376,-0.360580391337208,1.0209933493468863,-0.4902360120840747,1.5632846970688379,4.071639976822777,-2.215390718945197,0.11809986507740687,0.9767317852703985,-2.038511166268542,0.7366632909999212,0.7647376658691084,-0.15650159430216962,-0.5614503642615234,-0.4403404401154972,-0.6719795123669803,1.5149598888090314,0.15753844959402974,0.12267372004765296,0.14613471152325358,-0.06756530611499023,-0.25871043560204166,-1.9235065855036895,0.627320860759833,0.4255226592381167,-0.12017924162547736,0.5617153922457929
-0.6537126249547148,-3.119606188255526,4.184425470980953,-1.5123419434164178,0.18492480734562333,2.4269189463271617,1.4083432716429223,0.6272905482072774,3.9133489013853593,-2.0779852611353555,-0.7414877332771849,-1.272010087680726,-2.2589526316751134,1.8096050067096312,1.469010455660233,-0.06249130623176997,-0.8243613076750813,0.9757972612279175,-1.4892820258449206,1.7293234630453673,-0.5551041978490925,0.44898473843001574,-1.986921447355928,0.6428778744910038,-0.08978236835591866,-0.6326851430975754,-0.8836592290535009,-0.8470783083749587,-0.5520100311005456,0.820521175834655
0.9192224948558396,3.892858672848726,2.891595794153507,-1.1524887910569173,-0.007891508177254479,2.3559945261093116,0.3277828174079425,0.15663940503648344,1.67694083572469,-0.1380283737242807,-1.436587439860556,-0.23884361134005802,0.8938249168526214,0.7190894017298394,0.40010343047558855,-0.6683323948225969,-0.4957192557113789,-0.39453495364386054,1.0616790110888583,0.07960673413757766,-1.351412966878445,-0.9081478840787156,0.25909076821771826,1.3995549413807777,-0.3884294475129674,-0.7276673028643185,-0.0643618118120854,0.023275487537409927,-0.6432236625039766,2.129197579967128
-1.5744432912049666,-0.18769329205666424,3.7150416878333803,-2.474407785264143,3.2062094622664388,4.1794162885391986,1.6769489070721946,-1.908910547896817,1.453681356633567,-0.14710948484084646,-1.3052500065495714,-3.2232993318822287,0.45255376265677655,0.7254926886921703,1.051658876656173,0.0038809649707118904,-1.1364291957886212,0.9680951022858928,0.07389852513084141,0.40922475625114496,-0.07712524576145198,0.6827338979104066,-1.358068657581621,-0.8539851776363148,-0.7893536934445374,1.3127551875205783,-0.11761566357500347,0.8258777233393175,0.2557649681327772,-0.08075185375565076
0.993733448949893,3.817440780769921,0.7909315129705661,0.44618391070488317,-0.4291244741886791,3.4271902840260986,0.1644288012514333,-0.9443075927922496,1.527012282115533,0.37911013150902845,-0.5575983211412722,-0.054829218682372796,0.5980495374332148,1.53332344701963,-0.07221954740358766,0.16979972233881593,-0.7884656694672736,-1.2552643234723369,0.8333214819094087,0.029747913763803018,-0.4245751017939663,-0.23768913416358084,0.2616293976020517,-1.1641662642426198,-0.7818863624685787,-1.286270577117192,0.10903327364501876,-0.6713364351563863,-1.50576681936517,0.9382173985524587
-4.991946547249016,3.551282231889924,0.7071267884525612,-0.7399229893741126,0.2552163473118119,1.6454298566631984,1.9638274900143728,0.2857544728302397,1.758073048611011,-0.7342095900652046,-0.9468390845900854,-0.45442528940360755,2.0369588022698943,0.003039653847393667,0.024623866950870776,-0.1780525971994576,0.32431847227103294,-1.0356295247079443,0.1495416708677506,-0.5535108405154364,-1.3032338583131913,0.13140377978782353,0.09364377651675948,0.9263152538755812,-1.4038768657121283,0.35214861688632815,0.6017380139192234,0.2112600485946921,-1.0756343586879784,1.1085584114993496
-0.8220461812649564,2.7853769257439085,1.4486777281520187,0.7239724607593782,-1.7275578082891851,0.7560033808672356,1.4517180679640145,-1.1924368875168179,3.513482467340352,-0.3548649359307183,-1.0309039405701599,0.959104074361699,-0.9365624803116458,1.2303994476427194,-0.0951580297379874,-0.3229507966864521,-1.1199724788325176,-0.49012745544549585,-0.13382137228127763,-0.007086941632412442,-1.1345522229004263,0.0065198153539268115,-0.7030607085833889,0.9012011085509937,-0.4020829610460266,-1.4722617645895988,0.1231042176991529,0.08781974139761901,-0.31327360244672975,2.3142595652829314
-1.1247545596296986,2.528735432368469,4.495333996327968,-0.4091101785549975,1.3010935487813817,2.581969627014475,0.9310146599881736,0.3333773589498908,1.804630800455744,-1.9836354649928734,-2.473636352035747,-0.17497636666299343,-0.5976500062550565,1.9088010609626898,1.8156612954557765,-0.599125515724737,-0.4550921443133309,0.5078658459897037,0.9219605191149354,0.288083723756619,-0.10044393347921189,0.09580314348540173,-0.7393040266279418,1.3984580225534682,-0.03477785269891528,-0.8244547849486333,0.20425006747784094,1.720618326173793,-0.32330948189349423,0.2621394829865668
-2.9915087633059683,3.497456230509567,2.364600862232748,0.454405709697151,3.510095002425659,2.589518120680889,0.8098885419766512,-0.5902319971159872,0.8492285160349945,-0.9971841895077287,-1.0982948040601022,0.01840746146628068,1.9786594931901729,0.5602742117936214,1.3284936949885269,-1.508735915978693,-0.4986499071567519,0.45065591522590814,0.7807495170504593,-1.2774975229794854,-0.21414019123505987,0.4216320659461074,-0.8445793660077766,0.35003290665049,-0.33975700347797416,1.0924629713341492,0.6538564728957118,0.6029688966881956,-0.07596348595482033,0.4426417237650619
-3.3131840030178568,2.437479025633326,2.4188627168759527,-2.083295466238041,3.6976477899209406,2.477578495448489,1.3771796188981744,-1.3418788639161874,0.6884880778161526,0.2163127345242898,-1.5358358554290652,-2.15849957457574,1.6040704710041667,0.5589587736404273,0.8867613270397872,-0.446948056963714,-0.7177241400020593,0.574091066486887,0.5716298930767337,-0.27632444393404826,0.7456065329694885,0.9052535130021996,-0.7189115061995284,0.12049765439028,-0.5647534043415398,0.4840611806245159,0.05977010977371171,0.7859037418282004,-0.8013165884874838,0.3535946128749336
-0.5630061989416223,1.6256482547388895,1.4155996399220734,0.020080385507506047,-1.3924062520048877,0.19236021246307297,1.1571088582798916,-0.5423245231119144,2.7056622353618818,-0.8004968217848966,-0.9713997756322456,0.8805527128392763,-0.590688638390804,0.8573489364760541,0.21089856880925423,-0.4271589240800786,-0.27670407112006423,-0.6164683454668005,-0.15420721391142977,0.7261572777928005,-0.9754414130470247,-0.3938739034529739,-0.7696418413723183,0.2782936936899465,0.17977924016728178,-1.3637961967055092,0.20182283901816972,-0.18860388228793876,-0.3619532638851021,1.4460226731304533
-5.0729597865539455,1.9931274742033163,0.7913321351492696,-1.8683602625955393,1.455369591870456,1.7964670514252745,1.7618511857366115,-1.7302069061947478,1.7137297518075751,0.27493878061197063,-1.060730988886516,-1.5811896354187729,0.7837586352459062,0.9385417910959957,0.6341712968453025,0.6433859694464829,-1.8613667667490135,0.37354780460620984,-1.3094957563306031,-0.304396455350593,-0.5293831291294939,0.2502510738348939,-0.6486359619696639,-0.15660725034107262,-0.29658173889482903,-0.2061543870930992,0.3219879472856445,0.08153695243231915,0.14282158406160766,0.8560043572377246
1.9430119277263433,0.7458919009301961,3.6859330521883558,-1.8994891492468937,1.3631818189455593,3.6614677453574447,-0.4331144770726799,-2.1537812138718784,0.8624026419257731,-1.3012789149542372,-0.8106581264365395,0.22889270386616595,0.8002855281452034,0.7937237544174397,0.7867287291197179,-1.2451960286453,-0.13311789769285962,-0.12840789784299303,1.364700485847996,0.8476704051720779,-0.865575829156322,0.42559713607730465,-1.169430755086523,0.7128047543035575,-0.32638949735083883,0.4695410314491081,0.2865578411056318,0.029627333428624156,0.4701329741126993,-0.436034819535834
-3.2786759405658965,3.7624859390385024,0.5259548522892179,1.7602986396653342,-2.1517257559690095,1.7665319344093933,1.3494263602160592,-1.5882487999468402,2.469803586635556,-0.42459896443600936,-0.9568403835370577,1.3839883641468271,1.6871311403888511,0.5470383006167079,0.3509523254936897,0.7428511664900681,-0.09184434287034439,0.11555512713689421,0.7118699943831533,0.573047271700254,-0.18603686670355707,0.8098619632026705,-0.6055801852431739,0.5525732842547509,-0.42028188271501826,-0.8952333933097258,-0.15647270958463033,-0.1758596798344135,-0.18892619019633033,1.31720511247823
0.8450461206011673,4.281783579692966,-1.800211643287759,1.3698514243576336,-1.041714946438201,2.116950530134456,0.8215239665002754,-0.8730953243987586,1.9802528911628832,2.0457588691967685,-1.7472462382059621,1.2520196075750396,1.481736221187977,1.9150547893718088,-0.8332861883908222,0.7973116849957718,-0.05784066002623192,-0.2782409382517049,1.004310812653142,-0.6817574392869853,-0.6900054081949596,1.2161108951567616,0.5505238868471051,-0.10902537724548274,-0.7616841404081808,-0.9648612052117006,-0.16034650663669173,0.19553885031582258,-0.4134754436833572,0.7623980789648113
-3.009486856038697,-0.8745398685793495,2.370268606679648,-1.968673908863619,1.3938674358153982,0.5506959764490893,0.5381995064764563,-0.4610812217932152,3.377927679578026,0.23424044299725705,-1.7143814920329963,-0.802277773251806,0.2256942924390926,-0.20261130795757668,0.006915235125025573,1.1320867294411212,-0.3294377602628029,0.7183302947600607,-1.3676547280512938,1.6725098553013804,1.2187882533227965,2.354695444139031,0.7922558852130414,0.05437417366902905,0.6271512651242945,-0.8228361540231915,-0.9592492608561874,-0.140382577747057,-0.10594070794460281,0.7978859341496939
-4.354603365933496,1.5414224754326111,0.31177371276242993,-0.45540833371929773,0.032740213717700556,2.2480795679878294,2.288329552854719,-0.3073536546630513,2.22013505634395,0.37935215742775735,-1.2808155815038884,-0.4330498854174267,0.9982066741750232,-0.08939847968417629,0.9604053483529611,0.76258759584079,0.2677805542071505,0.31158184635718267,-0.38199232727959026,-1.5688448007342206,-0.04640077547243034,0.4993504474018803,0.7775421530470931,-0.5814016599864481,-0.5965386742921056,-0.2319408940344376,0.058635712027900244,0.34880159382282006,-0.4317548545505187,0.6064316803227843
-4.110198680896741,-1.0893659046048483,-2.2742395510754743,-2.755093561553542,-1.0331434147663607,-2.016627156191778,0.07897008135909772,-0.05217872366250329,0.8783467241082127,0.27102107027156697,1.2010321273084037,0.19243300938483066,-1.497330465058862,-0.7429145530295594,-0.01677036052944108,-1.2623265183922665,-0.09495617720385852,-0.9120442122455237,-0.08358431662301875,-0.32240351587092425,-0.4233000075757796,0.2123562583415433,0.7849683081567324,-0.3788614973989048,0.21701902991989666,-0.28377277845498555,-0.9049451557187129,1.1788702105376487,-0.10097421609997553,-1.1607379618136233
-1.201083192973781,1.9391224869559096,-0.7560398459835473,-1.9685172933926454,0.710686634623165,0.5971496380952894,0.6487134439014475,-0.48946355533339375,-0.8625236964216931,-0.823867187634186,-0.16761341123921455,0.980182648387056,-1.7223816930818474,-0.4207232956524508,0.1315152069214573,0.1068478167628764,0.2092954940300353,0.513834007519338,0.5215376733311639,-1.6080258643807825,0.0805303021913746,0.190174381123731,0.5610683619213214,0.5128627222211469,-0.2138799769891263,-0.019785407081875796,0.2537178477781505,0.9849811408823602,-0.16643154555103298,1.4379586348995408
-1.87091811850371,1.66828397026725,-1.0407030207728587,-1.1723792291387634,1.5748308069430499,0.08169990701155329,0.8990506109635037,-0.006157997279047575,-0.43976756813922524,-1.2261332381240166,-0.1822990566559212,1.4030208277581768,-1.3451433937350126,-0.1096742626093574,0.40721851500488365,-0.20271674734504422,0.2922989084557189,0.9614587407520628,0.26233676711831116,-0.9233693419439052,0.8405369597458644,0.2903294726446459,1.0582197852272928,0.12528269800627373,0.795092059867961,-0.4751544664495706,-0.0914164766367429,0.9806628630732852,-0.46995610887385203,0.8677562359944068
-1.8781244271493571,-0.8577667688780689,-2.2646773958595756,-3.6563308199778595,1.1746998580500492,0.7956842577172131,0.08810408659716826,-1.1700649925259181,-0.9009412447766552,-0.324424557442278,0.6685691234394024,-0.17608158291828244,-1.0711143137949428,0.45139692101406154,0.49886174865927985,0.5470359605646852,0.23308556355337454,0.5801577580260907,0.0378333222056013,-0.814646625002994,-0.00763719092019933,-0.14997561379780375,0.946294250714133,1.538655627174631,-0.42963675501556237,-0.4710470907494478,-0.5216907022728443,0.8944488234190072,-0.6463936705530337,0.49638594741142134
-3.247454340291219,2.9153475667345905,0.9667432967129608,-1.466422253745038,0.6527194528446428,0.47648798766634404,1.0884604132444737,-1.1278659180358654,-1.2688891117902141,-1.8227251980026975,-0.026880681463765318,0.3185529001668868,-1.5575523383335068,0.31340914590082375,0.264598209886107,-0.9349540832225952,-0.07159530025842686,0.24877669574668018,0.06215198179300942,-1.1354599583875133,0.5878751471141528,0.40843972290832664,0.590791012442576,0.768748280443561,-0.25637365444134863,-0.8903437017717691,-0.7515325892424858,0.6732226921861635,-0.6453938566127788,-0.8451167805784072
-0.9149858650722957,-0.6994887460663167,0.42014994799356004,-2.4873701349524913,2.459724805400693,1.5960427969625268,-0.3044315394359243,-2.5286412041301536,-1.717284911494461,-1.1858374946130787,1.3142983404713375,-0.7817506872738466,-0.8499676057724368,0.003690387162052071,1.0968781467136397,-0.08699803527685672,-0.20755108426279464,0.8269312892791546,0.3734621945686345,-0.9410882468781949,0.12783703073436414,0.2866352078556716,0.7846810821724427,-0.39541428559206254,0.4323712774075522,0.1638954926244826,1.915531384764207,0.7147021080446911,-0.5468453035838938,0.8513175317839924
-3.1844727361234013,2.2824173832551375,-0.057007600520767414,-1.5954342223587548,0.04333091387579502,0.15202096246142385,1.6908915287156359,-1.3791708511889764,-0.36420125020246785,-1.303341973764878,0.32351092510993024,-0.13520399448514037,-2.0372545769145307,-0.4537030297405062,0.07273318046342683,-0.28744559610979026,-0.19869264035090553,-0.3271572574182842,-0.07250510375457431,-0.5548533410581223,0.48968669705942725,1.1361008833017363,-0.6897836211189744,0.7938396081297502,0.042234085589080345,-0.34377770255559925,0.9386902422406593,0.5509308678975848,0.3332788301234876,-0.23149500454829053
-3.7687491776221744,1.437108624281637,-2.6038706273358643,-1.3182576488701336,1.2332368049149118,-0.32040224854380095,0.36690701126899294,-0.9058254470856346,-0.9213270228795559,-1.2537981787476693,-0.4309663194431949,1.885153871856878,-0.11338958898660814,-0.8656673731629213,-0.15332628656890368,-0.2709426859308999,0.30395091929870044,0.7068252344247721,0.5807030775780573,-0.19145591214127283,1.5051771889924752,1.0427816871578446,1.7711211540580432,2.0085725751110552,-0.5002677764674838,-0.34394483506115614,-1.0507866298659483,1.4541983913978869,-0.2487312158671742,0.5921647144794253
-1.553732265701875,1.8040795201180617,-0.004484997033221794,-1.8083239229015993,1.217949848053187,0.8187036674898639,0.04552556039612223,-0.7690516243357068,-2.0054159371503113,-1.6448591763682854,0.6632148563763339,0.6189772105686552,-1.357628366262304,-0.8435928695629553,0.7374746807314595,-1.2472113813297003,-0.44174804624634345,0.4770710387920009,0.8655292913470195,-0.6379614239828293,-0.39353236079739357,-0.18027534849531746,0.6590721745763076,0.5429667232980658,-0.8688126957143723,-0.30132601661758296,-0.1046209332789715,0.8280420194609193,-0.820899571701763,0.21175538242147754
-2.789764446930617,2.1855147842460925,1.2757360992268143,-1.1360842109491565,1.4617199830611394,0.11552506509158295,-0.19878054953805432,-1.9102005880584148,-1.578568964249697,-2.068070288331891,1.0568794479196657,0.3152430472792551,-1.6970508823540407,1.0056871456980347,-0.47910652953863797,-1.1850794435490895,0.18604522898889178,0.05663249846297296,0.912250886852278,-0.7079138573494114,0.2293501128411505,0.5755046024693435,0.5418857460579222,-0.12072920517295953,0.09954762839379115,-1.1042621166104774,0.7309540256594054,0.20560584397381373,0.11669734585187024,-0.20798757435241486
-3.8122129735086774,3.6784543671030616,-1.6335296474682455,-2.2246306803763143,1.9688872281412,-0.5476710785522537,1.145091281660199,-0.16816978027261795,-0.6067412089546914,2.1143508719668302,0.9504233496622442,-1.5806509700178255,-0.9179901651411153,0.315406972661281,0.29508633460483785,-0.17061214564101904,0.5704297317093161,-0.40334938090728345,0.45103203077777915,-1.8032387300047006,0.11785743681807598,0.4622785521173927,1.2567421818911644,0.7047194505418867,-0.24362873479446076,-0.18364212762590962,-0.2211669744447339,0.12739724994084742,0.03071109616435756,-0.25109159095965805
-4.146118299104664,-0.44082809000560247,-2.947638703122281,-1.716992340068468,-0.8060768833608435,-0.6004382717927824,0.34236132609013326,0.009100210431946865,1.6405663807728874,0.9426819441267678,2.93213012814672,-0.21220603159731044,-1.4468500114404028,0.07345758142343627,-0.05181103140589477,-0.2906164037720934,1.78312509776497,0.08656285736563452,0.961240058503978,-1.3922321650579137,-0.4374012250458204,1.0230255203830492,0.9121458515061922,0.4830094130700799,-0.5573951276565535,-0.18933832818392993,-0.20861921089227906,1.371253040943549,0.4272092785556613,-0.7282122282213109
-1.5748577267496144,0.6378150879763541,-1.4846119200428087,-1.5445884566167933,1.0770493095904816,0.9129814691002481,-0.5973008742310087,-0.547919213276188,-0.5134203704044381,-1.1461396591243962,1.2279010917691568,0.3324275140568344,-1.1457092272250131,0.009046223820331023,0.15414943584991755,1.147772071933617,0.23832909807902333,0.036662768265651936,0.5671594612599137,-0.5389445528993952,0.3867957111369775,-0.11353263761972483,1.5091120933894615,0.3477397031161742,0.2337707347791209,0.24351705087003767,0.31548702391156086,0.8341345712680027,-0.04581922956455834,0.8165205329168161
8.453932775360311,-1.2743989718512032,0.03667579444616791,-2.9583398840021697,1.0493960226878802,1.6077351321283306,0.1060944407818086,1.7927368332396452,-0.8610724752327181,-0.7124557691042193,0.739877943727247,0.40688017985367503,-1.4680413290673537,3.451856603133334,-1.6508402748847828,2.1470085371934244,0.3862096795552967,1.36489275712664,1.482496991091035,-1.7615351913197232,0.3453197917573004,0.2888787595860778,0.1527812285288776,-0.4992865085344939,0.4937406814058333,-0.16481684385659393,0.40750870743280004,0.20148606948924497,0.3821135199699248,-0.6686549419110147
1.8149595045151456,-0.0030564914182918583,-1.7826868852288116,-2.3704421287659425,-0.29489917214747524,0.47848309416545576,0.5263312743482685,-1.120735143245291,-0.955546468171317,0.02073517320640986,0.337295873891484,0.45787284771348646,-1.5611952624145677,1.4169550199343968,0.01046132467412697,-0.012912537691731077,0.364561670188254,0.17444142195813497,1.1378690366702469,-1.2089064160101746,-0.02110974946798654,0.16596228553492753,0.34411580848940976,0.7392469550345594,-0.36069770422051844,-0.2980729766809753,-1.2638080212939289,1.1299010687776474,-0.4344493254644208,-0.0574877355959345
-6.172269404674014,0.9969147527088489,-0.7631811939121547,-0.16825330580541906,0.8853305698772214,-0.9241542999361105,0.8467450998802554,-0.6284310781549535,-0.711086384727976,-1.776483664868572,1.3263791118275143,0.49591639043100744,-1.3869957457286568,1.5634559843202929,-0.2146503843745817,-0.9743603275743518,-0.2775053595778882,-0.2741854862220129,0.5142578534635455,-0.38855938559334646,0.908741424307083,-0.8522871052872186,0.6902256411033704,0.9407754225253081,0.6102835992051555,-0.01479378886967755,0.9587924122756841,-0.11642336507047864,0.4897688297650507,0.19220034148537657
-1.570866301792313,-0.12818808542603374,-0.446650296841883,-2.946275453919571,0.6825665441952409,-0.714963214678736,-0.505090251639545,-0.7472424727165377,-0.5525018731265673,-0.5806608752242887,0.8145840474033154,0.004618349711225077,-1.8223597194115193,-1.18038851725074,0.37749601863767895,-0.6589654469533199,0.09546139910379302,-0.13048311859315884,0.6140527430619303,-0.3796535845366733,-0.007006392978810996,0.8329156633989967,0.5932795171168669,2.213144068891209,-0.7354092725318406,-0.4889142221826102,-0.30467679258671654,0.6932663728257561,-0.6744154013940797,-0.023673023798436894
-2.9366003435346344,1.0879558848983446,-3.210035758244157,-2.3830891853356575,1.0552335003698463,0.6133702342252944,0.5068265161685594,-0.45663430840885944,-0.05608365879016181,-1.1474428156145626,0.7652690649929154,-0.36988203265139236,-1.352496440934782,0.22160052883037867,0.012758375944264017,0.5979952440493986,-0.769612363658256,-0.6903789578539806,-0.5285843186443656,-0.5649568226279681,0.11454265095766912,0.018511857169901755,1.0052414063880075,-1.168020563980504,0.5744372149943358,-0.2725437704586386,0.3704544169578581,0.25965823609532224,-0.4779656135578289,0.6775489624228486
-2.8898801412368194,0.2415833680099148,-0.40759914731398017,-2.3636032494435626,1.8765182747196778,1.4009770306187237,-0.2543892591904855,-0.9385857553932991,-1.0025662417402157,-1.2578062075223395,0.6456496550933177,0.4705476980925388,-1.0606351249748864,-0.19748045934987846,-0.49996851893516514,-0.7512235176156519,0.14229515052985017,-0.146964326521641,0.013165767262386222,-1.2692100442581622,0.6397991680958877,0.5621226204206133,0.165611794737353,-0.0988912295288104,0.08990444256382876,-0.7108392995923607,0.28045611001842324,-0.36060434535647284,-0.6206881852794872,0.18519555814503041
-3.48441188364418,1.2509796949358507,1.4423184468911583,-0.9876624760265417,0.09637198536408834,0.2829940582545563,-0.14414499684609755,-1.250319171536583,-0.7175221728161197,-3.0878034136783286,1.265219843089987,0.36238541833467347,-2.1721637462917855,-0.31461888137297844,-0.49115515218564454,-0.924129289913978,0.16573081613474103,-0.09590488301120108,0.04025781029501536,-0.5990572086609179,0.2994160345385984,0.4391596824510065,-0.035249197115563305,-0.6075648839288104,0.19995392095750308,-0.9556495116884938,0.11536235110992976,-0.01362757694614425,0.2601748159757357,-0.5940127565339407
-2.2282624930757997,1.2656358196023092,-0.7762634442521039,-2.7786460737866174,1.5423976535731765,0.04127852416105877,-0.5892613052778478,-1.6414680124591514,-1.2307100617029738,-0.777580343671921,0.9569335697336449,1.0722482963150493,-1.478151010917198,-0.5410410956657733,0.34943536253338764,-1.217908319202088,-0.3064494194189297,-0.5245940612763799,0.18705989027499187,-0.9610547329071567,-0.01545966319622391,0.445329661450967,0.5062013416559222,1.8387266362039996,-0.03930638014132069,-0.8495908069777042,0.5993294758052445,0.7880736456004334,-0.5073926114482501,-0.08200702104904208
-4.166993181849768,-0.2942432881657167,-1.4972939460478931,-1.8665333253525827,-0.5693034645523672,-0.6553645788368496,0.4258482632292283,-1.0363342557157178,0.40278538348870674,0.3549009537292979,1.152970979355313,0.5597299504763985,0.4849396918919194,-0.09801355778428608,-0.14725502988443653,-1.3344577835846758,0.6471220023343538,-0.181808454098169,0.405918915248253,-0.17115887220667284,-0.09238100234331323,0.9501715895974252,0.8639904301231208,1.733478100242173,-0.3540750758200708,-0.3849117781935082,0.33675972869483656,1.047899449224357,-0.5824540085102223,-0.9336847061501526
-4.876904801688642,2.671822572479676,1.3636231019753924,2.074356439691901,1.3300077700409414,-1.187300608412096,1.6894412668762697,-1.3396855012889073,-0.8982828200234028,-1.6933934392071088,-0.5919710486405648,0.7998226921402147,-1.0834258618308157,-0.39508246240975675,0.557217696225993,-2.0682613336168743,-0.11687590280575501,-0.32881931036406464,0.5212937115524577,0.5638462992573102,-0.07465880359507805,-0.2064931294127307,1.308744305743988,-0.334643755337959,0.7409651726064432,0.16537717850678743,0.8164321347699885,-0.27506069601794125,0.39321214519234604,1.203193007820423
-1.442230358888272,3.0804604888018914,-2.485161562959684,1.7288532821442735,1.1701843759109882,-1.6221420074789537,2.790102449316048,-1.2323952314346298,-1.4608038039696691,0.5790633026823095,-1.6970965594237184,0.7039232676500757,-0.14420872172357996,0.3541002949608172,0.08819404471151078,-1.4314908452114175,-0.049699157399424036,-0.006612329453174701,0.2534280037539101,-0.029534567488444595,-0.3966893517281169,0.09992363057889701,1.895611273468248,0.13486907801200249,0.5932003971825057,0.6259148924948961,0.42362442551040125,-0.48461957614652335,0.5316518224789896,-0.17249754907085654
-4.338667501219682,-3.2628104506804445,0.0008986538952758105,1.1419657675296109,0.2741175341107538,-0.3684412860599765,0.6798511122432679,0.4353136052896978,0.6784153345514142,-2.267519192301967,0.502025145255596,1.256717789239116,-0.7005288037376615,-1.2301174649585014,0.11119266191517467,-2.471321495676948,1.8665114987687845,1.1746764226149071,2.314255063378308,0.8632729664893088,1.5384135103595615,1.056868430120991,1.9331679673410385,-1.3615554759609803,0.21168305953482391,-0.5319796429861925,-0.8745104068096906,-0.6108098717974211,-0.9454824474711547,1.679329296246262
-3.2682677688395225,-0.7906912206511424,-0.8433887740305993,0.26797355802924877,0.995819929286592,-1.0220109517622251,1.7179433800585553,0.49321807925529493,-0.2663626200269923,-2.054618709798216,-0.15767252420518166,0.11941709908338852,-2.1842163285228007,-0.5377579657930746,0.5458805815348605,-1.3315175331589595,0.02639206037951222,-0.10205715723096419,0.02410712142373679,1.1818024414857824,-0.42281239528466913,-0.30753822439375084,1.4932714557867195,-0.2943768132006841,0.053713377553312514,-0.6256229268448535,-1.268752429537868,-0.6402995630364564,0.36006937851298065,0.5150952265035954
-2.1547809646304534,3.092858567291386,-2.615303647798477,-0.3334768003337805,1.0689244239384426,-1.1166130358103852,-1.0233689628869318,-0.928683936765437,-1.3440360261396858,1.0447195585148419,-0.9426720472302748,-0.1940762429255684,-2.2517586548285857,0.6647383219652879,0.7637973094852257,-0.4039097422497823,-1.0012245683697394,-1.4809357782998411,0.08942344215517492,-0.7072237762033295,-0.6093856480626709,-0.6515964408906889,1.9423981602519502,0.5223594016971779,0.6949683792765919,0.11226906325066881,0.21201826152511058,-1.1689209784286305,0.2017043050266773,1.4426544143301894
-1.8803929579321725,1.8903676539793206,-1.9022678702798292,-0.5682926771944758,2.0005204472913847,-1.107496103342773,0.019336252514911223,-0.804935985974301,-1.2957322245589973,1.0403359341063294,-0.3869068924018474,-0.5340421707803398,-0.1682255532827719,0.875941034319043,0.40027297645745724,-1.6822388890841817,0.0165161254054452,0.7540454758763546,0.8665823311334314,0.7905579637254414,0.6445664592268051,1.12543338784599,3.0231665134288765,-0.707479505876241,0.6813735495625433,0.03268080232063553,-0.34134720012230874,-1.23476067617575,0.2071175606362694,0.8688101764523771
-1.4851347530447052,2.286245224952949,-1.9245183837671662,0.07999756841308145,1.9569372285729205,-1.4254853950934743,-0.9282380454706853,-0.7722544969317339,-1.5253051997265834,1.4035413819249083,-1.7441092935589242,-0.19715941236357537,0.12438348284850784,-0.6433783287276899,-0.46748328844658327,-0.22110947326571004,0.8097474597652788,1.1584278480869539,0.6319315470346781,0.8838452880134333,0.8472488279064836,0.4918470636027331,2.723389595738894,0.2664842362980111,0.48040634979988245,-0.27158959150944206,-0.4210199800589926,-1.4908145278927822,0.7180403904542303,0.24428240375219915
-4.01660542518431,2.4079220790479514,-0.767891645975456,1.8438596013674884,1.5174205082869885,-2.328342472222402,1.4410076391285658,-1.1950129972403365,-2.0389872278295407,-0.841399948562595,-0.45548208990302463,0.7646288627115233,-1.1887975312769525,-0.579286919472182,0.359527007319907,-1.071863668045344,0.3971603468082479,-0.5190031427115227,0.9400403227293922,0.2575254659382576,-0.14957050234237265,0.5441196815829226,2.0012783541503296,-1.6573510900517332,0.04998168173911592,0.13487520778195194,0.4084639529417564,0.02487681909437728,0.8110156289912454,1.0101820764726268
-4.952756486316158,2.5709383926163363,-2.0588595650364363,0.10824211453481054,2.5439364709509933,-0.9295664342349023,0.43627945783655675,-0.925485474505552,-1.6816724262401086,0.9280494429033321,0.4089475588084001,-0.36159424653407984,-0.8032449822877048,-0.26387713251659406,0.9676790794646193,-0.5108593574019774,-0.4346919010936924,-0.36092699196768824,0.25213474173917755,-1.0077490407620329,-1.1570790729487053,0.13499159109852463,0.9836402545062962,0.30804450589415916,-0.23442772267330417,0.4227480987501318,-0.5462286184243006,-0.042621409958576245,0.2602533738130665,0.13022338925545668
-3.184126922587505,4.500620232633111,-2.338222473985268,-0.774310493602485,2.1315012187398197,-0.6042584915234177,0.968549562010738,-1.4256697441546957,-1.0235340193504463,0.7508147877219027,-0.2484954135631997,0.3187235734579344,-1.0628644767206836,0.9081649262840162,-0.5420382044260257,-0.7653981108769098,0.13882416660284416,-0.7102603067500642,0.6471154176764851,-0.7698916637676849,0.11810208452019469,0.17870644586617948,0.7808492331511784,0.8419899855388143,0.5273488075562122,-0.10728925628442448,0.30615961402316483,0.15736558933971903,0.9431527830310008,0.5467094052937815
-4.392737528940018,2.4365755384591363,-1.7494601768579958,-0.16421947834547068,1.3366207349166197,-1.4256532144892518,0.6415883476546553,-1.2927409755925077,-0.9379208278137671,1.0519826245972461,-0.10386218077085003,-0.20431448153495393,-0.9780257173625202,0.9131811118873862,-0.18843951393574007,-1.2133646092967456,-0.4124932603749568,-0.8342477263347149,0.7421152118040828,-0.1621165581270335,0.3274482353750983,0.3730708952064502,1.1027471080957756,0.3610109606382724,0.5204023764412791,0.5249489153518281,0.538927023457454,0.14052040541556785,0.14061861782918536,-0.03313991236689662
-4.044836835383192,-2.395036390944455,1.0661173675889992,-0.27116478157093427,0.8021464302104699,-0.5888452280663861,1.6218898351809425,0.8851764995119525,0.1775976302556567,-3.261379271256388,0.11271601640931,-0.24806718859335036,-0.6311476421609815,-0.43121329652477325,-0.347367760088148,-1.7971812062778372,-0.22725431757165415,-1.055985771675143,0.021295784968129672,0.8032367086771881,-0.7371533781281496,0.03297728626902538,1.4580354952931518,0.5534204366683251,0.13283407605659556,-0.6638576484378651,-0.4614292771562307,-0.6809811092842686,0.5567333352533659,0.2559707383363159
-1.4590521601285233,1.6387895160199153,-1.9000124844868485,-1.3056838203093155,3.4021781846300083,-3.6197112717044067,-1.396818800434266,1.030922059482242,0.6808302941478515,-1.4221788194438933,0.0740631212226731,-0.3939732718707192,3.2967182463832403,1.987769621501127,-2.1801174907599146,-0.5158479954473648,0.6228732724101964,-0.46001750538719033,1.7267121802135816,1.4649477419504675,-0.28383911331259803,0.6935388933046214,0.4329235872034417,0.10021732570296933,-0.4480003271910021,0.14549280968319112,0.3745584965687292,-0.5117793554987886,-0.6841021108565848,-1.280502587434156
-1.4970453102265429,3.545198443471044,-2.5237348841179594,-1.9198901191109492,2.9845925916911713,-4.737448968759353,-2.003192571453427,0.9711614153561807,0.7480218891264013,-0.7907305055231291,0.5143931878268416,-0.5810004583585506,0.8266306057867899,1.0559898396456047,-2.0676465388057688,0.034621989932407976,-1.200233950187848,-0.5509868741254342,0.6114181711966141,0.8759221524143519,-0.8592568454707742,-0.6710116136293227,-0.23413147739551318,-0.7153982351121583,0.038320237651139594,0.8381794125528589,-0.023796296762127623,-0.1359214297988873,0.18384905599986512,0.010328335063827776
0.4399571952381669,1.2267412427875286,-1.157914934856908,-1.4897342771883555,3.015150160214092,-4.318716474157608,-1.516045737727002,2.9765116513311063,1.1794254821404202,-1.344487608203172,-0.18671265878238408,-1.143674720010466,1.2648103477202493,1.490727259458505,-2.9676501569893357,0.0883216917335106,-0.24292481167842725,-0.10201942540443365,1.1725181510945806,1.1041671371670059,0.12823497740425588,-0.5602868593987559,-0.0002591933861082253,-0.2506976587754719,-0.014447066817220642,-0.19540988910277574,-0.4614751088990198,0.432398860839162,-1.0622700751383054,-1.2322052540993589
0.3462485405251148,-1.39005872337138,-0.7342637802993475,-1.8671672201557066,2.7931288179530487,-3.3324273883088904,-2.765827371373718,4.357061539769702,1.0969282908330127,-1.3517509073469212,-0.1112764447437747,-0.34027715081570276,1.0006162006941282,2.333520274678372,-3.355739718520271,0.2608863623050325,-1.0609085437141483,0.9369481207122017,0.4628636188883845,-0.1473127219406282,-0.4009836664891136,0.7380905248652259,-0.8240040593527859,-0.5284265713296145,0.9023501528469615,0.4388826734902742,-0.7605556997571865,-0.7219143432423895,0.05339180388262485,-0.3328856053201279
2.590993199846881,-2.7106780513447615,-1.3073958497500766,-2.764076262146888,2.0692991266628535,0.5051310644517794,-3.1300783152292944,-0.38692853842210034,-2.4963300293548323,-0.7292602362080861,-0.4268279322581594,2.073679048444584,0.6810279399046921,3.547315788521397,-2.490202005348823,-0.08731001519328284,-0.5250017015887626,0.37021372225527677,0.7442825914012117,-1.0918434839575855,-0.1414087960774322,0.17802118847984133,-0.5038624793663428,-0.9220161112095078,0.9668317669392582,-0.8436972792463036,0.19954455581938463,-1.294572200309092,0.17871853747299848,0.42592053180381195
-0.1450867595382532,1.1937763663936494,-0.7841457189266327,-1.9024791083306372,3.3059081785955455,-4.626021597690676,-2.3936827901708937,3.192610857118457,1.020983083554207,-2.496970115768005,-0.026596887039134574,-0.8294379042063653,-0.5438905835046242,1.729660859750863,-2.3523447599899074,0.5384367698305105,-1.4980576225636797,0.2339880752693587,0.5558116914576189,0.579044573989434,0.5560016496439011,-1.0933552295011284,-0.21406447704805937,-0.759048872962799,0.3578426053983657,0.4680134132533939,0.70142608669682,1.1518356073537197,1.055721064049915,-0.5438557084354335
-3.7279624767529147,1.1787966263613705,-2.8162940802606324,-2.127580863606724,4.348126327748105,-3.104722178807075,-1.8110527501511078,0.6643200235551117,-0.8142979012460947,-1.1003190391801867,-0.27351055927588663,-0.4649342071418178,0.6854155554713508,0.6314234531264217,-1.2552215001358948,0.542398159258294,0.37081013298387155,-0.9213724672991143,0.22062883233424863,-0.8195987843039361,-0.6746132532260238,-0.94161480241605,0.3518265398482539,0.04130585023308166,-0.14488791597940068,-1.3996465056604883,-0.7385415181488436,-0.5638956828315891,-0.39099725182909506,-0.09634378238336797
-3.3608379059979803,1.9859120486824149,-2.546440696542501,0.17686761506710125,3.6934303365463483,-3.1229561997383333,-0.04287367943655207,-0.43313070568798584,-0.7760657558564173,-2.209914286842663,0.5914802181774684,0.9100379205932942,2.1762549207221107,1.732185033084988,0.9403029609196034,-0.04584226489148558,-0.9480141007690002,2.326167552828075,-0.7703690646098641,0.17945442812693801,-1.7794561110923954,0.30055720862026636,0.18463559433139723,0.14880128725930328,0.6891047195467646,0.4626886391656886,-0.032368060599320035,-0.3746360967737093,0.49239904299135784,0.8700368373445895
1.6975615507790902,2.8608155453736783,-0.6414908867674589,-1.706703727546385,3.9023691057015073,-4.529994980038751,-1.1792976414109695,1.7264184973051298,-0.8809423049342332,-0.21624658765048718,-0.9731357942842885,-0.9995730444605115,1.06020437416225,0.496769134445493,-1.9949129251642255,0.5743139795070724,-0.777681625846738,0.10130692052444926,-1.231023842641823,2.3390827544109927,0.18660915402134667,-0.36763416027833024,0.9863528848681752,-0.0193769658021028,-0.061426400981439526,-1.3662376901850652,0.7478142307940009,0.15068238564111988,-0.5104310528813998,0.37202048748195354
-2.4447915405385094,3.984827001826883,-3.533810888831263,-1.4862502736819176,2.544514364647792,-3.8118362862488633,-1.5412211561364753,0.9764182822368933,0.34743759663411095,-1.6927894736724496,-0.42626457363959674,1.156979350475566,1.7944376216687328,1.8434001562274924,-2.5672145777264466,1.7087003981752715,-1.8340574458198027,1.1079068273325483,-0.040082246723932714,1.2259104916754417,-0.12481396847804309,-0.37479074727322,-0.8837060772354157,-0.5873047779535945,1.0171213903292144,-0.6209964708735777,-0.18339454299575747,0.5395566269048406,0.690236903987364,0.767055796212897
-0.7801356824061546,4.031356511594134,-1.6620068286273098,-1.1770046121537179,3.5084820002120183,-4.9591656177784325,-2.0310719736436273,1.5487832675899156,1.1975414667616686,0.03269191219755953,0.6034925497595384,-0.6543961815141456,2.027052818399367,1.0220359311490577,-2.624482381140655,-0.6650317321308528,0.23877859771020007,-0.06767063089293421,1.022097234121378,1.1206288213670528,-1.7582831905602838,0.13323081189450178,-1.4562347726409433,-0.15687847417669057,-0.08056362925390197,0.06529812897923148,-0.2974364583634555,-0.3628890003144552,-0.6684590243220693,-0.9309073470534628
-2.6102363611868027,2.1180583337386665,-2.9138767023716206,-2.7102559916611675,3.7056835286436076,-4.1181293155301955,-2.344674824695729,2.1601529918143383,0.3302880050086835,-2.167313837797732,-0.46524656810795223,-0.3512199208829031,0.9446618975094817,1.318178635069772,-2.4118033018096052,1.1022490449504605,-0.7483788400062718,-0.8693516018422296,0.15385734404485654,0.320274720419057,-0.6677642878719455,-0.5198726065767588,-0.010777923602903717,-0.5755488919980116,-0.19474913297175717,-0.9971150048227697,-0.27372137792558926,0.8408312505844772,-0.36735123102422257,-0.2536945435756909
0.6409803860860096,2.920008340488723,-2.213602264455954,-0.8547313939621379,4.291122687653408,-3.2943689024285665,-0.40049624940962253,0.7682908558361128,0.14481971608532695,-0.13290234489122627,-1.03454204407178,0.515769914913588,1.5462212074024384,1.1809986195068378,-3.1799059454337915,0.7417885032919802,0.2567351382844303,0.9095454272629615,0.022461959903627836,1.1936168295647511,-1.8320883018512086,-0.07078475068374958,0.41568550141125177,1.0230973013842606,0.25895143937898774,-0.390221605239993,-0.7902265166485357,-0.8799520834679365,-0.14888782766300312,-0.351288723094677
0.7074520066240952,3.451901814599788,-0.9604704249673869,-0.73840527751415,3.5421812456195925,-4.691258790187017,-1.2399278451622648,-0.277412403689926,1.0200216575829455,0.010183000411441191,0.07824364571745261,-0.40571054625146097,0.42882571035806694,0.6755814618068918,-2.189618740323385,-0.4339368215875268,-0.619425986393055,0.7318972703986484,-0.7329307875654096,2.2910304602256066,-2.404528362034979,0.3736450132233386,-0.04751150251151353,0.47344193411048796,-0.07720931475737157,0.07025730114022206,-0.09405520294171346,-0.44005287134888904,-0.5242311293706957,-0.32206981070527346
3.690447533657429,1.8761301262179908,-1.5245349198488518,-0.8637551146851746,3.322959547144372,-1.8710588896972697,-1.0038898628259298,0.16866822882910754,-0.2977133373394131,0.1281935446616326,-0.6171379635292388,-0.11597045336954956,0.8631596832454045,2.0396088402052275,-3.6891134962614656,0.3427974710317848,-0.254612900837613,1.8589347748966851,0.22434926762392468,1.037468350173581,-2.475664677679826,-0.5218884421198628,0.21762444457407676,-0.16328251307424577,0.042251214210971874,-1.1575337335154636,-0.3677975939148184,-0.6487803869737419,-0.14865009221418277,-0.7450477019943341
3.4923391186248303,0.6880955172616281,-1.6398072622126871,-0.9218863273745427,3.140327269514575,-2.7857986696887918,-0.554031169502372,-0.547045709367382,-1.4040195994230187,0.11481601985950966,-2.098723057425385,0.7922217127230536,0.4675130434472563,2.7865527337701335,-2.928245362824186,-0.16107103990029042,-0.30368777960653387,1.3346032381594712,0.08929198895459076,0.5969788777546106,-0.6316683442237718,-1.4893082876803205,0.4720528529765633,-0.6150272774765614,-0.15720780550073649,-0.09729290628992322,-0.10487682780311364,0.6100897935052176,-0.2801740777886697,-0.1578421790900408
-2.7253499017804725,1.0730305053035931,-1.8479491441765858,-0.9618053012570044,3.658628801569205,-3.1477433680236917,-1.4484331912625024,1.1798153936642481,-0.4987416617772348,-1.3749106292757116,-0.1483458066827617,0.09096674559002951,-0.10187410452224469,1.0614778761625894,-0.9918896640830639,0.48695338087432627,-0.06540155351718091,-0.04107736128148993,0.11690383961147281,-0.2998365656717765,-0.8310588461691192,-0.4446167482942681,-0.7526721601879756,0.6876716277860937,0.010701757276734149,-1.519380529249131,0.056984048379019596,-0.47267751802559455,-0.16368221170363287,0.08604107263237146
-1.0165601507765158,3.6566955990808028,-2.618005071899485,-1.5233142624404992,5.103175700429699,-5.3030986153116535,-1.4244908870956217,1.1572903034849833,-0.16526539319480046,-0.7035425301368119,-0.26782526505827997,0.6102887430989246,1.5283255916711296,0.545249844900698,-0.9766780282331892,0.8162834976301384,-0.7773580163222771,0.7430710977612713,0.7612858397607275,1.0460216143299867,0.23274265451970924,0.8464991883037708,0.4807708629479332,-0.17268493253442777,-0.720031388191437,-0.4229003350354651,0.0008343414782876959,0.6074133649096414,0.24173297675088862,-0.14975555878887084
-3.1784120243894325,3.0925996568738827,-2.3077395771696185,-2.253238144171281,4.950759808751593,-3.9050587780034225,-2.077070312852875,1.3781543978631798,-0.7917072797459578,-1.3938467221105182,-0.9381631256470436,-0.5713998279858505,1.2222434667384032,2.168263331262829,-2.000682681255521,1.1959605374748061,-0.5916206827166055,-0.4764625682362571,0.7900443362812586,0.4108996578554852,-0.12425649258066102,-1.0817433197265025,-0.18232643005876362,-0.35252881086143717,0.34294844096954485,-0.4057203239266047,-0.362191086371973,0.02322940177959173,-0.4569696716592129,-0.09231346966074719
0.27987394020534023,1.5942147934605881,-1.9996904245118394,-0.5060004500363489,2.964266489867724,-3.2454502791273216,-2.0844259036007418,-0.5886738084053971,0.024637446193108228,-0.8177819508063779,-0.20535143158211633,-0.03820963501372769,1.127745874402417,1.1321660519503092,-1.9524286698066053,-1.0975360402045107,0.2705000232706401,0.623713999722709,-0.32120430222321095,1.822592830499106,-1.9727156873826077,-0.21990478849766856,-0.17837165399443566,0.2439038718120213,0.4545841309143457,-0.3970068601519496,0.2988305432495006,-0.9974527291298318,-1.462189702895958,-0.04753135894438744
2.292716580211099,-0.6784849987457309,-0.23939871538437563,-0.3918020718617048,-2.6889265813662067,-1.216176728378121,0.2088281023413823,-0.9995941099680402,0.8610866413825072,0.23368619076271968,-0.6540799218709483,-1.3396326923190132,-1.0305701310425515,-1.7983287347169534,-0.5524454361652998,-1.5318851176252164,0.09485012502899903,0.3773187877132006,0.03774255171148131,0.5678950909501475,-0.9211389558763308,0.16115969693274143,1.979351552508475,-0.36193278963135433,-0.7791344339394378,1.0589676416926463,-0.3770859541928604,0.6441774313007385,-0.09665663596641282,1.695811393542585
6.59844382619999,0.14919961828933348,0.8213665154589688,1.1349437241998617,-2.6973161876158835,0.7485284659974336,1.3929379902842116,-0.44736370561963634,-1.7955924233316176,-0.6345993414119964,-0.8589853593748743,-1.2855181313754318,-0.6268440730720232,-0.32208254040345113,-0.2907984419241605,-0.23731695697151764,-0.10494515870071028,-0.6317700766414578,0.02872593369071456,-0.4015528888676894,-0.5149983930160389,-1.2461691865591713,0.8752129963783117,-0.7700382404969157,0.9667221767380636,0.48981116960018156,0.11048965726934314,-0.044142509757862616,-1.4703509886554227,0.3445976310738306
9.36195443369243,-2.062049614012,2.8440662426465515,-0.2135270177080346,-2.576728208221025,1.3566774373186192,-0.7333036650283314,-2.777797594835153,-1.8139562257820185,0.4754790658169675,-0.8978641383584631,-0.840412875539349,-0.608729358548238,-0.8051976323598723,-1.1888111893461764,1.3281770411168463,-0.4027299765377332,-0.04615440538041526,1.0866464001013338,-0.4074583936353606,-0.6518568265417639,-0.4285666991622403,2.4130998567368565,-0.6027303206135773,-0.5648929548498365,0.5309108902537129,-0.21451219046178027,0.607642986569933,-0.3392356174176717,0.6022170220620717
3.2765002551287545,-0.9790393839444737,0.44085479050681037,-1.5570633805163863,-1.5883789289580046,-0.606520023962178,0.027199052420820168,-1.7232768844805235,0.09306345001218226,0.3339429017520425,-0.9087947014985178,-1.5009675887301226,-1.1684323991245775,-1.9716259544024082,-0.6651206798637518,-0.02260343828580501,-1.0298316560207097,-0.23587455828237647,-0.28752740898078005,0.751953703322266,-0.16412242761072598,0.25284628863185193,1.438706559892407,-0.9505109523662388,0.23658545331815506,0.5647800918591765,2.746392726263638e-05,0.5276056567758436,-0.21811099931907502,0.4136837367592347
7.086814337062203,0.8565853334981278,1.4613324311981895,1.8315209419878988,-2.8754090954614497,-0.5087344296179158,0.5378093345577482,-0.8408680063852652,-0.943966508413447,-0.21835837751355225,-1.5483908443997363,-1.2506226076055393,-0.48111831523404636,-0.8131695164681392,-0.4244697228197891,0.03788547521656959,-0.6763775335405737,-1.0628100567435455,-0.07685159931085231,0.3112580914165182,-0.08215502728236959,0.21256249795833837,2.0446036819085607,-0.46565254751492363,0.3174241260061876,-0.34815591910189375,0.09003788093071392,0.28280951887257794,0.8524462905179087,-0.4018485625989544
5.114299374818005,0.07227967161044621,2.090314656904449,0.2613681562115523,-2.9948504092740453,-0.2595907419580626,1.5782693201785252,-0.12386386426291059,-0.7911594195135927,-0.8493050061902856,-0.11557748138173331,-0.974441228057048,-1.0257160271855972,-2.4512852369306617,-0.508956127169606,0.1289300432347071,-0.9420181937639478,0.3773093098283692,-0.8806028706689164,-0.12895325557675724,0.9038327384090443,-0.263898557174778,-0.07926986194793598,-0.7442690969732771,1.0571540449719923,-0.10790984903177844,0.12322637327455514,1.207783320002637,-0.4526173733634434,0.715153743017656
5.970440480866946,-0.7150195252497066,1.7957490585393865,0.5731659349981315,-3.260016192394893,-0.6043964753916228,0.4667929734175437,-0.9811746045017534,-0.7280561803116178,0.10889452473544411,-0.831132762962077,-0.38312954973113955,-0.9645444051568037,-1.2090801028045146,-0.30620322903903063,0.008740747996760816,-0.0790853362496151,0.1978899829666099,0.24407147214394237,-0.11027623662497228,-1.2136238878411771,0.1482638643651424,1.2423075972600068,-0.7978730017649108,0.19143091121758105,0.4296316269949521,-0.22226645265666373,0.3994267542904357,-1.0690431690880244,0.13173086175194762
6.161790386896544,0.7016625750378142,1.685017316753742,1.046836653010167,-3.1910157183779946,0.511809102551448,0.2811886985873489,-1.6514010008107327,-0.849810774773404,-0.8252949222536488,0.619341372429694,-0.9129900107998807,0.03773930511916168,-0.1292127197612891,-0.6768866991968495,0.7524111384790293,0.07805940851468579,-0.7228359488987682,0.23335208870772686,-0.6329495141911683,-1.7277253387036746,0.438293803701902,1.181542497924255,0.22964560554786556,-0.3162030785903676,0.16549867577968372,-0.21365257642330376,0.006940604494125212,-0.17360880497387945,-1.1544990130247765
3.822976973826508,3.329453972987103,-0.8626719794065547,3.2796390575740304,-0.33611176930220077,0.06262924666180394,1.4246968859136457,1.7017621971380714,-0.8273684206652618,-0.8991263681078094,-0.3989265465611815,-2.699234070777662,0.37341003282215207,-1.3708622866044644,-0.9695433306599032,-0.5959073831725384,0.34768303483479046,1.325360426699805,-1.753731975793732,-0.21398683561572793,-1.0759010931348252,0.8483695481736225,1.235526694045268,0.3756481686919873,0.8705459887022334,-0.39109754671711766,1.4940762239650252,1.0991326328026505,-0.10840048833118363,0.4364211227729463
4.047009131141561,-0.5710181457877834,0.048282277257128976,0.42519022516735766,-3.411785171795152,-1.6336979361878774,0.6171065401727931,-0.172628072406309,-0.10877456770258197,0.010594003547572462,-0.566565238828599,-0.462445369172375,-1.9276943699513018,-1.975988063153713,-0.018275412219804377,-0.14717599861676392,0.3190555897620875,0.7840011734289929,0.12387559378652076,-0.0281281942254135,-0.46469484454135795,0.06515569787795783,1.6090453907826225,-0.6208911200327296,-0.4019093812287938,1.2035290351003851,0.22985815236157356,0.49054915755920037,-0.6510375916558085,0.24925220118903058
5.063758889478149,1.9649799291828498,0.9967552609968391,1.6596071480233554,-2.8683633033540925,-0.6026945980936251,-0.5656378224720524,-0.4290168612728972,0.5123152679976831,0.09354919337427238,0.2518403019301936,-1.6899456908860555,-0.7730591430215566,-0.6151548957338366,0.4791529143978094,-0.7474461411085553,0.39718854284212984,-1.4963185423535643,0.04768952750841225,0.009824282251584656,-1.124223155809646,0.7465465029173439,1.5343707117009033,-0.28914499678373057,0.5322176620402784,0.061049122745594216,-0.8327362446164769,0.6830303741923968,-1.2560520221749512,0.5033604338183595
6.0199272313402865,1.3301231554603046,0.2533894456981829,3.1943375651046253,0.07611392101685444,1.2066724808616405,0.1794927041130425,0.04999441444063633,-1.7626737478065613,-0.6988335440276378,-1.2322465512736636,-3.5585384503120054,-0.9261848669514675,-0.47649606755549834,-0.19712367767571112,-2.3522892531280863,0.5657999373666709,0.482901355686685,-1.2531834524848031,-0.4246770460820566,-3.0686932176849764,-0.801258961154674,1.2853877879297935,-0.07102893783742768,-0.027921855777651987,-0.5624503376633214,0.8697783550602558,-0.2945895855325686,-0.42537499820551905,0.21066211813738084
3.433463841683139,1.1363028185541053,3.687991441682063,1.079311522775919,-1.8557060226770423,-0.647138919719389,0.26851196892455914,-0.5074921834290695,-0.9593400698188719,-1.5107244402316984,-0.46922381093551546,-0.5280234005424326,-0.9855569546729135,-2.6836374069387223,-0.5099428759889573,-0.261945483615109,0.5654018717351879,1.1747771429696234,0.5177819185778892,-1.2523630632128722,-0.5318699837623033,-0.12393423569286957,0.7424692405611539,-0.8425246568274994,0.9896827673499644,0.9568342202718665,-0.06526200661425806,0.5010007042964916,-1.6295283263370821,0.04244529016242937
5.6178322067087905,2.682094187312554,-0.4482408566553512,2.5734354375897976,-2.645283982352383,0.25143451690030927,2.1027114076300935,0.9840966669916492,-0.6214311392623937,0.07983509543309861,-0.8518284087126186,-2.612239764084028,0.593350150047938,-0.9593807912655549,-1.2293822996931,-0.2983749857387699,1.236013276396364,-0.9191805224918073,-0.6540743322434419,-0.35593608513268693,-1.7924567975971053,0.4354866209083863,1.5012159045215985,1.1505874748186862,-0.2517654878090572,0.5074551497661957,0.12918660979696409,0.7031303691998005,0.1939436327358653,-0.39347890739640684
2.9450726228544477,2.6726757436742727,-1.2053367986732164,1.8835610033423742,-0.3874758177364528,-0.8804060563090874,1.6494555651164664,0.5477668011668602,-1.1417612702634516,-0.7755421757528719,-1.4115057248793204,-1.0815798878103473,-0.9196149033447135,-1.8707834476068448,-1.1170080943143585,0.27384466027757454,-0.3811737568948114,1.1398234254981514,-0.5220876412905765,-0.3334079306427934,-0.5065998250415877,0.16984499419284615,1.025691891025962,0.4253938622846698,0.7307331933522161,0.37864079808942347,1.0876689592814193,0.7064641484995504,-0.19134630289783225,0.3711393428210797
7.068541074227229,0.11771607435987222,3.1324755110019997,2.417300642073377,-3.325276268968664,0.503014155786358,0.8180655063044668,-1.6116751763293469,-1.0653925253266274,-1.7362672124017524,-0.5221930849291737,-0.6747785381835123,-1.0549025079419245,-0.7493625472162933,-0.9315665339240414,0.7224522996408835,-0.3127863550935935,0.2698039560009817,-0.04282063163774861,0.3106255362057373,-0.6795025032965344,0.11228567091795218,0.7658310031443157,-0.33375647561910143,-0.18707115440597735,0.03316494849469117,0.5264656462884174,1.2539033264427268,0.7780344603282352,-0.6916003505238146
4.729199353375891,0.7019682533772308,0.5432439939087358,0.29699111706157205,-2.839904882951508,-0.4884361183939513,2.447519110928824,-0.047275822427533774,-1.3247159775778046,-0.29733155253555943,-2.076190635221359,-0.4078520604423971,-0.10329307355001367,-2.435189451568452,-0.6946686669759831,1.2524955460419847,-0.2052523955251595,0.7985236903028782,0.20909010927111524,0.019186085613474527,0.9267215010521247,0.1969544872969247,0.3610740975899604,0.4201439523231251,0.38262672178368135,0.49528436500728423,-0.17318557483722713,-0.05519985885129957,0.13423087581302484,0.10694186227491935
7.033153628218972,1.7441036638563694,-1.299150536272977,3.5911063857108516,-2.935910404190725,-0.12242367159255879,1.9302850081666096,0.9957500837649393,-0.9439504175332909,0.38225135128166676,-0.8276192330323577,-3.822003786916644,0.06732192233988418,-0.5036617692184328,-0.2079468853016881,-0.885426141561383,0.21026275643321593,0.33910529215660834,-1.875788579137687,-1.2305665881272099,-1.194376356334292,-0.46413318769339923,1.0621758232987102,0.9929123844265949,0.892891869772371,-2.0500917766301012,-0.14523499891819347,0.10057084385266178,-0.7716194306476923,0.904946185718244
-0.6324283544433249,0.9205832589864387,-0.22745060357840016,0.6344509728609438,0.47025223917430375,-0.6294519457146353,1.356723509922714,-0.29694175883708773,-0.8288342416703018,-1.3918638444654867,0.46046018629709884,-1.641587716472665,-0.5226246294502673,-1.8530075877396404,-0.3179464011918049,0.5305263455528204,-0.5543556614408434,0.5675021106058554,-1.1607217795198586,-0.7302511157833518,-0.49862694073382363,-0.18686927446366738,1.091779077882176,-0.9241614163328223,0.08812385487368878,0.35126765457809467,0.7241938933720375,0.7055934237639586,-0.4457321789464685,0.4618440306061961
2.2922476251434727,0.8218018461578597,-1.568539879226087,0.034362296637328996,-2.6141386438109024,-1.3865772556966587,0.8418265665431227,-1.1099492814515177,0.019538309844325277,0.5006943562080527,-1.549885708573927,-1.2949384674460602,-1.677580059626685,-2.1342326626585137,-0.8079463641119706,-1.5287297425517807,-0.714854899149791,0.757447786515208,-0.7562573100519833,0.8167388925062422,-1.1447264400055215,0.5635178061689168,1.3031609276380554,-0.20180241351697112,-0.1660772359201023,0.48557868904084245,-0.21655011870342447,0.4882844648544276,-0.5368205521879421,0.13599079215550505
1.273977586076732,-0.4038391221391832,-1.3236198204076466,-0.5004573111966415,0.16665895472104686,0.2675426923582599,0.7869741581114892,-0.3165639095786096,-0.7686242769581487,0.20761530279548185,-0.340914117834823,-2.5245724218578585,-0.47349873551069144,-0.8862780613309688,-0.21466810527033092,-0.4566904507286584,-0.04178374863076798,1.2206452888419876,-0.12874448048767745,-0.23917572917345337,-0.21110678992938786,0.25082013305686135,1.6030277072874246,-1.4925743742112754,0.5200087547014777,0.609120220908859,0.4392733878832046,0.2424395421525715,-0.9729802716005832,0.005340127448475477
7.855832595241383,-0.36242848909727965,2.765455224540407,1.6184679075572677,-2.160391052499131,1.0540105076864228,0.9896238863615235,-1.020244000693749,-1.5577586003072674,-1.0418376718082338,-0.15857117020478356,-1.1469826176872844,0.4990748651866037,0.7207051250454279,-1.3221856172481963,0.638886126123753,-0.26701869064032496,-0.09821999686474124,0.3718475795186089,-0.2847728844488266,-0.9427836734731159,-0.06297225703973464,1.933702732720123,0.6466494269168918,0.07565348369252255,-0.1941214027148442,-0.5350781988069934,0.21159485071490136,0.256765684021973,-1.164012476897184
2.1929329196841043,3.5427560406921366,0.24566615501138625,2.3878957597302977,-0.639414290946194,0.38136836610881447,1.2230296757902417,-0.24191325232363894,-0.7510563112967923,-0.948520941319895,-0.41767246347945575,-2.359787167736174,0.43874980362404625,-0.18353964769578165,0.4719984089465526,-1.3124530782846415,0.4670636234804539,-0.03236331810687048,-0.7420878323604139,-0.25421786280027076,-1.7856894029876165,0.2873144665808925,1.3109025579801799,0.7026701536946045,0.38510151966337386,0.5358023018791214,0.14584493059249465,0.8891266143833259,0.01598895762636601,0.3795650548495064
5.151925932934,-0.04192102895867214,-3.492609581889988,3.057290739114225,-1.8958578159859345,1.1336997061337408,2.5587585857492474,1.3975291771870133,-1.0774588775379086,-0.5185912930621435,-1.0235367570474934,-2.7084152141979434,-0.7160487741265331,-0.9800590981607653,-0.5726455670355515,-1.1279089045510988,0.5712345263989563,-0.4008709224388805,-1.8569083595402847,0.41922859896778075,-0.5210858118922691,-0.2979130161472853,1.4495566578134842,0.29242585071650623,0.9196636774505155,-0.9541131306633114,0.9452793370304768,1.628500527692017,-1.7003505163023342,1.164207290279005
0.3624460498520512,1.9727161375997193,1.7484376882520873,-1.7627119403213076,-0.10066107729732457,-0.7097972573400815,-1.7377919779273228,0.06251238463579542,0.3736684492796132,-0.4681430773760247,-0.3036519172364246,1.1341306255604036,0.10179427796772063,0.3940027993108551,0.13163153479240194,0.47531719272418216,-0.2563557582140862,-0.4899837404956023,-1.1244445768918627,0.1063595010107603,0.24911806063826436,-1.4871066341305028,-0.6763954943727214,0.2942263512706456,-1.8192439152560653,-0.038475298152449856,-0.7872228252101172,0.06926802601236452,0.6067843892154852,-0.3616704073063579
-7.037557807597776,-2.388207772985442,-0.08470370246375383,-1.888935648227307,0.248604260168913,3.0317075660742794,2.6833875900145614,-2.3373472277836043,1.629191331702654,0.12557522837301482,-0.2412625713909976,-1.2229216969485706,2.788725072258708,0.06370666468999552,1.7954759663922548,1.1905153978846352,-0.8226516456986397,1.5878796195608962,-1.1462427904150394,0.19840136208763823,0.9978742262115191,0.5138495568534425,-0.2647189361356922,0.025811428282200906,1.1679754320418472,1.5820623494259336,0.9009416260933804,-1.3715552058437348,-0.21907275911896876,0.07483630727857019
-6.394297772522125,1.2287515088042504,-1.8566465174075923,0.6166570904660169,0.20790416547535057,-0.05741388250214546,0.2834493772271216,-0.012847976525868155,1.1847298767025032,-0.6523501988324428,-0.6709607629709502,1.2430585859473333,2.074420003094652,0.5787857852855499,0.5164605903991913,1.4809373778558335,0.31871766420814834,-0.3897134099747203,-0.151923077127715,-1.3615479622774136,0.6448793334556076,-0.8761628650779216,0.5485342686142641,1.1238005273414249,-0.44328956050544494,0.7526605042940145,-0.225836270949793,0.133244358981417,-0.524246374203468,0.1043997606293875
-1.4152780142038215,1.8338388261835306,0.9268636772277948,-1.6107903785168918,0.32886537141009675,-0.012838678290784389,-0.6246289026435673,-0.46528212781982553,1.0929239807691533,0.7507260062550905,-0.6145999294085516,0.42149343564552283,0.5257198228298859,-0.011024891762750805,0.6289523852577314,0.9660127628137375,-1.222672674548767,0.04019653027118036,-0.43262388034729093,-0.5350210682956767,0.17532979199627355,-1.1640616243464246,0.2576424680932725,-0.47632935787052655,0.7377944555409272,0.8227162192075352,-1.2227849832129525,-0.9070192716645017,-0.18581408459681745,0.10448373553458618
-0.24863909917831076,1.1122018163215377,-0.09892975566207267,-1.5238008298272006,0.10552555662996026,-1.1886941248014402,-2.01927370334609,0.8038985113452408,0.46131642294592484,0.2723929775906683,-0.811008834067301,1.5714643433699345,1.24961014715951,-0.250591538400633,0.6329647193766902,1.162042868960591,-0.38456482411296283,0.9162163887458971,-1.1498268863574321,-0.29011040774747804,1.521059363436303,-2.51196399030643,-0.30938018873236806,0.9417633159919392,-0.23761672141823081,1.6107385810136678,-1.4930731199101503,-0.8028319684419325,1.158830266298354,-0.0012908556168338655
0.11929955980170023,1.7547186547470757,-0.12168879356158384,-2.190617023438552,-0.09247032024443856,1.2013114675525978,-0.1125044098769952,0.2735634868146558,1.2487103294974968,0.14109146976384856,0.32573755970945534,-0.5962531011543543,0.8580714199270902,-0.6769419338053341,1.144277919060651,0.3547514094861339,-0.3882113972012211,0.6502199022427114,0.9417802612067957,-0.7612148617498898,-0.24906316794136216,-1.019953339442299,-0.29432930781075917,0.0654012952012301,-0.2301900521563371,1.283779902868786,-0.27079773273001206,-1.2766983432830088,-0.18964460120103105,0.41759683862167724
1.4815724596193607,0.1714565037999584,1.8920206720308734,-1.2990437634405165,-0.5317759086699434,0.3382297240105155,-1.1062804403583764,-0.6700304106402722,1.5861212010671295,1.4228080052993448,-0.01919491514010628,0.07499615627591,-0.2518913483442313,0.2938986762840893,0.39570487790264935,0.5770026735270283,-1.0276107553584715,0.3750750279490719,-0.33350527710361616,-0.1847596733206008,0.5069101160350907,-1.6359541058672487,0.9957556100671053,-0.10942105741975665,-0.12324938351971244,0.9281683719374696,-0.6793545716862773,-0.872010706941451,0.2186910637826352,-0.4489395494740359
-5.415353089757113,2.1569260883492367,-1.5650785845274475,-0.381458647502063,-1.9561658855476012,0.4577301821501494,-0.07061839974914169,0.03823987258865267,2.2200632435896632,-0.12326960639842716,-0.07814279389003759,-0.0846665765817861,1.7862548757919756,0.27243063277800955,1.638004675002273,0.711798828955273,-0.22616507356558302,-0.3434008755755799,0.17517400870821834,-0.8391705245261392,0.15835658962720836,-0.9156398755098737,-0.27476368692946657,-0.4934671471680681,0.10213865185709507,1.6043249150808117,-0.28270371332168515,-0.02352126058701706,-0.9751031512583583,-1.0143513629584864
-3.7597108208326167,0.7437094739733078,-1.6040314137088052,-0.6101867326225037,-1.213318387524702,1.5842796993834796,-1.6194834266960594,0.19023431344342664,0.7410912222010162,-0.7410794581800336,-0.42830991435586563,1.2173757139013113,2.2658077973194146,0.22964780359270814,0.8592351717253015,0.4447167926911157,0.22121924060962994,-0.37233842384216803,1.4569289432981556,-0.7765495446448999,1.534082294176319,-1.4582588978462516,0.7968957826580249,-0.3994203111709445,-0.9784832093561799,1.3199826870332971,0.030651878404489203,0.020263045079699112,-1.773680174851583,-0.24388069187812186
-5.397597102145307,1.1786897273570263,-1.4427878965262726,0.33604916951839126,-0.3875937284843617,-0.28792492200514025,0.31815395924810663,-0.6493685748183454,1.3983809429868763,-0.8420554794855699,-0.2838822275755923,0.4871819389783766,0.8112689554332033,0.6737503311574774,1.758580597052001,0.4966225047223019,-0.8084958334055415,-0.48387997601080457,-0.5259891877333033,-0.36643382262294344,-0.3581985909844111,-1.0825529900064192,-0.4939670763479893,-0.3483154175557085,0.11829377831731859,1.4094213314979624,-0.6241055250435547,-0.1599956113616163,-0.798941405759679,0.3897354504530522
-5.0822642529338475,1.5444832925723784,-1.6227401712645124,0.912701596171321,-1.677286417535113,0.10090922501895831,0.31047159208201813,0.8220158593555942,2.6487494984141384,0.21514326220550753,-0.27423728613879683,1.0676698595505574,1.8732211253019322,0.8775174499385978,1.3807434368032943,0.07379064220812738,-0.46296469427082765,-0.45985168867409526,0.2368197717718674,-0.8380417393408913,0.5596313837254675,-1.518660721939298,0.614576181708289,0.5549052759323241,0.20722069480557753,1.0881261978793793,-0.09635229330674228,-0.6426161670876908,-1.1382150707987522,-0.7807408701712049
-5.3506046143097254,-0.613257045973354,-1.6423067022122753,-0.8301680582734824,0.7729426380416521,0.4329759467192287,1.8015377188706396,0.23937024745233784,1.9221908299967128,-1.100022133792851,-1.806837866600095,1.474099883109753,0.7824195301148587,-0.19958772724912735,-0.43738343999986645,0.8424018191894493,0.5068559747690223,-0.8107899940849776,-0.5242437806110933,-0.18541663827080065,-0.4568179807435426,-0.4355385028910688,-0.34713073270740563,0.036215686328752876,0.9584148735629434,0.8952459429864786,0.8734098697817452,0.484526704337956,0.20207843955335278,1.1498193421983902
-1.9857144796914832,-2.2602998753301744,0.8009344327775852,-1.0240711911406957,-0.15911348913857337,-2.0228539127604126,-0.9104417863002756,1.2828934723814314,1.963116355660492,-1.3182423996046058,-0.0468647341006377,0.4676360632479585,-1.0052798821236975,-0.008398286613540489,0.8664508763117681,-0.7226989119123526,-0.8886502127014819,-0.8202911116451042,-0.1686259611739502,0.3297803768929606,0.1926500565116903,-0.8387419831665467,-0.37056900584060026,0.3742378107563048,0.008968476669234456,0.7268153593791967,-0.7964314549630149,-0.13706002503212444,0.11465981362322866,-0.910075150189289
-3.9406113612277194,0.9803344561564103,-0.48563657909757146,-0.8958684841437119,1.5011423902860985,0.5403810270041113,0.5535234629959563,-0.39550875734467794,1.7442990525324473,0.15038701671354268,-1.1555628940715117,0.5744866563655929,0.9846547481271724,0.5731222325794642,0.20898771777058633,0.9164754502025608,-0.4071521867496188,1.8038618542419245,-0.8876278098479223,0.19549709339909557,1.0125225738441554,-0.7996756090029581,-0.8379056371666148,0.2910534434919448,0.05783628697438885,0.7192115626421768,-0.7549473074968321,0.31425390577003387,-0.2910272012068676,-0.07208355978091882
-0.019335732471068103,0.24962003501574484,0.7238454280945679,-1.7472083011169504,-0.8452048060438226,-0.3495837835848755,-1.1400974673335575,1.0735967553581116,1.2263602278094266,-0.2276917741854329,0.37457269226776585,1.4904134041329156,0.6082510715164445,0.4773507694543484,0.546494308988102,-0.552357818758652,0.7139192065172679,-0.21016818700891884,-0.8875378757774347,1.2490983679578473,1.2062787276489124,-2.891339739256239,-0.39026097091417955,0.10021724484367989,-1.7705376543100924,0.5230169717453234,-0.0394835134962312,-1.517326568542113,-0.108021667054251,-0.020543667758803272
1.8417514606454426,0.14391772911078074,1.6022292804466676,-0.8060908636016685,-0.30855032851111497,0.11707697612963823,0.30246126935790346,1.310321382878388,1.2289896993699707,0.1567529726779866,-0.7956321898293701,0.11297213659114709,0.7838752291134076,0.5562769303794356,0.06619512484775411,-0.290846650691343,-0.7085366380873623,1.8042963424261436,-0.1268487178734222,-0.38484592291731917,-0.55952791912828,-0.8045817053191024,0.858241494416571,-0.26818367192110193,-0.36761315054902227,0.37842405934962664,-1.0260713259274241,-2.125737262557113,0.255995842945116,-0.3840575220159745
-6.120565286869985,1.4387416890835696,-1.0093196643501017,1.391562789014691,-0.6209172747356856,-0.5459226604421062,1.2690479466667373,-0.6019451051605728,1.1922256694229658,-1.2727489569970378,0.11350149487180106,-0.29593379478278015,1.6679882614875148,0.35536762001740635,1.6659128379546926,0.22241173742404774,0.16755318033672517,-0.7893762333222477,0.1367493275883062,-1.0871600037066063,-0.596423419131208,-0.7591531995639076,0.2094038837938404,-0.7439959328090681,-0.675672328205128,2.0284192202735527,-0.4446896309292695,-0.14381033392132397,-1.5805085308720095,-0.17587585226791588
-1.1113996707675304,1.128369082315436,0.5107581800507707,-0.5718733146830455,0.596553549156014,-2.5281934789984706,-0.5620486744304081,1.685934176273502,1.5741230950879086,-1.2929834818500865,-0.39796765784789967,0.9111668113307264,-1.344479413111551,0.210516223486287,0.6828142302573329,-0.1965376926606201,-1.2697797551426442,-0.026538887596584584,-0.8015299481422073,0.18053021287863716,1.1613092992871223,-1.7462561922591673,-1.3416135412148626,0.8796558405462057,-0.5954796472106222,0.7107466839504372,-1.2370334441091184,-0.9948760866470253,0.677374616723722,0.12001806657411175
-6.232244330644223,-0.9842327443412573,-1.3342583281625175,-0.12738187798903566,-1.066923298431642,0.7660421575138977,1.363796464290836,-0.6486101731778755,1.5560718106872593,-0.4163387272177861,-1.0823092865110182,0.1426668378153366,2.5686301788733874,-1.4851894989133634,0.36659522322516813,0.7928282664981054,0.46958957324897,-0.12848337546752367,-0.5110583108632181,1.3077431685300716,0.6325610408720906,0.45818517976797607,-0.3020811085172187,0.04071819023054231,0.5127198285816835,1.168452088364638,-0.33973311549285345,-1.095597771695289,-2.1641310853077007,-0.01684120406851498
-5.358827487449311,0.5801014925710769,-0.4098209600380512,-1.1502603714942756,-0.6591272468476318,0.8714779949393481,-0.28188273532000957,0.35954657203435647,1.2729502918437285,0.9705791517701399,-0.0975231097780665,-0.5453801970646547,0.9921682520130766,0.39712351081004765,1.0595608822300386,1.419837963230142,-0.4259008429490734,-0.5435571305407636,0.3029184600056209,-0.31522510689473887,0.5965224229039757,-0.7952818121929484,0.6858764750465095,-1.026645736367756,-0.6031481920645291,1.503529973599939,-0.3126825339923975,0.7163372607032324,-0.9897511539229209,-0.6161976607223739
1.6400880856045281,1.312725576477491,1.3318018597436811,-0.5498442986727173,-0.7299295170916296,-1.1155232665436257,-0.6217790708714078,1.1583229241300577,1.1894856775111646,0.19211687857074608,-1.0287927587296797,2.874256287505618,-0.7118441319259429,0.6357399168162853,1.9061914803377082,0.4656359736845992,-0.4071035039435409,0.8614929219007657,-2.497154429623256,0.5954536365548565,1.364372628515682,-2.154863742640826,-0.7411998724915005,0.12134949755444598,-0.6864379040766859,-0.5711933756146501,-2.071601231056142,-0.8035054535296838,0.6754999171054823,-0.8788199931190112
-6.548955867381878,1.9094059879682774,-1.0041810481198477,0.1279149293099111,-1.1385834777626072,-0.045354117234558615,0.42660772751794823,-0.3479293491759958,1.2945508870451705,-1.226677239922264,-0.8907720456145704,1.181346713778413,2.4402740427500946,0.31822730759101453,0.31056484882797253,0.6990645592553739,0.17623552076000076,-1.4139672163082935,0.33295311144805756,-0.5295701694277472,0.2517170144247835,-1.2994058397707524,-0.46921502864677883,0.3001493105264672,0.6027725947348699,1.2585748230671598,0.11893317489951873,-0.3321160647522136,-0.12916059222717302,0.18243760791198196
-5.785728247273662,1.6447096729038064,-1.157765336027572,-0.4095018617734064,-0.2683511556994177,-0.7686197119940691,0.5152141817018353,0.21528834870146582,1.2594508802377669,0.15504769230708573,-1.427891709883495,-0.07883443883206788,2.118014501015374,0.3920814042848449,0.724821708131194,1.1000362064802431,-0.5609360250821894,-0.3508624646487476,0.19227323894845103,0.0927457395161051,0.7230069953524981,-0.3070623166135812,0.9526962047836782,0.2769813949001899,0.005005128647351292,1.2981025761431697,-0.007644010055547003,0.32683033556666546,-0.6969297156098023,-0.06100707173594931
3.12765125662563,0.935861335205598,1.1593022735544458,-1.4078314094401212,-0.042028652365698645,-1.193560704112572,-1.0042979812427324,1.9276482472824747,0.6174062835615121,0.9670514954303285,-1.4572139980273604,1.393156841096782,-0.15946051729635985,2.3648256974502386,-0.5319049391995588,0.2899832011900539,0.4402663046798272,0.777055636017304,-1.1922513774796055,-0.48631147863808466,1.4441672722665961,-2.1489856651538513,-0.5640514927530825,-0.43006212766531143,-0.9354894339313446,0.47311588902545915,-1.687290963253528,-0.5504749498002738,0.9349270000869288,-0.5600498090649423
-6.854152360515226,0.8093054134640334,0.03210956356412031,-0.27482419912403333,-0.9100947859795042,-1.2842009771418952,0.346732487344051,-0.08452246756690304,1.513532055716108,-0.11875269706754958,-0.5299234943726894,0.6523814106064948,0.7433381278493209,-0.10428873664387896,1.52113908044657,-0.04193150990004493,-0.13021898908037877,-1.5584453830872433,-0.4408073748811905,-1.4536019902844592,-0.04226440003070421,-1.8338304436710968,-0.7588798293777752,-0.18649466648199742,0.5648827333302991,0.5200975272533053,-0.44487464711743124,-0.8230731806891535,-0.48444699743589453,-0.7906109361202994
-5.195204422805355,0.7448401020380082,-0.7768274549300209,-0.23091384846507854,-0.12385199491469248,-0.5399927860510495,0.9734677141782095,-0.15388774633751767,2.1354712665985978,0.22601748968223154,-0.24544232552661963,0.33571059712571666,2.554039557819199,0.02749180089838022,1.5325696205779504,0.04486303702176871,0.26304632772613595,0.7600463611910737,-1.2008703100530558,0.04563983736365553,0.35792738114526634,-0.30193197286051543,-0.27483977470957605,0.13480945075011472,-0.30454654490828165,1.288896438710923,-0.5458665512069625,-0.48450018176819876,-0.7365776553389455,-1.0368410997070987
-6.144335312601794,1.2321540869102277,-1.1061414508486758,0.7591429046009401,-1.483658321858282,-0.3427984827831981,0.7262366516433193,0.6295063920645069,1.4580241534682097,-2.0718449042146165,-1.0823349165296192,1.0875073716101036,2.4647149409458815,0.3387394750192077,1.3477203928952997,0.3454825092870128,0.3011558038671272,-0.6752993964991446,0.07424382397833736,-0.0630754225347165,0.023487202115974697,-0.7412946365907769,0.5479460072543622,0.8369667274957756,-0.7871154828062036,2.085421509916507,0.09764288248251891,-0.0319399273012906,-1.573915954394312,0.26020137925982256
-5.860511701520168,-0.5038077023611872,-1.167786922600145,-0.31009267970391513,-0.922285757466322,0.81543580761196,2.047892445373769,-0.17207912471084175,1.4899231201366183,-0.9179110245635599,-2.136571825828253,0.01752443817281837,1.8724212451924394,-0.7160445292574157,-0.117589443016163,0.31314922873258116,1.2971262533535175,-0.7264416861161055,-0.6134053215925005,1.4549579139864766,-0.5534425330912105,-0.4306530371269949,-0.49046417324466846,-0.29712590351072005,0.27393168048454464,2.0577488982927457,-0.16482824037803848,0.35245406745452534,-1.2199301392679915,0.27643616399556864
-4.399646931264883,0.8329379054098276,-0.9077807772967954,-1.6357937302237822,0.7970990368202592,-0.8801403986364357,0.8936615088009081,-0.12422171193127157,2.2762382554770206,0.5570680816734223,-0.9661717810818654,-1.6914816019245393,-0.3788306774149767,0.011697122839516173,1.1384300254667257,-0.14331677227225234,-0.8375321245370846,0.12286363643912825,-1.4894340951866656,1.238153165141714,-0.08938887804305795,-0.6178383344470145,-1.4340557322945244,-1.6535447359430941,0.6500598947762581,2.587663268249347,-0.5720481699622237,-0.04856251917900859,-1.6038918555343824,0.06069029786546342
3.1175152284079184,2.621579736438885,1.4927720960317885,-0.9721962401628125,-1.055720661543956,-0.583259259502172,-0.9839221059731561,1.3941583420332035,0.46236571759784006,-0.031071776217939828,-0.9376070169579325,1.2810972441838566,-0.5061128489541745,1.9430276058885265,1.6317587006930252,0.43533034844068064,-0.2973000204908677,1.9219706314002118,-1.394230028666062,0.5588121397134548,1.3682320622364146,-2.251405855648684,-0.6604862968568026,-0.01948806121656538,-1.7191044478670816,0.559264379173686,-1.6440417176361266,-0.3314781156010924,0.4814057064013199,-0.40056092015556083
-7.228278385783646,-5.984832185499378,1.5786057415584887,0.7155484145920007,0.8265895501528049,0.5617256674418852,-0.3994351525744028,0.5826104431914667,0.559443955398147,-0.9538144587345669,-0.5811868388606325,2.822036326958822,2.3251848247545333,-2.084561815758008,-0.6671989932459532,-0.6663347512846745,2.3818142767892057,0.02427245333157528,1.4326853875230605,-0.6234083150381429,0.030426901733154946,-0.5072384958638219,1.351235486275642,0.4731606738935065,1.6947987961723185,-0.7595493032662657,-1.3089103892329599,1.0559026165273988,1.4833580519192482,-0.3987666042067178
-9.153310592997027,-4.0311521056959805,1.8495483413310179,-0.013212076561811278,2.354396007153063,-0.4368800123656249,1.8188993837769452,-0.5035863934577134,0.3785013517573961,-0.4095322309959805,-1.1822331420276215,0.20096559438536662,1.52894936982723,-0.5953816731805779,-1.4840611335613423,0.4850248448875117,1.20241544069233,-0.043835245082621974,-0.2973184097667227,-1.8293124936965197,-1.158608265253053,-0.6460579256184532,-0.2710518013552424,0.553776608605173,1.1602053605389646,-0.9774476184800103,-0.8326153635474591,0.2288138952186278,0.654370419786195,-0.1217889764375997
-8.169502645368992,-3.323625887469777,0.0678155563260285,1.4857870268939946,1.011597871545067,0.03776337909555642,1.4330572522383374,-1.0633017029146274,1.3423156583261426,0.784948020624441,0.7554781017373433,0.427790468292212,0.008454215888650838,-0.13921022977876535,-1.3270508792468736,-0.07436408492024733,2.0512399431655446,0.2867455822788313,0.149297036382022,-1.6480836365341247,-2.175216334251366,0.053875539243779386,-1.6849815443470648,-0.8670624332428711,0.7948099692630977,0.5006815937549278,-1.4473021803602368,1.8134582391289737,-0.2449999548857382,-0.10420530340871437
-8.008169818680926,-5.338358111764887,1.3967624638936778,1.266391781312109,2.01207849864862,0.25933960468565104,2.5422520266986233,-0.2078301836136467,0.9666901795183025,-0.24084263290944183,0.2963725607409118,0.20908833740216373,0.7755268792843582,-0.8119580329222493,-1.2184222116106334,1.3457523983654476,2.3513768924939367,0.31298813284268684,0.8620110660148836,-2.1923293684272775,-1.1717692067467638,-0.625466462806871,-1.1720857733145837,-1.7312376618325918,0.46859970229039916,0.09467086180435633,-1.3954359762979895,1.2133415060310544,0.3437650844884684,-0.10379598499849012
-7.349092877716371,-2.0466309304832735,2.1739664894237074,0.34067329860477585,3.023144190860543,0.3035231974365253,3.306771565080208,-0.15139928442353567,0.1609957431069153,-0.26232055108336616,-1.4959880282486882,-0.7061680870802066,0.06882532824578613,-0.25716243777645,-2.16980026830163,2.0700740920465304,0.5591938813612433,0.4761397364117926,-0.3320175841681406,-1.222405400510601,-0.5935731575174579,0.7937831916236753,-0.9390829291096127,0.12235868074869015,0.7760907541569815,-0.18785566439658474,-0.5364559583076733,0.24055344868711093,0.4160721401251163,1.7557840332240677
-9.260791012937483,-4.884273057711341,1.7939741478131284,0.8422263197850862,1.1710299055903413,-0.19149526435676018,1.8726710851081305,0.24721790588411935,0.8340214022020158,-0.7111336235335357,-0.014017627492765635,-0.08550398647479084,1.908599981865376,-1.1417415514000435,-1.7494019821217373,-0.30005497353309735,2.341340311246549,-0.24258158396994012,1.2428314012695734,-0.013349470016090076,-0.22915571173929442,0.8746291411026008,-0.5432030703703844,0.057874244075822145,0.03529326778632273,0.7800735715909863,-0.3754302848091824,0.11042312521665407,0.27066164697099393,0.624755474755616
-7.147273316180504,-7.550718539146276,1.9670533510049495,0.014754124284787416,-0.06648584547726641,-0.34414255715828707,0.8298522283431944,1.2433016356078552,1.5768387194891929,-1.510647005071154,-0.21209210263688852,0.45157672625512013,-0.47127586868068005,-1.6207135591578403,-0.63043561145975,-0.8404405935479458,1.115513950748185,-0.22881814709563855,-0.15380483184946753,-0.4546617227191354,-1.074736995180098,-0.5368698160623154,0.4999996685713789,-0.810933968322966,0.7030521194789092,-0.3635045088074138,-1.7527982228842076,0.075668635430134,-0.009571026537715677,0.5501418738257565
-9.098626515195392,-4.110496958615134,1.9432012464369504,0.24436366252612776,2.905877204747586,0.2912271733901994,2.200510074337613,-1.316182436608794,0.6576021523905274,1.5811107196924528,-0.8882789610159202,-1.2864987504076582,0.7090043680405554,-0.24430659873675575,-1.275109898250474,1.8045179427437823,1.73274731562914,0.940759828563559,-0.4882970076522714,-0.5617521450362685,-0.01397245588067514,0.4207929018867239,-0.5588902431462972,-1.5239487343875449,1.5116575522113114,-0.24448256379691005,-1.5510347906689224,0.04229798368198564,0.7180464007688501,0.2419467813374598
-6.714715317558316,-4.890179650336654,3.051808085030484,-0.7849623342084494,3.3911590937582408,0.382368171778951,2.5530501452164853,-1.460240570564955,1.8341413614999054,0.8652886822749578,-0.1878664908545808,-2.5381532761647367,-1.1877011669312032,-0.7156764705245409,-1.4038201182457108,2.0079729597501883,1.2387517480520789,0.9484948181664168,0.22764292481969897,-1.4881680819513456,0.5490454916149011,0.15746380580225444,-0.583254510875161,-1.697525075260736,-0.128953474259459,0.14884883309659871,-0.8650727970597313,0.4107622373478533,1.2239660740101748,1.2852676235177638
-5.901085916458736,-7.525782755420829,1.7499948623016768,0.3920696600499075,0.5070404789179646,2.6791566572187087,-0.2920550692343505,-1.080236616513435,0.9873071432126603,-0.9498700118226839,0.29465382575025617,0.9444972724906041,0.7609067079526531,-1.3906974745157423,-1.6353257966242454,0.3895287017567514,2.166075404377671,0.820280583988062,1.5434422484755497,-1.9226007293898661,-0.2346537777625024,-0.7866272000645177,0.09369124402919957,-1.3308156662213917,-0.13663328843273043,-0.2932273245417431,-0.9375363681207542,1.893420374837483,0.0995634116690071,0.5159568117101188
-9.92133418593912,-7.184509633362749,1.1858604675422095,1.1761200885583223,-0.4662216980969136,0.37320471384553966,1.6138516161253718,0.6646842510089112,1.050272818227449,0.4131996172045447,0.4650496521044064,0.23362805636333636,0.9601207670520179,-1.3404544515622703,-1.7917314676624445,-0.48405000631669715,1.4684198378788387,0.0016752731111062797,1.5988046238720768,-0.7489280077050209,-1.14362585831882,-0.8168802685064575,-0.9250996428360234,-1.5467725409161346,0.34351798428354074,0.048400919518195154,-2.1655146650134234,1.5843130974108632,0.05508885068279426,-0.15709133979097367
-7.089846784695392,-7.939308607546258,4.27394421345339,-0.14927173716952943,1.772968301239046,-1.3275590053399489,2.558774341137493,1.959440785737753,0.7751255784127106,1.5854754175088106,0.49187924608114425,-0.9817419607485702,0.261045513083866,-2.538003839030606,-1.7651522695553266,0.576990311827655,0.9480784530305215,1.9873157436215825,0.8047352017450244,-1.1048564193874073,-1.7168127859575715,1.4997151096489696,1.0024495002043683,-0.8498874461594101,-0.17931071751079242,1.1933758088333994,-2.264671137186812,1.5569103353354434,0.0866742254692059,0.4104983746347325
-9.140580333629435,-6.031324325637805,3.12961683442173,0.12224067802040901,0.9930414614574775,0.11372239443161249,1.2669929779316391,-1.0486894060617145,0.7509470621252219,-0.05628400998078478,-0.37990458644434183,-0.9723883802533568,0.1834906803396224,-1.6376207812901293,-1.9286949798331137,-0.3592010307973946,1.1041660639223476,-0.2715485594172635,0.43456831499733234,-1.029727954942733,-1.517463509629919,-1.0186540670070154,-0.8425222837927298,-1.0145207787438497,0.202881760646767,-0.0799341215434636,-0.8441963655548911,-0.5256628900254501,0.2002013936490456,1.154918839208562
-6.72091287791405,-1.2900282685648372,-0.26482596070863684,0.28526745074690113,1.7025035860796818,1.3241705246105315,0.8212939907606506,-1.8313671147364077,0.6767453521350718,1.11269343595112,-0.6409069468284245,0.47599934299076824,0.6941929652070842,-0.9013590305310063,-0.9510586134738344,0.9047536311781517,1.1903817749497332,-0.41247546592444356,-0.12220224340261691,-1.1298160648716287,-0.11847950449421957,-0.24303715502886555,-0.272170430838743,-0.9932610295865772,0.30835491614546084,-1.798725701516699,-0.1353113356872376,1.1110144480630448,0.9170008191390977,0.6543059067585206
-0.6805685254250006,2.589961802436484,-2.0296530031873603,-0.11263095788323671,3.727316378238233,-4.4984365162039746,-0.8479111231717458,1.7704100006920174,0.5768640308040112,-1.0130894728738684,-0.4338435948994936,0.49755303267853856,1.7745969087568227,1.1235276035381343,-2.876721592913714,1.073368480259214,0.3206419583387257,2.0983165847164393,0.7759986817974127,1.4730340810210456,0.09456932907223813,0.27867103640118596,0.4131816352097765,0.6649128435203044,0.3186395992387217,-0.9707220924067503,-0.42206595019914805,-0.35592646760704805,0.8045989075921023,-0.13190290038132743
-0.028775757462182087,3.2152326497739483,-1.805660431174045,-0.7291543321567894,3.688129474605827,-5.042547643393315,-3.1376909290396418,1.8587827261927434,-0.022227596573374045,-0.36112345632993464,0.049544891537926766,-2.6102905028405368,1.6792854131322266,0.5951850452534758,-0.9821603815512524,-1.7188248693644386,0.5343822368648625,1.033912604398051,0.9323515101732542,0.9958540064734784,-1.4887734430811626,-0.708363052396321,0.8422343256995416,-0.1039915244010404,0.029639670362190285,0.08337615200128182,0.602194002028383,-1.0109205017831249,-0.7921681777708197,-1.0153408301742752
-1.483681658547611,3.1118701573613485,1.7100320724864513,1.7205180699310676,-0.4431469587694494,3.8243267490932826,-1.3885298481209822,-1.953243470604177,0.6931283089789012,-2.194557370518372,0.4233473140749559,2.2747096217924914,0.659511244579054,0.47635126064603184,-0.6908083470024913,-0.034232951553565656,-0.39532377707234617,2.4305208284649154,0.012295054380495857,1.4312738790570605,-0.030850263477375555,0.24903778804352364,0.2058544855781764,-0.44029720560071095,1.793541274787061,0.2666583219895288,1.7820659417434919,0.6029793547020235,0.8631966386436349,-0.837121787760181
3.2015256026406296,3.972271702980945,-3.0144917369301503,0.4766448237686929,-2.4649814602237856,2.3199252782521795,0.6965933727566948,-0.21925506602688247,-0.22163213817839889,-0.2844928505753636,-0.746574987430994,0.49014604211300977,-0.13776722278664444,1.9018481486751155,-0.21302628169657087,0.9323692623913469,-0.5279205637559318,1.2597061843895898,0.00804790256178831,-0.8230725412468306,-0.7291298618213848,0.39603718594664095,-0.46155407648052776,0.17962523339357617,0.5928828999247673,0.9661965308156378,-0.2762755016897755,-0.3835667575956557,0.747815945230334,-0.29689869756824133
0.6568730137142592,2.3623341776556637,-1.66989683262562,1.7835531306687995,-1.5551787913979622,2.5588643480984237,0.7869361407123163,0.1590602330207063,0.7984582619142784,-1.0813161416038177,-0.13756556652034968,0.8560548211520621,-0.4637642417575593,-0.20789014076169432,-0.7436018048929653,-1.21782592648764,-0.21357369812539437,0.12483374180354496,-0.7463712945301194,1.4209728645555468,-0.13283596785464416,-0.3909958963536948,0.28872744279062745,-0.09548293850315068,-0.3679093374660725,-0.19101419467584632,0.4589247785430089,-0.39681999868780216,-0.9292348609896873,-0.5031938745583812
2.5369103846368213,3.5112615790140342,1.4069643396081222,-0.11215998269902967,-0.5171355067234797,1.6332871301805072,-1.2472771372106854,-1.0300082511617887,0.17125407871507167,-0.2800420263776245,0.7612051900759376,1.2647814557183077,-1.4102684105982204,0.4606187838256107,-0.5596211683508711,-0.7106642773423991,-0.9489449752304221,0.939674468777366,0.6704805398136803,0.31204670186440114,0.12769799545839397,-0.11372723516045519,0.1788100114426449,-0.01612582973919785,0.4689427772308952,0.27982175394255593,0.3554081782297036,0.10268322750386343,0.7564353290508548,-0.28094938636011235
-0.504943246738531,3.4325010202182584,-2.1481362292373753,1.206701609199936,1.2218492346519791,4.776880107049058,0.7249451838434459,0.3502810685938325,-0.09006668242444513,-1.0310793336883473,-0.11704425382538038,0.33376829499294,1.024381081461765,-1.1149666803500555,0.36431524923649117,-0.6055744194189557,0.4910062502244238,0.6973547852344791,-0.2136162651280983,0.23740048788866128,-1.2175414488902199,-0.8562578128940282,0.57697035382607,-0.9054053279126575,-0.061650455874886365,0.7960465495516257,-0.0849091233386449,-0.2656498069264041,-0.2797588370011544,0.2767578319431302
2.256006713621704,3.9765595189092746,-0.8432012676913534,-0.04806387633085552,-1.9774605918388548,2.255367071280732,-0.22970668826154017,-0.12363355165147573,-0.05544311554767935,0.5843725194726165,0.2545854231149598,0.753570848142962,-0.2552561079448525,2.124142367654695,-0.4559090870526388,0.488685516899365,-0.4744148529865123,1.4337666241888118,0.2958825256634467,-0.6569340651962189,-0.6185160020245051,-0.5513869857457115,-0.17670027256540047,-0.07841398354236721,-0.5101186950291237,0.8619867701482078,0.665734891597807,0.4958465879168074,0.5010594615035164,-0.15857090349942507
-0.6078806548517561,3.5517333748605107,0.2745223600249524,1.142151848267629,0.2703154008262368,2.554314279048483,0.642564877873572,-0.9675995691997006,-0.03390375839515466,0.33740368102959384,-0.862485636484039,0.790114746071177,-0.04762703045232115,0.12445078948269492,-0.8338362662957636,-2.085053725347955,-0.2349003532164042,0.7198409801761688,0.7056182434973984,0.37377534621530745,0.30383537484572887,-0.4679885605945127,1.460043378606262,0.14125089934903085,0.40769668443799234,0.32827175115179774,0.8044179974883118,-0.46766082256805747,1.3262878518104515,0.2813915942271717
1.577573791078339,1.62868053654066,1.7562629451034297,-0.5148972090669709,1.8335752631961362,2.0954344111918077,0.18043894504477412,0.970039688888942,0.2161061065498963,-1.1486113527941022,0.2699838014801507,0.7115567360143765,-1.580555714634309,0.1547567069981203,-0.007894921676955054,0.039774477900273816,0.3362761600340708,0.9381727738596651,0.675495301234993,-0.7750483404730508,0.9354102550895704,0.26199375728005014,0.6693805419900438,0.058280308102252085,0.4404249650409371,0.09344501286922176,0.36752717452402506,0.6856609241771747,0.5958611578792181,-0.31514113049633957
-3.3537555124760754,0.8261986271711369,-0.23008063578430055,-1.3995120385314748,1.2854606466687675,1.5772752242105734,0.11320787795589538,-0.6815868240254338,1.1199752064275759,-0.2815376219446433,-1.0358665156566347,0.059699849512842386,-0.492181761127833,-0.7780643107652203,0.6178208471490815,0.004856974584066746,-0.9941736853659484,0.11539781820131878,-0.427730732920031,-0.46199972626699215,0.41367140571834404,-0.3399821347172306,0.593325040704404,-0.3471772686128755,0.3676483728797089,0.08394314718844309,0.19345058500103243,0.5605447152909238,0.04545388635813585,-1.0825368248408802
0.47168199288483936,5.254170544014496,-0.38196603807707913,-1.351876558641024,1.1946602978466128,0.7943474053671201,0.6166322605372616,0.5952157192147504,-0.4427707446477108,1.0831620030733415,-0.5510362983635716,-0.6911535427157368,-1.2652536684768478,0.7804736729707825,0.4573361246380169,-1.060367887373504,0.0333471672330962,0.040297819731979975,0.4138490591460099,-1.0147359811245573,-0.1778018004103695,0.31776662176927917,0.9587524605486799,0.25985610458232616,-0.6027072210788843,0.6268606552954848,-0.5956368319614634,0.17948820844451233,-0.062964918677265,-0.6203352010879613
3.7211576557975183,2.3141116911373447,1.7555966996349386,-1.0776272954706119,-1.5559223628066565,-0.7103697727884664,-0.8431896078194616,0.4617827289666567,-1.2014835384909222,2.307683553583031,1.2846112885522905,1.8788789711830216,-0.17398092282486274,-0.42961943837335126,-0.36913276466913936,-1.3056174831865228,-1.6506984416202348,1.3062322971296005,-1.4653947030574126,-0.4382104871357218,-1.2648051465894674,0.8253013579355463,-0.2103816035099524,0.44166657673601784,0.16499175375997308,0.26036674169306756,-0.13428499718028966,0.3346133328036752,0.2794809579904747,-0.7761803954836701
-0.358454193038107,2.3917089709877573,-0.5057673431549251,-0.3835822883561636,0.1614088616029148,3.854407132115853,-1.1524815763123382,-1.0255371320885238,0.28065513629317956,0.13926753721760748,-0.7750800862717091,1.44877254851351,0.5132731286870138,-1.7312973436898047,-0.24307193820836906,-1.2293570250072459,0.0808765681803827,-0.21226680155237349,0.9865525527228659,-0.32345161680321116,0.8855706526051824,-0.7608290768437298,0.5091711004629081,0.08879920781598541,0.14878903459541168,0.5835114483103173,-0.04894437567903802,0.3945329446115822,0.5532070938662703,-0.4166869294822939
4.077290477838241,1.4318351019774842,-0.10980449465740295,-1.041973757084577,-1.1966542580578827,1.2419781944199952,-1.5118909183350526,-0.7199033752058861,1.5517018366852848,1.7799049171780235,1.8631091170856031,0.7914001312998986,-0.7915593450073143,0.5066720236248119,-1.102046645196667,-1.8763822965954458,0.0009440476278460249,0.5416588292354451,-0.2519918185051359,0.48389432424729417,-0.3504361385533567,-1.786068564899477,0.06382081156257695,-1.2796087800062348,-0.3452509257748174,0.39163612265408365,-0.14016911669653898,-0.3953524167580366,0.12592408130107074,-0.48379113348920744
1.2024339864821798,2.92438065418769,1.4416464830801083,-0.5727475789894527,0.4591410949539342,1.3138525922078477,-0.2991917857651447,-0.7909949324781841,-0.836944248445419,-0.7541173137930681,0.44331574779109223,0.9929418227999496,-2.232546512334643,0.6291955143815765,0.3056686297920521,-0.5303511544083358,-1.102350800704723,-0.10867010507539793,-0.7998037476950381,-0.6328301087471057,-1.1115970446816417,-0.4455077892008237,-0.13624073190537456,-0.17550672148684313,0.00958617471104215,0.5553386880170184,-0.25606329028873764,-0.3791424927647051,1.3707075719656658,0.08681872934823166
-0.06963300681263088,2.567896519130191,-2.1279575384709744,-0.6263391335905195,-1.8814276768879363,-0.4301536104196782,-0.12937348071771915,0.6347986677139129,2.3471659563081073,0.6406773896325417,0.1968294898334458,1.028771598181661,-1.8780319814345097,-0.6706999127116894,0.17715762257118867,-0.9816160150280179,-0.7263446190440119,0.08388039007312173,0.1730268634772236,0.3675896887211979,0.026559314385901818,0.6453988068603196,0.72524985100726,-0.1035981418220291,0.37760760973159385,0.09606409897364566,0.20098035490353222,-0.27365099223456396,0.5050018698946208,-1.2163928892089382
0.8983146435164973,3.684845056970731,-0.33011939650548805,-0.3092847585457828,-0.5881548106750208,1.3339413939295162,-1.4855384813428067,-0.5423849137304368,0.20747070170926288,0.7246648322337488,0.2984844973910562,0.4354582366644777,0.7478782558794149,-0.2534359696062327,-1.1519363680935921,0.12026975432715639,-0.84038750287703,2.2615808078997226,0.34558881463994356,-0.9427416568009105,-0.6581350034358541,-0.10285628262350768,0.6937652494077281,0.6382001679871013,-0.4620224998860651,-0.03835068431224443,0.6434896451316066,0.48675842806156183,-0.4065728466157055,0.08753574031177247
2.2917917133744963,2.9886832456127985,-2.2080752729093334,2.018263998423091,-2.6727500947562484,3.110968073317844,-0.08682331549644191,-0.8934461097339897,1.6384281587706264,2.7074356689947856,0.0916705247866337,1.1734241498675846,-0.4503391598836087,0.024398834437656627,-1.6055409094767763,-1.5383286232626294,0.7807311606904275,0.5085359095944537,-0.8205823749418628,0.2294993735007735,-1.1448506477133609,-1.496066415325594,-0.3953201573158789,0.031091616706770603,-0.6852892737282693,0.48885331725446557,-0.16226820455864135,-0.373895400329993,-0.11914602757836049,-0.9162544932350314
1.7898125317087805,4.815265611267658,-0.10092303778378983,-0.4667234039158454,0.6221880870498463,2.436544601558944,-0.7461574461489905,0.14120510153340626,0.35912869860787805,0.4857938708469739,0.7258294132935346,0.0772510081925372,-1.4663104712363526,1.1326528141986294,-0.9600164696036302,0.10686312595369205,-0.6867014452853655,1.3085604220840517,-0.08582401267531956,-0.09643343044413212,-0.30170883070407595,-0.6152057842833405,0.7100068802711155,-0.6824010168311462,0.2900963775069178,1.1134009229162138,1.230793294560744,0.2366563296560822,0.1523782966570873,-0.7646585499002817
-0.8417020529801634,0.7095714319243892,-0.318481954110257,-2.312938208076335,1.0033411452685843,1.628939939470753,-0.177224428924818,0.8903654824804015,0.2549283424559463,-0.941579540904651,0.12535272234173903,0.046627763734008086,-2.402677428234187,0.8925430637015445,-0.6482817283232784,-0.5147955697276074,-0.15785201684782782,-0.2250311113689006,0.11227837596469704,-1.1025443855943133,0.6692962376502384,0.43286844661749446,-0.039322594058240866,-0.543980886188123,-0.06562496856985284,0.12837514781632714,0.5654881610849742,-0.43850718963859125,0.20884724450343478,-0.027237434446073322
-1.02604505492723,4.330475788978854,-1.986432837879167,-0.17152929698966124,0.2111592061254647,-0.9192534828076999,-0.004214151926465451,0.17504438120764268,1.4446644667140902,1.7407157916382086,0.4053638417728726,0.1843281957037934,-0.4874608522082141,-0.009456912763081554,0.23709800216608107,-2.262085777790924,0.012361228875559535,-0.9642508196479137,0.667159472799836,0.20265741376020785,-0.6152202231832007,0.49979234952686236,0.51573541464123,0.5683260508833269,0.47442138668949657,1.1327728246148097,0.6306948508686661,0.5382877322002404,0.5167764244096636,-1.2215390815666027
2.4435930507285795,-1.160640644660073,-1.4992627780638632,-0.3908998141529359,-0.792717521539116,-0.9203579542796175,0.16196300487031606,3.349846269610446,3.469535015587342,0.49397258608269184,0.9084998178031213,0.7857704797591253,-1.678341365820772,-1.1205110797929887,-0.2834540827889813,-1.0880518956507224,-0.38384892706782,-0.47450606644735693,-0.19459961678336846,1.225925776530642,0.8762694860265531,0.6863924912039487,0.5736882587953551,0.38891733660119726,0.8652295106532839,0.7175368667636824,0.5663362496033341,-0.3132057714239574,0.7346499895065006,-1.8554318813140511
-2.650813931535926,2.5869566883737805,-0.5384853019076392,-2.4068837966592476,0.7625444243029855,1.0261219984262007,-0.3673190582683971,-0.7024203002819078,-0.41479649024793286,1.7678100212071455,-0.6056231253539407,0.1175915362079829,0.49558734754660616,-0.9684331201559272,0.5641393561411804,-0.30152758461903173,-0.7674456722240047,0.17586055243717524,0.32294191915945386,-0.6229482147939581,-0.45584357832510425,1.3211104351528231,0.6934012733281223,0.28685806284290083,-0.13375952893841206,0.4837302072572815,0.41705894797309917,0.2640083934356933,-0.18713069647177843,-0.06807789665984097
1.257779077226511,5.711795917953216,-0.39040281746048067,0.8655284059567817,-3.3543946396634894,1.5379440219300897,1.17235866049689,-0.029398173951770967,-0.17362053669646943,0.3490217752112674,0.016453197410652976,1.3492111971976615,0.3296611260142696,1.1758601293603002,-1.4423324646407127,1.1376711025980035,-0.349049961275983,3.063934457055517,1.1326715212039906,-0.8949857337857022,0.4761516961546967,0.8105055954455543,-0.539386287134403,0.688505727639978,0.3358017318085616,0.8081086012543187,0.5087619796624808,0.8576623600838617,-0.5604844525771726,-0.7964025175531916
1.3765907689648442,3.5882532084436387,0.2681404060395373,0.2748848540912944,0.332172820089212,-0.03705890281687311,0.2166422057758398,-0.5997322098179378,0.15907777209879934,0.11636682668913914,1.873425459995709,1.2685309509612175,-0.17951293059605325,0.10061314384349268,-0.03313049210884549,-1.4590312586338574,0.5252404477692781,1.1496640406808287,-0.7604814092267607,0.5830664218088948,-0.26614094630502316,0.08138374217598185,-1.000928731655903,0.3766429687238792,-0.7046785878374779,-0.02609710696509488,0.5460727182210727,-0.4637981156523824,1.4071994731169126,0.5160039342410324
0.16922508871993627,4.832894812974936,-1.37977993086434,-0.3132403284411956,0.9381555815097101,0.7436712309417662,0.3975351580844131,1.022740008362269,1.5801796406033217,0.8990649860088068,0.0028566458419197072,1.5206507258039188,1.2888631470989047,-0.912942470236956,-0.1525779282473781,-0.6218309998121565,1.0117835593767601,0.8240358161235412,0.4462805410402799,0.3957865308220954,-0.1038228313760964,1.5794842329743763,-0.0426050016791675,1.5227082830370366,1.2954133902596505,1.2252761439402176,0.7208285431902828,0.2381526197110047,0.13594848443639423,-1.7430319128765053
0.19533099413479105,3.7310129128725436,-2.389251411855329,-0.7947394129358554,-0.5959498478352047,1.8729088413746429,-0.29872495796726667,0.1346392135217633,0.1873143650460935,-0.7276486595124251,0.4367830954695163,0.5523413530684422,0.6754678940462708,1.432115382266543,0.5295869421281987,-0.16609971397990617,-0.5691332776160274,0.32648390422557483,0.8464910992521787,0.4641550539673375,0.34162085178423296,0.21785459416421027,0.9142564803217782,0.22249262690965582,0.12265966594975648,1.5165657612603243,0.6733339842162667,0.08585332398390484,0.0728340576629359,0.03843515581264608
-0.4821270378697373,3.7237031643391347,-1.6449086473646095,2.4808469142336804,-2.032320538509917,1.8529935682757852,0.8078220232339441,-0.7528985473996259,1.8631785809797738,1.2008262560329812,-0.1531287842887005,1.6769861849585574,1.049273833973535,-0.8061146456198832,-1.2376794699879143,-2.034196556207575,0.13335144266682467,0.7383457379326241,-0.4329161559923821,0.43725484123218855,-0.12338081014791784,0.23108776234784198,-0.10607562864514772,0.26517658203815603,0.22093889748373322,-0.0609409978554185,0.06130058710941769,-1.0635648504709336,-0.1200288894456492,0.12464927146740072
-1.5544639477637967,2.2092752102493103,-2.627118573802236,0.019525300208910242,-2.656100474802763,3.7963435173237405,-0.8196056686544932,0.4342277263608808,2.529413439327859,-1.0759582578665434,0.5844146306327063,1.8220566568307266,-1.19331599501418,-0.1367533246881665,-1.2951488535801152,1.1082916068161415,-0.4871222977504788,1.144082247922697,-0.00582270948684545,0.825012475408046,-0.10317098430166613,-0.4795128391219164,-0.10618682978605293,0.01143638214699792,0.8290162233127207,1.2138394375855757,0.954729042161413,0.601128515995967,-0.7608262370170684,-0.6937977056645152
2.3763554212443876,1.5771007409064715,2.3801785551327352,-0.36845001405391054,1.3696097975779125,2.4633977637794193,-0.3207902809819768,0.077169146913253,0.2720869654412538,-1.2419829489415553,0.6800432256451557,1.5462463182648891,-1.2741735374078833,0.1429820338792662,-0.1973697335652575,0.23600184406267227,0.6600386141778849,1.3940100029531646,1.0534647830999722,-0.6456031167114438,1.442673913516286,0.4818995914031435,-0.4131476325376471,0.8924648873348634,0.7554073145977135,0.19467913426041497,1.1064356542799902,0.42539844660796233,1.4006488622961937,-0.67431145636345
-0.28175950292764623,2.625253510861182,-1.0799306630156535,0.06772246006750501,-0.23275633890355085,2.254018204105482,-1.1252707665753805,-0.9333635721670606,0.7198971685438866,0.3547279401024306,-0.005643802644379186,1.2332654311029465,-0.5816563241603036,0.10312994201123267,0.056621718600041775,-1.5720235030652612,-0.8994349830454963,-0.48137977383675823,1.650581777750439,-0.3274162734282054,1.456549469181091,0.3944808247720407,-0.32704583448705515,-0.6881117484035437,-0.7375352104783133,-0.11271584156176342,-0.4246495821580482,1.0509307162179928,-0.5253904470978364,-1.0544710214167128
-1.6241067263697295,3.7080550554281815,-2.1334534175686715,-0.5415014636683745,-1.0925198128747824,1.490083638244694,0.10455477131470281,0.10767251773026634,1.267746910162607,-0.989762550789883,0.5601035219352707,1.046726262601586,-1.1418050074192012,-0.030256199874057983,-0.6262657237779407,1.3982081068282248,-0.7650621233819163,0.8823099246714818,0.280616698052808,0.4286032894279298,-0.09473302261858607,0.20034213295478626,0.1545548715686546,0.5326371602578741,0.46563788213910134,0.6470134567140361,0.4288699096007241,0.44665973435466083,0.12166835591115334,-0.04772032884842037
5.8767537772764245,1.347649018966045,1.6377659089631587,-1.1553109206260344,-0.3669570501049395,0.5025244092873471,-0.7997136520574419,-0.5691388890177459,0.16989343454047012,0.5569410827667992,1.278303362660808,0.7828156814191412,0.05508662950570741,0.3922857201083944,-0.7875952870950053,-1.58943320568387,-0.5286904625114975,1.831193338722196,-0.8481725832808316,0.1479407481340892,0.4498322833839745,-1.7147113342994982,0.5808144047818516,-0.9490314269812143,-0.37337834645651824,0.28340832578418645,-0.040550983839277084,-0.05565949200629155,-0.4161390506822011,-0.26740048865495564
0.03529165076823118,3.5239507525743834,-0.9163534105917078,-0.804302550285445,1.2093597451201747,1.0991948600031376,-0.5308040076746344,-0.42334517269463984,-0.12156995535298448,0.7576200795828103,0.8663197845135605,0.8030806212340458,-1.489946105199227,-0.2522039717265846,0.5583946324060168,-1.237059110679515,-1.0855015568355386,0.5259749579543114,0.24082506845764654,-0.7817736013209101,-0.38385517921306456,-0.7220853196595856,-0.09977766235105492,-0.328194421592562,0.42317413950156113,-0.5481765846212161,0.7573487829104676,-0.6249312951188658,-0.008601660049027848,-0.8153267214489235
3.2255128258196137,2.649433616457619,-0.754156886508121,-0.6531753231552418,-2.1537131472231397,1.445548489212267,-1.6179028646294804,0.12919514148407438,1.9206209324973744,0.7979274103078499,0.3285246590520977,1.6752791765906856,-1.2727978464426486,-0.3032827354100254,-1.611850703205543,0.058303557336503664,-0.7257229260045621,0.8927034686449036,-0.04763030641290612,0.9837555114983204,0.09980884742591142,-0.8000452393006443,0.2297300098567967,0.003926831949927988,0.9063905003098524,-0.32805112098048744,0.4296209618949893,0.005970939298005562,-0.8792650792443248,-0.872457437802105
-0.6530420460973665,4.518441074899472,-1.1240112058781133,0.15474370980054128,-1.1074905768700591,0.5950443226407899,-0.053072672795486484,0.465179259304446,1.9000576419474247,0.9425664783184676,0.028829764561548014,0.720315167813252,-0.9145214111690533,0.406684421487854,-0.2263278115425287,-0.03631531223852274,0.12382977624254236,0.9748987941574223,0.9548098366712948,0.10434351020185383,0.6027986082643013,0.9339735580777453,1.4231640637991976,0.5347079655563872,0.47806608424251323,0.6477298570506461,-0.10526576056195014,0.23256547590107685,-0.20230628792464803,-0.6304030726717373
3.6755050421043833,2.274872744698531,1.2019213426729851,0.7093522163134143,-0.9996663330726666,-0.2717733756793751,0.8904974907198654,-0.708497076121946,0.6611309073530965,0.02087485862981212,1.2806475680371716,0.7450439408472913,0.339443736902068,0.049498667307136604,-0.6337237627348598,-1.3588624919928325,0.23161199739151261,1.0542498244528453,-0.13240496145067635,0.9559272433301205,-0.617997639313372,-0.49162940491719503,-0.003423970933847817,0.5434844066958567,0.3690994255190705,1.0104912933763,-0.35902617357467653,-1.5277614333669591,0.161814635993631,-0.2466851236720815
2.2283770944284553,0.5623425224166769,-1.4136129054618036,-1.5187541961594473,-2.0185927077660177,0.07779767229142182,-1.0282509431371933,0.9487978043555435,0.4787981262635792,2.2071075164253404,2.1155444970186763,1.9940887301728625,0.041770123840075966,-0.7597857985737704,-0.6237836319032801,-1.3274258966797108,-0.5278818187816582,-0.03967327032242997,-0.3122998706511707,0.47905163833871384,-2.4037214669389035,1.5434444119213924,-0.2137041719960675,0.48006588686705653,-0.06801857682907124,0.7550288198551597,0.20748426920168198,-0.1657508887913732,0.2325751063895831,-0.24628592163618207
2.5614200723041227,2.0503261708349325,1.6767609423031582,-1.2786101179989,-0.3420225896557098,-0.08176531468566828,0.6025944199916689,0.5461312881584737,-1.8146647856238587,1.0940489004659084,1.0124611335276366,0.6906708879358271,0.08902805066049542,-0.7225376245749983,-0.2958232992167201,-2.3301513849906907,-1.543854778247949,0.5065854817404924,0.044211044062791464,-1.177233074316996,-2.377769139652739,0.141472386033841,-0.8772023694201985,-0.4521912502891649,-1.1078075947857329,0.4765276168581801,1.22785741538206,-0.5396391912483293,0.4952574086168665,-0.8762179705971939
2.5731841628982006,-0.1736722084219956,-1.3942019202422038,-1.617806080609452,-1.007834954129141,1.2443478440549955,-1.5846468107261753,1.5816896471283834,2.135609614055176,-0.08952757516525225,1.075301251579542,1.7082553001931422,-2.071022293660826,-0.5671456845274925,-0.7317961769885574,-0.2846675350648829,-0.8097860992538151,-0.1401092338833533,0.22360077837419143,0.1678993009213291,-0.2951637175883951,0.04237487111147952,0.3625584961262691,-0.7911017906895321,0.5686356328276698,-0.02506277441485661,0.5150890692867766,-0.050275368984724005,0.836466714012632,-0.7987599900560469
-1.4168910534889017,4.349164020043013,-0.3672463303378128,2.8050969382254243,-0.6212982153189982,1.7678106327490575,0.5669056431368394,-0.3369993251435622,1.4515614162392347,0.8555535638023344,-0.9589919934974451,1.7766707149520216,0.6940053573930077,-1.3367201655565462,-1.2524522920643375,-1.8083648612479144,0.08554461454793955,1.0210766788553218,0.3983726734157924,0.2479305382717639,1.3355375935506684,0.07588039861748357,0.3573473673502699,0.2667779067813147,0.3104128926971032,0.6502923935019347,-0.036226588267402306,-0.5834942862497052,-0.07914085491393896,-0.3923152427565754
0.8118904430974183,3.402157642221002,0.0048744427892009855,1.7439932599240688,-0.7752626850183043,2.0209937976510712,1.3309455475861827,0.15967514139837655,0.7034809743088587,-0.9807400853249858,-0.16344861656631818,1.0475353494762407,-0.47788200622896576,0.2927602495374835,-0.6148860715253907,-0.6290215706976323,0.4140121519789289,0.7267194644417436,-1.122914553126273,1.236687735187281,-0.36767979145755575,-0.3475678796833502,0.8963900905354857,0.1803022066822681,-0.5836922399586152,0.7085678818279616,0.5915443585604493,0.10174138263766051,0.19238108168951676,-0.910277817977327
-0.39772744420313844,4.962045033153688,-2.301565269866827,-0.4295153653693402,-1.5460244579573825,0.3598324955072437,-0.41068360784870006,0.35782715179484137,1.1074852210373463,1.028879868516003,0.16880730647489894,1.8238809155744464,-0.6869702206096597,-0.2610749559386021,0.024485448342088156,0.5368946255159018,-1.4369369289110017,0.8137036956108973,0.1717123464108193,0.04613838171026912,0.5465835140050792,0.14804677783888467,0.27731619741003055,-0.0962253653990905,0.5190584219166722,0.3973378173505413,0.9852778711501327,0.767560497849244,0.38355030861868106,-1.0432361350555577
4.636077475311158,2.0723548225717647,-0.12931104349482794,-0.8449940323802027,-1.854663504602654,2.930224308140725,-0.7701649773469128,-0.3026505638479077,0.5282928663536266,-0.39504135748089947,0.03158194554513299,1.5274450098241494,-0.84044086584264,0.9654523566219837,-0.8307001980504594,0.49783068681876047,-1.05111496445656,1.2075365312957593,0.8685923776400128,-0.17664859192872123,0.7546267680401805,-0.8252854389594181,-0.3201808682122646,-0.10485102746422449,0.10309891460220065,0.6228201072050694,0.6559691945951389,-0.04082480990065491,0.17754836228948565,-0.52256507933302
3.5719565132743827,2.7428223111131187,2.161992642486447,-0.7321858017999497,1.146730194826067,2.9121899652139818,-1.3963165851173127,0.2537437691946791,0.3109343558945462,-0.47870955213792205,0.8114205186042237,0.4921234652296771,-1.5058782428202377,0.1877301378651719,-0.8349595018860564,-0.06455640658630037,0.04747067225744498,1.4697968083277488,0.7618126012540467,-0.593154011356004,0.654753703129318,-0.7086268800718657,0.7031448930300024,0.25709115911711433,0.7514127380928022,0.9282741978126967,1.2689512181109426,0.6574720013601255,0.8852888446039576,-0.3865816564221094
3.182206501084899,3.0433976659221504,-0.5397582720005318,0.6840122598591087,-0.8232712587436708,0.7147838613363806,0.9773104673208292,-0.8909025475969209,0.44556877596821626,-0.11663802483865976,1.8415308514474984,-0.18830211138238928,-0.3895924173814179,0.04841952034943059,-1.1791016434549977,-1.0014153835355568,0.19207684573240305,0.701055472589222,0.12421426067797028,0.2110921036971207,-1.7246096344505073,-0.7543411264187972,-0.706847412278252,-0.682392455782176,-0.09786731746882861,0.41091240766751824,-0.22709477882172074,-1.3579274431748838,0.2716271086734116,0.2819755429451728
3.9212655370538174,1.0158099384604051,-0.617080425443451,0.19292797682789775,-0.8698704731580027,3.6159052754255723,2.0461983594114477,-0.23007896880198148,0.18351118682303103,-0.3044179294793732,-0.6984802065928015,-0.003274712247600856,-1.115702987483834,1.382792789360058,-1.4887095016201706,-0.07137082779268794,0.04658074415155283,0.6260617833105475,-1.1145347634938938,0.12300817380839106,-1.5507219195255242,-0.6092309908317319,0.39645795046049326,0.2919049026792825,-0.6552680340900067,-0.08151297310375223,0.20970635338428242,-0.07036934249276214,0.30349340961721794,-0.3822925272137622
1.449997039488072,4.716416266231211,1.5917739548458618,0.6736566487020884,1.766297276769318,2.466984393390285,-0.6380364755844813,-1.9645671496360106,-0.9431815155779547,-0.05126065046953643,0.05536919647628836,1.0125638689638974,0.19497510359624362,0.12657272413595946,-0.42331152036586567,-0.18972060249515638,-0.22094218791696377,1.7738462560120998,-0.45909424135362137,-0.4494990854183603,-1.090449344104299,0.3629576925358983,0.3258773058335005,1.027632199851769,0.4891687157119938,0.7099932667842267,0.8781653047688724,-0.06003855150692757,0.6054742869909776,-0.4249324150870816
-1.1777450662967481,3.864586004956096,-1.4214503282225643,-0.44723767762730016,-1.0150689064871548,-0.38353390877470717,-0.29491265545072237,0.3207477273414144,2.3578514746949315,1.4591009858423045,0.539735614885868,0.5005363350302325,-0.8445917446041601,-0.24718349534320777,1.0696066469821592,-0.738648896367586,-0.036158157755903225,0.1810137128368745,0.41507327612480316,0.475812045477033,-0.21549330177247733,1.1348713554068115,0.351991966522907,0.2839815412841041,0.6481863560902161,0.928156037621049,0.4525564792990142,0.3008019568638568,0.3372303814622685,-1.522776287735814
1.2063944479217588,4.067557688718166,-1.0326874136422155,1.1488893163768428,-0.8653148689423426,0.7715959473939281,1.0029302992350704,0.1761279963530775,0.5195374528726866,0.5011883400147978,0.8375284121361873,0.8002472646994834,0.3544533107265263,0.18895836063138777,-1.123634546426465,-0.9424159544426266,-0.7509647471853473,1.394796594469232,-0.9672757262165659,-0.6440857050801407,-1.143346433162331,-0.6319194477872973,-0.7009200735741429,0.36571158776795715,-0.01956952359845765,0.6556665731547813,-0.2633467207754922,-0.723190753756852,-0.5631999168443425,-0.6786273925437107
1.815200835560064,3.3099541110754407,1.302085614976821,-0.5098144917510342,0.6904129071780383,2.516746928175621,-0.8686959863857048,-1.0811288451359817,0.09726764856760751,-0.5528580097535528,0.16411728650817287,1.345425238241374,-0.9419862515146695,0.006558106239383754,0.057089472027807245,-0.8087773594972654,-0.7222286158768729,0.24851293995025034,1.0357477641095094,-0.5412064591539373,0.6131063327664207,0.4038168651457234,-0.47064270278998105,0.6378032790711735,0.780206060311638,-0.34036454329255666,0.07911363280906528,-0.5728683807376603,-0.2881170659367357,-0.7409292191294288
-2.0589855550238996,0.2785468138182766,0.61805236345732,-1.2660039835314065,0.2927142019088546,-1.6354280821081608,-1.8799475949796547,-0.6373911332739263,3.05237206783684,1.7862459433954052,-0.603199373598772,-0.01687255058079488,-0.906886124934066,-0.5055055640597539,0.6163612907682811,-0.36592172553099084,-1.0150503526504007,-0.7524791471880917,-0.47603249638933004,0.6431522354935129,0.10753623341058341,-0.40408868464176034,0.6997919750072845,-0.08537463343121075,0.2813876244134158,-0.3778583002873798,0.2659609335801969,0.3963151195001933,-0.614075894119846,2.0192220450313854
-0.9871495701176303,0.7975718191067831,0.369429359682521,-3.0771245991562455,2.2927371033151407,2.1344481833056688,-2.001138791314389,-0.29888159397922814,1.980015960018678,3.0026510973474996,-0.22699134717441544,-0.9168234529107075,0.5141484552995809,-0.4313355913835934,1.1217799438258853,-0.9498548106491227,0.6662590939994666,-1.0204233678972086,0.07751500101987227,0.5784290844235461,-0.820842596375686,-0.48082672043900965,-0.1886627942448274,0.49787929201006514,0.6727451605783517,1.2969544200876293,0.21946271739953951,-0.12612341148424314,0.9662513975192423,0.6798065207853846
-2.062240356166522,2.6291661236316086,-0.13048614756385926,-0.623214092704541,1.82665346536831,-1.7781212557009503,-1.0828636140849255,-0.7863757194843205,1.738349342755325,1.1398086151662643,-1.7944424189779364,1.321929309424239,1.2399363878785181,-1.0293178249355757,1.2387524709676803,-1.8094860731946572,0.3374816417205159,-0.7901584028781189,0.7524380842532002,0.19087624366021133,-0.5444351618322368,-0.18446260858628563,0.1255055360338004,0.6677904025122199,1.0480528760172059,-0.11885622951775085,-0.2882754670304944,0.22017451257725798,0.6337899423061296,0.13764899298851943
1.5839102452556146,-2.049329672192615,2.1580779619542287,-1.2774835232489763,1.257851269201112,-0.3391581473769414,-2.192218239857573,0.7812675399336826,2.437014902733391,-0.12891613356778125,0.33949550545533985,1.0797617732255156,-1.2620118193203815,-1.5223865673862864,0.8236967056568213,-0.00347861527292791,-0.4084985553588859,-0.261936786833814,0.005695223803142734,-0.527400815798378,-0.8947651757661891,-0.6946327785152149,1.0254716079435005,0.6737101542012238,1.449999146472642,-0.7214534319412159,-0.8033007814523713,0.3668443488626731,0.03872983684957218,-0.5412250406424606
-2.861916336369647,3.7702127872361952,-1.0151895354745328,0.11571253620743364,2.182481306361321,-0.25652959393427566,-1.5027194258427639,0.6149151075051292,0.7623032259413851,1.044397575204453,-1.2862919297838926,1.0871625439379182,0.7066699320386979,-1.126793272949484,1.098450735781015,-1.648766148673681,-0.9928417410700486,-0.9490281810110586,-0.35075997472252646,0.15735024307452042,0.16889396642829094,-1.166737565687713,0.018469809452667157,-1.1910453516060204,0.45790750189228624,0.18798704335442828,1.5221274596649716,0.3725101486848492,0.3132477192514733,0.1415917503178773
1.4056554113476283,-0.8601163748739082,0.6598733941222688,-1.2115768417523907,-1.4382649594770973,0.08697460594047295,-2.238540950236626,1.133730286195689,3.00891842765946,0.3523251341498263,0.38798801122153803,1.5025346453071258,-1.3931415815347714,0.5727229638598437,0.7583242219436876,0.07276358353504864,-1.3620790858896799,-0.35110864781738177,-0.34250509465345735,0.9523431310010392,-1.4067073444557496,-0.7195987974304585,0.3880856595278077,1.0036163822352568,1.6788716040951916,-0.23416667424806603,-0.6585836925087062,0.9653866440663006,-0.30469628618604216,1.0799428747379693
-1.1229027709285833,3.4705699377805654,-0.5044210394290716,-0.820986410150221,1.2939001238577945,0.9515636261968017,-1.2992705782753287,-0.7907084264723327,2.060382527221511,2.407002171430525,-0.3949449035407094,0.6631891264595444,1.2518541430913526,-0.21308026825726478,0.7095520171833237,-0.4394294905495608,0.21851200953994612,-0.8219595777843279,-0.028577182047222805,0.20616630635985558,-1.069006190326571,-0.4603565550603717,0.09933883698849111,1.058850282201545,0.8396776536970219,0.4833217336784566,0.3167097516417869,-0.09828133776780233,0.8821001127746412,0.19234397098066716
-3.4328630357241505,3.738758666620564,-0.772551712490293,-1.2949232815749374,1.7983895947571065,-0.008914155171087778,-0.30857730053735044,-0.2152229168947579,2.1390850768577274,2.9311031091544395,-0.7184836268691938,-0.8279391263855422,1.2619839417402907,-0.9745723032849408,1.8662653811010392,-0.7070400104002288,-0.0882785282817618,0.302392026691326,-0.403392268054416,0.9300623769981896,-0.20054018014257824,0.8834948961563829,-0.44546210607249215,-0.46813261177502247,0.6608034875729571,0.8705727764446531,1.131859855276698,0.03883802765341715,0.7992285694258934,0.1231162246998758
3.7272034107238468,-4.439726733036116,2.0342017471020344,-1.4484014084542665,-0.7656172469874795,2.6461620995681794,-2.7299295712992406,-0.9406045059257963,2.5560361527925695,1.3873028506447889,-0.7116403298058932,-1.4456624596498409,-0.7218609474987088,0.4910860768962962,1.4563620877324346,0.44680998950425727,0.3408084813203685,0.9753510900083856,0.9074054792233889,0.004539432560838844,-0.1630397638576029,-1.450738031230134,1.5671009066079402,0.6255648847487396,1.112321186331181,-2.3091406289155323,-1.1006539673377165,-1.0676673423845746,0.10513855681353727,-0.4904656167373387
-1.4353797395161383,5.392537077087066,-0.7941124066222279,1.7332310448742394,1.940942126770019,-0.24757518490778932,-1.3200283119122924,1.2171227190837004,0.7335683962212056,2.3770915479886985,-2.0295665473305244,0.7317790417323368,1.425032275157945,-1.083194056908827,0.23623499822876257,-0.8791827089453647,-0.8305690288778256,0.46676085577871124,-0.4484820126554157,0.15435755070804344,-0.06348081732241567,-0.47370221474741264,0.43101671572582545,-0.10178605739091356,0.20451267351018937,-0.47027846748796065,1.1983416998907477,-0.013232463932048981,0.2610204586750662,0.45005463924108846
-1.5398766019614365,3.4022676975623316,-1.690378672729644,-0.7108654719940669,2.1685833285761693,0.48726710026697667,-1.0921682057330717,0.45246334349744666,0.64278487846979,0.8315959015992329,-1.016924338008914,1.5434839529642999,1.5548066416815278,-1.7765376963853405,0.9169879764746073,-0.49981676278378534,-0.4870004906607464,-0.44942977525225253,-0.18689847698996698,0.1338039955587225,-0.38168540310313764,-0.6935578833651519,-0.24136744618058237,-0.5103067067329232,0.536508456457877,-0.05700630579368971,0.6762567482820772,-0.5351644047897537,-0.3145963426286241,0.0961417714528785
0.7978683582039675,2.1949404300108557,1.7157421519228013,-1.2361073772553202,1.0534076164003603,-1.0399898814160704,-2.4654265167628138,-0.5189520182527981,2.104589914810179,1.1009148524635586,-0.6189615004025506,0.31931563263348445,-1.4459162902213445,-0.260834363844604,1.5845108307952882,0.24545037571649836,-1.01046555182508,-0.21162539847450132,0.47718607524630186,0.5958605720471765,-0.14877954848302155,-0.40042023622191086,0.6086737106333403,-0.5169292518629011,1.302069237535297,0.26682122687370147,-0.042664030108294816,1.0096399992021794,0.5343400884307521,-0.09305065334956741
1.8824547032487824,-3.8443758018544667,2.028388524192198,-1.850875949351622,0.6050926760655742,-0.03100587113231525,-1.115449485804313,-0.4024185085252445,2.2780452647697262,1.156798237648617,-0.14167612746868644,-0.07401724417329386,-1.1033466283015383,-0.0007939750322705433,0.27051428346875495,-0.15930636834892617,-0.3526503506081282,0.002673676099141892,0.5805010753731352,0.2591506910135132,0.292257308525832,-1.1130870495864558,0.9547653396763965,-0.3968044976023506,0.16026084681472658,-0.7464590186680004,0.16978834285039848,0.476139799228578,0.45824715009565214,-1.4852043660875731
3.4760737153716033,-3.003220394116594,1.882040092503121,-2.2085418088022633,-0.02980824609201984,1.493370155294241,-3.658885640767524,0.7163800088410193,2.745418575575799,2.158054932254284,1.0666809438463338,1.1033573859536936,-0.9806295199121532,0.26272509936723654,0.44887171328109526,-1.4193862938173054,0.5809622867179762,0.32919032202750165,0.7405841232565269,0.39609908966796914,-1.3259364566221483,-1.0097855675325131,0.14934826130323411,0.9440967668902547,2.4927947037770926,-0.3344209598737525,0.33524392245851303,-0.6017605549614158,0.914044516546493,0.37788726996658945
-4.570132503140598,-4.274995785697687,1.2766047278141883,-2.316681583521898,-1.3730761955840143,2.8596777645132088,-2.431505319336794,2.0156795575133994,-1.5334286157117631,3.264486730323354,0.9064147361888983,2.39810178770123,1.6540069579110428,0.31211138350451934,-0.14604273620652755,-0.0932824417910755,-2.317537603103286,0.4051124194582842,0.5207637056539863,-0.3934293153495394,-2.660329297855995,2.011320286639231,-0.024601106285506127,-1.6294833058857325,0.6951823859420908,-0.4006364689939312,0.23484771352728667,0.15159596483029159,-0.10568698607355985,0.8296909834041989
-0.7937349083878279,1.6390852844999857,0.6470247644447638,-1.630802220135756,0.896255813633651,0.9868835570863912,-1.633827525715892,-1.113247761073854,1.7664134836151208,2.447304961092682,-0.8563011876722834,0.3015397699340721,1.794456023985432,-0.2868477536772604,1.3368576000869195,0.9778173357797293,0.30555945844331117,0.81792852135064,0.27698382640287705,0.7278331132859274,0.5800003145612231,0.42319865214576485,1.5447505206347025,0.9728586154871812,1.2695106012235502,-0.7458321531536273,-0.8886319462806902,0.07947672550937679,0.06721325608195171,0.10002894637320858
-6.368284824509573,0.3601042169333253,1.2343427015684372,-0.5196307736857759,3.1206235505684914,-0.7005862173085553,0.49161718308861857,-1.9454297985122788,0.43402732139152544,0.419116048178983,-0.2933561119295058,-0.4980430967747747,0.9786403179545143,-1.0130400662497883,0.9372949203927354,-0.6094016115293225,-0.7243662186604932,1.4520831333864483,-0.6980976096970329,-0.22746377297593648,-0.15184788362102047,-1.0856891095584609,0.74489271369398,0.20017613495435127,0.6202608989118734,-0.8723323706731264,0.8158639161055479,-0.353780824514449,1.3100606823089587,0.3042755878167781
-4.9954693322979855,-3.583285116958887,1.7760596318850619,-2.0290382128832523,1.4084574206855007,0.1379230338214777,-0.2587902183174377,-0.3219438663532064,-0.16302042225165017,0.10226627137728332,1.630784081574994,-0.02166435613456784,-0.6156028133281334,-0.2341882525949594,0.19604785639035502,-0.867039309874155,-1.432902633929895,0.44903050553325047,-0.4277913256959021,-1.0158037893986709,-0.5098466202523578,-0.9288003120693601,0.5047698063110723,-1.4683664609554223,0.8995342241911907,-0.47555903361413293,-0.4595411850627212,-0.9625357670517122,0.3393619659581024,-0.48971008486492773
-4.778874395230404,1.4113142338401112,0.13458467796407422,-2.9336763424593912,3.053236038514808,0.23305906505228677,0.3074273577040467,-1.24558496098242,1.5631540195857616,3.0223134735008426,-1.4980775888753441,-2.3280617762785325,1.6540832730058412,-0.9836882385374273,2.0798115045302312,0.16443694188287653,-1.0551695056173382,0.5854266760772058,-1.660843960705009,0.8143995124422156,-0.20563183078921468,0.14756440108612542,-0.35738370640043404,-1.369705470414649,1.7534917992535488,1.3079056016400896,0.055041809649246584,-0.4874325429748927,0.7444735089962136,0.30553219483563376
1.9482962811011388,0.7647927992158746,1.6451602196383153,-2.1755712649010883,1.0302683711038831,-0.06795123580461952,-2.2358910586374785,-0.4144689373361721,1.5685213237197582,0.9446243476920781,-0.39516018432272443,0.18526984721266873,-0.6138813708622696,-0.3682269442729628,1.7130071875863713,0.18672246878713025,-0.9240211733312522,0.12977184945749073,0.3465119866493408,1.0505110892679945,0.453057510132307,-0.8561088416165843,0.5473352780477975,-0.5917808378372006,1.2689843572365376,-0.5638203617734178,-0.09258250601329696,-0.8768090553236353,-0.3599719845875095,0.4260582609474529
3.6215120597167743,0.4441304945530753,0.03627182085723508,-0.3787921902044563,-1.3854938573842324,0.956570109418504,-0.8632151518232745,-0.45179621126116065,2.64517497428886,1.8299667080706115,0.2873007255928964,1.3214446635090698,-0.454537650718204,0.6684262251862658,-0.19764197377495166,-0.1469527000255072,-0.6427539393011802,-0.8881798939837025,0.8486658570882459,0.746495814682229,-1.0413891878394665,-0.2650197694064808,-0.1737372838261045,-0.16198149185484234,0.06994329817551281,-1.734803353877606,-0.8890678862771988,-0.7126154906977978,1.7652016403125643,-0.8306360905065359
1.587682922196537,-2.1917348106199923,0.7806735889978776,-2.459603314873365,0.1578133905040245,0.5302781270666184,-2.1329689943341847,-0.203413698553669,3.2547284240281447,2.0054320976145057,0.12774423412105013,0.10578947401491277,-2.1290299317151047,0.8064033322024259,0.8325157017204311,-0.9942609073089022,0.4146645474011293,-0.30419902842380014,0.06777063472619325,1.0890120085141426,0.08853110355249445,-0.4223442061146773,0.40715213656511295,0.4012502711927272,-0.03385345375334103,-1.5335806302363904,0.264214701486244,-0.20234460447464184,-1.5722092651317414,0.823528548574537
-2.806987127082312,1.720280896985893,0.02332368852054391,-0.581057766457486,-0.11767275967967476,-0.3190464151452076,-1.2514187068560187,-0.8768248776049876,2.5939663307715852,3.3960598663595283,0.18394168699984031,0.572175610242814,0.2222774065042,-0.2407860277324862,1.2063226952818988,1.717770900290494,-0.6783006576328607,0.35934443017695133,0.24174060152909058,-0.45985605092586396,0.2831252261853421,0.22990816117013205,0.8396002249607091,0.5287035436774714,0.24805693822026836,-0.5687880412595442,0.43045899142320004,0.9416850487042826,-0.1723873413230056,0.5322261720389493
-3.091882134833504,2.652038909242896,0.2043745739392568,-0.8884236918557438,0.6850845737505693,-1.2960524122885866,0.00648141004297514,0.1643437646728446,1.2013422841199353,1.5541396355823285,-0.3025444627447798,1.28291159004363,-0.7258239173338187,-0.43291585565312096,-0.12639145740090654,0.20567559753975065,-0.014867813248836178,-0.27886777788266287,-2.0360577748695032,-1.3842896099559567,-1.3823807799167804,-1.9508789257073476,-0.36900437096668504,-0.4173344936704928,-0.4639996657381107,-1.5749691001389596,0.7224443279783235,0.6226020895680308,1.008333102585445,0.12393660667379117
4.8352505347479715,-3.460390267071547,3.0166319480658905,-2.070704379585707,0.00857387152421047,0.7065942412247648,-1.8632948867519672,0.6183235012697601,2.2097800169310817,0.9681131146830586,-0.48006029576529685,0.7972954561499515,-1.4588632061037985,-0.025163912353370385,0.5295107738722576,0.8803486727575452,-0.8171285923568203,0.8982743319269619,0.5225433658422683,0.7523376246331552,-0.4442708256498342,-0.656868010039134,1.1964251158482229,1.6442661210479363,0.6064471693007623,-0.7908045846034362,-0.044866241915602,-0.5186738193573421,-0.6618949021008894,0.5223601821323713
-1.8949068933902624,-5.094335267045476,1.4376822628341386,-4.683339646420233,2.1617908207962473,2.796884849089764,-2.4196523982070732,0.06677904116061521,1.1841813106029049,2.5756830141363842,-0.17916301622476352,-0.9239087472232392,-0.3018147012352634,-1.3259886133523144,-0.17372458738714017,0.6959746169532162,-0.7089946316381838,0.6033802206720744,-0.33787002126814036,-0.38989212249068683,0.4587362162985351,-0.48411175055604566,0.4622442759581536,-1.63329189072808,1.495064791919965,-1.1684469737302026,0.07078212334606145,-0.7030028268304725,-0.6475829812321509,-0.39977424859308996
-3.711423302778393,1.843635163975719,-0.06853168592553122,-1.2688942070622249,-0.04816777560215058,-0.04303970594984148,0.019446140678296656,-0.3713500999646166,0.9761364994102475,1.4392810607803699,-0.4359127842406993,0.6358051674598311,-0.11207171837959046,0.44467515919401857,0.014905701510005247,0.4597896136663634,0.06462542366075723,-0.16059919213694396,-2.5732340026266898,0.5460522980360292,0.16459611400733395,-0.9358119353662158,-0.7110526071450007,-0.4090123196755195,-1.2362720605261006,-0.4524386011529108,0.6660693614729,0.2852766839244651,0.018585964988595677,0.5927915054727348
-3.7875400412621025,-1.7705169657285809,-0.8643314676068332,-0.14066039927848584,-0.6768110859657445,1.1393692404072566,0.18600812664856192,0.13755909269541639,2.2654005527336696,-0.883784356354295,-0.13750788617540788,2.5787614430163397,0.7453101966655127,-0.7101457199972526,-0.40716397847182273,-0.9003288039819598,0.14347656380225665,-0.5452101899529391,-0.25685144642911617,0.578782348588995,0.4491890917025048,-1.4629968463351068,-0.7910306074996977,-1.7661047290493397,-0.030029919153217313,-1.200857824862855,0.3175858061964172,0.1731730427235802,-0.5246320518794582,-0.5034078381636348
-4.572087556453585,-3.1430585692570454,1.3968241361353801,-1.2454795525033575,-0.3058257657734946,2.09882919156853,-0.4464271435847327,-0.04660809417167467,1.1941466559986618,1.2450628704758844,0.07614791787861364,1.7332010351386469,1.9737600218054714,-0.8120015648266745,0.1572361754706574,1.794890183640836,-1.9883663010419443,0.34559407483160504,-1.5499906453022492,-1.0933972544211061,-1.6233573331811504,1.023767425347499,-0.08255904667123336,-0.9428375417336651,1.697537710673945,-0.7352508109504894,0.02184456999982663,-0.4939544227710289,0.8786971913362024,0.5434528995777009
-3.2341490373380446,0.4170086313816878,-0.9179586749820322,-1.1199826737277736,-0.5881589301895587,-0.07435340013129424,-0.8241258356317874,-0.20607520847048358,2.892900650757368,2.0998709577710444,0.10360657696048095,0.7471791005338082,1.0183963221978687,-0.8479186641589057,0.474283144740032,-0.7837956536658899,0.05749022870408189,-1.5528413933452991,0.6247660201511087,-0.5183681784241873,0.26815526949668006,-0.8114029032839692,0.05485403144397712,0.4329585919735892,-0.8544784076485551,-0.27531707171275954,0.08130934834196013,0.5672460247696569,-0.2982280922302132,0.5726614522184454
-5.30990248397282,-2.5637683619633074,-0.15042376760625376,0.7696338408783666,0.3646647234245926,2.62521366020559,0.6626912296200774,-0.4689187320660451,2.1184447677145872,-2.2580697831614573,1.3293464026874098,2.7078021813652375,0.3646399061234205,-0.8551094860168997,-1.6130286056750416,0.040604644916267814,0.6072485279775711,0.00750962631011975,-1.2852642406833776,-0.3272473843395207,-1.9547502012840987,-2.3638983343378817,-1.826778705679687,-0.27613131900619486,0.9574003766375527,0.03964326481983934,0.6379299353461192,0.29680482480774295,0.8471279740837868,0.23887887867672003
-1.7090016633114817,0.864664355053882,0.6869860162193858,-1.5451700802120611,-1.2009326933250413,0.7100864782069398,-1.2059193706820366,-1.7199982597081946,2.490199540137517,2.7679120408815416,-0.09346719910119569,0.40895448075648116,-0.16187894936957486,0.7918734604087451,0.7204962496208785,1.4294104852346234,-1.0832294340033555,0.13085088870943717,-0.3105162903732778,-0.6478439272989495,0.45237132307707295,0.25516171788608577,0.46402636072178044,0.5905338355627584,0.6442726291912415,-0.5563549936399224,0.30900854772389635,-0.16046231951551737,-1.7765711029576288,1.012553575962699
-3.232450024223768,-3.4120078908012537,0.6870266631482487,-2.8604803779167165,0.5328608353748575,1.937790224429289,-0.2993802072628952,0.3596871549574355,-0.289003933155749,1.3042496005637045,-0.11301263227439287,0.6397811676096392,1.0217748983966228,-0.29154325615495974,-0.6693542663660476,1.059641056712887,-1.4494160629033197,0.8131626583642583,-0.8702336622815796,-0.12925357435833024,-0.3943360298749489,1.6741511003427418,0.33082719238160185,-1.0838202733777385,0.45175201309336227,-0.5590739381306968,0.6442880564983301,-1.8744318646936007,-0.10770368919805896,0.4810526688377606
-2.624579885584876,3.5772858201261513,-0.3032696482681658,-1.1971906675941868,3.6990409591527538,-0.7631646947232973,-1.2039654654406517,0.15702954208447845,0.8169899354468614,1.401007718328159,-2.0754946759260697,0.8118108380234014,2.077720562888903,-1.934465878313361,1.9552754535960664,-0.5197834961681467,-0.43814778935066706,-0.20278608110250979,-0.47905259412991436,-0.5483913957401999,0.31060819892227365,-0.49076543956604124,1.307051602554348,0.49477468740774555,1.0366360394043967,0.004913104728725475,0.24317922177896026,0.18871693901654177,0.6441407958893084,0.3691767338290965
1.6591268101627115,0.35073635926217694,0.1095983926188303,-1.182644724623364,0.4424999852366413,0.5025284969631092,-3.7491774480100633,0.04693124991351991,3.024181666990206,2.870553918164253,-0.6086934432879489,2.3509296478667894,-0.8481640292262449,0.36546239101946837,0.5424763170455748,-1.529023194418613,0.4483399072865727,-0.10724786184899254,0.26322096133001266,1.2401452234609553,-1.220754886303644,-1.0354810176745937,0.8133898041234598,1.5975084300278375,2.309559704139444,0.09252109294485128,0.20069967907064298,-0.11898414271831732,0.32654051309778853,1.579434207053713
-0.3864060558552728,2.4207720308036245,0.4198929028696018,-1.51202586164554,1.9640501219122781,1.1850051791333944,-1.37165783570953,-0.891876580455367,0.4331158269333446,1.4652375278778262,-1.415310269916473,0.7709954618070256,0.5227682038225568,-1.5728383433651243,1.2559028766681843,-0.07760164789938351,-0.7959287857449954,0.29845280638318833,-0.6379907803507732,0.5936066824426294,0.17527354120041067,-1.4846008356662002,-0.12960366312185478,0.10629134510661435,0.6179028639528045,-0.6263096426834931,0.246274249416205,-0.10501736926582415,0.8101811204873108,0.5755813862851635
0.47531706793297185,-6.148241687955073,-0.34492823266686023,2.4480766312141373,1.596613598217823,-2.05108861632709,-1.9844437003796924,1.348245920589966,1.2781612923622647,0.9735226976602049,0.18778438693048757,-1.1259550476227849,0.10961159297559331,-1.9864713211458978,-2.788190551448808,-0.17899309431882135,-1.5064604189252448,0.374404048861807,0.24865478390676896,-1.3979910113914684,1.6571623971312064,-2.2384427219644376,-0.45265953150196947,0.6287762020028249,-0.8490431103654603,0.5130568115783329,0.3733339148845896,-0.26668835813282976,0.1057805531671861,0.20939640029360349
3.6420139569264323,-7.699066605358532,-1.121601530925037,2.066040304629257,1.585423772221248,-0.7708238663070178,0.13542688046632698,-3.5728191562078266,0.29786429432277123,2.1516630445702463,-1.925849069160706,-0.8939785131177937,0.002783084626936394,-1.001608400451045,-3.832868486383801,1.1116939202481468,-2.035604909839845,0.37064200932168595,-0.5299081979187569,-1.1010955249528807,-0.22296610533383823,-0.5994753409453644,-0.18301016624537286,0.9928215364283873,-2.7197639816477297,1.4759171181962276,0.23893341988618186,-0.05047469413514341,0.3975374665455419,-0.17157735736930316
4.497015173171489,-6.744450317243725,-0.28142242537554213,2.898593170046819,2.9909523563659977,-1.0645838559679945,-0.6498139348045641,-2.192996228962836,-0.8733883976492239,2.5831888514663235,-1.7678436869585668,0.41282204760589236,0.1839600672421501,-1.7275909300413745,-2.196489902396749,-1.413156261224882,-2.1261333326811602,1.3172273220982424,-0.13573812974533123,-1.0684465758211301,2.0179629362218754,-0.9923830785696378,-0.9119506761996202,0.9707486047148389,-1.641757579342247,0.7698783056473472,0.15862644198681408,0.5666241061718817,-1.7928603104072107,0.2593215132741046
-1.10621937947063,-6.99764882857168,1.4105948945907374,1.3896428371128058,0.9690664097648082,-2.555023036652992,-1.3472727650206893,0.5707144905460314,0.9426461761789461,1.4209917932732563,0.7304366961678572,-1.6371254093374037,-0.5530443297345192,-2.6479250252793083,-2.424652890134467,0.5604186732632791,-2.9210137329416206,1.6474957823688428,0.008096188522868294,-1.251075314872825,0.8270822074223911,-0.5080710429932724,-1.2370097289421873,1.7685724013526356,-2.287944754718245,0.64996216537628,0.4431937301683337,-0.12746649209301078,0.4820332990823843,1.5585673577858983
-4.043851542917529,-6.300647835966398,0.2590093559264497,2.4205256225863447,0.49181057265886047,-2.8965434668502015,-1.3164822778585874,-0.3561076010183667,0.6045385187719203,0.6545264888441492,0.45588771819719087,-0.24859294371147447,0.12896470176581076,-2.883975798873915,-3.146293537174172,1.104500446081702,-2.9276407816880563,1.3620682415729783,-1.1058396123529644,-1.8375075517978674,1.3813659872067867,-0.32046098716698257,-1.0859978055191977,1.0341238969384248,-1.6384997631308904,0.42599852330406307,1.0627152683816998,0.2124753247857944,0.16541881632718627,1.0012271748830215
5.335961149736065,-7.107558664501511,-2.8820559952443423,2.5576730942739494,1.9291656261004864,-2.205868068260288,-0.03855249635152041,-3.0361769607976643,-0.6753174476790192,2.896555510188545,-2.6231862378868205,1.3876296421302703,-1.1695715461917382,-0.2719503637446246,-3.2850751288289644,-0.5456185085618815,-1.9207129734106785,-0.5119544855341143,0.4032483569660341,-1.1880498974956522,-0.31194088270255416,-1.3410105135400707,0.1585493397180207,0.8990682910425037,-2.5510421748342487,0.4044544239898351,-0.31786385024794833,0.08729293540163141,-0.918060826387898,-0.48608778111602247
4.745057788552933,-6.125001899433466,-1.9913168923593236,2.608973651584082,0.846840889951701,-1.8501772810839234,0.016935305475839033,-3.0274692517956727,-0.6168994442225273,2.142398853229589,-1.140036674447641,1.3218268708396885,-0.8022663092525879,0.5138636420180211,-2.964059045063013,-0.16358821278063185,-1.2470415710345484,1.5491944308461933,-0.38805432322739875,-0.7306974183896896,-1.5313869743403323,-1.7957847454930607,0.18817275256086202,0.5543410057038748,-0.7054682297874911,-0.014882873120702083,0.09863309431526948,1.1575117707044695,-0.7889960074972436,-0.20274320855513972
-0.32028351163323276,-3.899211494389733,-2.3757735154756507,3.0573077546895666,1.0733242366075804,-2.1642310700731406,-1.724421274073911,-1.0847366321295848,-0.0011016156787746515,2.5443512615616983,0.42005544084715774,0.34908696259236843,-0.2361910251375371,-1.9780863915845313,-3.1862146813921846,0.7206461410260447,-2.0734425678146042,0.10297703137669441,0.22768524554776898,-2.24743531027995,1.4709052883923965,-2.619055217560849,-0.6960663103027278,0.500169963128006,-1.9934671120972307,-0.30557202039281234,0.7255657296186306,0.4566532797133027,-0.053331451295368815,0.18623760008562643
7.798891497650758,-9.219894673479251,-2.5429871383227627,0.35443083061366704,1.8419103423427714,0.4917690777511769,-0.2651466415373069,-3.5766769613470735,-0.10501711284331283,3.2316239361656844,-2.2695588319884714,0.8616646884016009,-0.9157645165716585,-0.9386693989483483,-2.8274293048739416,-0.5280313930389168,-1.8033603657692343,0.08992744231670675,-0.48555519245849466,-0.1587765727429762,-0.0904543513902167,-1.8589889177785053,-0.3331654671880962,1.0318775954681476,-0.2209203164979258,1.871454928682268,0.24461503162761156,1.200353716970178,0.6408881317377081,0.36770049431849966
5.6110112977649,-3.929862463359155,-0.23563665387876967,2.292090678446534,3.6177109177608933,-0.4042409966683139,1.7803177864437831,1.7000741985546584,-1.251732200378742,-0.23998236139037385,-1.9190652614484056,2.0879108546453407,-0.21448425525270828,1.0223021113410664,0.864381789064158,-1.5746940144212915,4.215796123840384,4.543834509071596,-2.5062119975762593,1.3233325011255832,0.03784061899469026,1.3722529813613322,0.08895990840270536,-0.19521359628826473,-0.8980364625551862,0.247034948877131,0.41136090139341863,0.5468395396808822,-2.324706712759066,0.4363266772295652
8.338224491200998,-3.1396115523904014,-0.866651544757775,3.826779191092548,2.0961943446536964,-0.043860633304477196,3.082218529518435,3.0831253917437675,2.2537645022589987,5.146935510354983,-2.6999445125744863,-0.3328595868063636,0.22427039300510168,1.8696621324900702,-0.7253780409699987,0.7880805833976935,1.9266749641086593,-2.3241604309880235,-0.9238193480038405,-2.729623150668153,0.6918667393449872,0.3440086699796515,0.35472711040922,0.9228237077245638,1.769611483341963,0.3704312446656989,0.33653478550372495,0.15921535270223114,-0.8168121443902786,-0.6173396838261952
6.91970343135395,-8.639847594329748,-0.6078451070586368,-0.7308006083933308,3.2196565270302457,0.8796657654066531,1.1304564206509335,2.6487706313711943,1.7843242865368591,4.8494591161340175,-0.9180044343707351,-0.6337450509250346,-1.3528816846937781,1.1748408497492973,-0.12377815730618008,0.33489940927802625,2.2056000845073127,-0.15430034998593875,0.8922572863699811,-1.6130542283354903,0.8506932243866753,-0.4028151773698399,0.29379751621294553,-1.4752781714609,0.8000162171581054,0.47171236969222324,-0.05143730021624866,-0.19575584784838823,-0.21042964153237734,-0.4906217302370148
8.102438215430773,-8.866528915338378,-0.12681096753025398,1.7681856245389318,3.656201841020802,1.2837822307944786,0.7936358721291581,0.3663234961251806,-1.095041467288907,-1.140310009119593,-1.1126431075601235,1.963293721298453,-2.419539388937664,0.7438118877202229,-0.3386098377963923,-1.0651953551849211,2.9131038479758744,2.2111616713029054,-2.0884752018238983,1.06470144111236,-1.4980700772975757,-1.6714504026727937,-0.38797005631509074,-0.7905498502044154,0.5436970986968731,0.02641753703929889,2.0081164130895885,-0.10523799594227606,-1.428727484374432,0.2219871067599401
7.53748980661741,-3.4252955046575417,0.05934235627083283,2.257187156003845,4.594148075439661,-0.5382773876704159,2.993984215256113,2.7909440825836516,1.247924669509149,3.873368941244318,-2.3082565828866386,-0.8995582389024115,-1.4847098139493236,2.074894826462538,0.35225942940281874,0.33123775574614545,1.983070407982479,-1.1281555436556616,-0.11915260400254434,-2.062973211806828,0.021484925210590974,0.925364327152373,-0.0876362749773707,-0.3156871235548653,1.0859493363142667,0.2063260444706576,-0.6668775629836214,-0.35643002689967584,0.2239161081774241,-0.4740761324858635
2.718090985652793,-2.0747520328662326,1.1851275195287645,3.6923589875258434,5.162001028332285,-0.626436528163136,2.3857137004989597,1.8643603888066393,0.30743507134271364,-0.46574676084996974,-0.5022003973956527,1.1970096828378187,-1.7611702519720502,-0.7385263160918183,0.5938269541748045,0.059794207749808245,3.6633866494268257,3.4093417161050743,-3.6688728061140785,0.3552552517936294,-1.9448080085102448,0.5796441545865046,-1.7059881330466877,-0.3548324445151497,0.4115436889525642,0.4296982039213312,1.4988485548766117,0.7488775990023532,0.15278074596699767,-1.0448007700837567
4.467935813014076,-1.1103149844091578,1.2778453895678166,4.0438396044511284,4.529088119120058,-1.9433963322402146,2.1540256278430716,2.856569275542802,0.38167205472143906,-0.09456367936167093,0.5504359359409748,1.2290587623544738,-1.5029262832988146,0.8888910012679165,1.1501946045334812,-0.8189129833429376,4.842468732589189,2.7614713508063775,-3.5340857225020494,1.1802886702635427,-2.0549256076341145,0.4230024782598509,-0.9438365684826457,0.7777937565803266,-0.855281492399261,0.9955242779874549,1.1373207491817297,1.2422491424178603,-0.9405509384718503,-1.1800849600281267
8.318176394078382,-3.2298581644468087,-1.54576816534024,3.765437085744326,2.791952307765941,-0.673010462877552,4.279553919544195,2.9788912692229355,2.487457593917925,5.0442840700920515,-2.860527366290348,0.5648221034305871,-0.3889583102064309,1.748498586540162,0.2675340318422708,0.8332894343394851,1.7500810498856334,-2.862206458079739,-0.26768244684627535,-2.7092388188586587,0.6052753394840709,0.9763210076997819,0.0532725236876043,0.9794986163914162,1.7261987117906084,0.13945961541947874,-0.2550602044158412,0.47595581709499013,0.1569514530238876,-1.3609149095520694
1.8846351683887341,-1.840274177675041,0.44989131194378734,3.2229112329989977,3.931682196249604,0.33607119897328924,1.0415977184838858,1.2427811731486067,0.10882658998268335,-0.9425783290728024,-0.08539153807690014,1.4456512776683155,1.5716060845178992,-2.0723633088268465,0.7789191457654383,0.32512751794536277,3.5766142242548193,1.6083048798136976,-2.0313759941330374,-0.18024134312814907,-0.9080825250600585,0.9987955238131768,-0.5806809656572388,1.085393825393198,-0.3351964005318995,-0.11235134431290447,0.8080047142225675,0.31950035986954317,0.8900161409822696,0.35982588216706374
10.51073561474902,-5.346075022500378,0.32494789634314714,3.2109479503248566,2.8725271703389983,-0.4494099406212906,3.026719382559819,2.8534042723625794,1.8273470567222676,4.723523860835177,-2.667416862913988,-0.6084489595714133,0.4333014639000129,2.0085315046160366,-1.4907774646765466,-0.12344271317389305,2.275409781546725,-1.7934424841157988,-0.7312753077520711,-0.7871897128127724,0.5275164835125803,0.1977401216229408,0.9606565812095277,0.6724763823024867,1.7037876994137175,0.0802284302763898,0.11376504558767019,0.16417909278509454,-1.1830598353214246,0.3681938308753032
10.37044920167696,-4.937359145345659,-0.8337152707325375,2.8528104432631465,3.364151065061501,1.3471726594166218,2.4616317847939944,2.7573687795636657,2.060682480186555,5.148510218351033,-2.0240174828159567,0.050509085427783026,-0.034682687057570695,2.5702349459232248,-0.28119155402500523,0.011123184963251185,2.3788672086650364,-2.9355086750196535,0.11142963697651978,-2.224613629000333,0.8871959851478133,0.6416545111415598,0.03058814403136299,0.36788812926372744,1.7719120054440782,0.0878120470242803,0.002080107853091963,0.3285723246774738,-0.9664162988389926,-0.715522816033505
-0.5635408355561236,-8.026962441249877,-0.22718122181765324,1.5255433536167282,4.923528328808786,0.736253560322142,-0.965618967984832,5.708745707356281,-0.4127131818680158,0.49810500376371025,-0.18672031278024465,1.5638976398978843,-0.4701935017808004,-1.0946392462676582,0.12741138183123002,-0.6749800277024309,-2.844204878461039,0.4088740315192547,1.4398766653171842,0.19694036216145983,1.3234280201760904,2.078498307084462,-0.9325923914047749,-0.3022130447678165,-1.1402078780015872,0.8538681401691044,0.9246223890441035,0.5146407387962381,-0.04757505506246727,1.4553405717463803
-0.7203677071647591,-0.2640961782468217,-0.7804537650894655,2.4535601275450345,5.837270158491337,0.5186363780923753,-0.02137800878126415,1.874702749545994,-0.874087953196005,-0.08231092382106607,-0.6595901806571577,1.3847960911679307,-1.952699339725541,-0.14566414461685168,2.257725901761663,0.012374262128652655,-2.7002836844242366,-2.401072111874555,-0.5358568732278616,-1.0130723220004474,0.3085712539023544,0.8385998036339393,-1.7627524654792244,0.327504445139023,-1.5621280087746154,0.5266967695138932,0.9965443722386353,0.057472078065054,0.19941600581126628,0.3309606164374806
0.2672398646349918,-3.6808665730301677,-0.6455846706316308,3.0095217620509054,5.6110404834787255,0.8527730932934291,0.30115267735049245,3.541217174634281,-0.7966717069374533,0.1975430813595428,-0.8628884007491151,1.651254572497553,-1.504146662175025,0.9829468620215883,1.939709786394217,-1.0525087038853917,-2.151131889941612,-0.7972192936169057,0.9588953694213491,-0.5095118609825074,0.937315711170474,1.711378789034892,-1.3480062477964616,-0.3849351689535174,-2.0173377485240795,0.2840513566213475,0.5497691513300521,0.6809403894108483,-1.19953103856325,-0.3166449674997907
7.149392740476861,-5.984659863338862,0.13311818930933816,3.3719227131188263,4.395048740225678,0.9995947183870465,0.9291802108095215,1.7533975932320967,-0.7763739153016013,0.3845966692621751,-3.4342505588416223,2.4434486143184726,-0.07919401344136003,1.981366073833909,0.21567361498493426,-0.813784179051554,-1.8394196172754906,-1.3711154031042136,-0.2384357886571413,1.2748220886877848,1.2642679128790133,1.485237084124377,-0.2604084392946795,0.9561397530701095,-0.8528434712629892,-0.34556797793981886,0.8482816866391899,-0.28351549100934337,-0.9469616124207322,-0.303911092777957
2.4433085851614305,-3.9787045999920196,-0.05195852425454823,2.5824734784500984,6.426419055552852,0.9919593227064586,-0.14108779603390573,2.2752299438958024,-0.5510479652916234,-1.3664764767893984,-1.987072881474204,1.78758159087782,-1.5757787970584005,0.46561155883437916,1.444874079401316,-1.0886884795170741,-1.541331387006438,-2.1682603135333953,0.2436532873980031,-0.07324480186818674,1.0832764817654537,1.4054571878717692,-1.57132700650969,0.07893553596671637,-1.5126166961060916,-0.4115677749551694,0.8617042730980388,-0.5726613812445707,-0.5120209845408235,0.24915689767863686
2.2754736866477985,-1.9612433272829994,-0.3600056081042427,3.1606914244118727,5.133133256800009,-0.4394442342969875,1.2286699866596087,3.134806454146535,-1.3111774373823863,0.45059676494815515,-1.8906166812835483,1.8404764512906364,-2.1616789529222276,0.4560924480502932,1.9249760901427189,1.0053078430403422,-2.8710455930546415,-2.430459223725483,-0.9395518871849136,-0.46969019119332117,-1.0942250859133231,2.088544330310762,-0.7884465540868766,0.8877559540697069,-1.8207619286525434,0.2975482743162202,0.4784486793180037,-0.015304350995581296,0.9814155860842206,0.2676200240310469
6.10232409925205,-6.808820339582786,-1.1324953512980094,0.6492448411531311,5.701001658671342,1.9685728925999362,-0.9350498088929908,4.396205343542069,-0.2504401710149696,0.09459614563916542,-2.7169612577014366,2.3772026141158253,-0.23237225972827544,0.26809871629209414,0.8440572937494474,-0.8852379282108194,-1.602236180717139,-0.8279662409731786,1.44588983357295,0.3080037791273528,1.3377295776424722,1.8142669788588497,0.8823193523025235,0.7228113144987398,-1.268068715202978,0.46580247726769886,0.6534251223324153,-0.9265968414289383,-0.5735048265553854,0.3891162965469582
0.22579443157761012,-1.964653315305809,0.22813706359987465,2.5331350744623875,7.011420402157466,0.3790180378087494,-0.7128919619201005,4.003121385523436,-1.343458575587176,-0.09052789354398752,-1.420747735433187,2.0994591015568305,-0.3540926450776823,-0.42587712940695127,1.3531828451586176,-0.5874843078845245,-2.2786832937379535,-0.9426058288531591,0.47591892609093445,-0.23802396944683035,1.470268446593723,2.1900785161509844,-1.022671339552048,0.828956275940417,-1.3908534236201002,0.2842518029985837,0.7122594334187569,0.3510242983317163,-0.5844477779773835,0.24963435851919138
3.2880576898483174,-6.755814749125398,0.11503116221015296,-2.7140597196619223,2.9556168512721306,-0.39865369460925815,-0.19276500417230263,-2.179832999171135,-0.7191620167993462,0.07066862851812471,-1.9290914264297028,-1.319991676771914,-0.4825343986875909,-1.293676427590302,-1.2589397383386696,0.10592614898562208,-1.7803745715502595,0.9004627313454794,0.03640672999176049,0.12097583063432951,0.6149008488366651,-0.16105921275485421,-0.08040398346052871,-0.8654773207583889,-1.0744427048202934,0.7548407253603261,-0.017508819875378973,0.056465985049701566,0.45498884558188357,0.4049692472996153
10.24318125223765,-7.357844750978327,-0.7072017814212257,-0.8841246425797878,1.6329354060621484,0.15649951292667397,0.8247932530657315,-1.2815075092742771,-1.2754552529979235,0.23205059717963092,-1.4498902966710754,0.6158766755114311,-1.3605785406906616,2.823575953952275,0.6920054855787245,-0.3773812824917733,-0.4971474407851298,-0.31581954991002925,1.4712086317428947,1.3343486874285757,-1.0791349470038953,0.31410908475679494,0.3442551278747489,-0.7626103323083859,1.2374942685010084,0.2754895308645743,0.3232680567282417,-0.3948125402826742,0.47305277489775893,-0.15009645089333418
1.375102611525409,-3.4843646382350606,-5.210713828228655,-0.10818929618568977,0.7828225613692646,-2.193891949715423,2.634622237633567,-1.6554048020035965,0.6008320283469365,0.3189408069899495,-2.1658412742312234,1.4046768807772327,-0.006181374069293365,-1.6200357936740302,0.01205258458687255,-0.09109136033658365,-0.9424833476374818,-0.16926559154422824,-1.2311701753745605,0.4093933143350526,-0.6848134231052502,0.9392523255124671,0.47211695043972807,-1.5234597307606226,0.5784295444084726,0.3913777465715993,-0.7629314844502403,0.46530737576751474,1.9185923261582176,-0.10264247794721078
7.410800732894604,-6.743802292511634,-2.3942832578302973,0.5342388142225099,-0.7666115028510996,0.6841915445335711,0.13330312763361898,-4.519988584730193,-1.4172240247496968,0.5956416598530733,-1.5242908425999273,2.4013769219611754,-0.8973835820627152,1.437895851292028,0.8203336681135213,-1.9606995051549505,-0.020925301987441084,0.17995006779212233,0.9867988196614422,1.474700748902066,-1.427541771449673,-0.6329968548283705,-1.5557958766191458,-0.570646770442422,1.3767107031130141,1.8456323030932955,-0.4447647910992941,0.9627064209683348,0.45028273292942494,0.5021815821548385
2.4468229262357624,-1.9082840051735726,-4.854767548878367,0.854730527204832,0.35277716466581305,-3.7327340405739498,3.68751123737658,-2.4361930255508923,-1.1592636628560182,-0.1751571960532711,-2.3510731616588436,2.6260290971420828,0.7307828844303598,-0.4335243900897232,0.8869091215582877,-0.007895307475351518,-1.7565470945134272,-2.396291651790506,-0.5032020952294518,1.8110452544004396,-0.6818419119753208,0.6593259659006103,-0.6169140155189377,0.5882421294733143,0.09926085994884191,-0.14169682868722538,-0.022164124537250626,-1.1613452773668125,1.414297877990614,0.7428818690662952
5.983274458719555,-4.910832824621108,-4.081964922851968,0.016884774614831125,-1.2658598847303117,-0.24863127445227617,2.1305647800806504,-4.339086758535555,-2.0818267538877837,-0.09356969999822903,-1.2512673357122415,1.7843977674574742,-0.8393178972158779,1.7323331207271246,0.8299246104769488,-1.3147418683016598,-0.382809737385558,-2.226017049650391,0.7549116713110597,2.4680507430132845,-1.9750461585073842,-0.7714823580307668,-1.7080707546157634,-0.3778639155274551,0.29458301576306994,0.023602544337748894,0.37185116356050246,-0.6671190543395236,0.5091843854122543,0.6310352069626439
6.8119535665656645,-5.502539613501367,-2.714950370582071,-0.44101379249788064,0.46148593300727503,-0.3342693267618868,2.074126540122107,-3.277910727672086,-2.2470930477266884,-0.3199405454188637,-1.3474239965108659,1.722622480384351,0.2890932464041807,1.511281773070347,0.2673501802428016,-0.41875504710075073,-0.4002213119457539,-1.1934268858541122,1.1853885361918477,0.4112518156603214,-0.5745612759880927,-0.41289421352821676,-1.7145207325886933,-0.32262945511935376,0.8250283462486032,0.005568091337790125,-0.24730106919257358,-1.6680440002213195,0.8197095910233543,-0.08422911721251265
6.423453133239995,-7.006421690753564,-4.017760828174454,-0.4990268933168898,-1.686951587480866,0.2687548005979786,2.252037619645351,-4.102770110221037,-1.2524284449570497,-0.16775645051671795,-1.5294910876176808,2.73497080082015,-0.42513176847333023,1.7423889283534901,0.6729039224369093,-1.0166282341728035,0.10624886660569102,-1.934349692783508,1.9759325018204394,0.510862498488503,-0.435160944046383,-0.7638597750894417,-1.2240272019257084,-1.2285675386208161,0.4847140509156389,0.18660691290273665,0.021159678417749357,-0.13323757565898003,1.9225328375374222,-0.4256582120167744
9.5688844784311,-7.732388242394698,-2.407731353145804,-1.5738704027425938,0.7386597441514556,1.0305208559886834,0.11344038756309423,-2.608259825138377,-1.476678502330236,0.8458069739864564,-1.016931564076834,1.8375939977816598,-1.2636557049042365,1.9857958099449644,0.6187049896332258,-0.6900006430057701,0.17908578688898794,-0.8193615085201122,1.3779995080456466,0.8042805089619041,-0.15729076631547775,-0.024007678914908338,-0.9580123563639977,-1.0499223529243589,1.5231192172774026,-0.1482447217405914,0.06665955224662266,1.0240061305124013,-0.011554603594659443,0.4435575724093379
3.913463070218912,-9.126921194908215,-2.8451948404536997,-0.0981962142114945,-0.47092014403439914,2.027014838314719,0.7190728655824427,-5.555174795329386,-1.3087906601034383,0.30204463852953706,-2.0086047585524422,0.9302712427767311,1.440340243110873,0.5855814060455753,0.4682128943663347,-2.130753478470836,0.7965278405768278,0.6139860055483287,2.1793465944337984,3.180927574487906,0.770299160979232,0.4102395877623197,-0.12804004525950036,-1.1001623710355097,-0.6210094039754595,0.975767572356545,0.03036047326362662,0.5530176988929633,0.318454109781167,-0.3602322979701028
4.3991639431522,-7.426595012586425,-6.084761175917777,-0.2690974816290325,-3.116315692677712,-0.4665939123040527,2.518224920592277,-4.7701667240050005,-1.8513901277453138,-0.41106586712207316,-1.4574666536255612,3.9991894045513106,1.7608298716122093,0.9873507865166532,-0.17514952522204755,-0.44724428375851083,-0.2735885754891547,-0.4957872261064938,1.8090738003481426,1.8457274367635537,0.05566025861079168,0.3242154442460136,-0.9988737326845196,-0.7187387967141876,0.5032105352828445,0.4460078480681282,0.025035748752585657,0.15292167415877342,-1.114431113439843,1.271018647156635
-4.351157949502372,-3.0387375939778827,-2.199511038175988,-1.5954425647449806,-0.9230414345728337,-1.982502188138004,-0.4653524130707969,-0.258140119121011,1.0398728602803098,1.181300771086666,1.1212119518435943,1.0568814223617509,-1.2774614174139802,0.21935850815743374,0.37030040193380326,-0.34053905194259193,0.36626907328762753,0.9194958916168781,0.3133713373058348,-0.7898394729250118,0.5627316602846613,1.3025593624030458,0.7532864448925171,0.391469635391592,-0.9665257037649769,-1.8900192804428004,1.4917404681008908,-0.7916529559499221,-0.5858173611287731,0.011882062087899539
-4.507464792888324,-0.9396723515068778,-2.7302700402742626,-2.7573761273617685,0.4046650161311649,-0.11261330076584107,-0.22802523092261914,-2.2659237210014447,1.0682120476011965,2.1263749543551715,2.0690063851276106,-2.1714058047135945,-1.0927275108875294,1.2766908463556539,-0.30909722922425054,-0.24360360207726522,1.19897103421255,0.12564641933620513,1.3600736821301023,-0.45993602402333517,0.17663634158984395,0.07609120296631354,0.06898537360626031,0.6550733566675657,-1.2601928642106366,-0.6364730406713528,0.8411006732787091,-0.9304277664955785,-0.45156061238918077,1.0139029066186627
-4.537691879346808,-0.5438669569456261,-2.4052369557524322,-1.7192410129718967,-0.5117649707508621,-1.463229978674399,-0.39548958971315007,-1.0605095436780003,0.5306992737900721,1.7375030065791173,1.0741521248313197,0.06685477576519197,-1.2461892085498076,-0.16196442702489594,0.09606901677381681,-0.24439618415915865,0.03473986452733298,-0.6743671965481646,0.14604838619652383,-0.924464057845104,-0.13663420239361365,0.2541977784965102,0.923767190442543,1.0551036973316201,-0.8741469183295625,-1.1217687281018829,1.3902648572809668,0.030824516709807074,0.5286726497667804,-0.7156841072072575
-5.151326236673461,-1.744700883318647,-2.9354272090381834,-1.8758858474551547,-0.13392127124315653,-1.2666676776168966,0.7191538351110351,-1.951277753829789,0.870383325451773,1.6688685516447959,1.234827126572508,-0.3129212042837572,-1.5946877309779397,0.7236005814114651,-0.12340416750820936,-0.11861135000372348,1.0010452149894555,0.2816930988826146,1.0718148339027966,-0.855176282488047,1.0129968886760914,0.31491320482541285,0.9070288025825701,0.7778747819032067,-1.9640079785615319,-1.0579154373010882,0.49609161687018966,0.005031038538206098,-0.6705562230442083,0.3309318808797301
-4.057992822343914,-1.2380990306666653,-1.0863623564217118,-2.9518928053229043,1.1920100511799672,-0.9325421565279852,-1.0953539257211748,-1.9774529956557494,0.7486651592244467,1.1153436505000487,1.5487244175347887,-1.2239463794891554,-0.6103202754047934,0.2600594449266368,0.4607109083503759,-0.9734317031037,1.5331781103043562,-0.9325770481353578,1.0908219047783667,0.04274236875267111,-0.5067177931676969,0.9820636143709519,-0.20949758386874176,1.2325862999570372,-1.11833366886236,-0.16220097117206203,1.2746936251983496,0.07787486614651624,0.058282502501514406,0.01195453787925064
-0.3773278457381489,-3.8100163750199068,-1.0141464533553513,-2.3359032694844273,0.2253149794895479,-1.9529197505755884,-0.008758441077635903,-0.05689723791211956,1.1362208802736378,1.4849713264590592,1.3084101922490525,-0.6682339705058241,-0.7831707002195696,0.24597389540601491,0.9698536983947307,0.1904267520752808,0.9560344626939627,1.2783835102579537,0.7640076816497745,0.34205618607782423,0.07207489220718943,0.9834950800211424,1.8779988530921552,1.9818827198966606,-2.114425348477331,0.049204728633700935,1.9952058617316832,-0.23391796915583676,0.008363513258308603,0.0029441891598604806
-4.588596523668718,-0.8668851460500506,-2.8333396136325955,-2.729581708962286,0.14576622076977178,-1.0272033995961474,0.0776172177220814,-1.236875329809293,0.9350687015118913,1.4761108845380218,1.8926421654236445,-0.5407475119373006,0.05344476123491879,-0.5648089448269916,-0.49805542053523877,0.9048689907489792,0.4166646903019629,0.05138817976562775,0.07754766938335389,-1.020850222086142,0.27654680238357493,-0.10575025447194693,0.3986778383546593,1.4573411738490227,-1.0184421654734146,-0.5509968880757438,0.48895115700364267,-0.7745899115279632,0.2932901927124213,0.4105454075978591
-4.317619397229705,-1.4927443362845931,-2.3297057308576794,-4.368156346207874,1.7140331796081336,1.19508765133244,-0.7338520779180343,-2.4782128815593585,0.4978602862047669,3.15925436267999,1.5806880514240764,-3.5057378247884907,0.6880266130693805,0.9222803606346711,-0.06322465438915621,0.4483848658344628,0.9757137646537248,0.7456310192682815,0.8209479642369023,0.9314882885872993,1.0151385947256184,0.5219364433532321,0.39538375872346226,-0.29245592412193167,-0.3677656571519672,0.686327463973854,1.1499501088067825,-0.9379255083047303,0.24038569140685068,1.5422794169471266
-5.133834274995569,-1.443213369584193,0.06285003445795902,-3.682487096329384,1.93603973755081,-0.42427892427297004,-0.08283558986241937,-2.291213951777804,0.2825885514461603,3.470658423418155,1.2589741323630248,-3.670130599956456,-1.0863390087919125,0.04270823261481705,0.9091026385353684,-0.6275209721405552,1.1125751306364913,-0.5885439765994318,-0.537578783340068,-0.8310996420515601,-0.3727470252650127,1.161681600719993,-0.5454820672046863,0.19843684747258905,-0.9221558652473324,0.40021548115911654,0.9301689298466436,-0.6586635133924493,0.4076613076908549,-0.9417632795352406
-4.996665969214149,-1.4429454023963775,-1.2307022894301092,-2.2217381962699907,0.9439469246806138,-1.7580940539544057,1.4225469300250757,-3.793465798533532,-0.32447111851547106,2.699256729832119,-0.34955953164088005,-2.52808033781194,-0.7933615092453636,0.024887691041778133,0.20357497093291949,0.5074356865635706,-0.27775462409839513,0.7567693145248781,-0.1739545742945191,1.2002155495429394,0.8377869111061702,1.4463237106006654,1.0146297212482054,0.2175402481167994,-1.385421393598302,-1.3982968326167038,0.9905009595799852,-1.1159028282587264,1.0806766137633812,0.050265905896962004
-2.874090765912192,-3.114398654133158,-0.9739711573919891,-3.9789950543627772,-0.4706529127216561,-0.8522305375632595,-0.4069853656741558,-2.0788079957904904,0.9416364389885519,2.557920431866803,1.170014730420213,-1.3220089557979084,-0.5700407730881933,-0.7291261677213038,0.226449813767873,-0.6244071142351026,1.2092498759145953,0.7568487351858109,0.4833809998091517,-0.3217246151310486,0.28127454452934103,1.3348069876820978,-0.32149404315562014,0.8709298360451655,-1.420146158725456,-0.49919063891967735,1.3963456422430713,-0.9558881149193068,0.4858038755233134,-0.2109322743676133
-0.8114927893825175,2.518455821531397,1.250233851764877,3.756320859759203,0.43286794608269613,-0.9413431206118331,-0.7141500199342714,-1.982769297904605,-0.27633077063342415,0.7078442402292564,0.7024732515657001,-0.8856079717988562,-1.0735107038183418,-0.2602074250756416,-1.3216674536848692,-2.319322613526227,0.6365822891677894,-0.6545529904820832,-0.047135233085922906,0.4356853475422741,-0.32218413245875277,0.0996430768490233,-0.19591826070367696,0.2845874926008023,0.9006491055250806,0.11561033089809687,-0.8541891180544389,0.20862150747093205,0.03411309587625053,0.6348467068357289
-3.298226670320641,4.610561277903761,-1.0474851866757993,3.3693937502252607,1.1862324296104272,0.25910124609645324,0.698263707846639,-0.20481950796999668,-0.41556586629121967,0.31357750623837594,0.7407075220874886,-0.6899690021246754,-0.2707459164112359,1.1320945784357312,-1.1782621455519655,-0.6888743285295029,-0.12433085542954792,1.3056732091359924,0.7269652091876803,-0.9658989828420947,1.4527188132896893,-0.3628133110029463,-0.26970771295799234,-1.2516537481223893,0.22570747764232776,0.219108184217063,-0.07996567954807272,0.13811439286554497,0.7299846531578371,0.703279664918477
-1.2814052616959994,1.8017155833628435,-0.617842568068752,2.170310653049486,-1.1481819440380996,-2.5223287584243472,-1.101897482488501,1.4197398442314086,1.8179290296747526,0.020198415534500348,1.7864096303172923,-0.45198442292245744,-1.067641459415569,-1.3309103610294926,0.022932353507834402,-1.1858698381494859,0.16081722611381927,-1.4541480646279559,0.4255592546693259,0.6623001950044518,0.4083429003303266,0.536485974245069,-0.4219231594268258,0.8675218683987905,0.1544966602493519,0.9086763798541161,-1.6368974592800698,-0.667388391472353,0.034134304826878716,1.5813051977330659
-3.6187188141359834,3.435336231760747,-0.8749778623549179,2.1429498831616804,0.2221997700217026,-0.6445071703933228,0.22293926204366693,0.36617991994179117,-0.04731186982089964,-0.7934722214780437,1.2005951910477308,-0.5461093778155911,-0.261078028354023,0.5135242864303685,-0.3220302407876893,-1.5994241211326523,-0.9979503678408689,0.3488607764358806,0.0928588474358103,0.6473405430296885,1.0935326257194764,0.12620856101142217,-0.3535545422785633,-0.03108716073246414,1.0736802159010033,0.3908306324272739,-0.31626832418869244,-0.12556386802072866,0.5644421950489583,-0.5506436042066537
-1.0131335855436254,3.347167987289614,-0.3243790566420469,2.8714363605064124,-0.529206350149718,-0.8451157369963517,-0.09360131565234944,0.03540485408301048,0.33784998694482116,0.6267018412729443,1.8569639842518957,-0.3721161846919757,-0.9799851526008104,0.716892992267439,-0.9631114902254434,-0.507250262109869,-0.4778256140134311,-0.022334932774930545,0.025775223798497667,-0.5057279359793134,1.2893029124096897,-0.45082978181012334,0.6259847413318321,-1.1187658463328212,0.9743645446338622,-0.03620969383128843,-0.2873974117300488,-0.07875529261702406,0.007631294561647381,0.6670960029046497
-1.423149514200226,1.6928400832303117,0.4072007549561081,2.9661209906381134,0.2270270474823556,-1.75399302650255,0.2569004404307981,1.2669260076472748,1.6874453715160644,0.7863278902987243,1.6890325067845606,-0.08249511377558742,-0.05249003603690495,-1.781561881820891,-0.5645138709962058,-2.3028304628131986,0.8922236100557013,-1.0958960780148537,2.1326776870554793,0.22359240627608157,1.4390159612311768,0.9087235406804494,-0.6627799725717815,-0.14044863450522851,0.1865988350513796,0.177392243474798,-0.6891790161890801,-0.12016928863481328,0.36640929783288584,0.5169009438835538
-4.186714676647412,0.5372316774169834,1.272325030617823,2.008517927665685,0.7067703352612614,-1.856684502523585,-0.6218139543209696,-1.341018271242255,0.4320017245739766,1.0672560327700045,2.5545403474659087,-1.585876803832145,-1.2111455491456735,-0.8094496069161423,-0.8134207666823593,-2.4462105612136966,-0.10012404303553031,-1.0065360585021526,0.6636420086849936,0.9119390226636256,0.9483583057551893,0.7370429665848572,-1.805356755858816,-0.8180957810131918,0.0919553743741652,-0.1680928624395724,-0.3588594277617272,-0.278247246960808,-0.5568318592478818,-0.8895694029302272
-0.970167873487871,3.293273418708901,-0.8839205851125314,4.131932867121769,-0.9546524740973836,-1.1607529266621088,0.37108871227812346,0.09604820748993537,0.7284936288910066,0.6066585978366262,0.38972899156851104,-1.1148423281988957,-2.024125752935107,-0.5579210335437008,-0.5203690211111646,-1.9013063509294563,0.17814269180536899,-0.6276489634099376,0.12803520983726116,0.2835491342112756,0.309130264389882,0.40050364473382793,-0.9212178967140314,0.5982040912962715,0.7291344635348052,-0.3349384316006324,0.27374560626399413,-0.47610667145926744,0.4324624146807295,0.8862154620054548
-1.8008509536805895,1.7257352178850809,-0.44950898236393483,4.373407441237404,-0.5040690175742131,-1.1073378585156823,-0.39823738713047285,-0.38050599092156656,1.4607630419066737,1.2069945965649944,1.483573069292798,-0.3927358988394173,-1.1082841736518547,-0.9166257272148037,-2.1039984595905263,-2.1647604101023727,0.8436416622531334,-0.643566029603278,-0.3280267231987381,0.2869161980516131,0.556058334535755,-0.9641264186642341,-0.2633784829827576,0.38035163671713373,1.300472219799378,1.29901641948024,-0.4612071800199628,0.6181838123474804,-1.2817283021913777,-0.5869521348447244
0.5491189270111658,3.8050497104932957,-1.0230610038940031,3.126587201045016,-1.5256791111336647,-0.5904482731239021,1.1734983222338382,-0.5917444566642124,-0.7524042819387537,1.090285096810137,-0.4918567478570946,-0.1898727225154916,-0.27407936457974574,2.604094086110586,-2.214256885084093,-0.3528778114775582,0.4958392371697303,0.7979998047061129,-0.25341064160917487,0.5712188386190553,1.444230772381694,-1.0954839597084756,0.3595343229120744,-0.17120843267206504,0.11846858577977855,-0.033925734295083734,0.6076204915067283,-0.495039794383762,0.3416424741900763,0.4317969792101345
-3.145011463766718,0.16275135726341733,0.9076069206392587,3.448564037481544,-0.5089003409749508,-0.12755073381378546,1.5309814978682796,1.0083065832985743,1.0468656869715005,-0.7923098665965425,1.0040535655645546,-0.6933442454922345,-1.095501744809033,1.0558178217565017,-0.9466178871617554,-0.182008954437636,0.5116463177764196,-0.3068490260653468,1.2435358519985527,-0.590318172216026,1.6195386447102995,0.13240143941123172,0.7232944349731423,-0.772123583658501,0.07685143357751845,1.3721319651115031,1.389471647631758,-1.2244348489440333,-0.4996753401813611,0.5247359842504257
-4.620513079228342,-0.023812961159674087,-0.09923812085983752,3.4081743681228294,0.012487521545346568,-2.7927800625804404,0.20948241996264316,1.098881517660492,1.4015123320481142,-0.1740373853684488,2.6211893110072775,-0.3903548423326039,-0.8998774878270671,-1.054655882225385,-1.330320039832662,-2.2825851926707617,1.1648856113210633,-1.3200454427216175,1.2796505942028757,-0.09231019617039844,1.0609406123885663,0.23705252006072744,-0.8217151951229568,-0.5584641383296395,0.012092775182777186,0.5375426999740458,-1.2179820528788736,0.032285644774856286,0.6031757155239429,0.012545470368045814
-1.1523373354087216,0.950394611743065,0.22445574954128686,2.424291679131086,-0.8402238517566114,-0.8005272934643863,-1.2772305635796781,0.5574688287837283,1.2770187177391843,0.8267791800956513,2.8635855203262013,-0.43226064148994664,-0.36950498078495186,-1.7586201955938416,-1.1733580222553108,-2.6754961142946274,0.13980030896697493,-1.5611377146768837,1.23210894228581,1.0283512950322395,0.04836455172312093,0.45458247677036456,-1.3320313060020732,0.6490676249755994,-0.022867894380959587,0.40095935521979026,-0.462248047846743,0.34393084239081856,1.131870009969198,0.33745730535099644
-5.013805852741568,3.2281891434954466,-0.36395268180260754,2.5747888842887803,1.1055399800243346,-0.16563486800005048,1.1846493796051465,-0.6255975797532818,-0.07665245529000304,-0.2627676620521418,0.6418559072477511,-1.1674708117775896,-1.247615533286507,1.0166144342954013,-1.4371226818508773,-2.6835253432751567,-0.6163779367736584,-0.33358998531111267,0.5557354452185996,-1.249128921966518,1.2704199252120791,-1.1349426559425402,-0.4242226930910378,0.48944461191912914,0.2229576141346007,0.06141250966132557,-0.47615499101186654,-0.2457711435521286,0.40177230839218075,0.44084298260193683
-1.5882208300055807,3.6782577060782535,-1.9141525483356863,2.5112636310826137,-1.5127272323512642,0.711872823855829,1.1184113141318763,-0.005855896159424072,0.8611882817141123,0.19122990756917124,1.1429484437576276,-0.29241384008897714,-0.05428803499404843,0.2348603242345456,-1.1935544118080346,-0.7204407181513832,-0.12214357382595822,-0.027013695533497552,0.5089754291942254,-0.6906616448286458,1.1385281299839038,-0.528907837840338,-0.9308870876010736,-0.9609034805876182,0.44489999597983504,0.1678443775896571,-0.2867282405129593,0.3692974138049382,0.9275342121206862,-0.16671748452747467
-1.3386650182271707,4.362349759537647,-2.2196294441916375,4.177650855922905,-0.3097362286162485,-0.11195565073751816,0.7584022828682208,-0.13732656797920362,0.5320456477238926,1.2113572109731678,0.9265947693945488,0.20253105212459155,-1.0132639200372453,0.320274476184591,-2.79712370429792,-0.6740366569464785,0.20422967021700916,1.5818043037112355,-0.5259321803018792,0.4069772824847182,0.543155966347957,-0.46821531508603087,-0.062329572441327225,-0.41582928734702373,0.7877832461077819,0.3321062671652745,0.6334398664321069,0.11353938406519608,-0.4171973612185822,0.5646361912307734
-1.839872264017247,-0.549778056067534,0.9838900330842597,2.6181046804439787,1.3073608013876883,-1.2341149290949653,-0.023524672298917262,1.0337299708750118,1.0692117234161003,0.2458112315176301,1.5356811713972216,-0.661723235209761,-0.8400190064784603,-1.4037178873173628,-0.8749697707332913,-2.0757807083413744,0.4723318872237728,-0.6599043022310941,1.8016170328567687,0.20806765955407452,1.727391406032912,0.31504392215109833,-1.5751547785552718,-1.0253867145518365,-0.04855274270742552,0.5320284178062606,-0.8461179627713573,-0.8149879082364757,0.32957043586797075,0.17871546220078488
2.0083520277352442,1.3825415394942024,-0.7166008188619423,4.044989661689739,-2.11791293842155,-0.13255517478099393,-0.6502712948775884,-0.9297893300421867,0.47294713044780007,0.4928907297475226,0.424733948346424,-1.1095017077625147,0.1252135663852289,-0.04738720356947152,-0.33394705919761014,-1.5663774205647882,-0.27630984548713333,-0.7553624150358701,0.6868377274965294,0.34501302419238816,0.9856508135876041,0.20228929505449758,-0.20410022760824625,0.9129527109105903,0.3412897671077398,-1.12404164396674,-1.0980817474837834,-0.6706100021840992,0.23415518097381685,1.9618420017998028
-5.768326141190336,0.4545816235656882,2.658447557822685,2.2531864482953496,2.0408163459500046,-0.1554802044797196,0.8636506214312416,-1.2528969584936416,0.20861766675140261,-0.7502964181804004,1.629151108078389,-2.3684073624849815,-0.7340924221335561,0.3653462870623359,-0.9738588931853198,-1.677570796742232,-0.22515222186213202,-1.105767189667102,0.39194408955377547,-0.08062755453766862,1.4728340658782095,-0.13148191588403355,-0.07917980705528334,0.4908294107289866,0.20822674296637583,0.884979411041056,0.11899203282014845,-1.3877005754778788,0.11210256259818678,0.3542257179267243
0.798894114876929,5.492678783759468,-1.3223609445461448,4.821169653659287,-2.568707385956463,0.8444762003177231,1.1622198374638746,0.6610553596641536,0.9090574049771682,1.1941249595707684,-0.704462774661867,-1.6109095316463173,-0.457416661399391,1.6971542687460726,-1.1892836689580488,0.46009532930653574,-0.5645202545222874,1.0913400106552105,0.2398363445126906,-0.5430094977032428,1.3374582994728899,0.18596268520861645,0.042317668675870675,0.0468280961789479,-0.10101498103508048,-0.028116893767413692,0.4135487897470881,-0.5616858531662228,0.8070047522862065,0.6155027727090104
1.3353212465105533,5.78605983857339,0.3511858458217858,5.221759960962185,-2.4793787026055574,0.38411567331458163,0.6114650509107211,0.3003198029523562,-0.478990461744454,0.7823283332321722,0.11292853441776314,-2.024741830888691,0.2923494465082099,0.854805947116257,-0.37817383284603884,0.07743185906373953,-0.762304919719318,1.6083915696118116,0.7288229483300038,-1.5530797268463492,2.193814960291535,-0.4135086968683918,-0.36385261172419003,-0.3801558675960926,0.47615521457783105,-0.7960756420967974,-0.27058657348958853,-0.008086723491280227,0.6401948105763798,-0.2824720496463918
1.9600097171279227,1.591081853647428,-2.224134725499329,4.118212712304611,-3.1223813734990964,0.31621064323745035,-1.746304552464772,-0.151620527781977,1.8121202226552435,1.5978223918581915,1.7695846902932657,-1.9061294991686835,-1.4790505176858744,-0.23474609885861172,-0.2531651678876107,-1.250715320304716,-0.0813763269156481,-0.050741720679025965,0.2552831666822185,0.5635031028304922,1.059780221439256,0.08133364003714184,0.17032996408906556,-0.3437104577657735,0.797840183800161,-1.0135861334423575,-0.981422054463706,-0.19370347212155378,-1.3739204336927804,1.3877239055662216
0.7937086206858703,6.34851198534535,-1.51407860198178,3.905381634744623,-1.6910512585885824,0.46705472626404765,0.26621509179193587,0.12140772140375275,0.05951833742242125,1.4998224178431276,0.4992547504948477,-0.9291878397718829,0.03553355218705441,1.8086077884140632,-1.7231576880828274,1.1523437610835567,-0.9689314650780455,1.0171862249059596,0.9582369851172721,-0.6606322057322107,2.385363165066414,0.19632731750852636,-0.3386433615632249,-0.5244710993798324,-0.0052665507357224,-0.5956979416376951,0.23408841585206835,-0.3617291565465022,1.3704888191425388,0.8065327383132234
-4.17436536546231,2.791933641418372,2.814074881887614,4.7210646023721425,0.9698711386649189,-0.3034982160398344,0.7643113211428013,-1.242128923837703,0.3020330073753042,-0.7620874320312827,1.819812706884359,-0.7958554294178647,-0.7258527313954787,1.0120374180201295,-0.9557367283092513,-1.8008934902335356,0.15792837122395065,-0.4181812479985727,0.6194115908635477,-0.5570190931417083,0.7904924143242089,-0.423888109938207,-0.05827825478755085,0.22458595981609833,0.7849036413447626,0.7715067762228482,-0.0636298376908871,0.08631867642855189,-1.2101054282140684,0.7044080183840077
-0.1964953651783132,4.676871914490419,-1.3633136430024078,3.220117867895285,-1.5094026119442805,-0.5061037389199003,1.2454493320937232,0.8304561775454987,0.5938654527340506,0.5137466721272484,0.12418251203606819,-0.5023852250574041,0.11022380265480494,0.7205463577277695,-0.7235336737835131,-0.8655245626292818,-0.5606973016779573,0.815349554391276,0.7969245592694069,-0.1018036881119945,1.9008624268289123,0.19268439721623973,0.07361871987792207,-1.0091650103149132,1.041842006339806,0.36042900978959636,-0.32197479085303915,0.15184956603574568,1.1117216167935047,0.4111990069698125
-5.471610510399951,1.9043529886957982,1.8805986747957424,3.940724724556554,1.8004869608645313,-0.425574591034568,1.2262182899255105,0.06287728539270837,0.026706987629388126,-1.0351673795144185,1.3893675160586738,-0.6648488811705169,-1.1708267705504212,0.6699318586979547,-0.7334977785631308,-2.1285798810912504,0.004825891090997099,-1.0025036615825547,0.6598658787439194,-1.1785088797947119,1.156847894053122,-0.5703635886349006,-0.30171357371302115,0.22330157710555865,0.04126496533701898,0.44568896603910024,-1.0629413124104643,-1.2474649318530022,0.19192283834353785,0.9284061571902275
1.4765809457733983,2.8426665427591606,0.23030760715164755,4.259938887923677,-2.7546816069756455,0.18554102865408398,1.7337105999278764,-0.6400659528032039,-0.1005772090582465,0.915843332467035,-0.717574891749932,-1.0268645224954922,-0.49501523679654924,2.590892700809676,-1.3286754219118557,-0.9267007376982395,-0.2686370039822033,-0.2476187043997893,1.463815767815041,-0.12962157943238986,2.3633643228575747,-0.10475390257876233,0.30427272748123013,-1.0439469185923462,0.2293782787158729,0.1979485133754782,0.14553112218181194,-0.007612402326284199,0.2805930416310062,-0.5806720318506127
-3.246162620063841,3.3910739479297556,-1.3136611681465729,3.1501486811429262,0.6812319754932005,-0.629924673617036,0.8782869228958199,0.6826511607936592,0.20326186852054084,-0.5979853957789041,0.2923147794672163,-1.2515489154745216,0.2135098364440078,0.02792480540592236,-0.09609944621313843,-1.18222526947512,-0.08644050769699807,1.7912432951866923,0.2829560518841542,0.7328107322204406,1.1032718645887956,0.5549349083396508,-0.5200810819781315,0.2223365868812954,0.22948931977015719,-0.19583916554922787,0.07678213677202061,-0.42145066394260317,0.3879136997821734,0.6760720778155482
-3.526105786201831,4.290959238109924,-1.1229683515746405,2.5004823453570317,1.067825323967434,-0.7420243139803195,0.5979841316526519,-0.1527667515659633,0.2448723214995664,-0.28420339384270854,0.9947871493952049,-0.4954988417524063,-0.43935036518781756,1.2648372988806986,-0.909636811893091,-0.6539186699292348,-0.9261353597948606,0.26416801688963976,0.4781092130041696,0.05541278864217809,0.8772037032701704,-0.30846794055994364,0.7999889347416649,-0.4766192331333677,0.4396298993769731,0.2057264425075866,-0.24530352163524577,0.26444303745461323,0.35937994579572985,0.600668309365172
-0.828460206108126,1.2555517677146946,-2.1014643167526073,2.0715121504766105,0.07821393628588495,1.028603658738109,-1.1962228509869743,-0.8678848623468748,-0.6283584454678922,0.07155836089773313,0.7802009612138843,-2.1044247461210217,-0.3733099312935951,-0.016190407182892306,-0.6864001683033506,-1.6095559175076715,-0.2744739923239473,-0.6609074574892017,0.42341322428070477,-0.3229610159094492,0.6113211580277209,-0.6056628944676888,-0.605152989211594,-0.3439867297987851,0.22912613163377973,0.006773778226120767,-0.9084520294310059,-0.5262156573321345,0.2148494511661786,0.1098650109461971
-7.606283925112063,-0.8755225394551928,2.29889986756849,0.674017077768385,1.5270323461529294,-1.3295140528469802,1.5611334065655667,1.4260794003791937,-0.620257317255796,0.5271413392344189,-0.045018552075960304,-0.34989495693491435,0.8524080207499862,-0.07113395237004658,0.3385063404076362,-0.3912352480563013,1.316393977604153,-0.7205256059401404,0.33476725783176714,-0.8279410489053561,0.16583139429434948,-1.8463290377918078,0.2611978850914666,0.13125819298689045,-0.18344868153756588,-0.697922769584293,-0.38211257996188075,-0.2657506670030086,0.09868161802657689,-1.6462452390450026
-10.288001232701887,-3.847339720267724,-0.11704344741312799,2.2984179557521065,0.4000450203237087,-0.7041685297442221,3.207268519314385,-1.660660930961291,0.7212886219254631,-0.6757188198757853,-0.15806958375709237,1.6509090665801534,1.7669002311996287,-0.24338642423753715,-0.29110785906212433,0.10402734787901555,0.18614522010165618,2.49524611575797,0.8435496595506088,-0.8116194624638455,0.293838162400814,1.2336737408719818,-0.9385040084990075,-0.7580753634412706,0.2598617726471013,0.5244441833553761,-0.24511576719016676,1.2778944516644302,1.512376502926035,1.6650247900575565
-7.38056243590162,-1.595971354814922,1.599770372074923,0.026987053178065278,0.600651406587788,-1.1589977933179199,-0.15247956328741125,2.6774728029988832,-1.6942189719993586,1.7867607290527794,1.1618472117925762,0.8995384344359113,1.3247625122745657,0.39287795014074867,0.749626139285607,-1.7052505387120243,0.6155011712065392,0.12097942718664738,1.988900743186618,-0.20231173100989908,-0.65042205546652,-0.0987987080401166,1.3116501024655878,-0.08996835959424658,-0.5391164412673987,0.2634455133694586,0.9594471371713568,0.4537370478260864,0.5841063374408878,-0.47080684628226244
-8.435206628665929,-1.030485460165045,1.5774661348486059,-1.140872800468224,-2.4227681033917343,0.6724077613846449,0.26670845420879924,-1.429411520476408,-0.8431125836037296,-1.701234188736964,-0.23365689760740638,2.063161292924759,2.313655790990326,0.8987865200802011,-1.2031286397302265,0.09869772909491936,1.2885284331197948,-0.5630650649446698,-1.5223722251415717,-1.1990266103232259,1.3927632969954484,-0.46900900158319936,0.8149493394342776,1.1691991756663453,-0.8704170369561278,0.19088287248383706,0.43410585714217176,-0.6600552191833466,-0.5431589050435716,-0.050989332572675586
-4.918943238359143,-3.8115600302686428,-3.674962547905156,-2.8236169130243,-2.2212328103685315,1.0226829221959615,0.5294585485371409,0.02617050352636411,0.14369779665262358,-1.0551368467904068,1.7480180163012098,1.2909872289400988,-0.5011309261594882,1.2635515040279106,-0.35783859923354244,1.8156544931182936,0.2894550420443867,0.5275768995700509,-0.6172680282033188,0.8247151420264639,-0.13734571778403196,-0.06080523598221612,-0.47693301144381284,1.5721957080345672,-0.5291380187516503,0.12466721384850435,-0.6519726303355792,0.8972788982982579,0.20856624945246013,0.2033146938177578
-4.908585829718481,-4.089095636176064,-2.6886845323302064,-2.638164005730138,-1.7987896505418037,-0.8077465791659547,-0.30635273419268777,-0.7216162725398939,2.420605076489893,0.9054458173184202,2.148747172869338,-1.8700452100858216,-1.9222122355246254,1.084019618577995,-0.017599094614699634,0.16624522102912268,1.0349798933415661,0.925230976213244,-0.5270645101093774,0.32847461414958956,0.08328288625909633,0.6343415419744468,-0.36574877874070344,-0.813237621967636,-0.19565204383427098,-0.4592555194979477,-0.49760172291561605,-0.18189356320001845,-0.7037915221798653,-0.7351630238586273
-2.0836303375670875,-5.058961813393637,-2.34505726025582,-2.26787422086928,-2.49495554889733,-1.6280018177751736,-0.2496781850763777,1.2426504552998123,3.0130715229549168,-0.019131778683042146,2.517010421255587,-1.3226350601273085,-2.566149155296227,0.8587205413044621,0.8366847024785751,0.02459566154875323,1.240147998556432,0.7308201266072399,0.06755492890963147,1.6270694748963959,-0.5992755603203054,0.6950304478739072,-0.7674930512711656,1.3458223424351916,-1.3556290795851158,0.5039421606132386,0.6226526321959912,0.6434076456419136,0.15882336812880032,-0.8410068508313462
-2.21739210331162,-3.4849973389687943,-0.8772406041809026,-2.1192026621982243,-0.7038870496999327,0.05615099375572618,0.4319321310595469,0.16538682167595484,1.5036837728166115,-1.1468952202498321,1.2198007730480693,-0.6802000896766275,-1.403093873335266,0.6032965230538755,-0.27676919845448467,0.11669803878966259,0.9080942434376735,1.006687210685052,-0.4015414059785605,0.3212048613703759,-0.32119157386142055,0.44268094723819,0.3149551309902656,1.135433565060802,-0.7454380832083051,-0.08446332246591626,-0.023318918052541066,-0.6256991730112117,-0.09442898409274743,-0.6460801861817883
-6.859420583147464,-1.7108468205775071,-2.1991684453844416,-1.0216122684126907,-0.648096601462251,0.10755056185533296,0.7352321480224026,-0.12022911858277453,0.01707308967809283,-1.9545696170758409,1.0362905543583905,0.5238730393679195,-1.282911198502334,1.5093814799934353,-1.2830453048167498,-0.26935846294150684,-0.05930821486713793,-0.9973383642888358,-0.636647196516898,-0.49107298123767906,0.3216414078883826,-0.6139668664071546,0.5909523491041366,0.5487078061273282,0.2701128703585364,-0.24795356865752988,-0.11429686592294025,-0.08723139437269319,0.213671511473121,0.09436495925908168
-1.3931148497537205,-2.6348264294243906,-1.7738813825529016,-2.3166052062960327,-1.6100528746807687,0.6483638390601456,-0.08621227338642576,-1.1171194114927885,-0.1532655477878522,-0.8037336094230574,1.1398033302645545,0.9032641459916547,-1.192210609110504,0.4318820843095517,0.014171737884057081,0.4033567245600411,0.14024898343105555,1.153041900332396,1.0102831334144509,0.696772817699822,-0.5130641533425122,-0.14198446723631442,-0.17666422370775353,0.554736471327822,-0.16409016504818202,-0.9009159440962438,-0.4859384277941083,0.6873612402709904,0.5335268575190045,-0.35801146427552555
-4.005449470715646,-2.026924954841722,-2.447988143451133,-2.700222265919269,-1.7067895554100467,-0.4742012460183432,0.18163466282409063,-0.7798145053224981,-0.6913257565721276,0.09487565090439545,1.262019823654714,-0.29369249069245734,-1.0039566598689769,-0.004710163790189152,0.08807662492601721,1.0643378577290235,-0.8704538524307328,0.31640999127412683,-0.24958028352179326,1.8764330375971399,-0.843183749451009,0.48352319517857745,-0.8746219854559556,0.8234228357608461,0.3893756071661181,-0.1254529385424125,-0.38547960921084323,0.6271074331858543,-0.276352983795471,-1.1237471094332734
-5.029937992217169,-3.739771033748811,-3.513877102228927,-1.989575731185023,-1.4106571997975124,0.6873148266890903,2.5767103219373335,0.14429536675520938,1.7003153480745141,-1.7020973188427213,1.4624650932377794,-1.1494914302107007,-1.304634602271064,1.9160597151527252,-1.2137300461394358,2.0676340483295035,0.000981531131762819,-0.9619301611598684,-1.0166376386653022,0.13751520742723872,-0.1645666909721037,-0.31370015753027963,0.19310750246970465,-0.46611732300247444,0.18720888932018848,0.0720575702575864,0.07955477566028937,-0.6281096158536857,-0.8311592355798676,-0.3069876670971241
-7.280876490275924,-2.2950701313975537,-4.398801017416299,-0.9808238182619965,-1.3239136618069938,-0.7536004439810013,2.9437638669679376,0.42644227990025585,1.287564075670203,-1.3143087024703561,1.2213668018379018,1.5366292337923937,-1.2592961998933734,-0.26849104756379477,-0.7271149131136212,1.82678881773179,0.12397645140482486,-0.1679924003092634,-0.46945967147624107,-0.3394811479341671,0.1030090787039514,0.27373844368053457,-0.21704472251176557,0.4585401320050535,0.9105791760563653,-0.7747172840191685,0.35277031764289735,0.5057279963154887,0.17964996546495363,0.24679363750196104
-7.059359721995233,-2.2775260333884075,-2.1516402707560167,-1.9193372973980551,-1.4165512565592098,-0.6309991941226407,2.7455305028171866,-0.22239063454335128,0.3484387323182216,-1.1036506357719924,0.18658018871569318,-0.6838165636613298,-0.7289766569054953,1.1222960138915976,-1.1708262332666368,0.7144301080340412,-0.7060823968847408,-0.37980769424031824,-1.065870664875465,0.7556943128305934,0.7741154759663874,0.6043521182731175,-0.515944562077983,1.1071917535448312,0.6508852897133944,-0.07954333965306348,-0.341709005838244,-0.5621507491141868,-0.34452158929811344,0.18803075352736628
-5.030816412899096,-3.7423742253404164,-2.0093930685679315,-2.0775898763269294,-0.7363932254974108,0.13760480090899993,1.8757031567057643,-0.424972362291383,0.9742459971326024,-1.3380500419596701,1.13480133597503,-0.9633208970844069,-0.5096128343375913,1.1236514039108463,-0.6308099100678463,0.9144274156223376,0.5823732011669133,0.41144146938569587,-0.10182924077590351,0.8719353342988638,0.2778701459833168,-0.045437419720850636,0.11284943111697619,0.08314975790397751,-0.2367060510612339,0.6087621687990303,0.2996872467580521,0.27543395487408145,0.4564564453512267,-0.21843567918664655
-3.982244950075333,-3.752856943524483,-1.6122388127948735,-2.8773438561505964,0.8754092783807568,1.6578624308062564,1.5681748350957945,-1.6249223264644312,-0.24949327808553137,-0.7207085363934093,0.9122400473551833,-2.0124735981204687,-0.4731526772691922,1.52794190248844,-0.5176955227250395,0.8194617401211776,0.301542297604047,0.5849870620427289,-0.37739815411526056,1.0388881335864757,0.5991041273405378,0.4054134765411908,1.3005275102977214,0.36106040035666226,-0.8847618432944748,-0.20642776308155988,-0.8165727936490589,-1.2746461496158603,-0.2766552166086464,0.12086177283455647
-2.8585762441252585,-1.2754841340724723,-3.9416377257131767,-1.7429996768553726,-3.1015991872416215,-0.986333828933477,0.5886218137936204,-0.3922765065044462,1.0323748231047358,-0.20296050849287428,1.027412425309443,0.5108944678072029,-1.5520807260168024,0.7852307220637472,-0.7014813007937194,0.6588415330855648,-0.021309094139544838,-0.14606953977250695,0.43522918624254625,0.4218881410944563,-0.5493392423401178,0.3192434903695003,-0.5876574507508029,0.5243474176822219,-0.2753937339819835,-0.23623990761752292,0.10210272881184024,0.43301281982127166,0.4897036573034717,-1.6731064523997154
-3.5681660006773397,-1.5215559031664132,-2.858532717438958,-2.0980238809531517,-1.732565203522982,-0.0013655162588965706,-0.146545026260099,-1.310526126780082,1.5627021990296714,-0.6137371410993447,1.4199543849370002,0.21854906290714898,-0.3442234602767955,0.22045223316979687,-0.23974443331555587,0.6671017168991074,1.039556863295505,-0.342167825453783,-0.302006074338962,0.5610436454556,-0.5976831922304444,0.6924309751222743,-0.09039102558252184,1.4151136950667123,0.24256927978395298,-0.9725080367476193,-0.05622335469928088,-0.030741423910170682,0.3999326415238043,-1.1687839177892427
-1.4281837418339367,-1.9741325367324056,-1.5768318009338256,-2.967231183108331,-0.45871450001934994,1.6391761893022698,-1.0708535731184197,-1.683885337344495,0.09128276473491896,-0.19384276093688332,1.666023008658899,-0.317597371438838,-1.0009313835713558,0.5869890412091572,0.0034036097618455894,-0.0016470165309756446,1.3133751933494375,0.9107512101846773,0.8919118353208164,-0.3034623224814434,0.09190410204880681,-0.5458697625055353,-0.8916970950888683,0.7514329087470824,-0.10615731893226416,-0.7247952567565573,0.40838795080453283,-0.27438940924120947,0.5993844749953922,-0.16577994791432596
-4.925148565457849,-2.337028302916958,-3.62041963986378,-2.183112618317296,-0.37763027091336493,0.1487440741973637,1.0984115509530314,0.03143137039748245,-0.07801907959421767,-2.4123263554508334,1.5295784461335,-0.26404883451101696,-1.1359481591663814,0.5986866278565502,-1.4575245089261146,1.5476764994740333,-0.1249342691476185,-1.9927505807767834,-0.746387074425703,0.3670664395511684,-1.1297252104638111,-1.0863950643044586,0.9547264128564361,0.33912396112507986,-0.3163613563769996,-0.4124698058351815,0.2917908675693854,-0.42949784795385987,-0.1581803359374355,0.6686610246416554
-5.634772703842222,-2.28277918987124,-1.0367395353664548,-1.7020885691981877,-0.5132241337865362,0.08446313797799318,0.6924092953676894,-0.6458388486385251,0.23632724815470954,-1.6435138647247922,0.6114649100280729,-0.8378053710976313,-0.8043116648206835,1.4275257152362022,-1.2622046999364156,0.8603650471012482,0.2220992411806095,0.08221848953296441,-1.086746613296957,0.19284843313995254,0.45321522775802014,0.32050471545873904,0.9525734857111944,1.152167740097405,-0.09265000719500989,0.002923135300387463,-0.7276273112038597,-0.8002232025439264,-0.3178239316695878,0.17244101563167066
-5.1005847661930295,-2.8054076711712184,-0.166450638702419,-0.952671217459533,0.29350652782802605,0.5819008710498665,1.0024139729977586,-0.9921321395710161,-0.44640493560652394,-3.070889284022183,1.0555901586225782,0.37179176923505114,-0.01636377863894145,-0.46206755822059314,-0.8866399202086204,0.05619821573098634,1.03817513657428,-0.9216971655962767,-0.06913089070636964,0.3413158655348797,0.34479049791066213,-0.6858481593648883,1.656038602253247,1.0512199575754315,-0.1708241295507891,0.1528486962746749,0.1508257820341627,-0.6270518903608604,0.6915181128243106,0.11163290479509258
-5.900913180803674,-2.590686142991044,-1.1601305332768597,-1.7020245804487513,0.8176489161859021,0.7916947903052941,-0.38617441985499384,-1.578738421749693,0.14270735724428094,-0.7164184248085597,2.000923999553333,-1.1960647658260815,-0.9634881429888938,1.0862247735970825,-0.09943446660669306,-0.0481076166004774,0.6100511621060851,-0.06014855968367102,0.10400016030468896,-0.5772321218425926,0.6114813907667132,-0.72256399594936,0.7033048019727082,0.6846378654828821,-0.17669553987665218,0.7764219401062008,-0.3306830804212503,-0.010908493279774154,0.4608162434527859,-0.37330733641383085
-4.363802227052736,-2.493226158369058,-4.180316642079277,-2.239447807904862,-2.275416164706342,-1.6326505764271806,1.1796507089283332,1.026351679427739,1.5213378442632473,-0.4026796706482908,1.5021508798786436,0.3644817624335579,-2.15997346566229,0.5913468837977477,-0.5622792972613381,0.7928875550552342,0.30417499131127534,-0.7510211129581418,-0.3305038307721313,0.4523010532983015,-0.5340406014694771,0.0045200980069976604,-1.1255696836755187,1.447111428724789,0.3532877525187374,-0.2526256979103421,-0.09568079059411864,-0.62029869276472,0.0638105323091097,-0.730527162087469
-7.98918875356895,-1.1276627840047209,-2.892905984677559,-0.5557729569797861,-1.503129192462669,-0.7619540579701425,3.2657603179758747,-0.1811349071638838,1.0275300366611457,-2.0224903669570002,0.7822568951550106,0.6457135286798522,-1.6127909905501792,0.41678554886492575,-0.3086212992695132,1.3229854236152618,-0.9995488993522887,-0.423281272301986,-0.8508265944749385,0.4299967719164064,-0.15927704699021203,0.30976928260635156,-0.44976969843756004,-0.09817016730013518,0.8104133135856687,-0.5988630934409734,1.8548384199817323,0.32284910061088473,0.5233912920229467,0.6517715812383015
-3.668132993404698,-0.3819427359963261,-3.627703798413688,-1.6790727728933716,-2.026522180438112,-0.007557948088401641,0.8090716583238322,-0.45124963678607655,0.13975331050356113,-2.0367552988065625,0.8040238423038063,0.9708374392086874,-0.9446889191349708,1.4153729844101564,-1.0314008539810482,1.9820235306513725,-0.17890260946425698,-0.5820080767877185,-0.2452443965262147,-0.20507784496411188,-0.0648389435379282,-0.18959898850557994,0.4362583083368301,0.3753032878377922,-0.2298462682619801,-0.44689659156439404,0.27055537133885194,-0.27220704907136184,-0.40497060361265974,-0.3764915854873743
1.2620922961206897,3.6760150225797212,0.2666598055149501,-1.9751153791767424,2.6261895233130406,-0.7727554910619381,-0.529458688156392,1.1246204021946358,-1.3303457515936983,0.3584701414265853,-1.0312873408046037,-0.5790689654278016,-1.8025469821587774,-1.292357727424859,0.10480030874681681,1.742966302117679,0.43680858553079016,-0.6287057758416233,-0.00882915898760498,-0.09566520734511753,0.07177967512212498,1.009982485591884,0.558962958911941,-0.4860069234831361,0.06246195699076876,0.4015446680991632,-0.37733130517849256,-0.33827307099260545,-0.30105561407804327,-0.6377159968170816
4.934141037135044,-1.0586101195932107,-1.151207260879957,-2.6735489311813603,-1.2722450194086896,0.36230113688814025,-1.4514088679311021,0.9289372669777634,-0.3162232886741257,1.2189876515039932,0.20181474906779287,1.7565963670584674,-1.0262310076526278,-1.737608040989434,0.6672962106350311,1.472933169966125,1.394930429771619,0.9073265576062349,0.8547499839340448,0.22410249638297192,1.5862959245047914,0.21619340211963747,0.2512813303522023,0.22777043086928575,0.5531443225191106,-0.4788312378651605,-0.2046917818982527,1.0650787979536713,-0.48965895039581825,-0.3639810511964591
2.015316365422763,5.464259517926793,0.3548846063544083,0.40704852955695714,-0.5336827257734734,0.29262558890528834,0.34965215714959014,0.5823097308774126,-1.5859964137607296,-0.33229290282307106,1.2075593650550975,-0.30094648018574255,-0.8016996864648653,0.05868349507287887,-1.1301499730680091,1.7598841798071416,0.8891326702091354,1.3700859767517906,-0.568764609595973,-0.4993034435518296,0.5857412224735293,-1.036343336648176,-1.3924122511660177,-1.1209738218711398,-0.0021451708435167934,-0.320751774077946,-0.11396345022823805,0.18532243687298322,-0.1611788214792946,1.2932122487324214
1.3223486416148964,7.005926784230088,-0.4430072961814076,0.42051223879542887,1.2480146474977472,-1.0726120209575376,-1.4939810637966469,0.5902754033592773,-0.8757625099760394,1.7469595634418689,0.24755553833043972,-0.07752313546286115,-0.18756426040884738,-0.9001734819360385,-0.17356368278867917,-0.3268648746668399,1.2789573294296102,0.325975152239532,0.879748144820551,0.42320153344517203,1.333033391107945,1.342089641308799,-1.3713773518291885,0.3417150874486452,0.12042275378895988,0.6233940269258189,0.028013285663422954,0.6212815366772386,0.20381990718254828,-0.784205495750781
1.5655966170601743,6.262280653474512,0.6118166968662968,-0.7548705471326507,2.2526717194759316,0.4608426744782119,-0.01673485028246259,0.2782571373525803,-1.8379480453075947,-0.027837539942512805,-0.7185572228526208,0.06300606718767339,-1.1756968048268237,-0.48405593056591567,0.8653193253922578,-0.21392648665261602,1.0431649453451732,-0.4740675389174676,0.08531090691872817,-0.23269613264040873,0.13210073692748517,0.845745492098215,-0.3258901123185245,-0.0933419130092525,-0.31175171598623885,-0.31405269223269067,-1.3082617877503335,-0.13496871730127571,-0.5705232710495567,0.7108654577744818
5.24332412771115,0.21912372446702547,-0.2808855114818548,-2.32301792361524,-0.8290859488533195,0.31781510682343456,-2.320460450648152,0.968508719419369,-0.4802040180375641,1.059231629594103,0.7948419284229358,0.7854062337485811,-2.7098052233076526,-1.1477743564166418,0.36934851917584255,0.472989875699396,1.6503250714609652,0.1596387371958619,0.5099650244454305,0.3846073355716902,0.7396719927692916,0.06497682866844774,-1.0365870356449272,0.028422093712649588,0.15402346365733696,-0.21786335657358363,-1.2196106575739172,-0.3529307631219065,-1.3201508471927925,0.8225385256744228
1.859112432704964,4.995871421494961,-0.14058063067276405,-0.07527253621430484,1.0396903890663431,0.9176731613654806,-0.7684675360249206,0.4020477993102074,-1.5526809054212154,-0.42313138049808513,0.7630185428389535,0.0351490295047268,-1.625110039437984,-0.4924560854667777,-0.713228106242157,2.4010088750330154,1.0834077622853655,0.11800110026912668,0.37239467579637087,-0.6079380547599522,-0.12498958428620753,-0.2818988188664833,-0.7647037512981405,-0.9312127545255646,0.3642263842299445,-0.15133547166108427,-0.7828923140345739,-0.8095455962951882,-0.9364518742777699,-0.23616064035512777
2.8915064056990833,3.690432054255594,0.5403018981899663,-2.041174731708409,2.3196632042833745,0.024864262324661615,-1.9143072054862817,-1.1928891056711646,-2.7566369695844624,0.8715038483396425,-0.5280320764796558,-0.1972527297510053,-1.2573362917863151,-0.25410381281257094,0.39410521511761076,1.605528069902026,0.8076043842302895,-0.10791223266477337,0.07798679884060894,-0.08951002278476951,0.5285470595798396,0.79613203212428,0.07938073752329178,-0.46439359024290855,0.5140590901667333,0.3579174747055918,-0.955648470074286,0.4168342775886933,-0.5020563029275057,0.09421025325653824
2.341330511824501,5.005690949704546,-0.6449202911512706,-1.0568646815130662,-0.20174353207554033,0.032576687066580026,-1.9713378537815693,1.0065510270538471,0.05807362190979886,1.6150803074877593,0.9575370245968396,-0.2535474788786092,-1.6562158807784664,-1.246999529341849,-0.06256976636658297,0.31421704354711,1.553414951607484,-0.8116461705886069,1.0265089887521948,-0.18314460013000144,-0.20298894842052664,0.21124582584930993,-1.5007945261347708,-0.15484365293511967,-0.4898539533564953,0.32441842543161903,-0.4699741209853341,0.5203849729875203,-0.45220939736578114,-0.7070112277764177
0.13176313260420255,5.263674050066361,0.19311412363035688,0.8413827846814997,-0.3951537150985815,-0.49369723357773865,0.022276752374746946,0.476413801301348,-0.7050520619176481,-1.0039949802949373,0.6950296045562678,-0.4638121864320293,-1.6621470261307505,-0.13624990695054373,-0.5468938593166606,1.9568304745665974,-0.2590641558459234,0.6324646070656517,0.5442457129847158,0.5194742396439986,0.44966678648513714,0.303074964002305,-1.0154452312501734,-0.4767845941952652,0.12880684181377328,0.6230274990838042,1.2146715706850157,0.10148543896613516,-0.027543963367361084,0.2876409421444626
2.2446577556791367,2.024502181608406,-1.748578986175598,-1.8856752812387398,-1.2291737110167837,-0.49548422830446226,-0.9662065845488861,0.044052813863063534,-0.9164093069558902,0.7663031539171091,-0.18816625526179767,1.577620861519937,-1.1531488277566213,-0.3827864097848609,0.6621519722404047,0.45568427718120974,1.6849041724135352,-0.7242564569964995,0.5424797123087098,0.23689967353474886,0.5653306681788863,0.9443862612333107,-0.1916043728916426,-0.5095424507712404,-0.37650248730469493,0.5023703057814068,-0.47641291949418324,0.7657564189039846,-0.5589346334372232,0.3773865566563907
2.0342524214457396,5.713446894219841,0.4576446407963878,-1.2802756563732882,0.4885748691512667,-1.11855642345177,-1.090708466227764,0.3092558759782459,-1.6663153179349963,0.7905316997516239,-0.16189647358865664,0.7431128185094878,-2.128424182467309,-2.082937245436901,0.7127841716354183,0.15526089414131689,0.37319668547824847,-0.02430338464928189,0.21423325331851817,-0.1002682392314219,0.5633903632356415,0.4611915447797141,-1.6079007318054956,0.2878221056616909,0.38701441859925856,-0.4740641847530793,-1.351032773539268,0.35024353248734175,-0.24062868409540306,-0.2483831736973025
4.432749642714403,4.608385071072238,1.0284605364250223,-1.9028030392336133,-0.5301812004294923,-1.9665772530688945,-0.46686389438292797,1.591944625112268,-1.1553345117017793,1.9173281525799042,0.6826528895066221,0.8063925436776238,-1.917441415496138,-1.3878756091165678,0.6076713705959232,0.23171351886226674,1.789379078197565,0.39225870702770865,-1.5475205810758257,0.21814564723534433,1.6023809620518104,0.21842321477656237,-1.4030751857180723,1.0526638679408666,0.210935210266617,0.564079069224044,-1.009196078336426,0.40142558540969514,-0.2371744419844895,0.0968593494498877
0.9496356006912267,4.776741649630572,1.3444832600258114,0.28810394989857896,1.6005063110032032,0.35265291892091566,-0.16192285699781464,-0.882083628081585,-2.051782238346442,-1.1352570538193314,-0.1490059644677968,-0.14818795344043437,-1.6459172198717922,-1.2909281480254908,0.09936666159365791,0.9592644234931449,0.5181714034128848,0.5206371940095292,0.07042885721190059,1.0791044798420066,-0.4182063960114771,0.12556226449462746,-1.2335076901855748,-1.0420197126959148,0.25879413845138943,-0.7740672633314862,-0.13234780548104083,-0.8280795147492527,0.3791638418523217,0.6967996527884526
-0.8928014154392055,4.2845099685944446,-1.312854247405448,-1.3074404250614629,2.4567916420723783,-0.2899649540214457,-0.8550621726332668,-0.21497798888649292,-1.5587927112618092,0.24703382024006115,-0.33636303876708257,-0.06566468983743565,-0.793000127069544,-0.6383774841039035,0.021787521046825783,1.1967168139083284,1.5838750941398991,-0.6952168411127537,-0.1857256345829372,-0.5266638378886593,-0.6583524337395121,0.8621056570662348,0.034628456491626075,-0.39623731095690956,0.1755539459663517,0.03177795456164078,-1.1460916913679768,0.1985789387104424,-0.6886318364558064,0.026884688356255015
-0.3272385149951552,3.3787387543060734,-1.7718437939468332,-1.2121149630086017,0.6947454991936579,0.02573574843408387,-0.8902062860994586,-0.27719131061539093,-1.9377970933984503,-0.19147402152384937,-1.2830229149415064,1.6517924146258247,-0.5872285199775721,-0.8823566306573724,-0.27379633943880066,1.6353733731816913,1.1069520674006341,-0.0885732563951503,0.5576156144011672,0.3540989504024996,0.5070762495202658,1.406669403423596,0.26674577655589915,-0.2829903476349797,0.35699026042131093,-0.6721299993300369,-0.6598049929176559,0.47389535232454805,-0.2531143627908211,0.4606652819680324
-0.541167812119041,4.1667974941099075,-0.5926387320782446,-1.9969051430756484,1.924312943229463,-1.3895215978644007,-0.6458321573880538,-0.05805867532293127,-2.0792803489382594,-0.014753788622078809,-0.9858391576140396,0.38184020681787495,-1.729032405094911,-1.5863298409433062,0.5040179357769594,1.4569418533081062,-0.31979259019674205,-0.04331599843570522,-0.8210035092344211,0.04697979641674477,0.3366853695172161,0.3172919551674093,0.13674857294350473,0.1604798546497999,0.9297547638296131,-0.5639818170376182,-1.583880866898699,0.06577085586264236,-0.35177928476573145,0.11939912003735491
4.08737205439957,3.5821740012285903,-0.16345426729466,-2.48945843469068,1.6671588263381405,1.3399071393417488,-1.9563613277990501,-0.5893988104003508,-2.3520755110391787,0.5767489319551453,-0.018224738217347606,-0.19675859260036635,-1.0256475768247653,-0.3555211248484821,0.15918266111047244,0.6324634780101897,1.6734553987050969,-0.43362998512909834,0.5586733091053407,-0.0404850512077085,-0.10426616935007661,0.32730081794330074,-0.7216298591703958,-0.8237132963250826,-0.4571462721800496,0.5849329733793073,-1.0897660120149324,-0.9490688682171627,-0.8044184067380575,0.3159885469092478
2.54984042052844,4.13381046602423,1.26107837801976,-1.1014272755821193,2.992286306862578,1.5226604338973058,0.019777029957166944,1.7770635232788599,-0.9670404485433147,-0.8061246922732707,-0.4750344430987674,-1.1479183023450255,-2.2407609456463184,-0.1953842153394533,-0.2929488898904676,1.3547404069429656,0.7475701547284919,-0.24744176601386053,0.49109049888782214,-0.5351890164687396,-0.07842157872006243,0.5775177858901759,-0.725150251990749,-0.6544610929983228,-0.06431690275226981,0.2849574825869198,-0.23567180942191449,0.03913960718130492,0.3461473977613433,-0.074125396072523
1.5963005033714124,5.982095254799942,-0.2831556815461878,0.3113527985416512,1.0236286255787603,0.514182709328775,-1.966669116871125,0.4677311549305415,-0.6697083536066339,0.3041319911375985,0.5878846102501647,0.1726855533230989,-1.3739948261813626,-0.2507469849881294,-0.5564415940621922,1.3404230648765314,0.7309036474361783,0.3767651128380733,0.19955259595329916,0.23167801438639177,-0.04633671539178322,0.7965106077798807,-1.3762602157983328,-0.46165537607192086,0.2566863211983506,0.5913959942394585,0.32795124134450937,0.30793418155139707,-0.048623759846313085,-0.8129968938037628
-0.6192223186626394,3.285664707574883,-2.2900806759269225,-1.484365646325299,0.04886451425618129,-0.9005916920558855,-0.14584298717628302,0.4345254649312216,-1.0696088448629084,0.3917000953929114,-0.8136676530134509,0.8810846151316312,-1.1352534100562095,-1.5037094765021264,0.6721401798802109,1.128560877025321,1.0303336563946384,-0.2992006118589796,0.3658730642427784,0.1742527518487954,0.4115117169164641,0.7518493908529886,-0.45551573791388056,-0.6383171162736335,-0.3312563884526159,0.4076510482220678,-0.44424357138657333,0.5705771055826685,-0.19816160785160405,0.8019423704376435
1.8708371284555303,3.787760440528472,-0.502379524264418,-1.738448640988288,1.7278057273767995,0.6986763138867795,-1.2002617826566875,-0.18221309661299193,-1.8286397336013673,0.6911084708234612,-0.6557183553161035,-0.20946154311900794,-0.7549677338487933,-0.4671431288599218,0.49311514448137456,1.2232996597105243,1.1007736378038828,-0.7550471057244196,0.6535815114230586,0.08033768481435592,-0.10281763802684342,0.38664241716378084,0.12939161902324997,-0.5714594149962114,-0.9980347899700919,0.6064068983235645,-0.8464210940667156,-0.23004271764920903,-0.42513372372379193,0.29661127676726956
3.8231007310427665,6.040571492001644,1.2562831124780636,-1.0417978958887704,0.510985171181147,-0.910248447010136,-0.8462971490721839,0.8593178730118218,-1.5188530279403867,0.9568436033208272,-0.06269966883092129,0.7687513430940224,-1.971885546764726,-1.2604287909281944,0.6135529376026605,1.1501240109064799,0.10429674277185913,0.759758814173951,-1.340488649675442,-0.06410662574867014,1.0175016007238575,0.07008805755510616,-1.4160176345106528,0.049272526981337855,-0.18106854736380426,0.07199506266411149,-1.732428055648911,-0.5286630994564007,-0.6653669694308354,-0.1665534112775015
-0.7532748412496924,3.8701851703909558,-1.3933399856440574,-2.459130737953344,2.270487317162202,-0.4689097811375743,-1.5395646307143975,0.19897746533060132,-0.7946972741304026,2.115124645699994,0.003936916982864055,-0.9281737946519484,-0.750483699885594,-1.5711665558175139,0.4130478601660606,0.38587659933506735,1.3096644336534207,-0.5093529868318598,0.045784925143799504,-0.06592441234912708,-0.2729379802085665,1.0970947140732585,-1.216724373598063,-0.1932481783539915,0.07533101991596006,0.45147669533861423,-0.20828788395595818,0.028161444509111865,-0.04695200255488489,-0.3015641785491896
0.9295144702082543,4.75458746882206,-0.78455547299268,-1.4354641569153495,1.0992822227094525,0.08551264626671194,-0.9883759788022226,-0.16690981248080922,-1.866034697051943,-0.10472438152739341,-0.7467621264446543,0.7279461094830572,-1.2088913198975164,-1.0191455146860937,0.7346158501915631,1.0493787299838973,0.6586044759652616,-0.594496452860899,0.003099204684306628,0.2379889170606069,0.024179194155940057,0.08192507714007462,-0.5464212627559667,-1.2636122658324742,-0.7940503937631289,0.12932722994705909,-0.8243879117165861,-0.2716646226126863,-0.717559773959049,0.5096832327361205
0.12345412084992125,4.09285149202905,0.7191121730351437,0.12532729667861717,2.9044213707968396,-0.21416182823811672,0.7556409429288977,1.3040040033857605,-1.4031304322045195,-1.6434977181447956,-0.4485537646696245,0.3618663213017723,-1.0406651378381306,-2.001716492435329,0.516126688942189,1.3554241728288579,1.555598587962905,0.36857317176111726,0.21953543943462267,0.29697905827708876,-0.018452408015579357,0.902169022344344,-0.27713691134590007,0.14644977235295373,-0.0018909328587881375,0.3525115079465108,0.490288816506414,-0.47416008461454984,0.09668082904642282,0.850967396359845
2.5055266932154323,5.776070716367833,-0.6107663454652394,-0.10073036530941645,-0.34554886753342073,0.3147814292143521,-0.38418000736431385,0.7792517411891537,-1.2436256741535534,-0.11321569736296688,0.4786967409044742,0.5578701621629704,-1.1785255166851367,-0.3264508277709176,-0.3805227791374176,1.501705282014154,0.8291453555159158,1.8410748524122733,-0.4437212014991491,0.41272971213453974,0.37238512341453556,-0.8881408769045911,-1.0319858874633827,-0.6532044122310389,0.6216348417037052,0.02743678272337837,-0.7923476092189166,-0.470439325278499,-0.5851601882845786,0.5018306546884895
3.1589059419650445,2.687478675500983,0.07742891961063375,-1.1985443651351846,2.8153659833219904,1.4014203973153196,-1.8024123827327496,1.8420381649317175,-0.9575522515005107,-0.2048256850454965,-0.3636499101834014,0.07270471134278013,-2.1501913674194273,-0.9924667374956158,-0.6958457431882241,1.458630772293255,2.130860458986206,-0.7122104705631501,1.375605861070168,-0.39880642112883213,-0.007058245354678823,0.33622965731549936,-0.38746243739838865,-1.3493323803608106,0.13960456885378872,-0.28844398132676735,0.0898455647956177,-0.38140680391839543,-0.5919297519111987,0.5583697943142907
5.5449770691568725,0.7314419860405635,-0.19750110696954193,-2.3003847971495173,0.5174719068419854,0.7557703373813796,-3.4630207458044335,1.3181933478200727,-0.5296981541747522,0.8379584308940567,1.499101533893172,0.16333951136744204,-1.5635165928783727,-1.0020522684692612,0.1137619427054417,0.4353538581109835,2.4833069053166104,0.027313534512490842,1.1851960668997972,0.15631095184314794,0.5403465199450699,-0.4830443975695159,-1.0079304185312294,-0.6836746636747539,0.0454310772289523,0.10443756796221787,-0.04651878872851119,1.3690844288189847,-0.1688901633436045,0.13396462089117295
0.8456617225916152,0.837311526367192,-0.9644959678463845,-2.9364521820855214,0.6994944689194444,0.6148306111672409,-1.3081894656247413,0.2580184820843811,-0.6490548152085569,0.6642182986196907,-0.49946363677974775,-0.7742988239124637,-1.409400932140705,-1.5027772895341809,0.5482444733913321,1.3492756226812133,1.046458000407439,-0.6846091286709729,0.5344245763228225,-0.15343417688749164,0.23370192490929384,-0.31700194053013847,-0.5889148626239462,-1.0773264717096194,-0.5586292633326003,1.113362324907119,-0.8277789787486063,0.3868865898724843,0.33165668148365257,1.0347170747899557
2.103202907654812,4.940231102504437,-0.9983121148735212,-0.289202183148645,1.173390494250866,0.3501436583855932,-0.5884370288927095,1.3661364307984254,-1.605924124936521,0.3022086488845137,0.01190428266990224,0.24707123914777523,-0.3218444873599486,-0.3709196266589889,-1.1128943256900983,1.7813489217064225,1.8304673079425917,0.5326283200524532,0.0632223827676558,0.3770758146191974,0.7358598399015515,0.7487046528189106,-0.5994146875746054,0.38298475404408605,0.27572884043292173,-0.9492174214982223,-0.4708388205999607,-1.186860555624822,-1.1022501015307864,1.1355958349347128
2.5217727452157126,3.766457715109273,-0.8637969218369831,-1.2926644211824325,0.005307125810316343,-0.5006907532437188,-2.4785119872667294,0.605597504942552,-0.27423710547422864,1.1810130588296932,0.34774613975963936,-0.17478914471805104,-1.6197087279043092,-1.7617327635356403,-0.6295416863380461,1.3957132606259768,1.3500563191779535,0.10865587059123569,0.527386514848964,0.804969538236468,0.8285705390909066,0.751564252385059,-0.5960547087126032,-0.4401274788484184,0.36633335464053757,-0.45313942221693665,0.28124543545707414,0.5231710278387296,-0.5757251296069675,-0.4944770392684798
0.7390560059000841,5.512528251805885,-0.4281034504948435,-0.03125695836369024,1.6130586221829604,1.1012539870247113,-0.6470024647656165,-0.1939265201129766,-1.61538969015818,-0.4922656034725025,0.6251530197383227,-0.25477497823404816,-1.2067582589883046,-0.6932466081318647,-0.2277318068055048,0.9562105749126883,0.8810469880114462,0.07168848062102613,0.23053171266963357,0.041372890952843557,-0.7285458884554237,0.12030514235985404,-0.4297738727831146,-0.4483285947527028,0.34350315892815353,-0.13361923286699678,-0.6633698267305015,-1.1955171791758172,-0.695764454407197,0.6324263766557712
-2.390989212324671,-5.671511085333241,-2.7330571312387084,1.3718673723643589,-0.3858462694277065,-1.5116820315597168,-0.43341544395434983,1.0558019120907738,2.322293080412451,-1.6249039849825664,-0.04524340994772555,0.147698873702793,0.8084098406167791,-1.675357173407539,0.8336019274810947,0.03661189190205304,-0.12414600648802943,0.09355723123700922,-1.3014542750739602,-0.77696473428828,-0.05158552452747868,-0.9239769348137119,2.1174548525058743,-0.7984914754821545,-0.21367882080178385,0.01727193686292379,-0.4903274155995119,-0.37516887424408535,0.6386717516868923,-1.2446083448507297
-4.747234962977573,-2.366866390496242,-4.608986724271595,3.166479475774209,-2.514886989122354,-1.6399642174890308,-0.1947395848349345,0.8017183010090386,2.8072065150273673,-1.6693344162531976,1.2506539576541829,-0.16120987815350246,-0.6831431998072697,0.03135980553948886,1.7111935366433308,0.6197314986961417,-0.6156050944467366,0.530974726133858,-1.03773156239102,-2.180695832489436,-1.8203824571900333,-0.7940458699442702,0.7096915539414,-1.0179230706549232,-1.2552846359962306,-0.31024060500067324,-0.015440282905281643,0.14689699572535442,0.2737034720139365,0.019032066233045337
-5.499137957643679,-3.2032405315122428,-5.28981304667679,2.8318240417053393,-1.1546116781654527,0.2123309486725052,-1.3562923908920308,-1.6437095130877448,2.2000975040314255,-0.6509653309815485,0.5567683255612781,1.4217740059359598,2.8431906967529783,-0.4665127010980932,0.7630198198233487,0.9995007571696517,-0.7934949109862469,1.6891388714661362,-0.4465128109755652,-0.5501675665999248,1.2190251262185547,0.2571767717676961,0.8383360447635295,-0.1208932876186597,-0.45069934464428835,-1.2852917594839304,-0.061582964566961496,-0.20710806416434538,-0.7284833601894907,-0.16044879582487895
-4.874481009209926,-0.8137369756045515,-6.890013900931483,2.7113065309898468,-1.9946292260196532,-3.0078230043991137,-1.2279029476210084,-1.0889376862355615,0.856839783794772,0.2574920710976381,1.5618632856019503,0.13775656013976142,-0.23989144595266537,0.3687524970249637,1.9668740849735038,-0.21173481108783096,-0.7297941469897214,0.5201310747789203,-0.8901109278426592,-1.2097082194990256,-1.1472220996152482,-0.8530760933646271,-0.6375151217467493,-2.365106985563036,-0.5487472050287356,-0.7389221038532244,1.4017224452058095,0.09351483403669006,-0.5272903726889409,-0.2116496898045406
-6.9058995121623195,0.051578120755313754,3.8712400603828074,2.532856484283451,-1.312299890133997,0.192968804324292,1.160160744216331,1.9449341990864766,-2.5538502897109945,0.7965994092381304,0.8888807859704393,0.15779888342053122,-1.0448850734919113,1.135865351089071,0.269997847690383,0.07395105813900897,0.6142962503164596,-0.16653796678777183,-0.55557824707915,1.7396594109883423,0.7306870776398575,-3.1341233257603327,-0.042831183144841765,1.1860545054764435,-0.26308331053951606,0.2266568041970796,0.21215565106734782,-0.668938112743403,0.20305574965542192,0.11624676246824824
-11.283103325348211,-3.286772187340952,2.3680243414673052,-0.10676050583053757,0.5304968811943516,-0.1729838706104275,3.258050145740059,0.024450222445482388,-1.3116222088364555,2.6814616873989907,0.7053559704055028,-1.3556509814716238,-0.33657329109574946,0.3111895581179272,0.5070768317102292,1.0041602386969402,-1.5023225947264636,1.0893569966715126,-0.36786367732287245,1.9526981830590193,-0.7018778801667102,0.29525922604884586,-1.1562499337827519,0.16887206688029835,1.1105137428763687,-0.4731931550926932,0.662486432981976,-0.18762711428700468,0.23320941711527668,-0.22721331756556667
-10.068733608917054,-2.723736060288148,1.2291895121912018,0.03220930707482724,-1.4189522233412635,1.1989364491418402,2.512617980229035,2.2362669063142646,-1.561276285331173,4.933742920547508,1.3931656054352943,-1.3503146849329943,0.2960188536645986,0.20735299692736653,0.879466953293274,2.2077910398250435,-2.8305454396249417,0.641227584677673,0.1878539379435676,1.9251863086977663,-0.06659152546241909,0.09879475121107813,0.6186949982925566,0.7795216633279948,1.9791239262370701,0.38806664642129635,-0.2032041641993205,-0.10396805962347301,-0.08036610035004343,-0.4596117030559605
-5.74558102228143,-1.0224579676793368,2.323839307044965,0.8522160070940576,-0.5520144345759657,0.314741042843041,-0.2557221843625516,2.185479405928182,-3.0262134902730304,0.2572106512023673,0.9995750462339772,-0.02918298469319912,-0.6193290535557129,0.8634353256096909,0.3280366473856371,-0.7934213385363147,0.08481231802307543,-0.3733736206876552,0.8552191041948375,1.3424883975815862,0.44440761382899774,-1.9426559934918135,0.21927723929084683,0.21632395789640804,-0.5085542790629397,0.0658542605439972,0.4356487855484988,0.17910845846824583,-0.30876632089032163,-0.48483222460243874
-6.418136001031978,1.44373860944178,-0.36176128221945736,1.5129888747213527,-1.322432200235144,1.1556592282785279,1.7948592177941107,0.8914597323049518,-0.9029510457484571,0.46687480744573195,-0.40702610751804236,0.996381842715588,-0.04909348695461892,0.17448239104330163,0.21954009234719746,1.4005215093260415,1.0178183449090297,-0.21029442293469067,0.5057180940033207,-0.2167484101157002,1.953875600821227,-0.8761943508295877,0.2892303627304669,0.8318666144348995,0.07949180587375196,0.40698528105978127,2.1060767031679553,-0.8462635272089538,0.28738751488615955,0.854302085082978
-7.531530447138634,-0.2066352116236321,2.070785067235356,2.5961485266465956,-1.7982218260422196,0.3059233484200684,1.650535110658399,0.6127277114437237,-1.5476721074604496,0.5219132465212026,1.9489843966207654,1.3911498403207858,-0.3545491441863379,1.8017431568333795,1.1018952453517303,-0.548287393643445,0.9641752553937802,0.6645826787732877,-1.037781349106757,-0.50040871924516,0.37577592693440065,-1.717013541821417,0.7189883469659015,-0.6335365808778336,-0.9238453290498163,-0.6864815370099415,0.11455421547833859,-0.44704084338129213,0.007361630626671376,-0.2576164824046138
-9.198054504105388,0.16252155012329747,-0.10511260866977924,1.3571597896330045,-2.4679729006513242,0.8762198009453581,2.1294282448015855,2.7600555742513464,-2.680811291004057,3.9515397439630355,0.8732290604264178,0.050651625468425165,0.007470032707910043,1.1566943002487167,0.5319753282146406,2.3447521428896345,-2.888858829241811,-0.5103787678531516,1.4990533248109699,1.1079677186968673,-1.4483269915389938,-0.6169407141900216,-0.33303280116570666,0.010022726443034933,0.477719365345586,0.3607791619292451,0.6397038215002464,1.2088222624124827,-0.9718109397204215,0.7902888875120129
-7.500220258855133,-4.53432021701325,2.604851321431078,-1.0018121196531196,-0.7100493424021096,0.5471470762310462,0.1960464680946045,1.4713940116796818,-1.9634550626991982,3.151273978108824,1.2796617771877827,-0.441188445780762,-0.8919240886631387,-0.32691781859386393,1.7745106535343529,-0.5161432159556333,-0.22627448068451558,1.2132251320454048,-0.5824220335261778,1.8517451285126236,0.7402578271014157,-0.689635445353377,0.7531661085767614,-0.25183551282951866,-0.1363059941094717,-0.42056443019965467,-1.7347289786992894,0.006580391548200445,0.4616081547891937,-2.010637335400327
-10.926399990754671,-3.618531111296721,2.986167575849035,0.34621488837555325,0.4919105176976889,-0.04283025146433863,3.6701804945539367,0.6659428980319415,-2.5269324579629084,1.5345762736535569,-0.11947253463265971,-1.4883878673368585,0.3973397784829618,0.24653819616768524,0.6446748832022382,0.7969271939431438,-0.6426234395727296,-0.22966751574765232,-0.1642179126688769,1.665402597608401,-0.9099985286304558,-0.01236569249458111,0.5886536471212999,0.13509956087615835,0.5479907422220587,0.30771195507009885,-2.2882155071055266,0.29223748553447326,-1.0060381760348074,-0.7506955514768313
-6.803422196320947,-2.542024156471328,4.150984176547881,1.3249838430746597,-1.5519589367144846,1.940183721926183,0.5906603440664944,1.6998967376550898,-3.2564737713803202,0.25732295929004806,0.5624122222513306,1.0609134975294132,-0.12469631562423586,-0.8088241011036321,0.6566011081376247,0.1257379647382417,-0.1667197391727765,-0.26132003264041415,1.6980585101370178,0.7118538609471301,-1.3852418920415661,-2.291237998979771,-1.3400347291657209,1.1574900955257998,-0.3401674526151417,-1.899420146648006,-0.47899458016437474,0.5706092646718146,-0.8093351454287543,-0.24998069832857514
-5.560555525272279,1.8809258943398648,-0.5299748743613623,0.11604594998377725,0.13211654922919677,1.8118211092786642,0.3395152138244919,0.09311240788450754,-1.1309221130256755,0.5474963531655512,-0.018848070581034233,0.1910707025471264,-0.8287830371160761,1.6609596655394046,0.21981605175835064,1.4548475693256404,0.7043746957185583,-1.024832903777783,0.4739618592620281,-1.2024234582840196,1.1687108109914504,-1.38990465168582,0.6527222354703719,0.657781547294317,-0.12097100801378334,0.4873066874650103,1.461139287622233,-0.5519096525364413,-0.08002039221112685,0.38132922282691334
-7.905152970861307,-1.8434921584547634,1.6572961568729392,0.60764975294064,-0.411663751791835,0.4532020001752855,1.3146746742493869,1.6727721380944647,-2.2007769000755824,0.7069654078233932,1.1723054820661722,0.4844281545843488,-0.8394853956351943,0.9623156934542075,1.2673270716587917,-0.10599403119721622,0.3065317937070053,0.3986877131722863,-0.015277161084650919,1.2422901990218995,-0.19193848044715164,-1.159656897389396,-0.09453325304492159,0.09632418269672578,-0.09873026941735212,-0.5653076109068245,-0.1868110358458907,0.048312041588351215,-0.3446754705404822,-0.08131254234501833
-8.63105534657572,-1.720291142436986,2.2711452415944215,1.142862753654864,-2.0908282215654896,0.012259277644922401,1.203166835322099,3.4192698038341685,-2.953244384360155,4.515126534408965,0.7202158820331932,-0.6235132878092072,-0.7798058192809365,-1.050662744431615,-0.0990127560558326,0.06690220343991242,-1.8076111545714404,-0.10668736358694209,1.0053762416203869,2.1916819945578685,-0.576084065496945,-0.19276094854487352,-0.6663627652630416,-0.608869922595293,0.24052808999887526,-0.602814344050855,-0.33484171328279083,0.4005453259802593,0.5530568865305573,-0.5070389576483374
-7.938809845501701,-1.1559330269285417,1.2642039245221863,1.03689231449904,-0.7325393732793303,1.1790826028004129,1.202755980663315,-0.4950099631284605,-0.8501428294716421,-0.8223407585374043,-0.2587554514597246,-0.7500358768791768,0.9171456245245232,0.2295737522969304,-0.0708302378535134,0.970206648260929,1.0339787533526867,-0.42690370910923336,0.6445289733071553,1.5300925437073913,2.139648815006376,-0.645345725367636,0.7912859038720222,1.0670032324195375,-0.18497608089748924,0.365327507705907,1.6488336170199964,-0.6277344410888125,-0.36383418461814865,-0.13650132305337767
-7.027989491238928,-0.4441039893806043,4.483656854439457,2.0345434749628706,-1.5642615928433703,0.5196465060473717,0.4677241126417589,4.550154028798816,-4.585320977123519,2.4542860550612016,0.29365467753033414,1.5448742088328118,0.6708386021906301,0.06779529239463947,-0.0443438140960984,0.2291622202889965,-1.3611206402410168,-0.28365435597478705,1.9262318939821206,0.37992060847008113,-1.0112335280544205,-1.3377942614627178,0.25686593790625517,0.20420007107572738,0.409017404289174,-0.8487493746859761,0.5519590310326548,-0.3982088284959217,-0.22527650792210263,-0.1455870616529993
-5.9880064852796995,-1.0992629989760296,2.887953347393323,1.583927918946806,-1.552515261485622,0.6347623051640824,0.4020770729999158,3.7949103861751907,-3.2673905956327847,2.8101912105242404,1.8706998823570162,-0.2796017318372798,-0.6549678229294356,0.3314947916908745,0.1029915910226768,-0.39663502597046935,-0.31872055905319086,0.2287016199650168,1.660316580281668,1.4170306559198709,-1.2597378437582505,-0.12702540448524555,0.14109903011439215,-0.6649547095884489,-1.0507621063280372,-0.18461269286292709,-0.3193488381757595,0.8714146009967652,-0.6076031473736456,-0.1417695908790795
-7.131155902102057,-0.7619299773750814,1.5370600225725446,0.9942021783311363,-0.6098435683036341,0.6744126868675299,0.9964913919294103,2.3932490584699617,-3.2492041063166477,1.4413642752068232,0.598262628550501,-0.010218579418564732,-0.3553314494278619,0.6740499848149213,0.2603169091560865,0.7983790239082948,-0.4304699333968267,0.22980536982446073,0.8075998125511276,1.1855657914063995,-1.008940362278491,-1.4245129936718819,-0.4411026207760219,-0.2626010171494207,0.09496777102160855,0.10053178417687231,-0.2622593624677065,0.6474588183199774,-0.8619090093150942,0.62712677256279
-7.689096460408304,-2.8614435561687865,1.5883121974021712,0.16404301737289897,-1.6286550855036042,2.9866098254235167,0.5736146095340258,1.9390923750772229,-3.566609960285759,3.0236559545858865,1.9792766084231608,-0.9147267940028339,0.1167059607357027,1.3484720719994165,0.1743321222069867,1.6842345376515808,-2.1337615264897267,1.2569141130240924,1.1747317626637235,2.0481732327325175,-1.1668552828867724,0.2782093495045191,-1.288628177473452,0.5428969644164783,0.3450133768988048,1.1797231386714027,-0.6211573976024176,0.6468729591887583,-0.45155097596577026,0.1580750597478615
-6.6810408351333,-0.48979772367060725,2.656357649291734,2.2074767846416257,0.14818748252477681,0.36133888258487107,1.2752732175435733,0.6804836897837799,-2.5280300794800628,-1.5682621247972501,-0.35060960798370716,1.2016506960915578,0.7944739488287084,0.7714528271383729,0.6911401551271255,-0.26479512916798115,1.7401472390813657,0.2333429628456308,1.4872203009098461,1.0284678414727533,1.0991144410149356,-1.6189734640727063,1.0803199148723244,1.9256648757304835,-0.2739582836106696,0.3083291906527586,-0.36443272536702614,0.02155557386203261,-0.4120890618790955,0.3380645804258655
-7.9736449005230705,-4.260646700896523,2.7191388591533916,0.36138086379556844,-1.8018413432826703,1.6218650565314037,0.19017284648628954,0.7839659997897941,-1.7810287924882113,1.9333692814817556,1.2049705839678655,0.1293037142722982,0.0507858250217589,-0.6558899596110571,-0.27638980318864675,0.6861236613020627,0.5868215683162965,-0.4823617377502604,0.9427618134817803,0.32355840735866614,-0.0365828913471512,-0.5600690568071808,-1.0232112697055529,0.9976913288324024,-0.13998139177665547,-0.34610942691128765,0.3854086791389598,0.43554866770056566,1.2564445822490908,-0.42900161838963524
-9.282491710147271,-1.0654503664769481,1.8924528550970372,2.1402428785438055,-2.11293768338805,0.22249339686361358,2.043735177618389,1.8707822527193927,-2.2865268060700883,1.3389267179243156,1.9393664447099532,2.0634964230077846,0.7563074917982255,1.5653524982909288,0.15222056687590432,1.1887004833620065,0.9142518487418958,0.9601253267444733,-0.8972572655209409,0.6244175865979408,0.7510317603175015,-0.9989198355810539,0.25677311294073607,0.976503765663171,-0.7877047707817634,-0.42794512034230775,-0.2906918251921427,0.1703214921443647,-0.5045860787647432,0.5552959059721038
-9.58144603940427,-1.3048231019332657,-1.900907730420455,1.2607747742995155,-1.8947688333119537,1.2662712462418477,2.0054686689205417,2.3172972725861496,-2.4787049624965904,4.1365867406347965,0.9659148788636389,1.2672947062372166,0.5299372306965174,0.1890729142619794,0.025275414104824884,1.9746602256729542,-1.6959971520969277,0.6977974679171807,1.1166863181656699,1.2378354344115707,-1.4126751296832314,0.12201250577585165,0.46426124091677057,0.06256195842614576,0.9215165838815191,-0.5101283940189871,-0.5598967536525643,1.710666346372645,-0.17748363903486067,0.48941511882751976
-8.660336491158004,-4.249621710339292,3.039455951468543,-1.2304117038337758,-1.63539842919223,-0.5128716793832706,0.22844291207079634,2.63808142893923,-2.3089410150267833,4.741340035424036,1.255049491174368,-0.4026732878946979,-0.40825884649376154,0.7188176123280684,1.2485285022355708,-0.44804842045977367,-0.6892969541595766,2.1476874031409583,-1.0850081116404429,1.907356699242025,0.46258495043868786,1.121527449880021,0.3774005833335608,0.39465684036879006,-0.3285763942312002,0.007135852208510782,-1.1414039400185287,0.37663265144479907,-0.13527000302686976,-1.5732355302563643
-9.554997425196703,-2.18895107373203,3.817086112155347,2.750197333925175,-1.2428345054634793,-0.22564362862440074,2.5030344432620946,3.2082777928917237,-3.6015282253441003,1.895291989472436,0.8718423693877385,-0.14038529039583417,0.1712163499709326,-0.24042237333930783,0.524082033091707,-0.816281483355837,-1.5608454304399284,0.42918408315986173,1.5952862612566252,2.199277532820744,-1.0170451234029345,-0.6832880924859058,0.048232875781969595,0.3737742395499909,0.0534489265600349,-0.40583054761655213,-0.5821791983714136,1.1784588672288152,-0.4225735229314223,-0.2936283629350118
-8.736226229447627,-0.45430867945524195,2.1367586235961893,1.167986376388738,-0.26026534394861234,-0.8850436037520779,2.9168572281080984,0.6157379322737232,-1.4384989826531813,-0.5486152582137569,0.7793131900993786,-0.5597830014009462,-1.2713048077155302,0.8763332152619654,1.310564103716858,-0.9299476446248904,0.7280551949269266,-0.3917720347507522,-0.5144432851713632,1.1322529080616013,0.35829443320036025,-1.5097726194020036,0.25514051268379495,0.2690823206242221,-0.45429161023310977,0.2722260101359831,0.7397689829197939,-0.8789127268470932,-0.4730215807067734,-0.25989405064544946
-7.6805744077791225,-0.30800396086382853,3.691676763659299,2.100856474365075,-0.817848348306812,0.5603039351782432,1.9581135797984641,2.4688480714845054,-3.2315218403785244,0.25394403075663374,1.0081586022562603,1.0842898979393316,-0.09803327037882544,-0.018836092096173675,-0.19050206761353417,-0.3528252505738699,-0.031077742047916992,-0.2365083229017779,1.1777328786423829,0.15219648151068227,-1.5032058439658362,-0.36281423865019136,-0.07200714988451518,1.470194988418102,-0.2756117427226867,-0.7884557939634597,0.7778742091383642,-0.012794143615059754,0.2762172918313031,0.35504054086393966
-8.49399144658094,-1.1748447989686708,3.284443491555178,-0.4388637418561825,-0.42552701175786634,0.3281916777660054,1.814748451215913,2.207473094027763,-3.491128100790789,1.1526192284400723,-0.32049518679810807,0.11731414713848498,0.00993463998164394,0.42910142007217855,-0.5136373779330703,0.8172400741203071,-1.1897702945379172,-0.66266430816382,0.46114819562633674,2.2400262154108814,-0.47360829871291965,-0.8534326306675412,-0.10462520504709417,1.501348004549076,0.030341226665583143,-0.22656827339963756,-0.41775107470962863,0.7540004944766714,-0.7080371651117284,0.09369653561214654
-8.62186727695336,-0.31363369657255924,0.11085489312716079,0.4731397760165574,-0.7489078824525521,0.6786252344038884,1.437675478171328,0.9468470148410483,-1.624643646059793,1.1674901828415436,0.2218357563366575,-0.4006128176047494,0.8854697889589356,0.5954042147118075,-0.22324636781522106,0.9319829679982979,-0.6383872513376604,-0.6986412160345203,0.9681846850357313,1.0131833026468449,1.066302032470056,-0.9193065714414803,0.9226509641008404,0.949518938904626,0.36085212630169583,0.5348095368245049,0.24527475048696848,-0.608158966949693,-0.30190859629381245,-0.16668903243393263
-6.319473645039441,1.6547602710348526,2.646914070925847,0.9519379506050071,-0.5056895901678231,0.21561765450459494,0.8281137171274133,1.7284608744750096,-2.9249900932067923,1.5477213881056002,1.0506448657148382,1.4946373564813051,-0.9417721534060458,-0.05562806287863337,0.2647598605213321,-0.15873562637942196,0.29566271962510376,-0.43253949882814063,0.7269716799677426,-0.31617883989585843,-0.02954663501664216,-1.3404265426391633,-0.2588139757843062,1.7149991047173894,0.15348416389178327,-0.6082757386431675,0.2280572212051329,-1.0705261077675219,0.1507800210457716,0.10001782720121985
-8.126510921760694,-0.01274643069474511,1.8897071466742374,0.10411003219771242,0.08507978505017737,1.1717506070792794,2.320230222008241,-0.26172479948079325,-0.6338643147383392,0.39086935886318275,0.08513522077451122,-2.206860397335218,-1.5105538744652436,1.5474606406182143,-0.1735504575452807,0.7457630032314007,0.4654600742925728,-0.5961382184264702,-0.5185796280525335,0.17898640878748404,1.6156308877257959,-1.1471037775504147,-0.4132826239750706,-0.01714308383079852,0.48326226991110316,0.6981045331114348,0.8265410097242198,-1.0920524690569757,-0.3240784073030475,-0.6410413295866441
-6.0091247931371665,0.029446257724902832,3.614449657888712,0.7481092670610681,-1.657354213246586,0.6947835448820509,0.028887401859648255,3.3882013089559457,-4.325584034717475,4.601620488091697,0.9141984949937393,0.5738015780678937,-0.005481704221530428,-0.752288830450032,0.12668980363256221,0.4945838917098354,-1.6173780433578098,1.2224518268786384,0.3349801379076975,0.4382914095856126,-0.9348697837161017,0.001484470535018145,-0.42137065027843174,0.743526059121713,-0.5876644388934322,-0.040710504376171484,-1.1956903041066653,-0.7655887244220422,0.7642988000408808,-0.13932837226812253
-5.419413138073066,0.11590211957240029,2.6808874200084016,0.19510498768311813,0.04183495863303795,-0.943736891744291,0.19386140364355084,0.7569586033439399,-1.53207119268389,-0.5436469172244138,0.3641961689432146,-1.3253095158651498,-0.9669829983702447,0.9752106613542268,1.1973025566301105,-1.3360821409125143,0.9193455897909826,-0.6077925477415161,0.5015645143990057,1.586035641920051,-0.17739702129636747,-1.9341745369540646,1.9539630976644125,-0.07792290163317944,-1.4988891780533051,0.9296107611144857,-0.00789811149375927,-0.39254906404391526,0.32002838396147004,0.3771484331373361
-0.010336700622195445,-0.3057302589392029,0.7929280999485222,-1.4943875883390125,-1.9043108977454197,-0.14746986664414313,-2.93109495021051,1.5673579182822717,0.7757652872432161,-0.5473909361968385,-1.3332370843330412,-1.3618118531561532,-1.0173997194570483,-0.6462592884497004,-0.9645764706754495,-0.0344210927611737,-0.8209472293757335,-0.3022116612788373,1.0738081601025897,0.9507355002333086,-0.3376752018512137,-0.6408751795204058,0.3608728187387677,-1.5534765656885867,-0.6385384155251952,-0.019712198027043288,0.6971426855846263,1.1160958650329325,-0.10294349681584188,0.6478092804505101
-5.139902523585579,-0.2302578147799751,1.3547101349965658,0.5585291607044207,-3.1535729298841826,-0.9047754744129379,-2.3898220486159953,-0.34966432770302175,-0.44927872379313,-1.2828433474802912,-1.7241838283477613,-0.14285134272766967,0.3165611465151039,0.9779874961524864,-0.09201020894392331,-0.07791691301221063,-0.27110463044066574,-1.4184809550006103,-0.06994718071540094,-0.3024173726717772,-1.1639258701934478,0.2508533889930675,-0.17148174189896928,-0.19795299969685043,0.16004278277763728,0.19701653059172552,0.7412908846314126,0.19363813540241534,0.23370396381945427,0.7267060903925292
-6.214558563962382,-5.41906805782157,1.3055045899433404,-3.4472958838474512,-1.8135161937864694,2.1527648002352864,-1.7714871522120175,-0.7976448905215637,-1.6311617516459294,-0.7378328458459323,-1.1710164092730049,0.6174442248367465,0.08553478180968474,0.6833678630102522,-1.0150697952571777,-1.0088562987573093,0.14616442844035077,-0.3226286580420189,-0.8124827630490843,-2.2451064089004906,1.0189841909500779,1.0468572805677892,-0.9843222799718558,-1.0464392572789898,0.3272950793728441,-0.49706683907056903,0.9113376854631929,-2.448934837702184,-1.380490884734865,-1.2177350919460224
-3.9060592305263095,-1.6848195091059484,2.580206059733658,0.2636536097162944,-3.212343581051279,-1.2033548635107814,-1.863641937403611,2.1937606510815195,-1.2421488312964206,-1.274766806136429,-4.062091808153683,-0.8748507510611817,0.7163738041190439,-0.40559240737625424,-1.1338504585246931,0.500390043407422,-0.25781011817351185,0.03450366737736762,0.43789274060630007,0.07908270371438582,-0.07899975494137007,0.7640741653777012,-0.5263258613404891,-1.3290116815452904,-0.3049150515089314,0.10337768168024583,0.9766843859017806,1.1440425279126423,-0.24891017178269867,-0.17590368653702174
-4.253814329910351,-0.1668643741506173,0.321113385184526,0.923938645115065,-3.0608796054894696,-1.5688073681489305,-3.396901213853555,0.5272776172315569,-0.28227395401135097,-1.7809253016765314,-3.6356117093217617,-0.9070501653721788,1.0292618145658463,-0.047750811607230895,0.8592597912429937,-0.6908417712951243,1.3400746091990194,-0.3883478055134763,0.7519419805621651,0.43882485236983915,0.14717869387636848,-0.3075634217697114,-0.4459330532060883,0.950285406812985,1.0110010924863202,-0.29735536838061477,0.2287788376201832,1.4294690078048404,-0.27678061707528495,0.22103012528013657
-4.481013833270612,-0.26622332615045147,0.7988773888544619,1.153373238914423,-4.429694521558259,-1.7285771162224837,-3.3748011098324606,1.4628405158012066,-1.0416394126577857,-0.608744178180386,-2.2978242446066233,-0.3550337085568385,0.2771818359110956,0.6182040934490174,-1.1803665199933684,0.5875673533907508,-0.9576781118015003,0.1299668393123396,-0.3570305313483175,-0.2734675186220561,-1.013649100233248,1.2859658552804194,-1.1261249999782752,-0.5065254647547873,0.36902041029452826,0.6461559195549578,1.670816577183411,0.4750493165637937,0.09453605682825382,0.4880272271634632
-1.268428807089361,2.264234909857907,1.0402137908873927,-0.9303276131278818,-4.914443469602998,-0.5902087483250792,-2.9708363895985785,0.31440944689217204,-0.5067455642971712,0.9285954529086489,-2.662604571512974,0.4392118234643702,-0.3526063078781916,1.024696339254114,0.2746957222203734,0.2858659263516058,-0.000472227330655096,-0.6640136723425218,-1.089583008122182,-1.349617624437805,0.33293393247959896,0.37504648004341057,-0.7396951016818155,-0.3417839397337901,-0.7899125627197934,0.4848364430801691,0.4014889998296838,0.4614474048633231,-0.14064235581023832,-0.31732450732523176
-2.1447445744608076,-0.7274167825202007,0.45733582766823583,0.08984060030888702,-3.2072592071014214,-0.4029784908399329,-3.019350267308988,1.9655477451652548,-0.05691050955554031,-1.9145588594566603,-2.5517839274387373,-1.1796480070677067,-0.1944530872572193,-0.0023577925775628127,-0.3433824695533795,0.38145202536925316,0.5223512046103148,0.05118216592864375,0.4468112547655314,-0.23200922121977596,0.43642445781962425,-0.9301506437283544,-1.1722238263217322,-0.5406624489910169,-0.15715761898415784,-0.3379722556164424,0.4888067608530473,0.3485050348982605,0.8711732970022052,-0.10958731454527135
-4.1258261610980265,-3.471589099655095,2.2356404774772183,-1.6103032052062531,-3.147466564672933,-1.0626177340985958,-2.7152718814526677,0.7198335967389072,0.6780863708072575,-0.6108649148174493,-3.8306875355727503,-2.4785323716378294,-0.3158758086581507,-1.8165526432588748,-0.6643746662844792,-0.4837162626703133,-0.038563054978767206,-0.3104646209206997,0.2520517198288873,0.4354270473439557,-0.29987094946316833,-0.2012268897694865,0.0840886183477745,0.8426461732714369,0.09897714059377126,0.25681094812677807,-0.08367064152834225,0.874147841256875,0.18240158754131597,0.6204481805047778
-5.671256875469518,0.10285936443479818,1.0422644513251889,-1.0104793104084775,-2.981690824883582,-1.41230285172435,-2.6391065929866517,-0.6669535065936847,0.24173244195674928,-0.3745899544201496,-1.1247709325395439,-0.7011838159881527,1.2804163220652611,0.5762614127577043,-0.39802707589183395,0.565554093988249,1.4846226174105321,-2.654033091268665,0.08462962854104937,-0.278755835368824,-1.261811230600762,1.0668796501328204,-1.1958838296666474,0.8422946945875395,0.024673738878367983,0.7301361198770409,0.40491695027439445,0.22582830187818487,-1.5544541657830457,-1.4159492978844592
0.6541200756230342,1.4694626402578153,-0.1887424567035565,-0.026479379014007327,-2.8727718819889443,-1.8630615377310753,-1.3040166705925558,0.9021779462716837,0.5155791191115854,0.48402467432930285,-3.0074230088393406,-0.5520506467046635,-1.0522091983976352,-0.3681448227352321,-0.7669303603605265,-0.00623253416334778,-0.6076892169960417,0.06138144318052401,-0.7696052647594276,0.6334177151306792,0.6144332362100955,-0.03522976256070206,-0.38847472956058987,-0.6131245914817649,-0.30241448692170686,-0.5225569320686848,0.8112925748292537,0.2385214439356516,1.505786051032816,-0.21644652196319553
-3.3184303562083777,-0.05859082229053848,0.9542893981189364,0.36134643820214296,-2.998433585651713,-0.19745075511114962,-4.079217201401725,0.21752881965228288,-0.9532705656211372,-1.105228490663765,-3.122689546756994,-1.1450235302320761,0.6629061687456941,0.17660841374768477,-0.11958098844040607,0.22667259655025795,1.00251338740929,-0.8481990734231625,0.0375469542949192,-0.9389268085219404,-0.5785234372689481,-1.1658208153478211,-0.9202966847643912,0.11197053665882957,1.0564762966267627,-1.7434347468036548,0.1638440423454635,-0.9923611626165287,-0.7859066771827885,-0.4043284351980348
-3.0154624591475896,2.101517505602886,0.27251949782867946,-0.5006665062013017,-2.802165851064587,-0.5579445166115513,-1.54588264870464,0.29650028472015993,-0.5379012349031659,0.6232236024381265,-2.490648084556426,-1.0568035932128677,-0.5269046741655313,0.28413529504098517,1.4339766376126946,0.8728805073399477,-0.10515390184647948,-0.5013351537072638,-0.8434180079058059,-0.955651785955795,0.09603524368326262,-0.20939131762163687,-0.6238610049268931,-0.5997949164773817,0.2362118001544153,-0.24654348895853714,0.8924225110518951,0.194388755719098,-0.12262595702930928,-0.4659309111873525
-4.092593770445872,-2.8514216595164013,1.373462633770501,-2.243156824860647,-2.790383457229405,-0.7808766517924759,-1.248414947940042,-0.0076088847648644745,1.447109855453773,0.5308911759691775,-3.733837339496741,-3.58895338002714,-0.6650804355187362,-1.1924181071339408,-0.6809147047858597,0.8276252484525511,-0.30022305808381344,0.43709159049484236,-0.8293392419449817,2.3906205907081324,0.047366468334853834,0.9348581929014798,-0.12091790808743184,-0.7652595453864002,-0.389787381855102,-0.24771243728182848,1.4516252458617975,-0.01699972665234293,0.7509492030695714,0.29150470510391374
-1.7123997502499848,-1.499980548318286,0.677973643242569,0.9382825038717869,-4.12226918334216,-0.46932148747813995,-4.170768640743153,2.147199272214985,-0.2731000609306778,-2.1969801583013218,-2.3314474562017065,-1.6159049935052112,-0.5192135664579048,0.14584380182356282,1.1850705631584217,-1.3675122001225644,-0.06831808239101274,0.12986202972747476,0.5477119214828396,-0.540422550448133,0.21056713775307262,-0.4988567321592529,-0.18077823421429373,0.09522458287574713,1.053995941673263,-0.8468320077057339,-0.41298934068373233,-0.09668069728764353,0.29714935781076807,0.0460096637614945
-5.84844733957531,-2.6133521805492346,0.07790201158954482,-3.1279931991349375,-1.1943734277667077,-0.2020245797734269,-1.0513906570845883,-1.443901337788459,0.08013692263965844,0.7256824910907594,-1.821588983475713,-3.206554896863372,0.06888953937236231,-0.33257044554361065,0.3241031670800549,0.07470345949266076,0.4544729194250019,-0.8235064298970042,-0.046480492086396936,0.4601685631997737,0.8745353667608835,0.14654670509794682,-0.6787952382935599,-0.7455731619850584,-0.07334221951488483,0.23130550374421174,0.1677029871066308,-0.8305711920676356,-1.7190773127725807,-1.0855298468985914
-3.139938454469104,1.1280635516894768,0.10358910631730472,-0.3940777506105614,-3.2380514155085014,0.044833290782337415,-3.1665905282780376,0.46936030022992,-1.6331607335590268,0.00483167566428055,-2.7750669255650267,-0.9359340986220528,0.043511441042225485,0.8706457091508928,0.7109273812791207,0.3398953177788106,0.4996904254420875,-0.5988873256731798,-0.5271838176029824,-1.5612563466490195,-0.2824329922469191,-0.6541153420449632,-0.9672232987429655,-0.6419804589490158,-0.3101998919784759,-0.8169344774107381,1.0833197954426819,-0.3174548563683211,-0.8024559672429752,-0.7679110077128078
-3.782652161189474,1.0153039762192921,1.0779001962115482,-0.9603839183163335,-1.9867608839759325,-0.8416671578366646,-3.3135955973338316,0.1380990957135742,-2.2618788760491015,0.054099866505745234,-1.7140599774126792,-1.5631710652252535,0.8366676907434728,0.6507334179681024,0.5480167933056587,-0.03548780043001898,1.3551100440739543,-0.9280475405852824,-0.6443650073919951,-0.5276436176607662,-0.2032580059955217,-0.9837147201764161,-1.029726096816039,0.8763187904031665,-0.3515481697825799,0.42698081442295527,0.40515512639515827,0.77635831326838,-0.19629404104980375,-0.7126439405991752
-2.9857891887052466,-0.4242911413639252,1.9691532556715101,-0.41746199207027335,-3.60105856315111,-0.8260958267775587,-2.318325228115585,1.5348961758775213,0.2146394799232678,-0.2374698413787191,-3.6937665419244876,-1.3609752720189037,1.5866691998915,-0.7473543525822537,-0.794866174932171,0.788620107675723,-0.8782904033983967,0.10547749965090354,0.6911367876839586,1.9946394588019352,0.8725641870951073,-0.21961445923385264,0.33789429370345686,0.08888162317835549,0.013596087608945272,0.5339356415013625,0.32970020246646714,1.5597941153858275,1.1485431285573005,0.1505411226033174
-3.1325690362515664,-1.0330139392406943,0.42158099022302103,-0.07695941826061437,-3.6465853570057036,-2.4311197972943113,-2.0368206977944,2.5004549333074313,0.8470492126941299,-0.8155428601659993,-2.91319188311272,-1.3952132075944825,-0.14167518509188293,0.40618558081155015,0.7234606704337012,-0.7468086370511904,0.10785453804425277,0.19958026257612804,1.7039449888219382,0.7717547797673795,0.48262295870526306,-0.579147152349904,0.19700780342449062,0.366486438891164,-0.05945058409857665,-0.3688489317484859,0.11034338527415123,0.7204503427428495,-0.45641187159191227,0.5595714657858195
-4.651564662949687,-1.408542500767488,0.04955206329344924,-0.6737223192391106,-3.2307059926333794,-1.971411655424889,-3.066810785796718,1.4936172624013622,-0.3338059300983639,-0.8830334853366925,-2.5096175128867015,-0.5391915572990557,0.05501107151350382,-0.4640984747146073,-0.276776602778192,-0.430021494720419,0.6153143817860434,-0.647823300162524,0.13270053199310275,-0.5883391744287352,-1.4844872877671982,0.026976072667498956,0.28617846018446114,0.701386086212726,-0.5739411009852255,-0.14758517226657672,0.9253126594449235,0.9719343937404465,0.3539884326553415,0.7135050584319493
-5.123605194015682,-1.0979833618501342,0.2926740923538232,-0.05746061603567992,-4.0115158698450735,-0.6717840041239285,-1.5362484329453052,2.143026717008791,-0.8751794889672003,-1.1770971750012558,-3.2721907798815955,-0.5276251859182945,2.055032419431961,-0.6472187866218615,-1.0846119286041378,0.4873871632752039,0.40465053644658217,-0.6409784799458601,0.8249203084587018,0.4278797090494143,-0.3766463247317147,0.6002141422870569,-1.0746997756413446,0.36135247284294786,0.3071993396925808,-0.06631810563347999,1.2105776246102455,0.5449348844256832,0.2942831782238779,-0.4312451526082548
-5.0356284512938565,-1.8849140565204892,-0.33516523563942213,-0.969167084884242,-2.7188487570700897,-0.6036324132966437,-1.790371505957199,-0.9748340072093999,0.02984741989063468,-0.9186578356815824,-2.3248567124793493,-0.9115469182751451,0.17609467204000465,-0.338030573936177,0.11567518086267209,0.9379836430194809,0.13571667245156654,-0.37402074913976074,-0.18422770560544896,-0.7562232948858207,0.6783242465512139,-0.37448548254095904,-0.3733336646645209,0.21713832932978966,-0.0040334123187901515,-0.6530726681130592,0.20556328845166916,0.00871762825546536,-1.0775950205330704,-0.7761623415567286
-1.5456336211531483,-1.1927797018600261,-0.3493013583547863,-0.6653379070378787,-3.470148572903787,-0.44922576524522145,-2.96182836619302,0.9847359274523643,0.1007027304350147,-1.126991786808832,-2.101950586262871,-0.18889033415892298,0.027461461508926657,-1.1334712239003337,0.08941876057820551,0.39596607768574105,0.35067421433169293,0.012684170599865012,0.22537445618859459,-0.30427674233858715,0.32147467552501974,-0.10727597413407801,0.13900694059959653,0.8068082298806528,0.3492960776572684,-0.8622410037750159,0.2260444704033257,-0.608602968902518,0.8680457247510842,0.32725348581879055
-4.039256702576484,-3.1826912472754305,0.38505850925154017,-0.4753752948998863,-2.8329004092868724,-0.35524978922750045,-3.249954312354359,1.78055743670364,-0.7644565013028625,-1.0248345726549348,-2.2852926588506466,-1.307221468964593,0.7792631311735323,-0.35441468276398386,-0.44888107893132223,-0.8693314870862684,1.0915096770620325,-0.7793892369745778,0.6536738182476721,0.28764638711768276,-0.19600535932878677,0.40097817998773494,0.03501033401470131,-0.47491145987196376,0.47902160846078506,0.3414308126612381,0.9047531300293514,0.2845683404236367,0.6284270466599844,-0.7032542481264028
-4.59033688584487,-2.545779387773022,2.885684879653272,-1.1798810109863613,-3.030428410955233,0.6698344357683387,-4.159331671398976,-0.44958141319439504,-1.9219863312296201,-0.8671694963022747,-2.496808659981633,-1.116105978605089,1.758770318684251,0.6286642873421366,-0.03371433021111384,-0.5844659115822477,1.032253981204278,-0.7293694102833399,-0.6103727937679396,-0.004609999786077944,-0.7806497047561257,0.9579147065621483,-0.4199022925761995,-0.3439749232137022,-0.1885449268641914,-0.266704532069223,0.13690226565838234,0.4286997980460133,-0.13250304082207917,-1.6287633485860353
-1.1117169012100974,0.24701893831811397,-0.3123875029086912,-0.03899993778185775,-4.530955562777688,-1.7802213238458677,-3.513408881614114,0.4741210743115111,0.47521977794340664,-0.5469573644103111,-1.9975825390638176,-0.7395316467885151,-1.7164682100764477,0.5898687315001936,1.8043621164373993,0.054186899989961346,0.24653188960972947,-0.5199486775457928,-0.39232751541970723,0.28760894781792484,-0.29054994850598226,-0.6202899596747561,-0.9499707001373331,0.3853735636198716,-0.26590980283237525,-1.0333279269865812,-0.601364995233967,0.7346553651291433,-0.03340064421865895,0.45410685344937685
-2.729408247090113,2.0020723145415236,1.3564651249520854,-0.44747734388795896,-3.186031991471045,-0.15237105788045757,-2.8080714462315624,0.3150296172044578,-1.4083118337530764,-0.8427897606954339,-3.322622134083631,0.2757590925816335,0.4731764817997549,0.3807367716692428,0.5988978816103665,0.3178503518566632,0.22431243732705983,-0.2641320396503994,-0.46010924847933915,-1.2909220315600864,0.008784476528564377,0.40528678666156087,-1.31166236067308,0.8029606438474285,0.47036195160589145,-0.49930640650084446,0.5074908816919098,0.3462399537986825,0.414877395282882,-0.2339112928822858
-3.982634353025091,-0.8768953154245279,1.6781895222467191,0.03988675022502285,-4.486911896990709,-1.4059224797329986,-4.085575815554428,2.7606733393920195,-0.25027656642706114,-0.8216552250872647,-1.8335498433471067,-1.1711951377360839,-0.42712868853588554,0.49391922489035056,0.24094358895798168,-1.0295481034691798,0.47995190358533335,-1.6573434535212936,0.373662706319814,-0.4760262329531084,-1.4639323962098443,-0.45431189338434114,-0.6215325481807016,0.11778490140524972,1.2529068388626934,-0.49400581910032926,0.4938759641866758,-0.07952422790346894,-0.49384583041825597,-0.05103722958351351
-4.620276549455723,-1.5804367149525604,1.659933250446491,-1.7260702863607107,-1.8510139676972237,-0.2954765195251948,-1.3412882471725474,-0.2527667244084834,-0.035851640250234434,-1.1522297743382728,-1.8389217175937227,-2.4247155566481795,0.5772730744623988,-0.7002162543243619,0.40961627764828007,-0.7254599886349611,1.4045619135131515,-1.3072195837998588,0.6891523583130903,0.30746850017583693,0.21390741006439554,-0.4476032262690232,-0.1737591066164323,-0.8880197267376483,0.4141448643752686,0.5143195798635144,2.181532743233595,0.22588338623172635,-1.3189675805535352,0.039241024897079105
-4.590412931202092,-0.6638532277664643,-0.04446829573544725,-0.3700069511991834,-3.1469390367700165,-0.017686294558054084,-2.801133741416935,0.12818278794734142,-1.2637243025596059,-0.8073837691781195,-2.999220433006076,-1.191309953570478,1.1131971963627354,-0.5793627799223412,0.4265608383538085,0.19861325108540936,0.7921189902121167,-0.4590580400268351,0.30323671891255854,-1.0680628477115288,-0.0014481360369739044,-1.0301899919012092,-0.6671889767336439,0.32547281580158627,0.7867204357798043,-0.8708359510589766,1.0705236989933828,-0.28681271127826685,0.06378790933779017,-0.9353313260460822
2.5940928707230895,0.9485386208386924,1.6068159241022588,5.171568233549775,1.4252148155329516,-0.1964238630878479,-2.923264972401688,-2.9897966175585693,-0.7294391933168075,0.6177319849670231,0.9296640937777233,0.931538785181234,0.19246554091128598,-1.864259041437293,-1.0749847836868671,0.29294517944358933,-1.6786903483268958,0.22877335023814446,-1.0081309609627753,0.6163093633471354,0.5081543496507528,0.7945805537495706,1.0193101465117924,1.422755482566854,-0.6082722933794168,0.4634522745707669,-0.44980126095600376,0.23510412813023007,-0.9810023026715592,-0.7612118785580124
1.9415143556096428,-2.321648421846011,1.9500731709326304,4.030458207556843,1.527544485880651,-1.1716188774103453,-3.951867451358179,-0.8716870510539511,0.8922012194387717,-0.6222369937341055,1.213612249710085,0.47908012735242955,0.8189814490822386,-2.001373287135414,0.4550209013410007,0.927480328354067,-2.1812105591460402,-0.3124489273501748,-1.4590284189380118,-0.36384093362523756,0.45622627922790165,0.6149813748586151,1.2399718147881613,0.4520793762913044,0.27429312453489074,0.5939998107562797,-1.83764820652195,-1.0523093276155895,-1.1391616389233783,-0.288686563007549
1.2022950639837378,-0.9209661412954886,1.458488742124318,5.1317548941955975,0.9606850310981287,0.6189754356534094,-3.5419847237835786,-2.7530073742539845,-0.3595206812703648,-1.2195692991515736,1.5571498756933193,0.6747509155229977,0.4411727982370672,-2.6714660350649937,0.23740005413770582,0.4134363724451023,-1.9018472811982265,-1.5059072364026678,-1.1693322439688438,0.5879658032500112,-0.10998765059892966,-0.18057110052521283,0.7652403622496805,0.011482685121238692,-0.6277642796375287,0.823743262455613,-0.8550408247130827,0.5863319595260583,0.4328175291318951,-1.5817074930561736
1.5674729731079855,-1.8544206814584892,2.512578969578068,4.0610571652526115,2.570698615963568,2.3440709492480085,-2.2415954759345356,-3.5262732743219347,-0.06342348988082151,-0.32482338730315563,0.8425313102126275,0.6555654910753973,0.20712921737039594,-1.7074518431422772,-0.5837533601470298,-0.9935613086553565,-1.2296602859852124,-0.5177108522515367,-0.7027869657140594,-0.9511503283606768,-0.018470468348843833,-1.234747790421746,-1.2330132338545325,0.23145279864822643,0.30770644369312666,-0.347507750280911,-0.6262871668757974,0.24435657907105304,-0.687970687939159,-0.5541899796932798
1.5288397945518253,-1.9159996681330849,3.3817306351931142,4.509643328031824,1.4286372158266096,-1.0371919362190751,-2.663522636706202,-1.0291208714614002,0.9058703240894526,-1.83636901883957,1.484491817079989,0.1416123488552575,-0.5692292827268826,-0.8627192221380997,0.2321252959208175,0.973784495955811,-2.1965296294708225,-1.0724355167942106,-0.6200594469467414,-0.44402316711349704,0.44693359848722525,0.6223335381979087,0.9384488951745756,0.637489337374049,0.33105918121420375,0.6155927743123377,-2.1759189097315494,-0.5631274853365414,0.27860940531982253,0.11739006492113317
3.319466927068822,-3.8453347869508354,3.3549588705001825,3.5470088787857454,0.06088886848542434,0.9059483638105682,-3.681900180843075,-0.22713441473636345,1.8595514549063326,-0.7839083224216986,1.5950811774030842,1.3490533924896204,0.6801522129470331,-2.6056700382898677,-0.8585049168254612,-0.11897199262322894,-1.5008886260670449,-0.48942321540342465,-0.3208912221036284,-0.2041198330413987,0.4378300342302207,1.2252332993865598,1.9094824007128337,1.0313970748277588,-0.6347012862358116,0.6036396337466715,-0.8792680115649727,0.1484100952571878,-0.40308892119793577,0.04386525376192326
5.238765869272712,-4.0343167647174045,2.8115711324078134,4.246271670085312,0.19099441736840334,1.1383415500889589,-1.6446091177416413,-3.2508019307431044,1.1731657181114996,-0.30427743765079146,0.39114895862891313,1.7403838295551588,0.27332386497599453,-2.2989967227110113,-0.8512711865798264,-0.44268759144595166,-2.100123985826179,-1.8416259177109562,-0.7730245989585662,1.1786403403006238,0.3771876447544066,0.1705209755815289,1.4442365821835437,-0.3555064995400448,-0.12527632180918463,0.7130225417937192,-1.0098654656779444,-0.4128594980143501,-0.3157690967368177,-0.5855320222840601
-3.674970687588276,-0.2213248686867292,0.8476902279567825,3.154189669672586,0.3494239586540207,-1.3654704229527095,-2.3175980371871265,-2.589976259793741,0.8416271656905133,-0.17618349124500482,0.7913798338885433,0.26614869696435445,0.3816014835696139,-1.5716277197365602,-0.06105044200924886,0.6713404274192875,-3.1732326906616994,-1.2823153542264263,-1.5547200454187893,0.20400784174908,1.602703580884041,1.109345431450399,0.7476357147109141,-0.009235485050327548,0.3150471374383337,-0.35659732097113367,-1.5867504442287856,0.46808253223947216,-0.40900883042712016,-2.068023115792061
-0.7567942662151913,-0.8188437086993304,-2.8874181027179224,1.0066858623164268,-1.8212654512392452,-1.637712943869778,1.302682226519546,-0.9382042353667909,-0.6189769902515297,1.2898864923818494,-1.39143162015486,3.6237979106463554,1.745888698993102,-2.456931743070876,1.6028895810649597,-0.3686487866246134,3.0654895662031265,0.6108667729372662,0.4566405013434088,1.3447164306513049,0.9615821716311103,0.0666482119820157,0.018953732215363443,-0.24038441026985036,-0.6615568145033834,-1.1231281592240479,-0.2899784738253186,-0.614968784837043,-0.025929098865214942,-1.1579520035285895
-0.833966036158325,-0.09134676806378413,-3.117512250694253,0.5232345385265655,-0.6789331140699912,-0.45400837185786724,0.5677176111835616,-1.0748380103524682,-1.172116181809972,1.537406798537268,-1.5022484431177185,1.986991236405917,-1.1786450557543355,-3.6603574717184957,0.8419421555454197,1.369297472582659,1.5342711225097332,-1.1134371442912443,0.16014345445666772,-0.09127690493929147,0.39443514484581843,-0.7853146089616273,-0.2041344681001109,-0.8382330070260027,-0.07727816487512391,-1.6876685220634076,0.5312163786703415,-1.6757653343037278,-0.11399324998987068,-0.8617567131616154
-0.41391264782417747,0.11489736730821747,-3.9300558094403764,0.6101064875260847,0.8324649946680576,-2.7655814040084956,1.1666566419587407,-0.692138347399742,-1.6378857985472584,1.6516868636485222,-1.060851223301795,1.7134195943888069,-0.16350000563652717,-0.7790727349838696,1.3203390435665099,0.7402466910929909,1.278080382699058,-0.8165856867718323,0.05813622998745094,0.6943807059611139,0.7665065087565419,-0.7768035165980912,0.4325208687180209,-0.2371581872470837,0.45749145010326847,0.45382470175469447,1.4044970131324537,-1.8884046700701012,1.2470610100717259,0.8594582016514111
-1.2255810900468795,1.183318111916511,-2.652195778114841,0.34907742280885445,-0.08038745221117385,-0.8966974924891996,2.512407968565836,-0.08884819395779643,-1.2561722589639834,1.2495598467960025,-1.9534384537151424,0.5695523876322641,-1.1479894155082384,-1.2732391521508946,0.398815875686446,1.1598793928009228,0.6597965855272578,-1.1225235033591574,0.28590688292154237,0.10203100435313538,0.18039940591287149,-0.35720339288179953,0.5980518886460059,-0.45765299987389785,-0.2055065770172738,-0.7023396843004395,0.6033047393799988,-1.0402658638743767,0.4583257842494874,0.3326363872199073
-4.216579729780421,-1.1215053264812145,-1.2811810850521368,-1.659926611848259,0.5059833807392267,-0.04705855979414844,0.475858022871437,-1.3428810198440349,-0.9332530155172092,-0.15936148501413805,0.10290875633640892,-0.038355871654520125,-1.19165205697282,-0.1811688296990522,0.23418719002797764,-0.19065580984538463,0.9261090502010704,-1.2503319906891723,-0.23047154388076233,-0.9456563749466317,1.1682996356867086,-1.2499824739972656,0.03844818801943665,-0.3704124436951221,-0.8114253397762621,0.27483350677785634,0.7258970221602165,0.03242078462826617,0.24762034886618328,-0.5486724405013187
0.1954943027283711,-3.003262571420023,-1.6546120549183687,-2.7967366770905038,-1.8428110321423339,-2.0881238310269756,1.2244933686642414,-0.6057567624918032,0.4700367485070149,2.1650942583695385,-0.3006251586334328,0.4815361622920899,-0.7569422653629713,-0.5210955117460017,-0.03901728160156972,0.7518146314373789,0.6286907175103915,0.4404413110737541,-0.798996619451573,0.22511172486941478,1.0678688299758061,0.6471016951609658,-0.09171950553759164,-0.5952968956993504,-0.4283441724578752,-1.5539124120706502,-0.15105496816288555,-0.9880159686498688,-0.3049340644703772,-1.3836513516442346
-1.4779283312714142,-2.175358875673943,-1.9263650944937596,-0.7274370450619073,0.05040183602968684,-1.0705715173737516,-0.07083121285076081,-2.0695955031900675,-0.6987063249882357,1.222365854057103,-0.6666068224929267,1.0301559839577055,0.7590914318481192,-1.5661191093262452,0.5847417705656971,0.6308218866236174,1.706687362125749,-0.1931742287868154,0.2393032981092333,0.004217069385867466,0.05569504109961963,-0.7024299615996099,1.3573288271840638,0.4350426186975957,-0.492042107244413,-1.4743529968384073,0.0823272694488901,0.07017203390458754,0.30025067158998364,-1.3571152496576975
0.8691828155646678,-2.549697627112528,-2.3510602138529615,-0.3048389082974732,-1.0671569198741697,-1.1877571133726799,0.36442625889322233,-1.8468535961875525,-0.912928442889814,1.3542887199511326,-1.4556571379003505,2.757514097396093,-0.2065315620385859,-3.059207817063144,0.6307083443237343,0.2713278506974709,2.1045366692135987,-0.07457845866701611,-0.40388164971273594,1.0711361645273072,0.5689269545244025,-0.510826771562937,0.29595976936478463,-1.40420328336576,0.13840252886962418,-1.2035965115218472,0.5706109848231458,-1.396066195893538,-0.3152242359237474,0.21107874159973827
-2.3486027079325313,1.00847073861608,-4.016346542256198,1.0513818605812322,0.06203631699931149,-1.839422822806572,1.2380079744156793,0.15435417644495913,0.1446338491837519,0.9148798619638194,-1.179358822775714,1.2276257223083937,-1.7335109384384642,-1.3526119327281194,0.6742854865299331,1.3725692612256857,0.8276550639971275,-0.18088952226246655,-0.5552080636116375,-0.34474383446463924,-0.16661393166193028,-0.06484735997471154,0.6534842411397348,-0.9374108164399668,0.19707641159904846,0.10702016947834668,-0.22998327182677988,-0.5899943581297653,-0.32195030766116534,0.434042760771963
-2.49796232473555,0.8792608817294149,-1.7457478210532078,1.7136724851988032,0.2648914063790374,-0.6667717958755395,1.8087700362902939,0.5857985218296785,-1.4256190192773794,-0.1339008655491634,-1.7667964432715813,1.5248084254374328,-0.5555008908013952,-1.3966644346853165,0.7537614268096434,0.1280854721742375,1.8984079355047452,-0.19421510003528827,0.15315017375478102,-0.34203167567121523,0.8847579176262687,-0.8537769084081642,-0.3189563246475457,-0.5924270709087212,-0.5282667424393279,0.5604595704593984,0.30179102681841086,-1.2979963526806142,0.382827507993888,0.05651490980581789
-0.17320362744337184,0.1018621078108268,-2.300850505122534,0.2996819295222008,-1.4876317789634639,-1.6811198114496004,2.120734877667183,0.5438041818254796,-0.7611486446314284,1.0148899871919597,-1.8952046039077566,1.2941352845363332,-1.0798210951721143,-2.769957417053013,0.22433017906981714,1.0139850261010241,1.7934564840507894,-0.7605494228407185,-0.46335734789543265,-0.2877839641521145,-0.1077282532396281,-1.532026149027922,-0.4012034255084379,-0.5523101837418815,-0.3963618010130291,0.2660303071317512,1.9125401131250417,-0.5886108375206142,0.5976097814952648,-0.1341934238993012
-1.756029110714253,-0.27710732203319915,-0.32533759138770507,-0.2286253452214797,-1.1066239441746575,-0.2891117775951129,1.0905772386838068,-1.488040377980164,-0.6701624588661669,-0.10349873723211095,-0.3453551970553137,1.369772731885701,-0.6699608642466565,-0.1754186861918735,0.07042373885078995,0.13961488367959365,0.5521776095294876,-0.7629890242312416,0.26258585078927077,-1.091352689048634,1.1856009661893254,0.05322382490626588,0.10164035436233723,0.5902969284660166,-0.1679469350498684,-1.4916839305699774,0.7353194544073682,-0.44825346105462627,0.14891383071938213,-1.825400178011758
-0.16945797555845654,2.0075997194901127,-1.9100076579049727,-0.3845567539216502,0.7087270950076577,-0.5221648060120636,0.17056490838966656,-0.018429787501489707,-2.0416735535231254,0.24236691665512536,-0.7959054312545275,1.7152546704711746,-1.688737916133929,0.10962113169137336,0.4574075940286623,0.36557352312710956,1.4329110900772288,-0.7297766243361847,-0.5838556113272597,-0.07572268944832519,0.7308180735310499,0.019396324387669615,-0.6977763199379657,-0.6660224753041025,-0.34249367044962326,0.2684310213643766,0.31319437857622906,-0.9963764529283793,-0.2593470721117651,1.1013514323877533
2.5754479870228786,0.7494516624080126,-0.35483312202912126,-3.4468565156681823,-0.5086651355215183,-3.127327323939377,0.6118578479901554,-0.46759874829432957,0.1531737912965409,0.7486513373944884,0.019054290046719158,-1.5753997799981798,-0.34878587667104327,-1.147650447759512,0.24731449251312487,-0.5572978703712997,-1.4930617187357158,0.8238956839738114,-0.5666670133201848,0.05305820733140802,0.5146453400941285,0.9823626673314105,0.32196916889408617,0.049487183599973096,-0.632720224831173,0.6846850162400695,0.32148324515200033,1.1958573608392726,-0.00017384698919539938,-0.12560711020857587
2.17393393494134,-0.05276317228590057,0.9990711728603403,-1.9660651969217298,-0.5457693512503897,0.24296790603381518,1.5122169905246126,-1.6319399566668076,-1.0664885254967864,-0.5722410068798152,0.4839506773473004,-0.9004272420386807,0.9806607569363026,0.02484941870829873,-0.07819480213190318,-1.256702021170546,-0.4791947291507544,0.38295053057128264,0.7337832632993269,-0.07293720497566698,1.8461460223502855,0.28087708758625335,-0.7385032703901929,0.46807476181501206,1.9277265745860126,0.3088413514393337,0.3512032812198874,0.43967073451482563,0.13743343964451224,-0.25644203040791996
2.1458735195586254,-1.4503338494462623,1.9144735398461923,-0.5069641943798375,0.6666555462654079,0.626103638083296,2.945849430761924,2.3558982006940727,-0.3115649250155199,-2.5542232753591825,0.16210984138139925,-0.3331807200177141,-0.34700281307446856,-2.2455409186483712,-0.5470740337025758,-1.1067666966457805,-1.3217474499323412,-1.0566037365361718,0.2331847399062908,0.2814858810975025,0.5375820690419444,0.10113378223646573,-0.6608943457953154,-1.374374338493575,0.5037207257918545,-1.106944880598125,0.2770355225098247,-0.397484662447045,0.019453814237706733,-0.7759529348862789
3.5208493471631166,0.5772656769507805,0.5948804505917068,-0.8725775668392382,-0.23700246574227082,0.4510451592727161,2.574116252130715,2.799694374168656,0.3258225025870913,-1.8719955207514738,1.0850824860147195,-0.23577458016212152,0.3835118908654661,-1.4489411389848879,-0.6637496493551192,-0.11807674898009074,-0.559604625305211,-0.708482373797255,0.5087294746753286,-0.6617980516414075,0.4525830400500666,-0.23401699606501192,-0.7227581610574269,-0.3393641480888778,0.4671036748779243,0.7484686999984144,-0.10530163466412433,-0.0595697839362439,-0.08507793163245034,-0.5322042403768389
3.011934047813083,1.5211622427477516,-1.929907080439626,-1.7651962269545398,0.5260482837668354,-0.19219852667994053,1.904876370254847,2.8611047247410997,0.5453066760907423,-0.698423600997667,1.0574007424798304,0.13383277502973226,-0.15016981524552517,-0.8680240124902849,-0.17982028074379808,0.33103029132184836,-0.5194881306755366,-0.9584471612741771,-0.7406373593414408,-0.8566229683672183,-0.2895139100983181,0.5720759157428009,0.9509389107383208,-0.18877812361471952,0.3724381325437989,0.06808905800404906,-0.4257223529828906,0.15048785693680164,-0.3160007405475759,0.7145850531162338
2.047792691207294,-3.710568357367281,1.5592917796153196,-2.2865023365076365,-0.4514821833126725,0.7890833575183989,2.707744426456037,1.4647649699336849,-0.22890108806448403,-1.2139579651317065,0.24366707933317067,-0.12326514001903681,-0.16539621047892425,-2.988296743049357,-0.1322433330879639,0.4715291331237421,-1.5160114456467597,-0.2113207909671964,0.32917491116549097,0.026841252573932838,0.5339439619633315,0.1934345849648501,-1.379862345256144,-1.0198420872674718,0.8426337116570908,-0.1552171048076831,-0.2769744437022156,-0.9228980696515652,0.4308738724248333,-0.7872361532199215
0.5637975774301929,0.44073823246276267,-1.2482007341039811,-2.690638545811204,-0.5494564465643332,-0.7765991099946395,2.6068617209445026,-1.741663439886454,-1.111336922262184,-1.6878207649459718,-0.16660530585177247,0.1761029817247246,-1.0319517147935775,0.4133709095227665,-0.3389965323808351,-1.4037571399770665,-1.6029727762593498,-0.3835229392990375,-0.03686746816616636,-1.2010137833673853,0.580108479445062,0.6348911210770312,-0.34848049690427435,0.33480458528953017,0.55543044632548,-0.4830796334433744,-0.9867405569952252,0.3259803075044424,-0.8451003718709998,-0.3496265805556019
10.914901919947713,-3.3375939412199096,-0.2966828420944126,-1.9174997466344474,-3.8039836652869288,1.513624355953509,1.119575045696417,3.3364209046907476,2.307291518096846,0.8988414913790986,2.4683073721928115,-0.7880858184506438,0.9897508330228009,1.3528021252566913,-1.0833415258104555,0.37057124746623543,0.6977248871883639,-1.1996329352933934,-0.8731545964604771,-0.8724429849046392,0.6728385750325487,-0.27524707858575,0.46473624204073355,-0.483616670980725,-1.6935656503227274,-0.13431660230581285,1.2368849345630852,0.8421219417240646,-0.1671188526995219,0.10944374969133745
4.461294453273943,-1.1297325318278029,0.6518708316823755,-3.35303301104236,1.0512415111728717,0.8722841209214138,0.782690905062232,1.514935274877164,0.3627331577502264,-1.1673907582372898,2.661025807093501,-0.9649024294325608,2.5416650024950367,-1.5435475509346075,0.04041041254776035,-0.3134971938471515,1.3720308620937507,-0.06408691955002864,0.2767616066404994,-0.026842438772298364,-0.9316203912556439,0.21932170662608708,0.2583044650942578,1.1944145937606405,0.4196542752917737,-0.039779911727391946,0.17340956355162956,-0.38403625122780355,0.44682324060785644,0.13287314315041013
8.391506157046505,-2.2973416938917874,-0.9739947811294145,-1.5343834723725642,-2.4188225213650596,1.9776215265970554,1.4586047838809988,2.4125670079380237,0.6718732048457448,0.6682769344729119,2.063884962177456,-1.196611643836369,3.084733715944132,0.9783996093302098,-1.6315321889244054,0.9675188455408658,-0.1053420503933292,-1.7593236859677512,0.11020603334235855,0.1178740158078571,1.1252092665701086,1.2409682798116857,0.1586451130528091,-1.1533298951732849,0.09673208187762118,-0.6787167772677306,1.1364474933860782,0.6276275875956645,-0.5772672912546959,-0.443907485590035
5.554620702770669,0.8557718445972052,0.5109007959965929,-1.6174178786814275,-0.1647188782023786,2.655122323569184,0.4437717888660078,1.8768953327012792,-0.22079063459566703,-0.5669401862805549,2.418621725309331,0.51386295323017,2.153421281270535,-0.028818284317366674,0.03127923922562017,-0.786604169790206,-1.4159777963802378,0.6554012851344668,-0.5466228002860959,-0.24698405328880782,-0.5343407282503797,0.18270576404854236,-0.8153819767614509,-0.1793610718551687,-0.79080760496124,0.2450076142275195,0.06502245835768189,1.0045239713302965,0.6705682657206796,-0.780860262843474
8.145513537121397,-2.8495286452799093,0.4494725657640294,-1.8919090229894309,-1.8430196818361613,-1.1675336641641845,1.979474359828349,2.339521370088276,-0.18781734022345284,0.4440739965526931,1.774852880402152,0.21084223183991624,1.8294422251441191,0.5618305774331265,0.21683195882010312,-0.2402737337839194,1.1488000123923987,-1.2224339107677877,-2.543664816851752,0.8412916458297107,1.5519126469396953,-0.8617063342836554,0.05268505307040869,-0.6814700049842484,-0.42713255622049845,-0.0848937033389836,0.510813900456154,1.2394127862360138,0.7832714336927253,0.3387920671754284
3.35147057678014,1.6009853307681228,0.06520491017022617,-2.390510261122067,-0.6938901564803893,-0.8934911109169728,1.4240225319554862,-1.3753566651332731,-0.8447656899110972,-0.15609323628040314,-0.8629647381325706,-1.0286351791967416,1.1681231907884975,0.9908850237645942,-0.8324785836185429,-0.6234886427851933,-0.6926854272221854,-0.08143584078765616,-0.21561455546178718,-0.003686751599450445,1.8475569455561252,1.0674378986234092,-0.04483862270871574,0.21714581242587455,0.9753414530113466,0.4388789897148889,-0.6234036452440957,1.009331061743226,0.19363965132532246,-0.49157259232057215
2.9951609366428924,0.8031313908408356,-0.8224830271082175,-2.0916632965707924,-1.0289234343052667,-0.1445850875841972,0.1408422776918558,1.064656323608029,0.2805608254605881,-0.6006756167677609,2.8035699985412954,-0.33760565649988056,1.3951701690708858,-2.057979817732691,0.5948004554551038,-0.8508618167643196,0.50747959302779,-0.9127751274218556,1.4320535336358413,0.835018950930621,-0.3616991362543729,0.3878634767385449,-0.851004082921875,-0.32685342929801803,-0.13687221079589057,0.26644444303530196,0.11094010861133637,-1.0390539774787293,-0.7911062375523766,-0.4597246560200904
0.5581660885900721,1.2582122667156057,-0.7306581406774241,-2.032304802373291,-0.87635183683379,-1.208338333104227,3.288359587184557,-1.0379619077945905,-0.9228294428879118,-0.7176474510891809,-0.771057997870222,-0.27589781935938895,0.3794287559122512,-0.5526421648122746,-0.551231940071464,-0.8601858540429232,-1.030718485868618,-0.2502225087056268,-0.489360807835269,-0.21399913569107398,0.9815586159772975,0.37094881303105764,-0.3406822897675867,0.21411104652767018,0.7186821683659785,-0.20461440986760626,-1.2377904645445774,-0.4634143965837706,-0.012954751081553667,-0.5807644393253444
7.123658973522861,1.3630241882784129,1.0484634413551748,-2.1391655298440635,-0.8258646035826568,-0.8411166757714682,0.2462843431291849,-1.2412266090828987,-1.2283158554844478,0.5073652146695252,1.2574543039542332,-1.1156906216531943,1.4374157287186782,1.73294741335064,0.5811446539259827,-1.9097790334733833,-0.4927047254748366,-1.3592831929272298,-0.33597455398880344,0.20641552202819896,0.932419149518489,-0.6116088713556708,-0.6783917167655984,0.7635591747642549,1.3073066566987386,-0.4638618512757204,-0.11674038004587753,1.5716425683302178,0.206943919815393,0.772105889477943
1.491050718375147,-0.5131881309277115,-0.11103195750520188,-2.521445209881475,-1.3281520087221899,0.43390118772827946,1.2669750703144165,-2.0122709403586923,-0.931690535093607,-1.4699117239909647,0.5064317826630078,-0.10551905136626184,-0.45077226899818046,0.04472649395860071,-0.5366751290502353,-1.4085979476380512,-0.7869015524132935,-0.41481647861518434,0.4557441471788342,-0.9846936853456455,0.9005040067211662,0.2865135325228454,-0.5612926312440703,-0.03892999219025934,0.41160097858296896,-0.39991404547587894,-0.30301422703752984,0.6318528537168133,-0.2702940083594762,-0.556572063772376
3.397085654990618,-0.6124779725957564,-0.6342686469062764,-1.599632917932248,-0.33153801572614994,0.5078619947062464,1.4181916337053273,1.0541587118123983,-1.2749660496897317,-1.1583900414024446,0.3782273846164712,0.45548786624867343,0.05404235098273061,-0.6258757032303386,-0.27350115525628277,-0.2540081743330821,-1.0301026902131418,-0.9605977971358721,0.1537840955325092,-0.6244929163585683,-0.4208320495555386,-0.11436037103613793,0.4896770552000312,-0.3213184406992586,1.1455383618384876,-0.727529315633707,0.1110858530719862,0.317403978667146,-0.20651234759594198,0.21680696928736345
7.82421695157166,0.13282514085104524,-0.2282031235690359,-2.7770909803627406,0.4125039864107656,0.48322277592507634,-0.16086935628626728,1.5223889901785432,-1.6662975905236905,0.7541168509612155,0.823046802130973,-0.09638835708613452,0.6423609431717682,1.7340285532920565,0.6325372747913641,-0.974609421831864,-0.4515561122436725,0.6187880469751361,-2.1091117096504,1.5448753463730178,1.1369717780482753,-0.7467446049028863,0.9035983161391127,-1.6986579705531002,-1.3683663298858955,0.4558933895243667,-0.8461822909769807,-0.04852831169016161,-0.010849652646885727,-0.0828815006876123
3.1664393688786583,-0.7373713924181533,-0.30027613360041816,-2.4326112213086195,0.717986055538488,0.5371586557150051,0.8496210578788458,2.279644266735139,-1.5135049819256325,-1.7385914094429962,1.9141890759445095,0.47125798536706354,1.0716735848166006,-1.5094096071494931,-0.0044863035269974835,0.7563145490054252,-0.49218150961055146,0.000402171521821196,0.9031478074864914,0.1582958209362079,-0.33552039130811867,-0.3203855549200168,1.0226299282691271,0.035053265170102245,0.3130102524692352,-0.23093231686711066,0.6899309254882225,-0.10334091442541991,-0.19374988085073505,-0.11370481923743436
6.470940297058746,0.17607191543239342,0.18525171567736576,-3.8417637348701734,-1.190505488386352,-1.8762524192640206,0.44890096114928246,-0.6516734545262551,-0.6014191397788192,2.1315880821507625,1.4587893092795672,-0.04605508186364839,2.098362170955842,-0.24200070879599475,0.4927169791988218,-1.6960776824925292,1.7860982001128554,-0.9180176046559789,-1.7025942468640292,1.2076327727092804,1.0178141628501711,-0.37653157996349523,-1.0133983491753749,0.44107223439809046,-0.22884733289667436,0.01994061439790277,-0.027825523480220524,1.1690024302584845,1.3892239280741123,0.5964326853238598
2.2305282996851603,2.002554749513845,-0.19185377063377396,-2.7610177820486737,0.267577800372495,-1.7593396939205015,1.0991206211855664,0.002187249771787946,-0.6394553912979976,0.5428992423550252,0.7692836805805681,0.4250298720284976,0.10488496911311347,-0.36619508780878773,1.1114604402029136,-1.519531402907642,0.27584802335025427,-0.2270872188346429,-2.4608758888531255,-0.6588735469197812,0.13376999801794018,-0.8898992019734867,-0.7375303050120704,-0.03708343560582191,-0.7442617513196638,0.41447870867138553,-0.35047310585361724,0.6334655295627859,0.5164343529995591,0.32246519038463745
3.3488210558860207,-2.0820840337065256,3.6665145762140017,-0.5999407699626094,1.831707431832803,0.23890273209350024,2.415868176652164,2.3857978682366023,-0.17377616972524662,-4.162631669348576,0.4714611271827968,0.283632952301346,-0.6385579985821638,-2.142684054692753,0.07956404439862147,-0.8263399968521219,-0.3908780571006174,-0.5381396412552583,-0.9919570934918096,0.16030915434029527,1.0631933614351283,-0.19898243378786967,0.6514019861294381,-0.6911073090969024,0.2814329096211099,-0.5869730621325551,0.9288796000190134,0.1778978577184342,0.36035120706914026,-1.244399467100716
5.959040931467099,1.8149610948688013,-0.14042933319259804,-2.9372274611521925,0.10061906468739094,-1.2431668783285008,1.6449254984599024,-0.1894898325757367,-1.5797913512273318,1.269109317816695,-0.11723640763021637,-0.5158208859076985,0.6574681717277797,1.685784973860352,-0.21572811470450456,-1.6335454204012827,0.2795015454900127,-0.5882387994368111,-1.443935892360622,-1.3307776925187063,0.3487304540416176,-1.0255204468492107,-0.2980188182664407,-0.33319388193274235,-1.1394849241684637,0.35351685421661255,-0.5576482867277208,1.0990095232131447,0.3496607888464517,0.20339387993048588
6.432273851735171,-0.047954196466276716,-0.4617329161567226,-3.30438369124187,-0.5443890241755897,1.987495904582951,0.354760913047017,1.1244409117543184,-1.9952913647105206,1.4917222911727144,1.4779088489473753,-0.7893358996764079,3.335548346849578,0.2848860070321191,0.4097729632843038,-0.8193814776178362,-0.28582068407324324,-1.1860182631311074,-3.023986716369211,0.8094910673709599,1.1449390614637909,-1.4058395764640776,0.1942530373789361,-1.596315647440887,-1.5746605539347909,-0.5366876406127674,-0.5722381004145609,0.42375650490076117,0.2317617217528421,1.1483262328416914
5.248683581084595,-1.0375708202379146,-0.11216685231604502,-3.6887344417263996,-0.4078460743159488,-1.3238912855016396,0.24411168933117572,-0.9974636223845802,-0.5374932508221668,0.5676190931004567,0.4623788533309923,-0.029475788906068875,-0.3705152965082991,-0.4688228689609476,0.8673175223213203,-0.7767046070741898,-0.4429126722531875,0.4818581124774565,-0.6339001364327542,-0.3291453530470761,0.6273894455556045,-0.4370325242352881,-0.7415007711814001,0.13586637986681024,0.06907831702912923,-0.3359941502037242,0.12929683405340428,1.03757587656518,0.1927896524366969,0.21513612715108882
-0.9215389082850233,-0.3912441255660677,1.3102112648098894,-3.3251351787058074,0.9921231657341459,-0.34248704683046033,1.2892884871344876,-2.408415189922997,-0.7986388629460957,0.1515673647538344,0.4673831333045418,-2.0577211881212976,-0.8814517668422596,-0.7795994257400045,0.4211672978587651,-1.3903302298232671,-0.6141620586631036,-0.8545411751256871,-0.694309316058476,-0.9556610882216664,0.23936206252881814,0.34751774569299276,-0.48278144388088856,0.1842690507594765,0.9855975529758255,0.1006323000967335,-0.7654583083094676,-0.7360226442906891,-0.0859986697752677,-1.5489317066361026
-2.0733332328474368,-2.6606338013681703,0.9853326702280207,-3.378053359362714,0.6735274893299963,1.5502400382398642,1.5880067076828224,-2.251191663409515,-1.4507426766401073,-2.0340420893873885,-0.5556772884428001,-0.6937956022429056,1.0462093620310648,0.5287961630173132,0.15318858854007197,-1.355733295974183,-0.29674728667772865,0.7434178698314454,0.3930312112593462,0.33645912198759553,1.4358953551276559,0.8955120386334705,0.4861543641835627,2.310264296525781,-0.4383584040518177,-0.15220051514340005,-0.2598160130410473,-0.254240975402326,-1.1210300692313588,-1.2002313860557436
4.834306534270931,-0.1910956884237581,0.17607478840438565,-2.8070498904911694,1.1654372760314387,0.47615049780361324,0.46815302409651294,0.19490758336097638,-1.0508254372364842,-1.5243038307601358,1.9784419807212603,-0.5927322634430034,2.102641736834608,-1.7703014153979808,0.5086827806185329,-0.28732262887432186,0.826368770416473,-0.24661211954823867,0.8019446707849527,-0.03897950329160785,-0.9311990603112412,-0.10249899719446239,0.007307589515054448,-0.22060676685385708,0.6720967065225211,0.3494436687647384,0.17651971739480002,-0.07561449705753431,0.1912658469152926,0.4983514025870145
6.9110211843835065,-2.3066361138898768,0.2467863948651008,-2.471022108192113,-2.364988848066608,0.48848484052551305,-0.12315226447327439,4.031410955163912,2.0915220095556144,0.3512935086626227,2.5429305231117842,-0.44947877243210305,1.2919346497931028,-0.4111632078097797,-0.32175035893003373,-0.9780137729854264,1.7937111691050496,-1.4854275588214905,0.2083461400506393,0.34065662073633657,0.29311971243315954,-0.3915670549300511,-0.17089840128263795,-0.1586995291984305,-0.8406541865112769,0.38393157968647795,0.9929878255900537,-0.6333411805114038,0.010073062372302991,0.3483837282228699
2.007996274365111,-0.050990169132403736,0.3130518369274685,-1.5231994606990846,0.8194737679201602,1.1367368420961337,1.1888693267876107,0.5840566510869039,-1.1216092467786973,-0.4520695099519021,1.5705221758296446,-0.9877515217031199,1.5521841239968361,-0.9727639155070903,-0.1308685783441177,0.666351027321001,-0.2042497476274809,-0.7342801913474616,0.5447585092748349,0.002316489408508091,-0.29563361510764546,-0.23191457467529156,-0.13332134873879442,0.24103956033544943,0.3107682417702444,0.49339784004265164,0.680851157075176,-0.72980998792243,1.0443759837777484,-0.6078525601174066
2.9090486452543534,3.799881735365354,-1.8306055864874553,-1.6637466161773888,1.6451202175250412,0.4516282040287612,0.384246095063438,3.031505915102677,0.3567838137144139,-0.3151853114862968,1.0844989207646287,-0.033404086775085697,0.6930009967957762,-0.8890151933026612,0.675860306160944,-0.6337090580280685,-0.782046496936513,-0.3193588210985784,0.18374261131486394,-0.08675726174698307,-0.48903320641567444,0.32220887682039184,0.1045967692252589,-0.7106978519397454,-0.19150104691006983,0.3333237332041974,0.703928765959711,0.293939659040107,0.1768464728011047,1.0258371533248707
-0.1605784095241079,1.5642268397449526,-2.965212869010786,-3.1413339052955958,-0.5538860226090928,-1.450813956932478,2.956413397958553,-1.049111493386147,-0.8918626485267042,-0.29913689432437085,0.3693326318231174,-0.7719583535851954,-0.5125951696105927,1.2935061765084994,-0.29107503967457,-0.7348237949478764,-1.0662917622057435,-0.4351328480464967,-0.3438812582234338,-1.713937145342968,0.18335966669446152,0.528147447366167,-0.47446652276548795,0.10239366456069073,1.234540560441563,0.2290537242863306,-0.31443450370148834,0.42049761002815345,-0.1974210586170172,0.08261562750158229
6.995847436809885,0.22107057170387812,-0.301752157657064,-2.1661659007448617,-1.0419222025694377,1.3362883753839707,1.2562937941272982,0.9559964268627879,-0.8926705885972672,0.33465843086674274,1.5773670808468407,0.15101530448425055,3.204038012361771,1.110925180301515,-0.8259188344580934,-0.7948554244669068,0.8814546857513937,-0.7037977315567112,-1.7549095585342689,-0.24137945543113037,0.8520205097230328,-0.3562854503894394,0.669088934793198,-0.05848278048705757,-0.42559412536027513,-1.3136557694478115,0.07967245920465531,1.1455969911633748,0.7300697697142529,0.576433736301821
4.827893209769054,0.5066805101483475,-2.156173171651935,-3.049993566600479,1.5555536083435553,1.7010313089627789,-0.4399964730475088,0.7809300003441386,-1.081824450469277,-0.25836654140008214,0.28901269951134484,0.47140815686460097,0.1008857227584719,0.2239602032031175,0.18651763579616812,0.10394590840018575,-0.7415165221781869,-1.2294489046019643,-0.03500975541015031,-0.6611278948243661,0.07303025742566456,-1.7167593108427806,0.31052483336656567,-1.2862513327900078,-0.2184068014459176,0.04526365797501989,-0.214962425555371,0.2794688771009753,1.01402947796124,0.05780740848166518
3.433652704348562,0.8431929469080924,-1.3195418896022086,-2.627995147041114,1.3977422396240329,-0.13652560746841338,1.0422769812946622,1.5298261669429514,-1.0856733202038682,-0.8813561194570505,1.2620468609930555,-0.08110121613483935,1.0262623942426536,-1.259272706146621,0.22614317944469292,0.04980224014491262,0.01615934038516889,-0.5151328363801329,1.1214183778156772,0.2840826761908645,-1.0522443101399364,0.027185617652073023,0.3652596767086938,-0.5507964937767389,-0.14609326254021432,-0.1356737814507231,-0.10523621276756312,-1.7496561183000348,-0.5585270728578726,-0.21971629612723684
4.4196448127080545,0.4074628024597275,-1.0266673790397955,-3.587878577660736,1.970493065454175,2.624810968226595,-1.7332499310333427,0.8937914566531144,-0.3974540537165477,-0.3247331598503618,1.6290262107001758,-0.396185343475373,1.449456103831854,-0.9189690280197197,0.7243304378912373,-0.05553611232740694,-0.176924251252499,-0.06975182965462215,0.7308358382539245,-0.6219877973965141,-1.3097879224496922,-0.5618769677221603,1.5413892311378221,-0.5473674525102328,-0.3803229320003527,0.6511629622179566,0.6462230380819164,0.7112500147426826,0.4093049474894997,0.08927707353143778
3.0330302130810853,0.6717531378623911,-1.4110957059440066,-2.569981784560971,-0.9706090118782769,-1.1030903136770303,2.144135635019792,-0.7468353420891707,-1.076044659914253,-0.6365852111394175,-0.28153325782592914,-0.4833501833962785,0.15471731785105114,1.513232409374858,-0.2547823359607983,-0.4687618115384729,-0.5188324340311933,0.8434669137500418,-0.1918769736274522,-1.1074375613969842,0.3074123015427015,0.10335965362136985,-0.1458064838708575,-0.7318714673534765,0.040369049606054974,-0.18394624904709858,-1.1292508882573717,0.45909320221109584,-0.46164421769209313,0.6425306189962819
6.181928495155907,0.7297658467784469,-0.32199177411141594,-3.502160608486771,0.35823719949923477,0.6731474679037485,0.23315768617775526,0.28633586143896456,-2.219630253854259,1.7170788114051547,0.8300409767074372,0.21508643807613417,3.378549162799691,0.3794866505488678,0.13696383987549257,-1.468386228298323,0.9288408658753227,-0.8650025591695318,-0.6962716039241038,-0.3275650581095241,0.17262588338044957,-1.2406630439351718,1.1367344549562486,-0.10530201351625405,-1.4377687625389504,-0.2433033480991634,-0.8433655450104339,0.980711918889355,1.0656613584423065,0.2910609301375293
6.264110598237885,-1.421984150552269,0.22997181314316145,-3.268291878388625,1.8036084640630268,1.0569177308965068,-0.15370332122656338,0.6320319521422983,-1.895372777978102,0.27561181168558496,0.9621283790589585,0.04236450974323541,2.095337363034576,-0.14027276403850314,-0.12345555102845766,-1.0739158266910478,0.793132573208478,-0.559480982363286,-1.9290928162891656,-0.08420923018356356,2.1798691818581375,-1.0461658151090973,0.7910408134427288,-0.7491384609972284,-0.4289642401580502,-1.910609587138248,0.041491555278993404,1.0908818879445972,0.036245164697599495,1.073209723380665
1.8384481869855405,-0.04386393514099839,-0.6998461856988085,-3.2270936968550625,2.2443485142650803,-0.6930729508005489,-0.8194280056040377,-0.657343403592975,-0.8967451635303753,0.9911544006677103,0.8318152077157318,-0.8146211540135285,1.7667928055727067,-0.0418114949458966,-0.17188193187482181,-1.4403459802923817,-0.5575908113350382,-1.943907034313654,-1.0469796957758013,-0.599495376427395,-0.3675371325051848,-0.7875061810020209,0.84906493603093,-0.9110562869393773,0.4248570638662903,-1.0810745276807985,-0.028009316258024865,0.08424480329991027,0.18517303320508405,0.783277256295365
6.838454031372537,-0.19477719114265907,0.9423916138777573,-2.6857883074220394,-1.567885291484218,-1.7607454000047802,0.9298609955228883,-0.16110243798459012,-0.19640103269752485,1.2150140684975002,0.2515113993488359,-0.10288081841984498,0.6438305606677537,0.24664939673361103,0.17125897596216552,-0.8964740562514848,0.8157939464129078,-0.5059260062833782,-0.8536114090749058,0.10120714670389364,1.3510346738207895,0.3668031827292895,-0.9163937537909735,1.0742165451277257,0.32958696445799485,-0.4722692492070655,0.097734650503925,1.553889989331712,0.26011914951912485,0.7472491004370707
5.741150408395965,1.2130606392607581,2.525925623526345,-0.8596508160269198,1.1080036296219986,1.5828182850311514,0.8480830398768351,0.916070216537248,-1.362177107771561,-1.33442063134117,1.0117199923128335,-0.7506581116379923,2.1311245841068636,-0.7379506609060394,-0.5404223775714226,-1.331605896331615,-0.4798018045903369,-1.0166124614509027,-0.010026081226285427,-0.5975386633647095,1.4318822137688056,-0.5058634598379139,0.5798704283792491,-0.29171998650860953,0.745706435256638,-0.9116825201165327,-0.03223790931474637,1.043946133978959,-0.019514890958857042,0.0021820173013736735
6.210810448959243,-0.7898090842920062,-0.6899875328467983,-1.6999632777333304,-0.8715228974145952,1.2251385644838484,1.1423476846582388,1.3016708246319781,-0.025109202140616512,-0.6835012035835341,0.9414897863191516,-0.582053258377687,0.556977388507089,-0.08260066769796102,-0.45304158893173074,0.2603769731033134,-1.027886519841377,-1.0024444530943677,-1.138577796457258,0.7826582168937366,1.5596043808708848,-0.3942231852511592,0.052524689760926585,-1.1695782646134607,0.13584368981324232,-0.7569034107771251,0.3725228381186949,0.7359785384091992,-0.3633065311041889,0.2451275838248461
3.847964555427221,0.3050521993974565,0.3951781060380116,-1.5871833947432201,-0.4913585201141306,-0.6796420099391098,1.0878300220816601,1.661760088997895,-0.653895357946326,-1.0752320318176423,0.9157814311640562,0.5325459003237684,1.8575067840516077,-1.9756757901111313,0.5179496181634069,-0.16018587383699787,0.36734284448365684,-0.48028452091358814,0.9027979467547659,0.23169746957737047,0.6815644377196803,0.6425927365802453,0.18109455729591326,0.34571071649046264,0.48557847261044945,0.04952053799651246,0.16948928304483396,-0.19711819962701538,-0.34674183634137185,-1.1240393225306318
5.454850791014589,3.0305914443057667,-1.0334660240012326,-1.5684278509633944,-0.4657800958206093,0.7923196700984513,-1.2004868393203707,0.11324117678694075,-0.7552786468227211,0.1677138253718451,0.8205450588376649,1.1935904367157184,1.0189374479959112,0.4944788555846114,0.7288710029297957,1.0144698866766053,-1.004589939662974,0.09542885517517971,-0.3423701691387535,0.017447468404356396,0.4891312608552342,-0.5748384437910978,0.9888981035332546,-0.6886298352475893,0.16383255839276628,0.5212265157166613,-0.3036271237394147,0.6773208270513249,0.03208269477307659,0.12102193240598272
-0.031833032199046124,-2.465416851034797,0.15347275080540593,-2.6664504776568823,0.9157962060876825,0.8347239342489112,0.8414564185506358,0.32353967010857737,-0.1988704064019989,-2.403511103540953,0.3157479861549432,-0.7939603912001088,0.8201655510375012,-0.5663469351518292,-0.45883166116830004,-0.775809878729769,-0.9366403475580001,-1.243198013371994,-0.0006270422741305655,0.19477392583338984,1.2250294688568946,-0.2370668301011545,0.6444169880385074,0.22567334438809142,0.5203935052399986,0.1598737587367233,0.7218997934415794,-0.053154971466955726,-1.1051849688385083,-0.7878992016524712
5.225398054474887,-2.4118268338102364,-0.418474313250017,-2.6625405118301506,-2.4599941171525668,-2.7480920892222493,0.8852007525707354,0.6140550382960366,0.2971232118767667,1.3602592991796842,0.9899334224507229,0.37067219764021775,0.6174149759249934,-0.3781706441630195,0.2672345468218154,-0.6219993046800263,-0.41948902558642465,-0.17172075893803984,0.11793370272987047,0.43079656510296194,-0.12410186854214143,1.787000556655166,-0.7091780482449606,0.5318935167685235,0.9335567292168061,0.7359560801564625,0.7676215841180779,0.2230253079143979,0.16944928731950762,0.2822012773008368
2.017004795957057,1.4706527966958032,-0.06364463236811337,-0.5380765980998068,-0.870924438100292,-0.38909056488803284,1.585113181343877,1.2692128486412644,-0.20647068466464769,-1.7223008597773093,1.4967197034476811,-0.5746042554193999,1.1773329491184998,-1.4625784438673082,0.5198283983600165,0.4637470637542429,-0.4071322770243662,-0.3904421531551387,0.19498825041826534,-0.36816635509942053,0.19026737467383442,0.3695781806993552,0.008724885107159675,-0.1335631189342427,-0.028666778694624223,0.9815495143599591,0.4065118479919984,-0.21528281941918262,-0.26072207622606874,-0.9571114365076377
4.254860561047472,3.0640795890251433,-0.7405509712745018,-2.2629132452581366,1.2728245993713245,2.2235836652625456,-0.7556930315501187,3.4888525904397314,-0.33265309515988634,0.3495364590413137,1.2869960753015048,0.43140815238308483,1.5585284548757168,-0.4139168917955462,-0.04733921724680392,-0.6336520237853907,-0.7339397275676819,0.5518032042465117,0.752007011565647,-0.5392661753034711,-0.19145088673720145,0.7545046961288042,0.7596086573374891,-0.13490514534119852,0.12502098598570804,0.7434946440704474,0.32103689798046453,0.36900560617734507,-0.8050729021074127,0.1050488365872697
4.071451535474073,1.289454608296902,0.5565525413915707,-3.20407722454459,-0.05341133490609483,-2.0498861425062134,1.4461988345222856,-1.0497684341390119,-1.8653021408227577,1.3639729281513726,0.8592733511854443,0.4525067234447022,0.88833505563569,0.2682954593844756,1.5658733272013599,-1.8025595419357883,0.43286507706895216,0.3039493945386868,-1.8406295029787865,-0.2544210979162292,0.971049258193023,-1.1935682612001663,-1.6048344291481784,-0.28789884019204276,-0.1682021958492631,0.21540334543862832,-0.8987376239753136,0.2284435109846641,-0.250789794957838,0.21717211066111872
4.486810507851263,-0.8395797102974857,-0.36240132011984355,-3.363522189879941,-2.199709820887296,-3.084707855979701,1.4896035248404127,-0.1806181163445908,0.9795643874411268,0.7433953624780285,-0.05729227735376605,0.06466739202758412,-0.37024404318292736,-0.43340237554337113,0.46657750867342734,-0.8161191553959022,-0.9037233754663316,-0.05558634250444753,-0.5666128366755993,-0.16874099770539694,0.2637486303071771,0.8041769854566856,-0.7557241623428296,0.9969913583884779,0.38824633628654115,0.5300143384924633,0.33214268360410404,1.0787068186110242,0.09425862094727964,-0.16443335255823588
1.6797121059385063,-2.0468242349707837,-1.5337839786218157,-2.563496582607017,-0.06066198095839604,2.0271245737195467,1.0972205256508711,1.7330801972018672,0.39458738611441074,-1.1635807508413212,2.223111153236376,0.3204954945969147,1.0988576230821767,-1.0113559275586705,-0.677348263834466,0.6141534634256202,-0.030173428415521706,-0.3259325182842386,0.34128020094349415,-1.0688627466568816,-0.7871211477590461,-0.3285886906532433,-0.3160934816089904,-0.04026169140163852,0.7555966717162282,0.1360658857786253,0.4005297425282603,-0.10815354013171515,1.771165964624659,0.19247750400381097
-0.6558121106750752,-0.08966882485648603,-0.2819910089307453,-2.6439303094051865,-0.8941193264828979,-0.8999519636456728,3.801595610932101,-1.8431011831013862,-0.9159099667470499,-1.119618684650759,-0.6978514633757535,-0.3961484141313517,0.049940980894868627,0.23690622806194978,-0.0717674342580355,-1.2030693365429328,-0.9567191962456616,-0.4128038380471194,-0.3489989361475757,-1.1219053669835444,0.35271778538940884,0.42827407272873574,0.13474181737045596,1.3714291605517426,0.460968747785527,0.18543876684512248,-0.7805117548761231,-0.08524117365327144,-0.08652483077907572,-1.1953620075328977
3.1261860280632026,-0.6422284437354331,-1.653040398708405,-2.390167159158301,-1.1681473342872823,0.3231892118140976,0.8511714803827095,1.2859482512783622,-0.5011354195775278,-1.8844300306355557,1.6913112089590523,0.8598129402980635,0.100798858751618,-0.9262334282782746,0.02681285740877655,-0.09100347905916509,-0.7191557222038318,-1.1541854489168641,0.10793534049611819,-0.2380873393203285,-0.4228948414678722,-0.07208668087527174,-0.10077994906799033,-0.8629524765502303,0.49890147681862995,0.06413523099194722,0.3763337308533371,-0.014163750988896906,-0.7294684513062798,-0.19995216747671762
1.6978305752027776,0.06914733113759132,-1.5264024963677407,-1.986144934020168,-0.8865773286820511,-1.5469187138246898,1.959208008895838,-1.0306847519753537,-0.814811474238778,-1.5006076108606459,-0.17337613724747122,0.3102193154047674,1.1744610767550145,-0.3705324493991753,-0.5069743264939884,0.06503877606829175,-0.5589810869762823,0.05860360221604994,-0.34277229700858625,-0.5136223450783302,-0.43978909287230994,0.618604195942737,-1.0358777746068295,0.8362126986303324,0.8331350418202628,-0.26187681197679297,-1.4339773347148181,0.16712170177080043,0.04375357861079671,0.28298762423403606
0.8787194387459087,-1.0152486661506608,-0.8461735296263148,-3.1660062426123354,0.03999006354898612,0.6373812058785268,0.8765560216653919,-1.9875468482398133,-1.0523660137575055,-1.8194497550253548,0.9385099974812633,-0.6781353833009108,0.3324709099001728,0.6206451242465805,-0.8252192207870596,-1.0135957002740497,-0.3591650183393809,0.690256038016531,0.7143676748204741,-1.0287182031520126,0.058218259634100204,0.10031370768508534,-0.4434330919519861,-0.43382376322081934,-0.017869961013229064,-0.7509833773743694,-0.8995963596230631,0.21711824638579263,-0.6447308130602412,-0.09823331438142219
2.578270301830333,2.096744306185005,0.1807535623067578,-1.3763250868210108,-1.302671138639233,-1.8701139795702262,1.1801541581350443,-0.6555922533438593,-0.48453293518371443,-0.5169324402817209,0.18494396282712178,-0.6034387901751154,-0.18463834381974345,1.1818015691020105,0.021796383349055114,-1.6885576417602246,-0.5177634143777613,-1.8877700270932496,-1.5011322377942773,0.49107971199499073,0.024021317376848667,0.643142575466503,0.09464189350155756,-0.0002715242157464722,0.7192712866646719,-0.9382239900316905,-1.1223951734284825,1.2479514584108886,0.17674018245912534,-0.25291140318730493
3.246731200961094,-1.695784258180815,2.1957044809577595,-0.2626276638800847,0.31176700940875457,-0.3190553563845102,2.5490438777724442,1.8209831498006077,-0.08432720322631396,-3.1305757388793016,-0.09334686652214577,0.8872190780724271,1.0423126716294322,-2.7508116789871955,-0.4495634710217218,-0.3328848498677656,-0.1481962175369826,0.09669961935259655,0.30352523363781303,0.30481050456698916,1.4943187048294064,-0.3416655367910746,-0.03820020424240427,-0.8275484011192301,-0.13844614282236234,-0.2691032525609314,0.09335159640470954,-0.7714032546101998,-0.24828288066574322,-0.6867304072822547
5.279936994340586,-2.4765330549271822,2.112273836764282,-2.5210235984291205,1.0061313404578436,1.8862038577305391,0.40170838790408037,-0.8175352423528919,-2.6424288322577927,-1.2222084239910558,-0.4092570679609429,1.0581209386972317,1.9205762932433192,-1.269587635790697,-0.5438790802181038,-0.8466791362487257,-0.011039275109253439,0.390613729148819,1.1442571171323743,-0.22398939695801978,1.6172722174088079,-0.28750867059562335,0.481005368949442,0.8080392426306462,0.7494310119944839,-0.5589925124408369,-0.06753131085426764,-0.7846775586192787,0.06993480584385432,-0.410642711832227
5.024807138662316,1.058286886314011,-0.7648744747602592,-2.313479154859881,-0.6114045826131617,-1.110359928029051,0.10191065558159884,1.23869733245281,-1.517997489502697,0.033092243149924316,1.4912302522554035,0.6158977821479903,1.6920400738309167,-0.24156385842700112,-0.0590006225185888,-0.4524730908148315,0.24982620360636087,-0.8839993635977398,-1.6959312472289987,0.9729066190841394,0.9596230892162135,-1.1338832664541836,-0.4146544753912488,-1.717629834140755,-1.0745253963368904,0.02746911242693207,-0.17288387453204201,0.46419569639966696,0.3589724421140385,0.38892382904758804
3.011796330471205,0.22058764963526625,0.8273876535022792,-1.3147369276570557,-0.39458354214066327,-1.923269508069253,2.0058032244845,-0.0875255944499187,-0.9341964453494683,-0.9453087375646353,0.3724478142860425,0.028366443851085922,-0.024632393117390818,0.4402012542305502,-0.7685471196459912,-0.3473975348361736,0.6249338568787443,-0.3473544301392909,-0.22952358337465548,-0.5887409413968491,0.8640363220402408,0.7079024585346715,-1.4980538677365849,0.8444965297370264,0.6894436998731158,-0.5409596769640396,0.6708411944084479,1.002872134896357,1.1837462258561742,-1.104162490431946
0.44231102402620937,1.5331715516965072,-2.2035182167679377,-2.0462488596459734,-0.4240784880854109,-1.9871199494397764,1.9164108044401877,-1.7324670384915313,0.08678272928095239,-0.9450024484927504,0.10762287870082395,-0.0066560478442289584,1.171718072715419,-0.04020354318096461,-0.8156803379228691,-0.07861980620007263,-0.8480280569454006,0.48180397101432454,-0.3000746388627053,0.0843101425023833,-0.5106271736094775,1.443829809064398,-1.2167692289165124,0.2956429780962139,0.6162477935365579,-0.16376876724029693,-0.5003322802403569,-0.030977088829917798,0.4008149563386608,0.20285812914088885
5.127886516282486,1.0991719892444283,-1.2052427027268593,-2.434618764446986,-2.1446334846565804,-1.6179748952026678,3.0511892971104877,-0.555923460160696,-0.8890571175887731,0.024071254503508173,-0.09498189821102958,-0.8494568334923405,0.20999395908240148,0.971533658340039,-0.6845852993562552,0.3599107587385141,-0.8801427029953924,0.33637379631723635,-1.1662567109598538,-0.1252516906066123,1.2195956568016586,0.8683753767988727,-0.8025681396655144,0.16251337936139396,1.0293235276345636,-0.2834699665869503,-0.7385124050264152,0.34021677362869773,-0.14644048153478623,0.06230370613943063
2.9879452147921364,1.8521043289193908,-1.6842448179295806,-0.7452053180307973,-1.5832254860976425,-0.8514269256769141,2.216038207624036,1.9122032624726988,0.2177723590240214,-1.0778808677536387,1.2940582406842416,-0.32386980072338556,1.4547043173973506,-1.1354788246103893,0.38424584708322096,0.20940579857554373,-0.3946397248610216,-0.8783792481346513,0.948463863660449,-0.1835154450137654,-0.10839764337052624,-0.010101638291421649,-0.7972110861127805,-1.1567866927794122,-0.4320752990792416,1.0479972799028154,0.8356484049981988,-0.17965589897820633,-0.5403951050587139,-0.3358654316939432
4.926310647125897,-1.9060356065679374,0.5180360026062869,-2.8324810425667524,0.43771628376453153,0.10146330162461051,1.3846088020826406,2.0670614086450327,-1.1011350496356378,-2.3965908368744606,0.36341714933023433,0.09535300057397054,-0.6472589879201334,-1.6310456224219287,-0.08252375124651132,0.3669883973814768,-0.39670877601022575,-0.3401278153897502,0.9248374775892995,-0.8246438608720157,0.3030823151137401,-0.24619033575027427,0.6824372647889836,-0.3814080436391829,0.17648646512949026,1.0162308986851694,0.6154733073649131,-0.2702140033822502,-0.8728072549152192,-0.14259956816441424
6.1574526427689324,2.4327507549833296,-0.2219156190912523,-2.319499990842179,-1.119617007995045,-1.6263861175854473,2.222460143005788,-0.4789836462548981,-1.0304817547327658,1.3911729885232171,0.344750682133798,-0.3259459963619369,2.5196984052630715,1.498521228859466,-0.10476740048852903,-1.4614644960300447,0.6963431009685584,-1.733697734024063,-2.1927332628298193,0.526389362735329,0.873009305563677,0.49178470320474377,-0.410439319624924,1.2067966220438922,0.3362183825125868,-0.10017908392687419,-0.6156207486821892,1.2537934869004914,0.5400298882262898,-0.25562838177728325
1.045179374556943,1.9132250437515488,-2.217711159310925,-2.144545263247492,-1.354706572338621,-1.3541731365865026,3.0611843532416567,-1.3601855139267502,-0.9203082427920998,-1.7996029827743905,-0.19472669340916993,0.8605072658567433,0.4953811364884064,0.5131575800566709,-1.1037806988699796,0.19385567909417986,-1.3612111359968913,0.2735630888292446,-0.16278931625988605,-0.24750703816988384,0.28552071865619477,1.750041158085646,-0.7385043740217789,0.5080950165390573,0.2576904188362873,-0.2832685473150997,-0.16725434777694384,-0.1978194188105698,0.1499615795878093,-0.8204296368661955
9.24273622649398,1.020570821743618,1.2759370035533575,-1.4342494142056579,-1.7070327143286759,0.9125288122216568,0.6897452401418427,3.457448401195563,1.0346459993658708,0.07073119391238684,2.953585390565911,-0.7663694969800247,2.5747383235374826,1.0534390464392818,-0.4291070496600466,0.20496508956519896,0.7399032399253159,-1.440721786385981,-1.4231595587648218,-0.1496284214425043,1.202408631360422,0.12905919107910893,-0.11575867339389571,0.3155849637994795,-0.9739294144506144,0.2798984991693966,0.5157225605921828,0.753082729819953,-0.5060222389113908,0.24859044742828876
6.156922663873672,0.9433198020316899,-0.1444867004736772,-0.16212836375695122,-2.2347753844343075,0.9073226974067002,2.4698175863427276,0.9571770132854222,-0.3392291207178864,0.2652549722233617,1.483314294765535,-1.0124437417577659,2.050782499080899,0.65114734987549,-0.8216236396791112,1.0807812601751932,-0.365724599058631,-2.053559561156393,1.6786761611645051,-0.44792940299344985,-0.4681197064549769,-0.9368326172301136,0.06656417748947864,-0.43602201707699706,-0.5983977585306399,0.6450980491323134,0.9404490016320308,-0.7251644451380764,0.636300152676526,-0.48867069168421834
6.34018950855138,0.8510439468427519,-0.02486539879163106,-1.6766455283165864,-1.4327138166826505,1.4386554670815632,1.0472280229274962,3.0237292296144918,1.5011098617698881,0.23775654665448573,1.6985078335419095,-0.8969107254482327,1.621663814930991,-0.6397964708527756,-0.7281605522748151,-0.9518882492773142,-0.62876541743508,-1.2203005362387853,-0.31627849233334,0.32219757182327013,0.7717971590642049,0.4831938377893989,0.4443448701106023,0.3675236503531491,0.4859371250623745,-0.5128800965767654,0.27229471281216017,1.3100615945621064,-0.06068043284925376,0.29696355075060454
5.508876235503508,0.1601488654698155,-1.0858384897352142,-0.7636050106098207,-0.8432542341347175,0.31079957977561773,1.5123415906519324,0.05047381378351239,-0.9032326943740532,-0.22037665778128138,-0.011278710578278669,0.4525716888040067,1.4510605154086735,0.27317674444319967,-0.6042106928934561,-0.3399515840701096,-0.7383517519547441,-0.9615009049165032,-1.0015673092043351,-0.2219576320363681,-0.6526026113969872,0.04362067744903379,0.47916023374156336,0.13368896760516122,1.4530632345547052,-0.937169818873976,-0.42807090484151994,1.1438138023436593,0.04796320261303632,0.0565941694367029
1.9239658864894957,-1.4027254204927224,0.682826076082457,0.3155607918106191,-0.0036244809566153007,-0.2726941461436167,3.466543369737403,3.4727653618697527,-0.3025939652886531,-1.6910938521589658,0.4841379042929579,0.7955058829953374,0.7209654792926605,-1.4535134128714413,-0.8535640230891973,0.2390689501479644,-1.2334562402923646,-0.36716463081050926,-0.08851253656240601,0.5723993956387148,0.46695244318846435,0.7406722237209203,-0.02836297944106253,-1.0240207744260672,0.5818810746951162,-0.6024273863977011,0.6153558285989486,-0.70237245983285,0.7464485455276714,-0.7252042941898463
6.404842902815975,-2.9447431018379513,0.13521037221757878,-3.461542703136393,-1.135095788200697,1.3071661527429301,0.37689303100992566,2.0105642909389867,-0.3091480679437126,0.47594277345895836,2.0085877742327143,-0.628046111884541,2.5392160071188474,0.49422744426661663,0.02166176426848329,-0.407781924063097,0.5193011483761675,-0.5953300878500254,-3.839602319457219,1.8307635990164846,0.6680705304494833,-0.42052994164130186,0.788021354106987,-1.2279439793069453,-1.0191373122764293,-0.689922449016259,-0.39456896512163503,0.373775696471919,0.3010101499614855,1.347587194813231
-0.5313767092811938,0.4377842422483971,-1.775245654525082,-2.3329173770508946,0.9489723170305401,0.12113121724687213,0.34541788965250037,0.3117657964497921,-0.8733856043923401,-0.7485932998781154,0.9595503359238203,0.29869591483745483,0.7671838869013383,-0.5551045947432822,0.2769089929091186,-0.12783215304384415,-1.0398156451259453,-0.1736189438846186,0.06312478242908329,-0.943706955219554,-1.226513245026577,0.31209512320660315,-0.2244277891080707,-0.13265986227196086,0.6686808418326342,0.11198811905537344,0.1295627348963742,-0.4625266468274135,0.5026184822656653,0.4491250553109003
0.7036619131510778,0.7391420536002857,4.166412796965617,3.866764095327517,-0.22987095880077407,-1.219715436579018,-1.3336087829595087,0.04697422621263805,2.073207517768766,-0.4134413387249071,1.1618149500150885,0.8341366948752159,0.16817220790871762,0.7766225634036006,0.6195987461638365,-0.3850055353965519,1.5863346825404163,-0.05755427380885294,-0.3462941601055407,0.9952407389856807,0.23355141770948004,0.21303975592097688,0.01392884954636994,-0.9350704368850596,-0.9120007122621732,-1.3630678957806466,-0.7266225456799352,0.8956055053976807,0.4232580583060237,0.2637001284121373
-0.36795542223063166,3.077978969087248,4.3448918865944295,3.527852332334163,0.6656025675424012,-1.8304432616169164,-1.6028634860589355,-3.059035157233241,0.554614824680798,0.5772833932464054,1.1703373957017456,0.4332886746441541,0.12336323700610738,1.5427044868901956,1.4373707753497396,0.7748891232275008,0.6848864491148413,-0.4836897511300399,0.5731462779662765,0.30424895823794673,-0.501963502808461,1.0553035010400817,-0.25668094606365705,-1.0276693595857742,-0.19243440033946674,-0.33372397136686444,0.1720456615905892,0.7163613583226685,-0.3740277300269813,0.11648814707866884
-2.1665232112538635,2.093736365058409,3.3299304417665074,5.0008399647621244,2.0068770809138234,-1.721849724357274,-0.18594125429243835,-2.508489172555394,0.08307782565519975,0.018898190164463334,1.037770857587967,0.7403982277149741,1.465109717222921,1.4738856020076778,1.2961063283938208,1.0361638111205356,0.6563081043977217,0.3018199993280836,0.6984838604509774,-0.5042725136186413,0.14328528937104854,0.611886246827243,0.6699016507666042,-1.1858308866858127,-0.03581949396807212,-1.075838582793202,-0.011154855962436762,1.1040019735428634,0.5525158567432189,-0.7366820359850447
-4.4959742111406324,0.6522610745586419,-1.809252655224334,2.2412455663640856,-0.5187288696052121,-2.2930231908863803,-0.41052021349405315,-1.7682163470413772,1.8585725522070944,0.12786548461394284,0.4885678064518837,0.126912779385597,0.6959935740324003,0.17133111816307559,0.48711892101323284,-0.17308089020311127,-0.03931492291160108,0.9229659902650662,0.036345347996252185,0.6774834378737326,0.25371714047618527,1.6282330078877505,-0.2098411760702205,-1.3710368862966607,-0.8839578173062238,-0.4470859104233472,1.1217828351571282,1.5606570084567177,-0.4010692857977258,0.010218052606408214
-4.2051585042066,-0.7979172433663969,1.2910295744686515,0.9585206498967195,0.8614008937539791,-0.8976621368985243,-0.7064199696345643,-3.612344218427878,1.4727799931357781,0.8330779533350587,0.9862127993823834,-1.0170936881544734,1.7169740656527333,0.4262475038162109,0.5161791756145665,0.8532862540170055,0.7404196876296705,0.46341155634791725,-0.04382721002643537,0.5393450437030882,-0.3435498647662631,1.522821479699003,-0.8188854987959748,-1.1225019382773227,-0.26167460066091625,-0.6016821971927347,0.19958803455210933,0.539309037243834,-0.5224118347483099,-0.5970646499733026
-4.205486776167373,-0.28088642242225825,2.6501897186600103,3.5770674547359262,0.2317588962565858,-2.7123453376861155,-0.7981507913485001,-1.5144087178817056,1.1081911907387958,-0.6115544259044656,0.6324663984613692,0.777429840582675,0.8309134414265773,1.884462695350349,0.9662347990773896,0.17632165042874393,0.6440257561395616,-0.17563239570260047,-0.1253843854230977,0.5669625306769652,0.5309619697939046,0.061458012155613084,0.32913807431051045,-0.39868426093339093,-0.5146544713522585,-0.29077452350295574,-0.35329882746385,0.0717227338548825,-0.10321510630807514,0.7601540158057526
-2.8492538078340623,2.147054557378926,-0.08793396990767531,3.735255331285831,0.7784154822904863,-1.9495119775561116,-0.9450131304774918,-2.029148484825476,0.5104670703746269,0.7237896740495832,0.7692504894117956,1.1392699170837817,1.5052393756419284,0.5291735435120861,0.8458394513718759,0.2704893206706858,0.6598886909342225,0.42232723762901936,0.287869456869856,0.11528057639802879,0.845708515679034,0.15330692224208356,0.21499464469074508,-1.7052400040908997,-0.6237524232964415,-1.6656886735349372,0.9213193289280552,0.8757915494983479,0.04928132013903527,-0.715731937257483
-1.4167238459196971,2.2268439013119745,1.7403081274114915,4.13028171324339,0.3831942891540929,-2.0184367096559157,-1.2069107351600195,-2.5632523822789275,0.9841185810439822,0.9052680293448114,1.2448721052075793,1.7590314228186832,0.4855701263053215,0.5163219163002307,1.6134783848868188,1.6382760170682904,-0.5158011727092185,-1.1810854498588208,0.33897319126762454,-0.19780176130233762,0.3075367339510845,0.7978349641220932,0.5243365901042492,-1.9326414378819534,0.05284078992978922,-0.8942672943837954,0.5627079937962052,0.8754223539125378,-0.6583779979244163,-0.3998460274245545
-5.5551457734608025,-1.780409024823487,2.2530571998975817,0.286522906380197,1.6917747106438652,-1.4910525498033071,-0.17542429735759593,-4.27641607063177,0.23439852551950655,0.3350224228187204,1.9866679227672572,-2.4226804398902066,0.9414494272748548,0.08379416354234827,1.0847743017876998,-0.411407796762005,0.03189333876926748,0.7064591600563609,-0.12747882080162293,0.44578010910147486,-0.5765514577990039,0.003943004967320007,0.05372609996054977,-2.0613523306776407,-1.3173325609190172,-0.44097396771010505,0.2586301508429697,-0.12691006208552819,-0.34792299433249047,-0.8789236385891379
-0.36692570511571065,1.4524388807243471,3.1529629528727856,3.5300083022779454,0.627371509282276,-2.496829507643888,-0.29162275151892936,-2.1478412553020374,0.27146291520308585,-0.3380073116791899,1.1897111459819925,0.8146462256617789,0.12041144435164483,1.6517024332864945,0.8299332094378069,1.5934889696396277,0.25985043437791144,-0.7229409665371638,0.9602882601732089,-0.43272794276078047,-0.15276374098533696,0.6836315190544322,0.8179389742859033,-1.2192592661176775,-0.4121974781992399,-0.8277317850449076,0.5356532329366851,0.8159352718186698,-0.34141228155373193,-0.4718432212511309
-0.06575888656769728,1.5116913008547537,4.022636992638577,2.8251341526451816,-0.006077547778161118,-2.1634271556104245,-0.5531955000905,-3.1494439164288446,-0.13861297584177482,-0.3461402055583849,0.5282021493761068,1.8175735826505508,1.0713946366239413,1.5993356568214059,0.9104839572990494,1.675353165363307,0.17910880715288038,-0.9501531676630658,0.04215927043368929,0.42066685308399965,-0.47878834442903184,0.44525954906225246,0.26293577391387923,0.5825930182189173,-0.2019366081503273,-1.0866754490407573,-0.8221921778001465,0.032059128304248896,-0.10868288186657032,-0.029800434309592387
-2.778144622388345,0.3811960010712606,3.9563034240487966,3.150247848433633,2.257268891076649,-2.353103382656745,-0.2501802548041509,-0.7010599760260279,1.5941226935040256,-1.5287820816371338,1.0899181523465051,0.7301509743189772,1.1122580081655988,1.054202015268688,0.501908368513682,1.6116431692379793,0.7255931743825673,-0.8296862561272953,-0.3871714298371733,-0.44951257376902315,-0.41486955710111034,-0.21568501724622374,-0.22758438003899906,-0.27424062650985004,1.3657433217793165,-0.5823965350108241,0.008934469702807082,0.6474885449018638,0.015180785327471417,-0.8629055875647489
-5.386609014187378,1.2465594282128214,3.0388420465160344,2.5235383172422043,2.628583422064624,-1.895321411587219,0.06739286211039826,-2.702309530111969,0.28602775117217694,-0.08729542089773165,0.9309741892473072,-1.189289662002871,1.266603788914327,1.250153164573817,1.1668440181969484,0.5321492293009705,-0.6314013933791082,-0.1284427053134995,-0.3486769168242273,0.3728351786657086,0.12310040927610838,0.3399936415733835,0.07469583175448392,-1.9550340651057474,0.38604776412339853,-0.3275590349098239,0.8473377571438813,0.11287358136332665,-0.5219317769750002,-1.1714294305954942
-0.5670227603550846,-1.0973289702528026,4.207047846914378,1.8179864762769364,1.0685530443815938,-1.69893428586521,-1.5519923642964564,-1.8027035178984998,0.348508405161598,-0.27325662572382287,1.4380888397605192,0.19513213333007493,-0.7725487556512354,1.341340633200395,0.9058252655183299,-0.463194716990609,0.5094381455210435,-0.11207742785420158,0.21588146792775068,0.03512892532650133,-0.4422299867171553,-0.1376757481133919,0.49340715241728583,-1.7285387074065217,-1.0267291286840792,0.16227313117863146,0.9158185560386236,1.6161370154151589,1.021887676746608,0.40299170916536564
0.014250169301414562,0.4681762557943358,4.532589581730225,4.399021137729186,0.5410960410762665,-0.7692686732714735,-0.3323390582652588,-1.2328800368645858,2.138071592735866,0.7187712350992971,0.9603752591778507,0.7597384798673579,0.7939006198828201,0.5274943046746803,1.0334461293845105,1.67069546661282,0.15420710521907735,-0.44762303336654324,-0.7099095960259647,-0.06958889686319142,0.6685259406217291,-0.5580797228174026,1.704813478381387,-1.2813696687035303,0.5406884729662413,-0.5589767717416232,-0.3695774739596729,-0.3989181186887985,0.99643881197973,-1.2363258133315052
-2.1265236306464597,1.3630924810379719,3.669844314872794,4.149447556755084,0.16916548084382135,-3.304703630070767,-0.5975152370156287,-1.5642424530328114,1.241758253179894,0.5070008442533739,0.9782538214046123,-0.3453196985257778,-0.17506562770849973,1.6210727166530288,1.4768180643321762,1.1031859249197835,0.49404307571738465,-0.8038809646217311,0.03610993553367712,0.5726850206653638,0.15456579979238136,1.1780833633230174,0.7793913381276737,-2.222516936307091,-0.5044629973426158,-0.4294255026985394,0.0871591170409793,1.6183878459599081,-0.32726920992829595,-1.4509096381619984
-0.7144887415012594,-0.8762562167281449,4.64209653786905,4.041635682584888,0.7202706103788663,-2.155351101526849,-0.7113513248359533,-1.1586457471753138,1.5899016611817414,-0.5342389183996119,1.758711269617063,0.48089847386516466,-0.7110651238223067,1.9567346089617041,1.3222519426241803,-0.24869347372618658,0.4604235949058614,-1.446106170893615,-0.7226351933180635,0.5828643501103299,-1.0814298622090623,-0.8451702943793215,1.6308221147809885,-0.668799487596494,-0.22871604046442537,1.0924536156461961,-0.29410019994346454,0.5275985891994768,0.31064792369298044,-0.9313406197502655
2.603641743343804,0.8914122126890874,4.353420200434454,4.019182607679241,0.06288287427853856,-1.2265477678966485,0.1673948346001404,0.649315600637291,2.0802849490347186,0.3545083030758027,1.1532566167140386,-0.5389462933399529,-0.6415441125299178,0.5086298993180636,0.8598045711710833,-0.6032548371639906,0.33999439586750424,0.5392584291412881,-0.9750311968825419,1.8146296697242805,0.6806243816454621,0.11871225980079511,-0.3924495278984184,-2.2407912208459164,-0.3828595849436007,-0.5126309013371273,1.3499212875191133,0.8167364793100922,0.6672745586141051,0.13417686181913316
-2.5378346822057787,1.4884422759990203,1.8019030578194075,3.31104045378733,1.1637508263559362,-2.2689227220842887,-0.24466984753811996,-2.976628082245355,-0.04799590593357584,0.018129609566774587,0.9308110675346473,1.7250107661825107,1.3976402819083358,0.8747412866250103,0.7096770947275668,1.3754402689443619,0.834827075336968,-0.2382931264399312,0.2139060569210675,-0.19743794569975914,-0.16467712243365437,0.6300161497863973,0.8857663669653448,-1.065633044584233,-1.1446352420927592,-1.2526248463014862,-0.29117650580505117,0.40731315669531176,-0.38980044869771185,-0.4375592065546302
0.8888584995055862,1.2474569013443708,1.8718939724270094,2.485434630810309,0.11310717754272631,-2.186619955171407,0.1537879677020301,-2.9535950159885664,0.15823393788648413,0.41679128937542936,-0.10948719154886151,0.4846521227078308,1.606508980293815,1.5371104655093768,0.08841439829961105,0.036280079613595466,0.8759398913404182,0.2502584476593716,1.4133979563805277,1.0323112546389774,0.10086535655325184,1.4734789191771016,0.007719810436490272,-0.6085398728513297,-1.2916833458879733,-0.4651953730851876,0.7048905739674814,0.3838345361160429,1.2558649645721716,0.10037930613550967
