district_a,district_b,score_a,score_b,score_gap,cluster_a,cluster_b,biggest_domain_gap,row_a,row_b
Nicobar (Andaman Nicobar Islands),Amritsar (Punjab),0.5757717490671338,0.5777086174221775,0.0019368683550436971,3,2,0.9218436796541958,0,466
Ernakulam (Kerala),Koraput (Odisha),0.6464996536428517,0.6471140409564717,0.0006143873136200684,3,4,0.9089447130288025,281,451
Dantewada (Chhattisgarh),Alappuzha (Kerala),0.6140094516315161,0.6160406437852519,0.002031192153735817,4,3,0.8820157208795699,114,280
Pathanamthitta (Kerala),Rayagada (Odisha),0.5994602522678962,0.5997608321426621,0.00030057987476583836,3,4,0.8499853224510319,290,458
Anand (Gujarat),Nicobar (Andaman Nicobar Islands),0.5755256980640651,0.5757717490671338,0.00024605100306873684,7,3,0.8489482387289631,141,0
Aizawl (Mizoram),South Salmara Mancachar (Assam),0.5626807887610773,0.562707176413988,2.6387652910742077e-05,7,6,0.8462047574221898,402,65
Prakasam (Andhra Pradesh),Hardoi (Uttar Pradesh),0.5272415241679326,0.5299301064663668,0.002688582298434272,0,6,0.845303987316229,9,642
Kaushambi (Uttar Pradesh),Hyderabad (Telangana),0.5641762441493862,0.5669547946838788,0.0027785505344926076,6,0,0.8401160339721302,651,559
Hardoi (Uttar Pradesh),Imphal West (Manipur),0.5299301064663668,0.5315794318075068,0.001649325341139929,6,2,0.8347039959658946,642,386
South Salmara Mancachar (Assam),Suryapet (Telangana),0.562707176413988,0.5637627059031259,0.0010555294891378963,6,0,0.8341840340814014,65,582
Kaushambi (Uttar Pradesh),North West (NCT Delhi),0.5641762441493862,0.5674274907317932,0.0032512465824070524,6,2,0.8326034704005236,651,426
Prakasam (Andhra Pradesh),Sitapur (Uttar Pradesh),0.5272415241679326,0.5284076577028505,0.0011661335349179014,0,6,0.8306970881856317,9,679
Chhota Udaipur (Gujarat),Kannur (Kerala),0.6207035388215992,0.6228907645298017,0.0021872257082025115,4,3,0.8213759435284672,147,283
Sitapur (Uttar Pradesh),Imphal West (Manipur),0.5284076577028505,0.5315794318075068,0.0031717741046562997,6,2,0.8200970968352973,679,386
Aizawl (Mizoram),Kaushambi (Uttar Pradesh),0.5626807887610773,0.5641762441493862,0.001495455388308864,7,6,0.8145739394548877,402,651
Simdega (Jharkhand),Karimnagar (Telangana),0.5447764826530025,0.5475981040418536,0.0028216213888511144,6,0,0.81321447452309,249,565
Kozhikode (Kerala),Jhalawar (Rajasthan),0.6576581655154256,0.6591029291459779,0.0014447636305523481,3,4,0.8116259235125021,287,507
Nicobar (Andaman Nicobar Islands),Jyotiba Phule Nagar (Uttar Pradesh),0.5757717490671338,0.57842636425749,0.0026546151903562576,3,6,0.8076349166602975,0,646
Nicobar (Andaman Nicobar Islands),Gadag (Karnataka),0.5757717490671338,0.577983474830983,0.002211725763849204,3,7,0.8064323460182067,0,264
Nicobar (Andaman Nicobar Islands),Raichur (Karnataka),0.5757717490671338,0.5764841057381199,0.0007123566709861251,3,6,0.8030641368553464,0,273
Suryapet (Telangana),Kaushambi (Uttar Pradesh),0.5637627059031259,0.5641762441493862,0.0004135382462602255,0,6,0.8025532161140992,582,651
Jogulamba Gadwal (Telangana),Pathanamthitta (Kerala),0.5991838182749398,0.5994602522678962,0.00027643399295640414,0,3,0.7938169091568626,563,290
Bijapur (Karnataka),Nicobar (Andaman Nicobar Islands),0.574116659112425,0.5757717490671338,0.001655089954708755,7,3,0.7920862121883547,256,0
Thrissur (Kerala),Jogulamba Gadwal (Telangana),0.5967346497432651,0.5991838182749398,0.0024491685316747613,3,0,0.7904232439984917,292,563
Nicobar (Andaman Nicobar Islands),Bareilly (Uttar Pradesh),0.5757717490671338,0.5779731761991597,0.0022014271320258683,3,6,0.79006690829683,0,621
Pratapgarh (Rajasthan),Ernakulam (Kerala),0.6452100364707526,0.6464996536428517,0.0012896171720990779,4,3,0.7857791093505976,514,281
Pathanamthitta (Kerala),Narayanpur (Chhattisgarh),0.5994602522678962,0.6024117263860163,0.0029514741181200232,3,4,0.7806343762753079,290,126
Imphal West (Manipur),Fatehpur (Uttar Pradesh),0.5315794318075068,0.534897099286504,0.0033176674789971994,2,6,0.776860675408729,386,633
Shrawasti (Uttar Pradesh),East Khasi Hills (Meghalaya),0.4801236279940945,0.4814867384412738,0.0013631104471792943,6,1,0.7715664511030338,677,393
Kodagaon (Chhattisgarh),Pathanamthitta (Kerala),0.5992936298998093,0.5994602522678962,0.00016662236808695496,4,3,0.7687931289974074,121,290
Latehar (Jharkhand),Kottayam (Kerala),0.5596472793810376,0.560417011108379,0.000769731727341405,6,3,0.7679259496430353,239,286
Thrissur (Kerala),Kodagaon (Chhattisgarh),0.5967346497432651,0.5992936298998093,0.0025589801565442105,3,4,0.7653994638390365,292,121
Nicobar (Andaman Nicobar Islands),Koppal (Karnataka),0.5757717490671338,0.576640610517683,0.0008688614505492076,3,4,0.7638513279174647,0,270
Sangrur (Punjab),Dindori (Madhya Pradesh),0.5878076622903983,0.5881854868243642,0.0003778245339659536,2,4,0.7624638498246166,485,312
Ganderbal (Jammu Kashmir),Alappuzha (Kerala),0.6156180406859235,0.6160406437852519,0.00042260309932840023,5,3,0.7609981226586358,211,280
Sukma (Chhattisgarh),Kapurthala (Punjab),0.5823770192058276,0.5837130637206458,0.0013360445148181688,4,2,0.7571075844581328,130,476
Fatehpur (Uttar Pradesh),Saiha (Mizoram),0.534897099286504,0.5356246320667303,0.0007275327802263032,6,1,0.7549933927665315,633,408
Sultanpur (Uttar Pradesh),Nicobar (Andaman Nicobar Islands),0.5729014577031063,0.5757717490671338,0.0028702913640274996,7,3,0.7544828312168401,681,0
Alappuzha (Kerala),Patan (Gujarat),0.6160406437852519,0.6162509988002122,0.00021035501496025066,3,7,0.7512217253755741,280,162
Bhilwara (Rajasthan),Kozhikode (Kerala),0.6554087422902692,0.6576581655154256,0.0022494232251563107,4,3,0.7511872723711971,494,287
West Kameng (Arunachal Pradesh),Pashchimi Singhbhum (Jharkhand),0.5179377912186482,0.5194224895418925,0.0014846983232442712,1,6,0.7489379020862763,34,243
Cachar (Assam),West Kameng (Arunachal Pradesh),0.517274294156777,0.5179377912186482,0.0006634970618712988,7,1,0.7480775768865109,40,34
Mungeli (Chhattisgarh),Alappuzha (Kerala),0.6157970188732744,0.6160406437852519,0.00024362491197749137,4,3,0.7477551726348404,125,280
Ghaziabad (Uttar Pradesh),Sukma (Chhattisgarh),0.5822205192258598,0.5823770192058276,0.00015649997996780574,2,4,0.7461928301119877,636,130
Kottayam (Kerala),Dahod (Gujarat),0.560417011108379,0.5610139470745242,0.0005969359661451845,3,4,0.7452244450824574,286,148
Kamrup Metropolitan (Assam),Simdega (Jharkhand),0.5423008528057629,0.5447764826530025,0.002475629847239591,7,6,0.7446850305081928,54,249
Ashoknagar (Madhya Pradesh),Thrissur (Kerala),0.5963376316816799,0.5967346497432651,0.00039701806158520814,4,3,0.7434726926797892,299,292
Narmada (Gujarat),Alappuzha (Kerala),0.6151391678079263,0.6160406437852519,0.0009014759773255943,4,3,0.7420496630566714,159,280
Koraput (Odisha),South Andaman (Andaman Nicobar Islands),0.6471140409564717,0.6493700005635843,0.0022559596071125565,4,2,0.7419821850871595,451,2
Nicobar (Andaman Nicobar Islands),Kannauj (Uttar Pradesh),0.5757717490671338,0.5773254205592606,0.001553671492126818,3,6,0.739759533860179,0,647
Pakur (Jharkhand),East Khasi Hills (Meghalaya),0.478393435909428,0.4814867384412738,0.0030933025318458096,6,1,0.7392847410869746,241,393
Malappuram (Kerala),Barwani (Madhya Pradesh),0.6104726497390263,0.6113329411038655,0.0008602913648392274,3,4,0.738343104522806,288,301
Farrukhabad (Uttar Pradesh),Nicobar (Andaman Nicobar Islands),0.5742050588067394,0.5757717490671338,0.0015666902603943544,6,3,0.7383127698599911,632,0
Singrauli (Madhya Pradesh),Kottayam (Kerala),0.5587882810878021,0.560417011108379,0.0016287300205769517,4,3,0.7377877111748868,341,286
Aurangabad (Bihar),Nicobar (Andaman Nicobar Islands),0.5722484621574054,0.5757717490671338,0.0035232869097283626,6,3,0.7358182698831282,71,0
Kannur (Kerala),Jaisalmer (Rajasthan),0.6228907645298017,0.623078430474004,0.00018766594420227545,3,4,0.7319827333304675,283,505
Bangalore (Karnataka),Jhabua (Madhya Pradesh),0.6300811667553162,0.6311513208286917,0.0010701540733755177,2,4,0.7313337077261155,251,318
Pashchimi Singhbhum (Jharkhand),East Godavari (Andhra Pradesh),0.5194224895418925,0.5215152868899147,0.0020927973480221462,6,0,0.7279932075767058,243,5
Sagar (Madhya Pradesh),Nicobar (Andaman Nicobar Islands),0.5747277097960336,0.5757717490671338,0.0010440392711001945,4,3,0.7277140799083023,332,0
Jayashankar Bhupalapally (Telangana),Thrissur (Kerala),0.5964416140723767,0.5967346497432651,0.0002930356708883419,0,3,0.7263752009300233,562,292
Kannur (Kerala),Agar Malwa (Madhya Pradesh),0.6228907645298017,0.6234978310036305,0.000607066473828799,3,4,0.72631752163604,283,296
Jhabua (Madhya Pradesh),South East (NCT Delhi),0.6311513208286917,0.6327976205307947,0.001646299702102949,4,2,0.7250553269182648,318,429
Jalgaon (Maharashtra),Hardoi (Uttar Pradesh),0.5246538949473816,0.5299301064663668,0.005276211518985274,7,6,0.7229288061311512,358,642
Kaushambi (Uttar Pradesh),Adilabad (Telangana),0.5641762441493862,0.5651792934410328,0.0010030492916466294,6,0,0.7226734568310345,651,557
Kozhikode (Kerala),Kandhamal (Odisha),0.6576581655154256,0.6581365535388186,0.0004783880233930615,3,4,0.7224088734928854,287,447
Chhota Udaipur (Gujarat),Kollam (Kerala),0.6207035388215992,0.6221299737357758,0.0014264349141765997,4,3,0.7211215753876664,147,285
Kandhamal (Odisha),Pulwama (Jammu Kashmir),0.6581365535388186,0.6592939526135492,0.0011573990747305585,4,5,0.72004756197008,447,217
Moga (Punjab),Dindori (Madhya Pradesh),0.5842512014457824,0.5881854868243642,0.00393428537858187,2,4,0.7196031790695124,479,312
Rupnagar (Punjab),Dhemaji (Assam),0.5994548640198827,0.6028882074374831,0.0034333434176003763,2,4,0.7177021650671173,483,44
Budaun (Uttar Pradesh),Prakasam (Andhra Pradesh),0.5260500529395137,0.5272415241679326,0.0011914712284188944,6,0,0.7172396007981325,624,9
Latehar (Jharkhand),Aizawl (Mizoram),0.5596472793810376,0.5626807887610773,0.003033509380039656,6,7,0.7156186314130513,239,402
Medchal-Malkajgiri (Telangana),Dindori (Madhya Pradesh),0.5867265015754589,0.5881854868243642,0.001458985248905309,2,4,0.7152634097586448,572,312
Medchal-Malkajgiri (Telangana),Gumla (Jharkhand),0.5867265015754589,0.5889571828866778,0.0022306813112188406,2,4,0.7125312036343228,572,234
Vidisha (Madhya Pradesh),Alappuzha (Kerala),0.6137415459848065,0.6160406437852519,0.00229909780044546,4,3,0.7120189899677054,345,280
Kottayam (Kerala),South Salmara Mancachar (Assam),0.560417011108379,0.562707176413988,0.0022901653056089932,3,6,0.7101514815013266,286,65
Sukma (Chhattisgarh),Sindhudurg (Maharashtra),0.5823770192058276,0.5840539847264032,0.0016769655205756129,4,2,0.7093475535587456,130,376
Sukma (Chhattisgarh),Mansa (Punjab),0.5823770192058276,0.5837607819510855,0.001383762745257866,4,2,0.7091317954482035,130,478
South West Khasi Hills (Meghalaya),Prakasam (Andhra Pradesh),0.5267737765365229,0.5272415241679326,0.00046774763140966513,1,0,0.7090544776950269,398,9
Komaram Bheem Asifabad (Telangana),Thrissur (Kerala),0.5945788386573799,0.5967346497432651,0.00215581108588514,4,3,0.7088026186938728,567,292
Jalgaon (Maharashtra),Sitapur (Uttar Pradesh),0.5246538949473816,0.5284076577028505,0.0037537627554689035,7,6,0.7083219070005539,358,679
Kandhamal (Odisha),Ramanagara (Karnataka),0.6581365535388186,0.6609584974779992,0.00282194393918056,4,2,0.7076693360858608,447,274
Kandhamal (Odisha),Kolar (Karnataka),0.6581365535388186,0.6591595923385196,0.0010230387997010038,4,2,0.706886720464476,447,269
Dhemaji (Assam),Tarn Taran (Punjab),0.6028882074374831,0.6046349331150919,0.001746725677608807,4,2,0.7051151282089191,44,487
Kanpur Dehat (Uttar Pradesh),Kamrup Metropolitan (Assam),0.5391235386623688,0.5423008528057629,0.003177314143394061,6,7,0.7048898896832191,648,54
Thiruvananthapuram (Kerala),Dindori (Madhya Pradesh),0.5866864716453845,0.5881854868243642,0.0014990151789797679,3,4,0.7042402052426349,291,312
Alappuzha (Kerala),Saraikela-Kharsawan (Jharkhand),0.6160406437852519,0.616462481401611,0.00042183761635905537,3,4,0.7020001419746191,280,248
Alappuzha (Kerala),Umaria (Madhya Pradesh),0.6160406437852519,0.6169268510101494,0.0008862072248975172,3,4,0.7017478917100473,280,344
South Salmara Mancachar (Assam),Thoubal (Manipur),0.562707176413988,0.563687279589779,0.0009801031757910028,6,1,0.7004647538903412,65,389
Mancherial (Telangana),Latehar (Jharkhand),0.5576243074206787,0.5596472793810376,0.0020229719603589436,0,6,0.6999262043283102,570,239
Nicobar (Andaman Nicobar Islands),Sidhi (Madhya Pradesh),0.5757717490671338,0.5766409144948892,0.0008691654277553917,3,4,0.6995574292105341,0,340
Ernakulam (Kerala),Bikaner (Rajasthan),0.6464996536428517,0.6472063448984126,0.0007066912555608873,3,4,0.6995545596567709,281,495
Neemuch (Madhya Pradesh),Kozhikode (Kerala),0.6558120357989872,0.6576581655154256,0.0018461297164383828,4,3,0.6992944328500487,326,287
Alappuzha (Kerala),Lohardaga (Jharkhand),0.6160406437852519,0.6165784713759043,0.0005378275906523511,3,4,0.6991160775477191,280,240
Munger (Bihar),Bijapur (Chhattisgarh),0.5370959275601832,0.5383486818655444,0.0012527543053612034,7,6,0.6986996722270139,89,112
Pune (Maharashtra),Yadgir (Karnataka),0.5695950670503351,0.5721075778301331,0.0025125107797979718,2,4,0.6977116865538507,371,279
Malappuram (Kerala),Ramban (Jammu Kashmir),0.6104726497390263,0.6123478602808035,0.0018752105417771947,3,4,0.6947915156581642,288,220
Dhenkanal (Odisha),Kolasib (Mizoram),0.6065283854250764,0.607309295112654,0.0007809096875776023,5,7,0.6946875020314482,440,404
Kottayam (Kerala),Balrampur (Chhattisgarh),0.560417011108379,0.5631711276629844,0.0027541165546053348,3,4,0.6938906329253046,286,109
Mumbai Suburban (Maharashtra),Barwani (Madhya Pradesh),0.6075239297541122,0.6113329411038655,0.0038090113497533107,2,4,0.692181728727773,363,301
Palakkad (Kerala),Karimganj (Assam),0.5625093584096452,0.5634455590931304,0.000936200683485211,3,7,0.6919066464404353,289,56
Kandhamal (Odisha),North Goa (Goa),0.6581365535388186,0.6617161312607145,0.003579577721895877,4,3,0.6900448833930133,447,137
Simdega (Jharkhand),Vikarabad (Telangana),0.5447764826530025,0.5479012033304308,0.0031247206774283054,6,0,0.6892618377882271,249,583
Chhota Udaipur (Gujarat),Kancheepuram (Tamil Nadu),0.6207035388215992,0.6208746671920773,0.0001711283704780575,4,3,0.6892017441377147,147,532
Sonbhadra (Uttar Pradesh),Kamrup Metropolitan (Assam),0.5417565046860109,0.5423008528057629,0.0005443481197520139,6,7,0.6870139741658211,680,54
Sukma (Chhattisgarh),Deoria (Uttar Pradesh),0.5823770192058276,0.5833881642400085,0.0010111450341808714,4,6,0.6868931228754668,130,628
Mamit (Mizoram),Dhenkanal (Odisha),0.6054204224032614,0.6065283854250764,0.0011079630218149283,7,5,0.6860610384995878,407,440
Aurangabad (Maharashtra),South Salmara Mancachar (Assam),0.5621463260099421,0.562707176413988,0.000560850404045965,7,6,0.6860176864501677,349,65
Dhemaji (Assam),Meerut (Uttar Pradesh),0.6028882074374831,0.6029655093119133,7.730187443022452e-05,4,2,0.6848521897402863,44,662
Nalgonda (Telangana),Alappuzha (Kerala),0.6146733360275944,0.6160406437852519,0.0013673077576574766,0,3,0.6847755378505743,574,280
Dhemaji (Assam),Pathankot (Punjab),0.6028882074374831,0.6034135963955222,0.000525388958039108,4,2,0.6831813459108346,44,481
Chhatarpur (Madhya Pradesh),Nicobar (Andaman Nicobar Islands),0.5731641908146796,0.5757717490671338,0.0026075582524541785,6,3,0.6823600214057467,306,0
Vadodara (Gujarat),Dhemaji (Assam),0.6011030397164948,0.6028882074374831,0.0017851677209882455,2,4,0.6820257609964895,170,44
Dungarpur (Rajasthan),Kozhikode (Kerala),0.6571541197225185,0.6576581655154256,0.0005040457929070818,4,3,0.6818666876535202,501,287
Dimapur (Nagaland),Garhwa (Jharkhand),0.5081114525870024,0.5127357461516312,0.00462429356462879,1,6,0.6812480222277015,410,231
Lucknow (Uttar Pradesh),South Salmara Mancachar (Assam),0.5596752806475477,0.562707176413988,0.0030318957664403623,7,6,0.6809252507157615,655,65
Pashchimi Singhbhum (Jharkhand),Jalgaon (Maharashtra),0.5194224895418925,0.5246538949473816,0.0052314054054890535,6,7,0.6782374021630924,243,358
Kohima (Nagaland),Rayagada (Odisha),0.5994527038038355,0.5997608321426621,0.000308128338826541,1,4,0.6779234854507661,412,458
Baran (Rajasthan),Mumbai (Maharashtra),0.6913837237022566,0.6942391974004617,0.0028554736982050466,4,2,0.6777367784155051,491,362
Lalitpur (Uttar Pradesh),Thiruvananthapuram (Kerala),0.5843267584302546,0.5866864716453845,0.002359713215129844,6,3,0.6764275615749099,654,291
Kottayam (Kerala),Surendranagar (Gujarat),0.560417011108379,0.5634328485029255,0.0030158373945464723,3,7,0.6757424577508463,286,167
Namsai (Arunachal Pradesh),Mewat (Haryana),0.5008635307855385,0.5027390367000252,0.0018755059144867081,1,6,0.6741893008373572,27,185
Bijapur (Chhattisgarh),Pratapgarh (Uttar Pradesh),0.5383486818655444,0.5408407719956648,0.002492090130120417,6,7,0.6719064258113029,112,667
Sukma (Chhattisgarh),West (NCT Delhi),0.5823770192058276,0.5837111299401948,0.0013341107343671776,4,2,0.6718500756365073,130,431
Saiha (Mizoram),Bijapur (Chhattisgarh),0.5356246320667303,0.5383486818655444,0.002724049798814132,1,6,0.6717242344382325,408,112
Kandhamal (Odisha),Valsad (Gujarat),0.6581365535388186,0.6613452449749101,0.003208691436091482,4,2,0.6696282009354428,447,171
Ernakulam (Kerala),Kalahandi (Odisha),0.6464996536428517,0.6499282685267391,0.0034286148838874597,3,4,0.6691970104894073,281,446
Thoubal (Manipur),Kaushambi (Uttar Pradesh),0.563687279589779,0.5641762441493862,0.000488964559607119,1,6,0.6688339359230391,389,651
Bijapur (Chhattisgarh),Kamrup Metropolitan (Assam),0.5383486818655444,0.5423008528057629,0.003952170940218491,6,7,0.6686336985284115,112,54
Katni (Madhya Pradesh),Alappuzha (Kerala),0.6137384114896133,0.6160406437852519,0.00230223229563864,4,3,0.6675480482238934,319,280
Almora (Uttarakhand),Jhabua (Madhya Pradesh),0.6285802830659845,0.6311513208286917,0.0025710377627072845,2,4,0.6666467999760215,596,318
Rewa (Madhya Pradesh),Kottayam (Kerala),0.5585230867517468,0.560417011108379,0.0018939243566322705,6,3,0.6659182286200226,331,286
Palakkad (Kerala),South Salmara Mancachar (Assam),0.5625093584096452,0.562707176413988,0.00019781800434282015,3,6,0.6651591240479944,289,65
Banaskantha (Gujarat),Namsai (Arunachal Pradesh),0.4963008550197879,0.5008635307855385,0.00456267576575059,7,1,0.663123575998966,143,27
Jyotiba Phule Nagar (Uttar Pradesh),Sukma (Chhattisgarh),0.57842636425749,0.5823770192058276,0.003950654948337573,6,4,0.6626562356327492,646,130
Pathanamthitta (Kerala),Kaimur (Bhabua) (Bihar),0.5994602522678962,0.6024071008423451,0.0029468485744488238,3,6,0.6624731732780007,290,82
Khunti (Jharkhand),Barnala (Punjab),0.5511237895829644,0.554954896489869,0.00383110690690458,6,2,0.6614128273958404,237,467
East Khasi Hills (Meghalaya),Sahibganj (Jharkhand),0.4814867384412738,0.4915194029001076,0.010032664458833773,1,6,0.6612388753599611,393,247
Mahesana (Gujarat),Anjaw (Arunachal Pradesh),0.4904047140915024,0.4940652955960629,0.0036605815045605006,7,1,0.660632013940295,156,16
Pilibhit (Uttar Pradesh),Sukma (Chhattisgarh),0.581212656088848,0.5823770192058276,0.0011643631169796498,6,4,0.6605562619672755,666,130
Gariyaband (Chhattisgarh),Ernakulam (Kerala),0.6435378299529959,0.6464996536428517,0.002961823689855758,4,3,0.6603261171744873,117,281
Dibang Valley (Arunachal Pradesh),Kamrup Metropolitan (Assam),0.5386126983562985,0.5423008528057629,0.0036881544494643537,1,7,0.6599867724683762,18,54
Garhwa (Jharkhand),West Kameng (Arunachal Pradesh),0.5127357461516312,0.5179377912186482,0.005202045067017047,6,1,0.656865155247629,231,34
Dindori (Madhya Pradesh),Jalaun (Uttar Pradesh),0.5881854868243642,0.5889928583982545,0.0008073715738903253,4,6,0.6563612092500882,312,643
Pathanamthitta (Kerala),Dhemaji (Assam),0.5994602522678962,0.6028882074374831,0.003427955169586827,3,4,0.6558038736338037,290,44
Malkangiri (Odisha),Thiruvallur (Tamil Nadu),0.6329132713385566,0.6333530290858472,0.00043975774729065886,4,3,0.6556904291016563,452,547
Sangareddy (Telangana),Nicobar (Andaman Nicobar Islands),0.5747444584857997,0.5757717490671338,0.001027290581334106,0,3,0.6550483714877602,580,0
Narayanpur (Chhattisgarh),Yadadri Bhuvanagiri (Telangana),0.6024117263860163,0.6035883429853836,0.0011766165993672972,4,0,0.654681666814972,126,587
Aurangabad (Maharashtra),Kaushambi (Uttar Pradesh),0.5621463260099421,0.5641762441493862,0.002029918139444087,7,6,0.6543868684828655,349,651
Dausa (Rajasthan),Kozhikode (Kerala),0.6560621205035196,0.6576581655154256,0.001596045011905911,4,3,0.6542205702530361,499,287
Kandhamal (Odisha),Surat (Gujarat),0.6581365535388186,0.6619160801173338,0.0037795265785152132,4,2,0.6541018208690585,447,166
Anjaw (Arunachal Pradesh),Banaskantha (Gujarat),0.4940652955960629,0.4963008550197879,0.0022355594237249976,1,7,0.6528079542972689,16,143
Nicobar (Andaman Nicobar Islands),Siddipet (Telangana),0.5757717490671338,0.576072279100407,0.00030053003327323857,3,0,0.6524682623547876,0,581
Barwani (Madhya Pradesh),Sangli (Maharashtra),0.6113329411038655,0.6115229397631894,0.0001899986593238978,4,2,0.6523588637375597,301,374
Wanaparthy (Telangana),Malappuram (Kerala),0.6096012702500649,0.6104726497390263,0.0008713794889613213,0,3,0.6519863290003478,584,288
Sukma (Chhattisgarh),Murshidabad (West Bengal),0.5823770192058276,0.5824404339686596,6.341476283200365e-05,4,5,0.6514788243010735,130,694
Dakshina Kannada (Karnataka),Kandhamal (Odisha),0.6577802952461034,0.6581365535388186,0.0003562582927152391,2,4,0.6503896228798305,261,447
Barnala (Punjab),Changlang (Arunachal Pradesh),0.554954896489869,0.5558792580936791,0.0009243616038101532,2,1,0.6503642986662367,467,17
Namsai (Arunachal Pradesh),Bathinda (Punjab),0.5008635307855385,0.5030129093362417,0.002149378550703185,1,2,0.6499902648086338,27,468
Dimapur (Nagaland),Cachar (Assam),0.5081114525870024,0.517274294156777,0.009162841569774538,1,7,0.6487101567832354,410,40
Hardoi (Uttar Pradesh),Nashik (Maharashtra),0.5299301064663668,0.5339820340030678,0.004051927536700917,6,7,0.648218290296612,642,367
Kottayam (Kerala),Kendujhar (Odisha),0.560417011108379,0.563255100777122,0.0028380896687429935,3,4,0.6475303802919411,286,449
Hardoi (Uttar Pradesh),Kurung Kumey (Arunachal Pradesh),0.5299301064663668,0.5302289963683796,0.00029888990201276666,6,1,0.6473174590816334,642,22
Srikakulam (Andhra Pradesh),Kannur (Kerala),0.6207080154255848,0.6228907645298017,0.0021827491042168967,0,3,0.6464066930857948,10,283
Alirajpur (Madhya Pradesh),Thane (Maharashtra),0.6036400618582448,0.6060805519057342,0.002440490047489363,4,2,0.6458159793475833,297,378
East Godavari (Andhra Pradesh),Budaun (Uttar Pradesh),0.5215152868899147,0.5260500529395137,0.004534766049599015,0,6,0.6446202250266682,5,624
Hailakandi (Assam),Kurung Kumey (Arunachal Pradesh),0.5251338123791034,0.5302289963683796,0.00509518398927622,7,1,0.6440376255451956,50,22
Dhenkanal (Odisha),Saharanpur (Uttar Pradesh),0.6065283854250764,0.6080198646540442,0.0014914792289678624,5,4,0.6438570510045529,440,671
Sukma (Chhattisgarh),Gulbarga (Karnataka),0.5823770192058276,0.5829106810601363,0.000533661854308698,4,7,0.6436493983420212,130,265
Thiruvananthapuram (Kerala),Gumla (Jharkhand),0.5866864716453845,0.5889571828866778,0.0022707112412932995,3,4,0.6434640439754274,291,234
Lower Dibang Valley (Arunachal Pradesh),Rajgarh (Madhya Pradesh),0.5682285493792836,0.570085542097446,0.0018569927181624202,1,4,0.6428840076901726,25,329
Shamli (Uttar Pradesh),Dhenkanal (Odisha),0.6064288339470234,0.6065283854250764,9.95514780529616e-05,4,5,0.6422741280651578,676,440
Hardoi (Uttar Pradesh),Bharuch (Gujarat),0.5299301064663668,0.5327067347321826,0.002776628265815706,6,7,0.6417206632272152,642,144
South East (NCT Delhi),Malkangiri (Odisha),0.6327976205307947,0.6329132713385566,0.00011565080776188008,2,4,0.6415563065311098,429,452
Gumla (Jharkhand),Mokokchung (Nagaland),0.5889571828866778,0.5903416432795624,0.0013844603928846455,4,1,0.6414093254154682,234,414
Latehar (Jharkhand),Palakkad (Kerala),0.5596472793810376,0.5625093584096452,0.002862079028607578,6,3,0.6399389912033772,239,289
Papum Pare (Arunachal Pradesh),Garhwa (Jharkhand),0.5086785538333242,0.5127357461516312,0.004057192318307035,1,6,0.6395091405057065,28,231
Bishnupur (Manipur),Mewat (Haryana),0.4995255315678477,0.5027390367000252,0.0032135051321774966,1,6,0.6379401409861164,382,185
Kandhamal (Odisha),Madurai (Tamil Nadu),0.6581365535388186,0.65904785506923,0.0009113015304114125,4,3,0.6364773681762108,447,536
East Godavari (Andhra Pradesh),South West Khasi Hills (Meghalaya),0.5215152868899147,0.5267737765365229,0.005258489646608244,0,1,0.6364351019235626,5,398
Kolkata (West Bengal),Narayanpur (Chhattisgarh),0.6000909016536673,0.6024117263860163,0.0023208247323489584,2,4,0.6359848359278074,692,126
Nabarangapur (Odisha),Chamoli (Uttarakhand),0.6545489398542632,0.6547754728472361,0.00022653299297292762,4,5,0.6359804524997597,454,598
Garhwa (Jharkhand),East Godavari (Andhra Pradesh),0.5127357461516312,0.5215152868899147,0.008779540738283464,6,0,0.6359204607380585,231,5
Guntur (Andhra Pradesh),Dhenkanal (Odisha),0.6065078687009482,0.6065283854250764,2.0516724128172292e-05,0,5,0.6358185944312016,6,440
Rayagada (Odisha),South District (Sikkim),0.5997608321426621,0.6006029378417962,0.0008421056991341214,4,2,0.6356730042633097,458,523
Visakhapatnam (Andhra Pradesh),Alappuzha (Kerala),0.6144943794279588,0.6160406437852519,0.0015462643572931034,0,3,0.6356268816235169,12,280
Cachar (Assam),East Godavari (Andhra Pradesh),0.517274294156777,0.5215152868899147,0.004240992733137716,7,0,0.6354663275881512,40,5
Dahod (Gujarat),Aizawl (Mizoram),0.5610139470745242,0.5626807887610773,0.0016668416865530666,4,7,0.6352376201410673,148,402
Ramban (Jammu Kashmir),Jalandhar (Punjab),0.6123478602808035,0.6130699049484553,0.0007220446676518,4,2,0.6349870846898218,220,475
Sangrur (Punjab),Gumla (Jharkhand),0.5878076622903983,0.5889571828866778,0.0011495205962794852,2,4,0.6348101677235711,485,234
Kheri (Uttar Pradesh),Dimapur (Nagaland),0.5071205465764616,0.5081114525870024,0.0009909060105408596,6,1,0.6338417531993541,652,410
Palakkad (Kerala),Kaushambi (Uttar Pradesh),0.5625093584096452,0.5641762441493862,0.001666885739740942,3,6,0.6335283060806922,289,651
Kottayam (Kerala),Basti (Uttar Pradesh),0.560417011108379,0.5619981972072905,0.0015811860989114468,3,6,0.6333313803678644,286,622
West Garo Hills (Meghalaya),Sukma (Chhattisgarh),0.5814512549573052,0.5823770192058276,0.0009257642485224205,7,4,0.6333156027832195,399,130
Sukma (Chhattisgarh),Warangal Urban (Telangana),0.5823770192058276,0.5829968706114199,0.0006198514055922866,4,0,0.6329198440891647,130,586
Sitapur (Uttar Pradesh),Kurung Kumey (Arunachal Pradesh),0.5284076577028505,0.5302289963683796,0.0018213386655291375,6,1,0.6327105599510361,679,22
Kabeerdham (Chhattisgarh),Kanniyakumari (Tamil Nadu),0.6700124120226517,0.6701520400566364,0.0001396280339847067,4,3,0.6326135597433751,120,533
Tawang (Arunachal Pradesh),Mayurbhanj (Odisha),0.5501315805475238,0.5530306583911615,0.002899077843637743,1,4,0.6325622041127685,30,453
Kollam (Kerala),Jaisalmer (Rajasthan),0.6221299737357758,0.623078430474004,0.0009484567382281872,3,4,0.6317283651896667,285,505
Koraput (Odisha),South West (NCT Delhi),0.6471140409564717,0.6474000645815928,0.00028602362512109014,4,2,0.6311568487394993,451,430
Mahabubabad (Telangana),Gumla (Jharkhand),0.5882324003769902,0.5889571828866778,0.0007247825096875493,0,4,0.6310646644081952,568,234
Sant Kabir Nagar (Uttar Pradesh),Thiruvananthapuram (Kerala),0.5856732961486991,0.5866864716453845,0.0010131754966853368,4,3,0.6308019535924855,673,291
Hailakandi (Assam),Prakasam (Andhra Pradesh),0.5251338123791034,0.5272415241679326,0.0021077117888291808,7,0,0.6303262509592732,50,9
Satara (Maharashtra),Jhabua (Madhya Pradesh),0.6299115993029096,0.6311513208286917,0.0012397215257821115,2,4,0.629130588489234,375,318
Barmer (Rajasthan),Mumbai (Maharashtra),0.6927151750740909,0.6942391974004617,0.001524022326370833,4,2,0.6288163773150466,492,362
Datia (Madhya Pradesh),Kannur (Kerala),0.620697032795475,0.6228907645298017,0.002193731734326798,4,3,0.6287586640496747,309,283
South Andaman (Andaman Nicobar Islands),Jalor (Rajasthan),0.6493700005635843,0.650813399697259,0.0014433991336747498,2,4,0.6283949907798355,2,506
Dindori (Madhya Pradesh),Sri Potti Sriramulu Nellore (Andhra Pradesh),0.5881854868243642,0.5888406206128463,0.0006551337884820319,4,0,0.6280496942771074,312,11
Parbhani (Maharashtra),Namsai (Arunachal Pradesh),0.4984159730877444,0.5008635307855385,0.0024475576977940894,7,1,0.6275163630071525,370,27
Kollam (Kerala),Agar Malwa (Madhya Pradesh),0.6221299737357758,0.6234978310036305,0.0013678572678547107,3,4,0.6260631534952392,285,296
Chennai (Tamil Nadu),Udaipur (Rajasthan),0.6741965221076976,0.6776798180299862,0.003483295922288576,3,4,0.6256160149861931,526,520
Imphal West (Manipur),Puruliya (West Bengal),0.5315794318075068,0.5347510946330346,0.0031716628255278323,2,7,0.6255571087922671,386,701
Thiruvananthapuram (Kerala),Mahoba (Uttar Pradesh),0.5866864716453845,0.5878582680893597,0.0011717964439752482,3,4,0.6254237698033731,291,657
South Salmara Mancachar (Assam),Fazilka (Punjab),0.562707176413988,0.564729868314826,0.002022691900837925,6,2,0.624681142626029,65,471
Sirohi (Rajasthan),Wayanad (Kerala),0.6623625246811813,0.664723622448249,0.0023610977670677213,4,2,0.6240157795017661,518,293
Dhemaji (Assam),Haveri (Karnataka),0.6028882074374831,0.6035687630095949,0.000680555572111885,4,5,0.6237587633507242,44,267
Alirajpur (Madhya Pradesh),North  & Middle Andaman (Andaman Nicobar Islands),0.6036400618582448,0.6045210868167618,0.0008810249585169405,4,2,0.6236192624213738,297,1
Mayurbhanj (Odisha),East District (Sikkim),0.5530306583911615,0.5538036820689684,0.00077302367780685,4,2,0.6228785846328757,453,521
Jhabua (Madhya Pradesh),Kodagu (Karnataka),0.6311513208286917,0.6315701594035719,0.00041883857488012044,4,2,0.6225995543230437,318,268
Jogulamba Gadwal (Telangana),Kohima (Nagaland),0.5991838182749398,0.5994527038038355,0.0002688855288957015,0,1,0.6217550721565969,563,412
Shahjahanpur (Uttar Pradesh),East District (Sikkim),0.5530996398862615,0.5538036820689684,0.00070404218270681,6,2,0.6206524779281182,675,521
Pune (Maharashtra),Kurnool (Andhra Pradesh),0.5695950670503351,0.571122825156819,0.0015277581064838675,2,0,0.6188596498209216,371,8
Alappuzha (Kerala),Sirsa (Haryana),0.6160406437852519,0.6180905332499609,0.002049889464708965,3,5,0.6180948492819835,280,191
Dahod (Gujarat),Palakkad (Kerala),0.5610139470745242,0.5625093584096452,0.0014954113351209886,4,3,0.6172374866427992,148,289
Anjaw (Arunachal Pradesh),Parbhani (Maharashtra),0.4940652955960629,0.4984159730877444,0.004350677491681498,1,7,0.6172007413054554,16,370
Nicobar (Andaman Nicobar Islands),Morigaon (Assam),0.5757717490671338,0.5773622017693061,0.0015904527021722847,3,4,0.616461681907002,0,60
Dantewada (Chhattisgarh),Sahibzada Ajit Singh Nagar (Punjab),0.6140094516315161,0.6161397656930043,0.0021303140614882254,4,2,0.6162857421225785,114,484
East Godavari (Andhra Pradesh),Hailakandi (Assam),0.5215152868899147,0.5251338123791034,0.0036185254891887286,0,7,0.6162589519559084,5,50
Jalandhar (Punjab),Dantewada (Chhattisgarh),0.6130699049484553,0.6140094516315161,0.0009395466830608434,2,4,0.6153444324416917,475,114
Ghazipur (Uttar Pradesh),Changlang (Arunachal Pradesh),0.5536223653330554,0.5558792580936791,0.0022568927606236855,6,1,0.6149462108316469,637,17
South Salmara Mancachar (Assam),Surendranagar (Gujarat),0.562707176413988,0.5634328485029255,0.000725672088937479,6,7,0.614496271157217,65,167
Mumbai (Maharashtra),Burhanpur (Madhya Pradesh),0.6942391974004617,0.6947213392128421,0.0004821418123803767,2,4,0.6144480160414659,362,305
Coimbatore (Tamil Nadu),Baran (Rajasthan),0.6833960409683376,0.6913837237022566,0.007987682733919033,3,4,0.6139775382052751,527,491
Rupnagar (Punjab),Narayanpur (Chhattisgarh),0.5994548640198827,0.6024117263860163,0.0029568623661335725,2,4,0.6136689743148949,483,126
Gumla (Jharkhand),Ludhiana (Punjab),0.5889571828866778,0.5911273712162664,0.002170188329588596,4,2,0.6134533614751745,234,477
Ramgarh (Jharkhand),Nicobar (Andaman Nicobar Islands),0.5745180989667685,0.5757717490671338,0.0012536501003652667,4,3,0.6131985708016294,245,0
Siddipet (Telangana),Kannauj (Uttar Pradesh),0.576072279100407,0.5773254205592606,0.0012531414588535794,0,6,0.612124977854303,581,647
Reasi (Jammu Kashmir),Thrissur (Kerala),0.5946484721103774,0.5967346497432651,0.0020861776328876536,4,3,0.611431743853003,221,292
Gandhinagar (Gujarat),Khunti (Jharkhand),0.5502123349037776,0.5511237895829644,0.0009114546791867406,7,6,0.6113847741718956,150,237
Banswara (Rajasthan),South East (NCT Delhi),0.6315079571694711,0.6327976205307947,0.0012896633613236341,4,2,0.6106824889462006,490,429
Dhenkanal (Odisha),Thanjavur (Tamil Nadu),0.6065283854250764,0.6071338954044341,0.0006055099793577101,5,3,0.6102441436481281,440,544
Thiruvallur (Tamil Nadu),Gajapati (Odisha),0.6333530290858472,0.6347405200786133,0.0013874909927660273,3,4,0.6102347892106545,547,441
Jaisalmer (Rajasthan),Idukki (Kerala),0.623078430474004,0.6251358583987333,0.0020574279247292937,4,3,0.6099597171871423,505,282
Kamareddy (Telangana),Pune (Maharashtra),0.5681268201562975,0.5695950670503351,0.0014682468940376836,0,2,0.6092913280956871,564,371
Kohima (Nagaland),Narayanpur (Chhattisgarh),0.5994527038038355,0.6024117263860163,0.002959022582180726,1,4,0.6085725392750421,412,126
Baramula (Jammu Kashmir),Thiruvananthapuram (Kerala),0.5860891053989866,0.5866864716453845,0.0005973662463978346,5,3,0.6085166093184187,209,291
New Delhi (NCT Delhi),Koraput (Odisha),0.6441602208672196,0.6471140409564717,0.002953820089252157,2,4,0.6083154273938491,423,451
Sri Potti Sriramulu Nellore (Andhra Pradesh),Gumla (Jharkhand),0.5888406206128463,0.5889571828866778,0.00011656227383149975,0,4,0.6081087456807619,11,234
Jhalawar (Rajasthan),North Goa (Goa),0.6591029291459779,0.6617161312607145,0.0026132021147365903,4,3,0.6078703473915503,507,137
Malappuram (Kerala),Mandsaur (Madhya Pradesh),0.6104726497390263,0.6116717142689331,0.0011990645299068126,3,4,0.6075587845643741,288,323
Dhalai (Tripura),Kottayam (Kerala),0.5594850952562176,0.560417011108379,0.0009319158521614579,7,3,0.6074210321340641,588,286
Papum Pare (Arunachal Pradesh),Cachar (Assam),0.5086785538333242,0.517274294156777,0.008595740323452783,1,7,0.6069712750612404,28,40
Alappuzha (Kerala),Anugul (Odisha),0.6160406437852519,0.6186095414613355,0.0025688976760835924,3,5,0.6069041169249638,280,432
Dhemaji (Assam),Rohtas (Bihar),0.6028882074374831,0.6041891557543503,0.0013009483168672231,4,6,0.6064587142171429,44,97
Dindori (Madhya Pradesh),Dibrugarh (Assam),0.5881854868243642,0.5882560169811148,7.053015675062557e-05,4,7,0.6062623892396429,312,46
Ahmedabad (Gujarat),Ramban (Jammu Kashmir),0.6115122730563761,0.6123478602808035,0.0008355872244273366,7,4,0.6060698710617072,139,220
Mumbai Suburban (Maharashtra),Wanaparthy (Telangana),0.6075239297541122,0.6096012702500649,0.002077340495952762,2,0,0.6058249532053147,363,584
Daman (Dadra Nagar Haveli Daman Diu),Sukma (Chhattisgarh),0.5812241237161601,0.5823770192058276,0.0011528954896675714,7,4,0.6051974675161566,135,130
Nagpur (Maharashtra),Baran (Rajasthan),0.6912908903648683,0.6913837237022566,9.283333738829835e-05,2,4,0.6047338545707598,364,491
East Khasi Hills (Meghalaya),Madhepura (Bihar),0.4814867384412738,0.4827319548210683,0.001245216379794467,1,6,0.6044512550542651,393,87
Agar Malwa (Madhya Pradesh),Idukki (Kerala),0.6234978310036305,0.6251358583987333,0.0016380273951027702,4,3,0.6042945054927147,296,282
Pathankot (Punjab),Alirajpur (Madhya Pradesh),0.6034135963955222,0.6036400618582448,0.000226465462722647,2,4,0.6041723270076379,481,297
Puruliya (West Bengal),Saiha (Mizoram),0.5347510946330346,0.5356246320667303,0.0008735374336956703,7,1,0.6036898261500695,701,408
Changlang (Arunachal Pradesh),Rampur (Uttar Pradesh),0.5558792580936791,0.5565235730510867,0.0006443149574075768,1,6,0.6031768173798671,17,670
South Andaman (Andaman Nicobar Islands),Khargone (West Nimar) (Madhya Pradesh),0.6493700005635843,0.6500240629798173,0.0006540624162330033,2,4,0.6030233910586555,2,321
Pune (Maharashtra),Rajgarh (Madhya Pradesh),0.5695950670503351,0.570085542097446,0.000490475047110861,2,4,0.6027959283859088,371,329
Bathinda (Punjab),Kheri (Uttar Pradesh),0.5030129093362417,0.5071205465764616,0.004107637240219897,2,6,0.6027090790898786,468,652
Nabarangapur (Odisha),Dindigul (Tamil Nadu),0.6545489398542632,0.6563707807486019,0.0018218408943386777,4,3,0.6024692709041055,454,530
Bidar (Karnataka),Alappuzha (Kerala),0.6136199347128892,0.6160406437852519,0.0024207090723626923,4,3,0.6020290693325792,255,280
Bulandshahr (Uttar Pradesh),Kottayam (Kerala),0.5586653949255771,0.560417011108379,0.0017516161828019516,4,3,0.6016436184668215,625,286
Namsai (Arunachal Pradesh),Mahamaya Nagar (Uttar Pradesh),0.5008635307855385,0.5023440825138424,0.0014805517283039693,1,6,0.6016098831309029,27,656
Changlang (Arunachal Pradesh),Bulandshahr (Uttar Pradesh),0.5558792580936791,0.5586653949255771,0.0027861368318979896,1,4,0.6015495188796761,17,625
Khammam (Telangana),Thrissur (Kerala),0.5953169286270836,0.5967346497432651,0.0014177211161814363,0,3,0.6012804870029756,566,292
Shrawasti (Uttar Pradesh),Mahesana (Gujarat),0.4801236279940945,0.4904047140915024,0.010281086097407854,6,7,0.6012364655430649,677,156
Mahisagar (Gujarat),Kannur (Kerala),0.621732842440813,0.6228907645298017,0.0011579220889887942,4,3,0.6006772266910549,157,283
Doda (Jammu Kashmir),Kottayam (Kerala),0.5601382202342384,0.560417011108379,0.000278790874140622,1,3,0.6005381101028364,210,286
Changlang (Arunachal Pradesh),Davanagere (Karnataka),0.5558792580936791,0.5585972364013564,0.0027179783076772823,1,2,0.6001895357165151,17,262
Davanagere (Karnataka),Latehar (Jharkhand),0.5585972364013564,0.5596472793810376,0.0010500429796812538,2,6,0.6000949301202362,262,239
Hyderabad (Telangana),Rajgarh (Madhya Pradesh),0.5669547946838788,0.570085542097446,0.0031307474135672253,0,4,0.6000764120249439,559,329
Bhind (Madhya Pradesh),Kannur (Kerala),0.6199374051710351,0.6228907645298017,0.0029533593587666163,7,3,0.600022019541496,303,283
Anantapur (Andhra Pradesh),Kannur (Kerala),0.6223885849222722,0.6228907645298017,0.0005021796075295182,0,3,0.6000142677464937,3,283
Kancheepuram (Tamil Nadu),Jaisalmer (Rajasthan),0.6208746671920773,0.623078430474004,0.0022037632819267294,3,4,0.599808533939715,532,505
Nizamabad (Telangana),Dindori (Madhya Pradesh),0.5845496519564554,0.5881854868243642,0.0036358348679088603,0,4,0.5995747730646203,576,312
Banswara (Rajasthan),East (NCT Delhi),0.6315079571694711,0.6323810702518,0.0008731130823289579,4,2,0.599412089523245,490,422
Kanniyakumari (Tamil Nadu),Ratlam (Madhya Pradesh),0.6701520400566364,0.6713953597362011,0.0012433196795647028,3,4,0.598639973311022,533,330
East Khasi Hills (Meghalaya),Madhubani (Bihar),0.4814867384412738,0.4842742490002918,0.0027875105590179916,1,6,0.5985480254976608,393,88
Karimganj (Assam),Suryapet (Telangana),0.5634455590931304,0.5637627059031259,0.0003171468099955055,7,0,0.5980193307126249,56,582
Kra Daadi (Arunachal Pradesh),Kheri (Uttar Pradesh),0.5043966087170257,0.5071205465764616,0.00272393785943581,1,6,0.5971153913665532,21,652
Dindori (Madhya Pradesh),Sivasagar (Assam),0.5881854868243642,0.5897811663907281,0.0015956795663638612,4,7,0.5969813329326542,312,63
Kodagaon (Chhattisgarh),Kohima (Nagaland),0.5992936298998093,0.5994527038038355,0.00015907390402625232,4,1,0.5967312919971416,121,412
Ratlam (Madhya Pradesh),Chennai (Tamil Nadu),0.6713953597362011,0.6741965221076976,0.002801162371496524,4,3,0.5967299243567185,330,526
Kottayam (Kerala),Sehore (Madhya Pradesh),0.560417011108379,0.5612584579715896,0.0008414468632105265,3,4,0.5963934428030915,286,334
Patna (Bihar),Anjaw (Arunachal Pradesh),0.4883729469882428,0.4940652955960629,0.005692348607820086,6,1,0.595741345873751,94,16
Nuapada (Odisha),Wayanad (Kerala),0.6621088080422652,0.664723622448249,0.0026148144059837675,4,2,0.5956588141533568,456,293
Amethi (Uttar Pradesh),Hyderabad (Telangana),0.564625514693985,0.5669547946838788,0.00232927998989374,6,0,0.5954944219814722,612,559
Goalpara (Assam),Central (NCT Delhi),0.6050451423377915,0.6067907197888455,0.00174557745105397,4,2,0.5950886264932275,48,421
Jalgaon (Maharashtra),Budaun (Uttar Pradesh),0.5246538949473816,0.5260500529395137,0.0013961579921321077,7,6,0.5948644196130547,358,624
Chennai (Tamil Nadu),Nagaur (Rajasthan),0.6741965221076976,0.6766719875593424,0.002475465451644787,3,4,0.5948064158617111,526,512
Kancheepuram (Tamil Nadu),Agar Malwa (Madhya Pradesh),0.6208746671920773,0.6234978310036305,0.002623163811553253,3,4,0.5941433222452874,532,296
Kaushambi (Uttar Pradesh),Fazilka (Punjab),0.5641762441493862,0.564729868314826,0.0005536241654398033,6,2,0.5930503246587269,651,471
Lalitpur (Uttar Pradesh),Medchal-Malkajgiri (Telangana),0.5843267584302546,0.5867265015754589,0.0023997431452043028,6,2,0.5928158978220806,654,572
West (NCT Delhi),Lalitpur (Uttar Pradesh),0.5837111299401948,0.5843267584302546,0.0006156284900598052,2,6,0.5928158978220806,431,654
Hyderabad (Telangana),Lower Dibang Valley (Arunachal Pradesh),0.5669547946838788,0.5682285493792836,0.0012737546954048051,0,1,0.5924411836447623,559,25
Kheri (Uttar Pradesh),Papum Pare (Arunachal Pradesh),0.5071205465764616,0.5086785538333242,0.0015580072568626147,6,1,0.5921028714773591,652,28
Jaunpur (Uttar Pradesh),Dhemaji (Assam),0.6020142215498994,0.6028882074374831,0.0008739858875836948,6,4,0.5918868204207359,644,44
Hoshiarpur (Punjab),Guna (Madhya Pradesh),0.6403501064554179,0.6425255792124699,0.0021754727570519883,2,4,0.59172860015236,474,313
Pathanamthitta (Kerala),Birbhum (West Bengal),0.5994602522678962,0.6032778223476298,0.003817570079733601,3,5,0.5912061743825279,290,685
Kanniyakumari (Tamil Nadu),Shajapur (Madhya Pradesh),0.6701520400566364,0.6723226209445383,0.002170580887901896,3,4,0.5910390188965051,533,337
Aizawl (Mizoram),Thoubal (Manipur),0.5626807887610773,0.563687279589779,0.0010064908287017449,7,1,0.5905081076020726,402,389
Hamirpur (Himachal Pradesh),Ramban (Jammu Kashmir),0.6099047333749509,0.6123478602808035,0.0024431269058525773,2,4,0.590401957422322,196,220
Nashik (Maharashtra),Fatehpur (Uttar Pradesh),0.5339820340030678,0.534897099286504,0.0009150652834362116,7,6,0.5903749697394465,367,633
Dibang Valley (Arunachal Pradesh),Ballia (Uttar Pradesh),0.5386126983562985,0.5396262939504938,0.0010135955941952268,1,6,0.5903673585831841,18,617
Rayagada (Odisha),Kolkata (West Bengal),0.5997608321426621,0.6000909016536673,0.0003300695110052265,4,2,0.5902962510960028,458,692
Begusarai (Bihar),Namsai (Arunachal Pradesh),0.4997559267440938,0.5008635307855385,0.0011076040414446653,6,1,0.5900539634245006,73,27
Mathura (Uttar Pradesh),Cachar (Assam),0.5099315572465476,0.517274294156777,0.007342736910229353,6,7,0.5894928860441323,660,40
Dhenkanal (Odisha),Central (NCT Delhi),0.6065283854250764,0.6067907197888455,0.00026233436376910113,5,2,0.5894361533798651,440,421
Tawang (Arunachal Pradesh),Khunti (Jharkhand),0.5501315805475238,0.5511237895829644,0.0009922090354406166,1,6,0.5893851687749301,30,237
Shajapur (Madhya Pradesh),Chennai (Tamil Nadu),0.6723226209445383,0.6741965221076976,0.0018739011631593305,4,3,0.5891289699422015,337,526
Thiruvananthapuram (Kerala),Dibrugarh (Assam),0.5866864716453845,0.5882560169811148,0.0015695453357303935,3,7,0.5887681789334732,291,46
Aizawl (Mizoram),Kendujhar (Odisha),0.5626807887610773,0.563255100777122,0.0005743120160447424,7,4,0.5882371466009646,402,449
Amethi (Uttar Pradesh),North West (NCT Delhi),0.564625514693985,0.5674274907317932,0.002801976037808185,6,2,0.5879818584098656,612,426
Bankura (West Bengal),Mancherial (Telangana),0.555658414045892,0.5576243074206787,0.001965893374786698,7,0,0.5869793544320268,684,570
Jalgaon (Maharashtra),South West Khasi Hills (Meghalaya),0.5246538949473816,0.5267737765365229,0.002119881589141337,7,1,0.5866792965099492,358,398
Tonk (Rajasthan),Kollam (Kerala),0.6196361675267663,0.6221299737357758,0.002493806209009519,4,3,0.5860285537405335,519,285
Karimganj (Assam),Fazilka (Punjab),0.5634455590931304,0.564729868314826,0.0012843092216955343,7,2,0.5857197744207563,56,471
Dantewada (Chhattisgarh),Ganderbal (Jammu Kashmir),0.6140094516315161,0.6156180406859235,0.0016085890544074166,4,5,0.5857087355798405,114,211
Mahe (Puducherry),Udaipur (Rajasthan),0.6756286015987577,0.6776798180299862,0.0020512164312285197,3,4,0.5851922769675515,463,520
North West (NCT Delhi),Lower Dibang Valley (Arunachal Pradesh),0.5674274907317932,0.5682285493792836,0.0008010586474903603,2,1,0.5849286200731557,426,25
Saran (Bihar),Anjaw (Arunachal Pradesh),0.4840342345249289,0.4940652955960629,0.010031061071133995,6,1,0.5842500763278398,100,16
Cachar (Assam),Firozabad (Uttar Pradesh),0.517274294156777,0.5217873282145864,0.004513034057809451,7,6,0.5839791933011871,40,634
Gurdaspur (Punjab),Rajgarh (Madhya Pradesh),0.5683227904888595,0.570085542097446,0.0017627516085865214,2,4,0.5838933486984906,473,329
Namsai (Arunachal Pradesh),Kanshiram Nagar (Uttar Pradesh),0.5008635307855385,0.5060999765066762,0.005236445721137684,1,6,0.5838842848985808,27,650
Bharuch (Gujarat),Fatehpur (Uttar Pradesh),0.5327067347321826,0.534897099286504,0.0021903645543214223,7,6,0.5838773426700496,144,633
Fatehpur (Uttar Pradesh),Munger (Bihar),0.534897099286504,0.5370959275601832,0.002198828273679232,6,7,0.5837112947174408,633,89
South (NCT Delhi),Koraput (Odisha),0.6451226074951321,0.6471140409564717,0.0019914334613396756,2,4,0.5835168743064117,428,451
Dima Hasao (Assam),Kottayam (Kerala),0.5589918485953556,0.560417011108379,0.0014251625130234924,7,3,0.5833755851309932,47,286
Hamirpur (Himachal Pradesh),Barwani (Madhya Pradesh),0.6099047333749509,0.6113329411038655,0.00142820772891461,2,4,0.5831712884422354,196,301
Surendranagar (Gujarat),Kaushambi (Uttar Pradesh),0.5634328485029255,0.5641762441493862,0.0007433956464606428,7,6,0.5828654531899149,167,651
Dhenkanal (Odisha),Kanpur Nagar (Uttar Pradesh),0.6065283854250764,0.6079488918282793,0.0014205064032029036,5,7,0.5825539285419661,440,649
West Khasi Hills (Meghalaya),Shrawasti (Uttar Pradesh),0.477098285379982,0.4801236279940945,0.003025342614112525,1,6,0.5822935746121398,401,677
Goalpara (Assam),Rajanna Sircilla (Telangana),0.6050451423377915,0.6062464932280808,0.0012013508902892767,4,0,0.5822345552583017,48,578
Koraput (Odisha),Champhai (Mizoram),0.6471140409564717,0.6485637777845585,0.0014497368280868006,4,7,0.581427931412781,451,403
Narayanpur (Chhattisgarh),Meerut (Uttar Pradesh),0.6024117263860163,0.6029655093119133,0.0005537829258970284,4,2,0.5808189989880639,126,662
Rajanna Sircilla (Telangana),Dhenkanal (Odisha),0.6062464932280808,0.6065283854250764,0.0002818921969955923,0,5,0.5805443143986284,578,440
Pauri Garhwal (Uttarakhand),Yadgir (Karnataka),0.5718034389962683,0.5721075778301331,0.0003041388338648199,1,4,0.5801380037207989,603,279
Sawai Madhopur (Rajasthan),East District (Sikkim),0.553035693677917,0.5538036820689684,0.0007679883910512997,6,2,0.5800898843469583,516,521
South West Garo Hills (Meghalaya),Tawang (Arunachal Pradesh),0.5481054420246365,0.5501315805475238,0.002026138522887244,7,1,0.5800130401043865,397,30
Tarn Taran (Punjab),Dhenkanal (Odisha),0.6046349331150919,0.6065283854250764,0.0018934523099845002,2,5,0.5798699394419342,487,440
Kupwara (Jammu Kashmir),Kozhikode (Kerala),0.6559997641877434,0.6576581655154256,0.0016584013276821352,5,3,0.5796501234908051,216,287
Jogulamba Gadwal (Telangana),South District (Sikkim),0.5991838182749398,0.6006029378417962,0.0014191195668563639,0,2,0.5795045909691405,563,523
Namsai (Arunachal Pradesh),Muzaffarpur (Bihar),0.5008635307855385,0.5033766928836564,0.002513162098117916,1,6,0.5792004402092374,27,90
Narayanpur (Chhattisgarh),Pathankot (Punjab),0.6024117263860163,0.6034135963955222,0.0010018700095059119,4,2,0.5791481551586122,126,481
Mayurbhanj (Odisha),Medak (Telangana),0.5530306583911615,0.554214999427319,0.001184341036157499,4,0,0.5790578872410836,453,571
Jashpur (Chhattisgarh),Thrissur (Kerala),0.594422859419927,0.5967346497432651,0.002311790323338059,4,3,0.5789420185467862,119,292
Banswara (Rajasthan),Thiruvallur (Tamil Nadu),0.6315079571694711,0.6333530290858472,0.001845071916376173,4,3,0.5784794083181806,490,547
Vadodara (Gujarat),Narayanpur (Chhattisgarh),0.6011030397164948,0.6024117263860163,0.0013086866695214416,2,4,0.5779925702442671,170,126
Shahid Bhagat Singh Nagar (Punjab),Koraput (Odisha),0.6460531466291178,0.6471140409564717,0.0010608943273539007,2,4,0.5777937200630151,486,451
Dhemaji (Assam),Dhaulpur (Rajasthan),0.6028882074374831,0.6038876459255225,0.0009994384880394058,4,6,0.5774106855094115,44,500
Debagarh (Odisha),South East (NCT Delhi),0.6327405043885695,0.6327976205307947,5.711614222514427e-05,5,2,0.5768681825462412,439,429
Shahjahanpur (Uttar Pradesh),Medak (Telangana),0.5530996398862615,0.554214999427319,0.001115359541057459,6,0,0.5768317805363261,675,571
Jhabua (Madhya Pradesh),East (NCT Delhi),0.6311513208286917,0.6323810702518,0.0012297494231082728,4,2,0.576687973192331,318,422
Khunti (Jharkhand),East District (Sikkim),0.5511237895829644,0.5538036820689684,0.0026798924860039763,6,2,0.5766214484259664,237,521
Pilibhit (Uttar Pradesh),Ranga Reddy (Telangana),0.581212656088848,0.5827242602756657,0.0015116041868177277,6,0,0.5764872521067376,666,579
Bijnor (Uttar Pradesh),Alappuzha (Kerala),0.6137070440685924,0.6160406437852519,0.0023335997166594735,4,3,0.5764134150248309,623,280
Bhagalpur (Bihar),Namsai (Arunachal Pradesh),0.4992586742914566,0.5008635307855385,0.0016048564940818744,6,1,0.5762331387973265,74,27
Kendujhar (Odisha),Suryapet (Telangana),0.563255100777122,0.5637627059031259,0.0005076051260038961,4,0,0.5762164232601763,449,582
Prakasam (Andhra Pradesh),Siang (Arunachal Pradesh),0.5272415241679326,0.5304785600492571,0.0032370358813245126,0,1,0.5756184416345655,9,29
Prakasam (Andhra Pradesh),Darrang (Assam),0.5272415241679326,0.5314317022286554,0.00419017806072286,0,7,0.5755553395808327,9,43
East Siang (Arunachal Pradesh),Shrawasti (Uttar Pradesh),0.4729730539279279,0.4801236279940945,0.007150574066166648,1,6,0.5753466524950037,20,677
Hailakandi (Assam),Budaun (Uttar Pradesh),0.5251338123791034,0.5260500529395137,0.0009162405604102863,7,6,0.5752111961963258,50,624
South Salmara Mancachar (Assam),Bhavnagar (Gujarat),0.562707176413988,0.5646549208695101,0.001947744455522038,6,7,0.5750882770339323,65,145
Kaimur (Bhabua) (Bihar),Dhemaji (Assam),0.6024071008423451,0.6028882074374831,0.00048110659513800336,6,4,0.5747844395512218,82,44
Hyderabad (Telangana),Sonitpur (Assam),0.5669547946838788,0.567253099795637,0.0002983051117582125,0,4,0.574562159996272,559,64
Ranga Reddy (Telangana),Lalitpur (Uttar Pradesh),0.5827242602756657,0.5843267584302546,0.001602498154588905,0,6,0.5743681388638293,579,654
Vadodara (Gujarat),Alirajpur (Madhya Pradesh),0.6011030397164948,0.6036400618582448,0.0025370221417500005,2,4,0.5742919685681599,170,297
Malkangiri (Odisha),Dehradun (Uttarakhand),0.6329132713385566,0.634393282867484,0.0014800115289274052,4,2,0.5741400096238117,452,600
Shrawasti (Uttar Pradesh),Churachandpur (Manipur),0.4801236279940945,0.4906062791219083,0.010482651127813769,6,1,0.5741265371542514,677,384
Pathanamthitta (Kerala),Satna (Madhya Pradesh),0.5994602522678962,0.6000429984728318,0.0005827462049355914,3,4,0.5740614696985149,290,333
North  & Middle Andaman (Andaman Nicobar Islands),Dhenkanal (Odisha),0.6045210868167618,0.6065283854250764,0.0020072986083146116,2,5,0.5739670293732368,1,440
Idukki (Kerala),Bundi (Rajasthan),0.6251358583987333,0.6286168360136178,0.0034809776148845284,3,4,0.5739029907442892,282,496
Supaul (Bihar),Imphal East (Manipur),0.4923175982408317,0.4942096667997809,0.0018920685589491892,6,7,0.5735359313759077,105,385
Lakhisarai (Bihar),Anjaw (Arunachal Pradesh),0.4894797025960093,0.4940652955960629,0.004585593000053567,6,1,0.5734479223137501,86,16
Bangalore (Karnataka),Banswara (Rajasthan),0.6300811667553162,0.6315079571694711,0.0014267904141548327,2,4,0.5731165629570771,251,490
Thiruvananthapuram (Kerala),Surguja (Chhattisgarh),0.5866864716453845,0.5889599782204821,0.002273506575097617,3,4,0.5727971671170073,291,132
Pashchimi Singhbhum (Jharkhand),Jalna (Maharashtra),0.5194224895418925,0.5228645559096242,0.0034420663677317,6,7,0.5722997848366397,243,359
Malappuram (Kerala),Nagarkurnool (Telangana),0.6104726497390263,0.6127940827039419,0.002321432964915604,3,0,0.5720298480304218,288,573
Madhubani (Bihar),Anjaw (Arunachal Pradesh),0.4842742490002918,0.4940652955960629,0.009791046595771069,6,1,0.5718809029229119,88,16
Karimnagar (Telangana),Barpeta (Assam),0.5475981040418536,0.5499646557508951,0.0023665517090415422,0,7,0.5718037199916685,565,37
Lower Subansiri (Arunachal Pradesh),Simdega (Jharkhand),0.5432199159722674,0.5447764826530025,0.0015565666807351164,1,6,0.5711488525745108,26,249
Barnala (Punjab),Rewa (Madhya Pradesh),0.554954896489869,0.5585230867517468,0.003568190261877824,2,6,0.5709843719155185,467,331
Vaishali (Bihar),Anjaw (Arunachal Pradesh),0.4899202118949717,0.4940652955960629,0.004145083701091179,6,1,0.5705090085071187,106,16
Leh(Ladakh) (Ladakh),Kozhikode (Kerala),0.6562460253990136,0.6576581655154256,0.0014121401164119973,5,3,0.5704737647870668,295,287
Siang (Arunachal Pradesh),Sant Ravidas Nagar (Bhadohi) (Uttar Pradesh),0.5304785600492571,0.5326946214173487,0.002216061368091604,1,6,0.5702111403845093,29,674
Palakkad (Kerala),Thoubal (Manipur),0.5625093584096452,0.563687279589779,0.001177921180133823,3,1,0.5701579648930278,289,389
Debagarh (Odisha),Yanam (Puducherry),0.6327405043885695,0.6334743660746895,0.0007338616861199965,5,3,0.5700229189161632,439,465
East District (Sikkim),Rampur (Uttar Pradesh),0.5538036820689684,0.5565235730510867,0.0027198909821183337,2,6,0.5699591400681818,521,670
Aizawl (Mizoram),Amethi (Uttar Pradesh),0.5626807887610773,0.564625514693985,0.0019447259329077315,7,6,0.5699523274642296,402,612
Barnala (Punjab),Singrauli (Madhya Pradesh),0.554954896489869,0.5587882810878021,0.0038333845979331427,2,4,0.5697552829086252,467,341
Sangli (Maharashtra),Ramban (Jammu Kashmir),0.6115229397631894,0.6123478602808035,0.0008249205176140695,2,4,0.5694878169743084,374,220
Saiha (Mizoram),Banda (Uttar Pradesh),0.5356246320667303,0.5380403576105809,0.002415725543850611,1,6,0.5691314120944625,408,619
Thiruvananthapuram (Kerala),Mahabubabad (Telangana),0.5866864716453845,0.5882324003769902,0.0015459287316057502,3,0,0.5687275153082884,291,568
Bhadradri Kothagudem (Telangana),Dhenkanal (Odisha),0.6048108615457032,0.6065283854250764,0.001717523879373184,0,5,0.5685750880217266,558,440
Mokokchung (Nagaland),Washim (Maharashtra),0.5903416432795624,0.5926017436373497,0.0022601003577873424,1,7,0.5683138935422308,414,380
Sangrur (Punjab),Dibrugarh (Assam),0.5878076622903983,0.5882560169811148,0.0004483546907165792,2,7,0.5680749208558049,485,46
Yadadri Bhuvanagiri (Telangana),Goalpara (Assam),0.6035883429853836,0.6050451423377915,0.0014567993524079448,0,4,0.5677937040803133,587,48
Baramula (Jammu Kashmir),Dindori (Madhya Pradesh),0.5860891053989866,0.5881854868243642,0.0020963814253776025,5,4,0.5674230372561552,209,312
Kozhikode (Kerala),Pulwama (Jammu Kashmir),0.6576581655154256,0.6592939526135492,0.00163578709812362,3,5,0.5670998626454637,287,217
Sonitpur (Assam),North West (NCT Delhi),0.567253099795637,0.5674274907317932,0.00017439093615623236,4,2,0.5670495964246653,64,426
Majuli (Assam),Siddipet (Telangana),0.5744798316089352,0.576072279100407,0.0015924474914718045,7,0,0.5670247313759249,59,581
Hingoli (Maharashtra),Alappuzha (Kerala),0.6145337772263525,0.6160406437852519,0.0015068665588994223,5,3,0.5668793770689902,357,280
South District (Sikkim),Narayanpur (Chhattisgarh),0.6006029378417962,0.6024117263860163,0.0018087885442200635,2,4,0.5663220580875857,523,126
Rajgarh (Madhya Pradesh),Muktsar (Punjab),0.570085542097446,0.5710787043728279,0.0009931622753819314,4,2,0.5663042793988932,329,480
Wanaparthy (Telangana),Sangli (Maharashtra),0.6096012702500649,0.6115229397631894,0.0019216695131244466,0,2,0.5660020882151015,584,374
Dantewada (Chhattisgarh),Patan (Gujarat),0.6140094516315161,0.6162509988002122,0.0022415471686960675,4,7,0.56593107349696,114,162
Anjaw (Arunachal Pradesh),Bhagalpur (Bihar),0.4940652955960629,0.4992586742914566,0.005193378695393713,1,6,0.5659175170956294,16,74
Palakkad (Kerala),Balrampur (Chhattisgarh),0.5625093584096452,0.5631711276629844,0.0006617692533391617,3,4,0.5659036744856465,289,109
East (NCT Delhi),Debagarh (Odisha),0.6323810702518,0.6327405043885695,0.00035943413676953195,2,5,0.5655977831232857,422,439
Dhenkanal (Odisha),Auraiya (Uttar Pradesh),0.6065283854250764,0.6072041356512282,0.00067575022615185,5,4,0.5654092421429364,440,613
Nizamabad (Telangana),Thiruvananthapuram (Kerala),0.5845496519564554,0.5866864716453845,0.0021368196889290925,0,3,0.5653913671603931,576,291
Darrang (Assam),Imphal West (Manipur),0.5314317022286554,0.5315794318075068,0.00014772957885134108,7,2,0.5649553482304983,43,386
Firozabad (Uttar Pradesh),Hailakandi (Assam),0.5217873282145864,0.5251338123791034,0.003346484164516994,6,7,0.5647718176689442,634,50
Nainital (Uttarakhand),Wanaparthy (Telangana),0.607182602777582,0.6096012702500649,0.0024186674724829826,2,0,0.5647648744423737,602,584
Ramban (Jammu Kashmir),Panipat (Haryana),0.6123478602808035,0.6136054314641359,0.0012575711833324732,4,2,0.5637597333869216,220,188
Upper Siang (Arunachal Pradesh),Pakur (Jharkhand),0.4733892492234017,0.478393435909428,0.005004186686026313,1,6,0.5636067795721169,32,241
Supaul (Bihar),Anjaw (Arunachal Pradesh),0.4923175982408317,0.4940652955960629,0.0017476973552311703,6,1,0.5631026215164878,105,16
Khunti (Jharkhand),Medak (Telangana),0.5511237895829644,0.554214999427319,0.0030912098443546254,6,0,0.5625837194699037,237,571
Pune (Maharashtra),Surajpur (Chhattisgarh),0.5695950670503351,0.5718091047711443,0.002214037720809192,2,4,0.5622862092997588,371,131
Mansa (Punjab),Thiruvananthapuram (Kerala),0.5837607819510855,0.5866864716453845,0.0029256896942989608,2,3,0.5622606207991616,478,291
Kanshiram Nagar (Uttar Pradesh),Dimapur (Nagaland),0.5060999765066762,0.5081114525870024,0.0020114760803262577,6,1,0.5621294249050537,650,410
Ambala (Haryana),Chhota Udaipur (Gujarat),0.6194921540666987,0.6207035388215992,0.0012113847549005685,2,4,0.5619817797055183,172,147
Lohit (Arunachal Pradesh),Rajgarh (Madhya Pradesh),0.5676374043618468,0.570085542097446,0.002448137735599154,1,4,0.5618229765150248,23,329
Paschim Medinipur (West Bengal),Ranga Reddy (Telangana),0.5801951726448785,0.5827242602756657,0.0025290876307871857,7,0,0.5614248273904138,698,579
Morbi (Gujarat),Pathanamthitta (Kerala),0.5993121739167219,0.5994602522678962,0.0001480783511743633,7,3,0.5610100478155806,158,290
Kannauj (Uttar Pradesh),Amritsar (Punjab),0.5773254205592606,0.5777086174221775,0.00038319686291687916,6,2,0.5609608729746061,647,466
Bandipore (Jammu Kashmir),Malappuram (Kerala),0.6093950728107065,0.6104726497390263,0.001077576928319779,5,3,0.5608938192435635,208,288
Malappuram (Kerala),Churu (Rajasthan),0.6104726497390263,0.6118078092317436,0.0013351594927173416,3,4,0.5604965256393635,288,498
Pilibhit (Uttar Pradesh),Warangal Urban (Telangana),0.581212656088848,0.5829968706114199,0.0017842145225719364,6,0,0.5602105490567728,666,586
Narmada (Gujarat),North East (NCT Delhi),0.6151391678079263,0.6172840239674537,0.0021448561595274196,4,2,0.5601026600317276,159,425
Hailakandi (Assam),South West Khasi Hills (Meghalaya),0.5251338123791034,0.5267737765365229,0.0016399641574195156,7,1,0.5591228628078191,50,398
Chennai (Tamil Nadu),Khandwa (East Nimar) (Madhya Pradesh),0.6741965221076976,0.6775453920011983,0.0033488698935006944,3,4,0.5590757314208086,526,320
West Jaintia Hills (Meghalaya),Darbhanga (Bihar),0.4659994482303278,0.4661683851787622,0.000168936948434395,1,6,0.558999439963243,400,77
Munger (Bihar),Dibang Valley (Arunachal Pradesh),0.5370959275601832,0.5386126983562985,0.001516770796115341,7,1,0.558980803130462,89,18
Bijapur (Chhattisgarh),Bilaspur (Chhattisgarh),0.5383486818655444,0.5416005733462879,0.003251891480743452,6,7,0.5584957347743086,112,113
Warangal Urban (Telangana),Lalitpur (Uttar Pradesh),0.5829968706114199,0.5843267584302546,0.0013298878188346963,0,6,0.5580914358138647,586,654
Suryapet (Telangana),Amethi (Uttar Pradesh),0.5637627059031259,0.564625514693985,0.0008628087908590931,0,6,0.5579316041234412,582,612
Kolkata (West Bengal),Dhemaji (Assam),0.6000909016536673,0.6028882074374831,0.0027973057838157622,2,4,0.5577246002420403,692,44
Thrissur (Kerala),Morbi (Gujarat),0.5967346497432651,0.5993121739167219,0.002577524173456802,3,7,0.5576163826572096,292,158
Dima Hasao (Assam),Palakkad (Kerala),0.5589918485953556,0.5625093584096452,0.0035175098142896655,7,3,0.5575294413756282,47,289
Koraput (Odisha),North Twenty Four Parganas (West Bengal),0.6471140409564717,0.6495079996058462,0.002393958649374417,4,5,0.5574265929220339,451,696
Balrampur (Uttar Pradesh),Chandel (Manipur),0.4641294009089672,0.4694935792804225,0.005364178371455308,6,1,0.5570773948748515,618,383
Mewat (Haryana),Dimapur (Nagaland),0.5027390367000252,0.5081114525870024,0.005372415886977233,6,1,0.5564143525984581,185,410
Gajapati (Odisha),Serchhip (Mizoram),0.6347405200786133,0.638643624697326,0.003903104618712794,4,7,0.5563467576502698,441,409
Ratlam (Madhya Pradesh),Mahe (Puducherry),0.6713953597362011,0.6756286015987577,0.00423324186255658,4,3,0.5563061863380768,330,463
Nagpur (Maharashtra),Barmer (Rajasthan),0.6912908903648683,0.6927151750740909,0.001424284709222512,2,4,0.5558134534703013,364,492
Latehar (Jharkhand),Aurangabad (Maharashtra),0.5596472793810376,0.5621463260099421,0.0024990466289044333,6,7,0.5554315604410291,239,349
Chhota Udaipur (Gujarat),Kolhapur (Maharashtra),0.6207035388215992,0.6220221056822799,0.0013185668606806589,4,3,0.5554120201573466,147,360
Sukma (Chhattisgarh),Ranga Reddy (Telangana),0.5823770192058276,0.5827242602756657,0.0003472410698380779,4,0,0.5552383930946757,130,579
Rae Bareli (Uttar Pradesh),Mancherial (Telangana),0.5560668937765123,0.5576243074206787,0.0015574136441663944,6,0,0.5549427409764798,669,570
Panipat (Haryana),Dantewada (Chhattisgarh),0.6136054314641359,0.6140094516315161,0.0004040201673801702,2,4,0.5546529379715899,188,114
Kodagaon (Chhattisgarh),South District (Sikkim),0.5992936298998093,0.6006029378417962,0.0013093079419869147,4,2,0.5544808108096853,121,523
Mahe (Puducherry),Nagaur (Rajasthan),0.6756286015987577,0.6766719875593424,0.0010433859605847307,3,4,0.5543826778430695,463,512
Pilibhit (Uttar Pradesh),Ghaziabad (Uttar Pradesh),0.581212656088848,0.5822205192258598,0.001007863137011844,6,2,0.5541187174756208,666,636
Tonk (Rajasthan),Kancheepuram (Tamil Nadu),0.6196361675267663,0.6208746671920773,0.001238499665310977,4,3,0.5541087224905819,519,532
Pilibhit (Uttar Pradesh),Jagitial (Telangana),0.581212656088848,0.583164001485113,0.0019513453962650695,6,0,0.5540325853682236,666,560
Etah (Uttar Pradesh),Prakasam (Andhra Pradesh),0.5222950252122243,0.5272415241679326,0.004946498955708312,6,0,0.5538603211534293,629,9
Dindori (Madhya Pradesh),Mahabubabad (Telangana),0.5881854868243642,0.5882324003769902,4.691355262598229e-05,4,0,0.553851105758293,312,568
Malkangiri (Odisha),Yanam (Puducherry),0.6329132713385566,0.6334743660746895,0.0005610947361329721,4,3,0.5537883976319349,452,465
Kannur (Kerala),Ganjam (Odisha),0.6228907645298017,0.6241511160919777,0.0012603515621759653,3,5,0.5536046689341201,283,442
Changlang (Arunachal Pradesh),Paschim Barddhaman (West Bengal),0.5558792580936791,0.5581318329199485,0.0022525748262693934,1,7,0.553407877585458,17,697
Siang (Arunachal Pradesh),Bharuch (Gujarat),0.5304785600492571,0.5327067347321826,0.0022281746829254656,1,7,0.5530713486412208,29,144
Kolasib (Mizoram),Malappuram (Kerala),0.607309295112654,0.6104726497390263,0.0031633546263722945,7,3,0.5526532747971773,404,288
Dadra & Nagar Haveli (Dadra Nagar Haveli Daman Diu),Kanniyakumari (Tamil Nadu),0.6684957340399668,0.6701520400566364,0.001656306016669662,5,3,0.5525138986029344,134,533
Lalitpur (Uttar Pradesh),Nizamabad (Telangana),0.5843267584302546,0.5845496519564554,0.00022289352620075142,6,0,0.5519996042327127,654,576
Jagitial (Telangana),Lalitpur (Uttar Pradesh),0.583164001485113,0.5843267584302546,0.0011627569451415631,0,6,0.5519134721253154,560,654
Baran (Rajasthan),South Goa (Goa),0.6913837237022566,0.6915133614509863,0.00012963774872964962,4,3,0.5518602407942833,491,138
Baramula (Jammu Kashmir),Gumla (Jharkhand),0.5860891053989866,0.5889571828866778,0.002868077487691134,5,4,0.5517660729592622,209,234
Dhenkanal (Odisha),Nainital (Uttarakhand),0.6065283854250764,0.607182602777582,0.0006542173525055928,5,2,0.5516291912554541,440,602
Kannur (Kerala),Gwalior (Madhya Pradesh),0.6228907645298017,0.6248120134884311,0.001921248958629329,3,4,0.5512677628030602,283,314
North Goa (Goa),Nuapada (Odisha),0.6617161312607145,0.6621088080422652,0.00039267678155074925,3,4,0.5511631482074826,137,456
North Goa (Goa),Sirohi (Rajasthan),0.6617161312607145,0.6623625246811813,0.0006463934204667954,3,4,0.5504596985143793,137,518
Latehar (Jharkhand),Lucknow (Uttar Pradesh),0.5596472793810376,0.5596752806475477,2.8001266510035983e-05,6,7,0.5503391247066229,239,655
East District (Sikkim),Bankura (West Bengal),0.5538036820689684,0.555658414045892,0.0018547319769236514,2,7,0.5503360165755304,521,684
Siddipet (Telangana),Morigaon (Assam),0.576072279100407,0.5773622017693061,0.0012899226688990462,0,4,0.5502654251235966,581,60
West Khasi Hills (Meghalaya),Pakur (Jharkhand),0.477098285379982,0.478393435909428,0.0012951505294460097,1,6,0.5500118645960805,401,241
Thiruvallur (Tamil Nadu),Karauli (Rajasthan),0.6333530290858472,0.6333875236079991,3.449452215187332e-05,3,4,0.5498805645408316,547,510
Gurdaspur (Punjab),Charaideo (Assam),0.5683227904888595,0.571223461969406,0.002900671480546513,2,7,0.549762297682809,473,41
Mayurbhanj (Odisha),Barnala (Punjab),0.5530306583911615,0.554954896489869,0.0019242380987074537,4,2,0.549511993074671,453,467
Sawai Madhopur (Rajasthan),Changlang (Arunachal Pradesh),0.553035693677917,0.5558792580936791,0.0028435644157620565,6,1,0.5494200326164077,516,17
Jhabua (Madhya Pradesh),South Twenty Four Parganas (West Bengal),0.6311513208286917,0.6329090682557573,0.0017577474270655813,4,5,0.5490502946043655,318,702
Thiruvananthapuram (Kerala),Bagalkot (Karnataka),0.5866864716453845,0.5887594565885141,0.0020729849431296854,3,4,0.5488644138666259,291,250
Shajapur (Madhya Pradesh),Mahe (Puducherry),0.6723226209445383,0.6756286015987577,0.003305980654219387,4,3,0.5487052319235599,337,463
Jalna (Maharashtra),Sitapur (Uttar Pradesh),0.5228645559096242,0.5284076577028505,0.005543101793226257,7,6,0.5485592803033322,359,679
Malappuram (Kerala),Shahdol (Madhya Pradesh),0.6104726497390263,0.613022289944981,0.0025496402059547174,3,4,0.5484098442575787,288,336
Chandel (Manipur),Unnao (Uttar Pradesh),0.4694935792804225,0.4779280505564382,0.00843447127601571,1,6,0.5479936531246641,383,682
Junagadh (Gujarat),Ramban (Jammu Kashmir),0.6104244415494103,0.6123478602808035,0.0019234187313931228,5,4,0.5478972110846604,153,220
Palakkad (Kerala),Surendranagar (Gujarat),0.5625093584096452,0.5634328485029255,0.0009234900932802992,3,7,0.5477554993111882,289,167
Faridkot (Punjab),Khunti (Jharkhand),0.5493137797244805,0.5511237895829644,0.0018100098584838964,2,6,0.547523594970593,469,237
Mancherial (Telangana),Kottayam (Kerala),0.5576243074206787,0.560417011108379,0.0027927036877003486,0,3,0.5474415198485223,570,286
Shahjahanpur (Uttar Pradesh),Barnala (Punjab),0.5530996398862615,0.554954896489869,0.0018552566036074136,6,2,0.5472858863699135,675,467
Dantewada (Chhattisgarh),Hingoli (Maharashtra),0.6140094516315161,0.6145337772263525,0.0005243255948363945,4,5,0.546859939839609,114,357
Dhalai (Tripura),Palakkad (Kerala),0.5594850952562176,0.5625093584096452,0.003024263153427631,7,3,0.5463433540156005,588,289
Chatra (Jharkhand),Dimapur (Nagaland),0.5063817365684526,0.5081114525870024,0.001729716018549765,6,1,0.5463322169263604,227,410
Dima Hasao (Assam),Doda (Jammu Kashmir),0.5589918485953556,0.5601382202342384,0.0011463716388828704,7,1,0.5461545356876536,47,210
Srikakulam (Andhra Pradesh),Kollam (Kerala),0.6207080154255848,0.6221299737357758,0.001421958310190985,0,3,0.546152324944994,10,285
Jodhpur (Rajasthan),Wayanad (Kerala),0.6635177450603194,0.664723622448249,0.0012058773879296547,4,2,0.5459688425462548,509,293
North  District (Sikkim),Sukma (Chhattisgarh),0.5783870304215633,0.5823770192058276,0.0039899887842643755,2,4,0.5453453696947415,522,130
Bishnupur (Manipur),Bathinda (Punjab),0.4995255315678477,0.5030129093362417,0.0034873777683939733,1,2,0.545301680467754,382,468
Paschim Medinipur (West Bengal),Warangal Urban (Telangana),0.5801951726448785,0.5829968706114199,0.0028016979665413944,7,0,0.545148124340449,698,586
Devbhumi Dwarka (Gujarat),Sukma (Chhattisgarh),0.5810609731912736,0.5823770192058276,0.0013160460145540398,7,4,0.5450465548578188,149,130
Chhota Udaipur (Gujarat),West District (Sikkim),0.6207035388215992,0.6232654278072491,0.002561888985649907,4,2,0.5445284013280753,147,524
Lower Subansiri (Arunachal Pradesh),Damoh (Madhya Pradesh),0.5432199159722674,0.5469188509812621,0.0036989350089947637,1,4,0.5445211553313093,26,308
Baramula (Jammu Kashmir),Dibrugarh (Assam),0.5860891053989866,0.5882560169811148,0.002166911582128228,5,7,0.5438140300664136,209,46
Sangareddy (Telangana),Kannauj (Uttar Pradesh),0.5747444584857997,0.5773254205592606,0.002580962073460924,0,6,0.5436816659468025,580,647
Kaushambi (Uttar Pradesh),Bhavnagar (Gujarat),0.5641762441493862,0.5646549208695101,0.00047867672012391616,6,7,0.5434574590666301,651,145
Pilibhit (Uttar Pradesh),Daman (Dadra Nagar Haveli Daman Diu),0.581212656088848,0.5812241237161601,1.1467627312078399e-05,6,7,0.5433495700415846,666,135
Darrang (Assam),Saiha (Mizoram),0.5314317022286554,0.5356246320667303,0.004192929838074844,7,1,0.5430880655883007,43,408
East Siang (Arunachal Pradesh),Pakur (Jharkhand),0.4729730539279279,0.478393435909428,0.005420381981500133,1,6,0.5430649424789445,20,241
Siang (Arunachal Pradesh),Puruliya (West Bengal),0.5304785600492571,0.5347510946330346,0.004272534583777521,1,7,0.5428097322182632,29,701
Hapur (Uttar Pradesh),Almora (Uttarakhand),0.6271793364207714,0.6285802830659845,0.0014009466452130637,4,2,0.5427339565203495,641,596
Mahrajganj (Uttar Pradesh),Kollam (Kerala),0.6197937865340101,0.6221299737357758,0.0023361872017657603,4,3,0.542098192320091,658,285
Kannur (Kerala),Janjgir - Champa (Chhattisgarh),0.6228907645298017,0.6241594031066753,0.0012686385768735375,3,4,0.5420555959527932,283,118
Kendrapara (Odisha),Alirajpur (Madhya Pradesh),0.6033841852563524,0.6036400618582448,0.000255876601892413,5,4,0.5416834452604197,448,297
Sukma (Chhattisgarh),Jagitial (Telangana),0.5823770192058276,0.583164001485113,0.0007869822792854198,4,0,0.5409832456863469,130,560
Saraikela-Kharsawan (Jharkhand),North East (NCT Delhi),0.616462481401611,0.6172840239674537,0.00082154256584277,4,2,0.540901469024551,248,425
Gajapati (Odisha),Shahdara (NCT Delhi),0.6347405200786133,0.637989054951261,0.003248534872647757,4,2,0.5403140849282349,441,427
Gajapati (Odisha),North (NCT Delhi),0.6347405200786133,0.6379119657253207,0.0031714456467074603,4,2,0.5403140849282349,441,424
Goalpara (Assam),Guntur (Andhra Pradesh),0.6050451423377915,0.6065078687009482,0.0014627263631566967,4,0,0.5400805536547845,48,6
East District (Sikkim),Medak (Telangana),0.5538036820689684,0.554214999427319,0.0004113173583506491,2,0,0.5398442581367916,521,571
East (NCT Delhi),Malkangiri (Odisha),0.6323810702518,0.6329132713385566,0.0005322010867565563,2,4,0.5397204845697328,422,452
Debagarh (Odisha),Thiruvallur (Tamil Nadu),0.6327405043885695,0.6333530290858472,0.0006125246972776832,5,3,0.5396405687245209,439,547
Saiha (Mizoram),Jamtara (Jharkhand),0.5356246320667303,0.5375374071573068,0.001912775090576524,1,6,0.5394869532962823,408,236
Bangalore (Karnataka),Debagarh (Odisha),0.6300811667553162,0.6327405043885695,0.0026593376332533225,2,5,0.5393022565571177,251,439
Kodagu (Karnataka),Malkangiri (Odisha),0.6315701594035719,0.6329132713385566,0.0013431119349847087,2,4,0.5391005339358887,268,452
Paschim Medinipur (West Bengal),Ghaziabad (Uttar Pradesh),0.5801951726448785,0.5822205192258598,0.002025346580981302,7,2,0.539056292759297,698,636
Karimnagar (Telangana),South West Garo Hills (Meghalaya),0.5475981040418536,0.5481054420246365,0.0005073379827829072,0,7,0.5386645255021772,565,397
South West Garo Hills (Meghalaya),Faridkot (Punjab),0.5481054420246365,0.5493137797244805,0.0012083376998439643,7,2,0.5381514663000494,397,469
Serchhip (Mizoram),Guna (Madhya Pradesh),0.638643624697326,0.6425255792124699,0.0038819545151438373,7,4,0.5380479300007279,409,313
Pashchimi Singhbhum (Jharkhand),Gomati (Tripura),0.5194224895418925,0.5204900628753547,0.0010675733334621906,6,7,0.5375192429137161,243,589
Pratapgarh (Rajasthan),Champhai (Mizoram),0.6452100364707526,0.6485637777845585,0.003353741313805947,4,7,0.5370904878980327,514,403
Suryapet (Telangana),Sonitpur (Assam),0.5637627059031259,0.567253099795637,0.0034903938925110456,0,4,0.5369993421382411,582,64
Morbi (Gujarat),Narayanpur (Chhattisgarh),0.5993121739167219,0.6024117263860163,0.0030995524692943865,7,4,0.536993125876056,158,126
Pune (Maharashtra),Charaideo (Assam),0.5695950670503351,0.571223461969406,0.0016283949190708524,2,7,0.536983801482778,371,41
Bijapur (Chhattisgarh),Dibang Valley (Arunachal Pradesh),0.5383486818655444,0.5386126983562985,0.0002640164907541376,6,1,0.5369422055428159,112,18
Munger (Bihar),Kanpur Dehat (Uttar Pradesh),0.5370959275601832,0.5391235386623688,0.0020276111021856336,7,6,0.5366983275439494,89,648
South East (NCT Delhi),Karauli (Rajasthan),0.6327976205307947,0.6333875236079991,0.0005899030772044123,2,4,0.5357464419702851,429,510
Yanam (Puducherry),Gajapati (Odisha),0.6334743660746895,0.6347405200786133,0.001266154003923714,3,4,0.5357229011827478,465,441
Dimapur (Nagaland),Dumka (Jharkhand),0.5081114525870024,0.5125131045123854,0.004401651925382999,1,6,0.5349756853960075,410,230
Thane (Maharashtra),Dhenkanal (Odisha),0.6060805519057342,0.6065283854250764,0.00044783351934218896,2,5,0.5347498803058008,378,440
Goalpara (Assam),Thane (Maharashtra),0.6050451423377915,0.6060805519057342,0.00103540956794268,4,2,0.5347390459914647,48,378
Chittaurgarh (Rajasthan),Chamoli (Uttarakhand),0.6521896624993094,0.6547754728472361,0.002585810347926709,4,5,0.5345011665164401,497,598
Ganganagar (Rajasthan),Mumbai (Maharashtra),0.6905297833774895,0.6942391974004617,0.0037094140229722017,5,2,0.5344179657541245,502,362
Doda (Jammu Kashmir),South Salmara Mancachar (Assam),0.5601382202342384,0.562707176413988,0.002568956179749615,1,6,0.5342844159689343,210,65
Jogulamba Gadwal (Telangana),Kolkata (West Bengal),0.5991838182749398,0.6000909016536673,0.000907083378727469,0,2,0.5341278378018336,563,692
Warangal Rural (Telangana),Charaideo (Assam),0.570568881862589,0.571223461969406,0.0006545801068169599,0,7,0.5338133497277452,585,41
Wokha (Nagaland),Shrawasti (Uttar Pradesh),0.4709428696451376,0.4801236279940945,0.00918075834895693,1,6,0.5335013024009734,419,677
Faizabad (Uttar Pradesh),Siang (Arunachal Pradesh),0.5278389324405923,0.5304785600492571,0.002639627608664763,7,1,0.5334577528355572,631,29
Kanniyakumari (Tamil Nadu),Badgam (Jammu Kashmir),0.6701520400566364,0.6705047263195352,0.00035268626289874927,3,5,0.5331113032930523,533,207
Shamli (Uttar Pradesh),Mumbai Suburban (Maharashtra),0.6064288339470234,0.6075239297541122,0.001095095807088775,4,2,0.5330785773602743,676,363
Kishtwar (Jammu Kashmir),Shahdara (NCT Delhi),0.6377669555359491,0.637989054951261,0.00022209941531192712,5,2,0.5329924343579785,214,427
Kishtwar (Jammu Kashmir),North (NCT Delhi),0.6377669555359491,0.6379119657253207,0.00014501018937163046,5,2,0.5329924343579785,214,424
Bikaner (Rajasthan),South Andaman (Andaman Nicobar Islands),0.6472063448984126,0.6493700005635843,0.0021636556651717376,4,2,0.5325920317151278,495,2
Namsai (Arunachal Pradesh),Giridih (Jharkhand),0.5008635307855385,0.5067539041017933,0.00589037331625486,1,6,0.5325787727477052,27,232
Chhindwara (Madhya Pradesh),Ernakulam (Kerala),0.6452823017755954,0.6464996536428517,0.0012173518672562444,4,3,0.53225685855138,307,281
Dibang Valley (Arunachal Pradesh),Pratapgarh (Uttar Pradesh),0.5386126983562985,0.5408407719956648,0.0022280736393662792,1,7,0.5321875567147509,18,667
Nalgonda (Telangana),Narmada (Gujarat),0.6146733360275944,0.6151391678079263,0.00046583178033188233,0,4,0.5321404376772852,574,159
Kanniyakumari (Tamil Nadu),Hanumangarh (Rajasthan),0.6701520400566364,0.6746479340392845,0.004495893982648047,3,4,0.5320950805594484,533,503
Barpeta (Assam),Tawang (Arunachal Pradesh),0.5499646557508951,0.5501315805475238,0.00016692479662860915,7,1,0.5320729543564436,37,30
Malkangiri (Odisha),Fatehgarh Sahib (Punjab),0.6329132713385566,0.6335621696148377,0.000648898276281118,4,2,0.5319883443320899,452,470
Dhemaji (Assam),Yadadri Bhuvanagiri (Telangana),0.6028882074374831,0.6035883429853836,0.0007001355479004934,4,0,0.5319619572003056,44,587
Shahdara (NCT Delhi),The Dangs (Gujarat),0.637989054951261,0.642118183977856,0.004129129026595013,2,4,0.5318758250929088,427,169
Ribhoi (Meghalaya),Bijapur (Chhattisgarh),0.5364926014562134,0.5383486818655444,0.0018560804093310512,1,6,0.5314915482757602,395,112
Kanpur Dehat (Uttar Pradesh),Lower Subansiri (Arunachal Pradesh),0.5391235386623688,0.5432199159722674,0.004096377309898536,6,1,0.531353711749537,648,26
Namsai (Arunachal Pradesh),Jamui (Bihar),0.5008635307855385,0.5053219792037914,0.004458448418252936,1,6,0.5313175672364907,27,80
Jhansi (Uttar Pradesh),Thrissur (Kerala),0.5943051263989492,0.5967346497432651,0.002429523344315898,6,3,0.5312350990967881,645,292
Azamgarh (Uttar Pradesh),Pashchimi Singhbhum (Jharkhand),0.5174877250457446,0.5194224895418925,0.0019347644961479338,7,6,0.5312343814643892,614,243
Gandhinagar (Gujarat),Mayurbhanj (Odisha),0.5502123349037776,0.5530306583911615,0.002818323487383867,7,4,0.5312159856602755,150,453
Badgam (Jammu Kashmir),Chennai (Tamil Nadu),0.6705047263195352,0.6741965221076976,0.0036917957881624774,5,3,0.5312012543387488,207,526
Biswanath (Assam),Mancherial (Telangana),0.5575263722900157,0.5576243074206787,9.793513066302939e-05,4,0,0.5310611259853271,38,570
Siang (Arunachal Pradesh),Darrang (Assam),0.5304785600492571,0.5314317022286554,0.0009531421793983474,1,7,0.5310465683260508,29,43
Peddapalli (Telangana),Pathanamthitta (Kerala),0.5984637429472833,0.5994602522678962,0.0009965093206129039,0,3,0.5310334698690506,577,290
Bathinda (Punjab),Kanshiram Nagar (Uttar Pradesh),0.5030129093362417,0.5060999765066762,0.0030870671704344987,2,6,0.5309967507955782,468,650
Madurai (Tamil Nadu),Jhalawar (Rajasthan),0.65904785506923,0.6591029291459779,5.507407674787412e-05,3,4,0.5309083265930808,536,507
Budaun (Uttar Pradesh),South West Khasi Hills (Meghalaya),0.5260500529395137,0.5267737765365229,0.0007237235970092293,6,1,0.5308562276279506,624,398
West Karbi Anglong (Assam),Prakasam (Andhra Pradesh),0.5255371627386545,0.5272415241679326,0.0017043614292781006,1,0,0.530793405269858,68,9
Kannur (Kerala),Raigarh (Chhattisgarh),0.6228907645298017,0.6261577290737865,0.003266964543984785,3,4,0.5306450443537348,283,127
Wanaparthy (Telangana),Ramban (Jammu Kashmir),0.6096012702500649,0.6123478602808035,0.002746590030738516,0,4,0.5305027504479392,584,220
Chennai (Tamil Nadu),Hanumangarh (Rajasthan),0.6741965221076976,0.6746479340392845,0.00045141193158682036,3,4,0.5301850316051449,526,503
The Dangs (Gujarat),New Delhi (NCT Delhi),0.642118183977856,0.6441602208672196,0.002042036889363552,4,2,0.5300399732209324,169,423
Bhadradri Kothagudem (Telangana),Goalpara (Assam),0.6048108615457032,0.6050451423377915,0.00023428079208831498,0,4,0.5299818142933694,558,48
Dhemaji (Assam),Birbhum (West Bengal),0.6028882074374831,0.6032778223476298,0.00038961491014677385,4,5,0.5294192537255632,44,685
Kra Daadi (Arunachal Pradesh),Chatra (Jharkhand),0.5043966087170257,0.5063817365684526,0.0019851278514269044,1,6,0.529262241199242,21,227
Unnao (Uttar Pradesh),East Khasi Hills (Meghalaya),0.4779280505564382,0.4814867384412738,0.0035586878848355985,6,1,0.5287124236544702,682,393
Gumla (Jharkhand),Jalaun (Uttar Pradesh),0.5889571828866778,0.5889928583982545,3.567551157679372e-05,4,6,0.5287075271490428,234,643
Dehradun (Uttarakhand),Gajapati (Odisha),0.634393282867484,0.6347405200786133,0.00034723721112928096,2,4,0.52868436973281,600,441
Sheopur (Madhya Pradesh),Hardwar (Uttarakhand),0.5484446667520376,0.5495372676159836,0.001092600863946025,4,2,0.5285847731625659,338,601
Datia (Madhya Pradesh),Kollam (Kerala),0.620697032795475,0.6221299737357758,0.0014329409403008864,4,3,0.5285042959088739,309,285
Osmanabad (Maharashtra),Nabarangapur (Odisha),0.6523655238848746,0.6545489398542632,0.002183415969388647,5,4,0.5284645700817728,368,454
Shahdara (NCT Delhi),Hamirpur (Uttar Pradesh),0.637989054951261,0.6403719531105257,0.0023828981592647347,2,4,0.5284594095400554,427,640
North (NCT Delhi),Hamirpur (Uttar Pradesh),0.6379119657253207,0.6403719531105257,0.0024599873852050314,2,4,0.5284594095400554,424,640
Kozhikode (Kerala),Raipur (Chhattisgarh),0.6576581655154256,0.6611237696697893,0.0034656041543636995,3,4,0.5283534520289023,287,128
East District (Sikkim),Rewa (Madhya Pradesh),0.5538036820689684,0.5585230867517468,0.0047194046827784275,2,6,0.5279838629463208,521,331
Kanpur Nagar (Uttar Pradesh),Barwani (Madhya Pradesh),0.6079488918282793,0.6113329411038655,0.0033840492755862206,7,4,0.5279554517873741,649,301
Thrissur (Kerala),Peddapalli (Telangana),0.5967346497432651,0.5984637429472833,0.0017290932040182616,3,0,0.5276398047106797,292,577
Dhar (Madhya Pradesh),Hoshiarpur (Punjab),0.6367391697457714,0.6403501064554179,0.0036109367096465173,4,2,0.5276381092054451,311,474
Latur (Maharashtra),Koraput (Odisha),0.6445148808948394,0.6471140409564717,0.0025991600616322996,5,4,0.5276224105786755,361,451
Kendujhar (Odisha),Fazilka (Punjab),0.563255100777122,0.564729868314826,0.0014747675377039249,4,2,0.5275874069684767,449,471
Dhule (Maharashtra),Mewat (Haryana),0.4960445576865314,0.5027390367000252,0.006694479013493793,7,6,0.5266674737502315,354,185
Hamirpur (Uttar Pradesh),New Delhi (NCT Delhi),0.6403719531105257,0.6441602208672196,0.0037882677566938305,4,2,0.5266235576680789,640,423
Kra Daadi (Arunachal Pradesh),Jamui (Bihar),0.5043966087170257,0.5053219792037914,0.0009253704867656642,1,6,0.5262244181667082,21,80
Alappuzha (Kerala),Purbi Singhbhum (Jharkhand),0.6160406437852519,0.616579225856088,0.0005385820708361244,3,5,0.5259145752543487,280,244
Gumla (Jharkhand),Firozpur (Punjab),0.5889571828866778,0.5910315228096771,0.0020743399229993242,4,2,0.5258949906678942,234,472
East Garo Hills (Meghalaya),Bijapur (Chhattisgarh),0.5378665330400021,0.5383486818655444,0.00048214882554231675,1,6,0.5257294890658565,391,112
Jhabua (Madhya Pradesh),Uttara Kannada (Karnataka),0.6311513208286917,0.6332133153387611,0.002061994510069387,4,2,0.5256940480242569,318,278
Serchhip (Mizoram),Hoshiarpur (Punjab),0.638643624697326,0.6403501064554179,0.001706481758091849,7,2,0.5256718049332187,409,474
Lower Dibang Valley (Arunachal Pradesh),Pune (Maharashtra),0.5682285493792836,0.5695950670503351,0.0013665176710515592,1,2,0.5256645675255367,25,371
Jalor (Rajasthan),Chamoli (Uttarakhand),0.650813399697259,0.6547754728472361,0.003962073149977097,4,5,0.5255194668371329,506,598
Kottayam (Kerala),South Garo Hills (Meghalaya),0.560417011108379,0.5612785669142928,0.0008615558059137385,3,7,0.5254469513323058,286,396
Kra Daadi (Arunachal Pradesh),Kanshiram Nagar (Uttar Pradesh),0.5043966087170257,0.5060999765066762,0.0017033677896504118,1,6,0.5254030630722528,21,650
West Khasi Hills (Meghalaya),Unnao (Uttar Pradesh),0.477098285379982,0.4779280505564382,0.0008297651764562208,1,6,0.5252788867168057,401,682
Bhopal (Madhya Pradesh),Nabarangapur (Odisha),0.6521475048191842,0.6545489398542632,0.002401435035079058,2,4,0.5251945163264239,304,454
Fatehpur (Uttar Pradesh),Ribhoi (Meghalaya),0.534897099286504,0.5364926014562134,0.001595502169709384,6,1,0.524998396409373,633,395
Paschim Barddhaman (West Bengal),Kottayam (Kerala),0.5581318329199485,0.560417011108379,0.0022851781884305478,7,3,0.524901349208195,697,286
Lohit (Arunachal Pradesh),Gurdaspur (Punjab),0.5676374043618468,0.5683227904888595,0.0006853861270126327,1,2,0.5248643762495391,23,473
Siang (Arunachal Pradesh),Nashik (Maharashtra),0.5304785600492571,0.5339820340030678,0.0035034739538106763,1,7,0.5247103078379122,29,367
Gopalganj (Bihar),Dibang Valley (Arunachal Pradesh),0.5362337537959717,0.5386126983562985,0.0023789445603268344,6,1,0.5244308038815535,79,18
Chittoor (Andhra Pradesh),Kannur (Kerala),0.6219657140314667,0.6228907645298017,0.0009250504983350227,0,3,0.5243553566338514,4,283
Peddapalli (Telangana),Kodagaon (Chhattisgarh),0.5984637429472833,0.5992936298998093,0.0008298869525259489,0,4,0.5242967348726755,577,121
Thiruvananthapuram (Kerala),Sri Potti Sriramulu Nellore (Andhra Pradesh),0.5866864716453845,0.5888406206128463,0.0021541489674617997,3,0,0.5242469681229209,291,11
Rohtas (Bihar),Dhenkanal (Odisha),0.6041891557543503,0.6065283854250764,0.002339229670726084,6,5,0.524202261113728,97,440
Pilibhit (Uttar Pradesh),Nirmal (Telangana),0.581212656088848,0.5830144302496455,0.0018017741607975202,6,0,0.524068463189196,666,575
Palakkad (Kerala),Amethi (Uttar Pradesh),0.5625093584096452,0.564625514693985,0.0021161562843398096,3,6,0.5232232331039832,289,612
Paschim Medinipur (West Bengal),Sukma (Chhattisgarh),0.5801951726448785,0.5823770192058276,0.0021818465609491078,7,4,0.5231875639053152,698,130
Jhalawar (Rajasthan),Ramanagara (Karnataka),0.6591029291459779,0.6609584974779992,0.0018555683320212735,4,2,0.5230312281658351,507,274
Araria (Bihar),Ukhrul (Manipur),0.4142771406549447,0.427303458165322,0.013026317510377305,6,1,0.5229504256540707,69,390
Jalna (Maharashtra),West Karbi Anglong (Assam),0.5228645559096242,0.5255371627386545,0.002672606829030255,7,1,0.5228100462321892,359,68
Sidhi (Madhya Pradesh),Amritsar (Punjab),0.5766409144948892,0.5777086174221775,0.0010677029272883054,4,2,0.5228067075652856,340,466
Namsai (Arunachal Pradesh),Kamrup (Assam),0.5008635307855385,0.5018776441796813,0.0010141133941428127,1,7,0.5226522861765202,27,53
Lower Dibang Valley (Arunachal Pradesh),Warangal Rural (Telangana),0.5682285493792836,0.570568881862589,0.0023403324833054517,1,0,0.5224941157705039,25,585
Shahid Bhagat Singh Nagar (Punjab),Champhai (Mizoram),0.6460531466291178,0.6485637777845585,0.0025106311554407013,2,7,0.5224345283917854,486,403
West Siang (Arunachal Pradesh),Pakur (Jharkhand),0.4694854112050682,0.478393435909428,0.008908024704359807,1,6,0.5223290317564081,35,241
Bundi (Rajasthan),Bangalore (Karnataka),0.6286168360136178,0.6300811667553162,0.001464330741698383,4,2,0.5223140447782422,496,251
Bara Banki (Uttar Pradesh),Chandel (Manipur),0.4597457585515782,0.4694935792804225,0.009747820728844336,6,1,0.5222855106548127,620,383
Alirajpur (Madhya Pradesh),Mamit (Mizoram),0.6036400618582448,0.6054204224032614,0.0017803605450166238,4,7,0.5221888631826318,297,407
Majuli (Assam),Raichur (Karnataka),0.5744798316089352,0.5764841057381199,0.002004274129184691,7,6,0.522161884699407,59,273
Lower Dibang Valley (Arunachal Pradesh),Gurdaspur (Punjab),0.5682285493792836,0.5683227904888595,9.424110957589882e-05,1,2,0.5221012272382299,25,473
Churachandpur (Manipur),Supaul (Bihar),0.4906062791219083,0.4923175982408317,0.0017113191189234156,1,6,0.5220904601798949,384,105
Gandhinagar (Gujarat),Shahjahanpur (Uttar Pradesh),0.5502123349037776,0.5530996398862615,0.002887304982483907,7,6,0.5220696714957037,150,675
Nirmal (Telangana),Lalitpur (Uttar Pradesh),0.5830144302496455,0.5843267584302546,0.0013123281806091125,0,6,0.5219493499462877,575,654
Rupnagar (Punjab),Rayagada (Odisha),0.5994548640198827,0.5997608321426621,0.00030596812277938756,2,4,0.5218336339541455,483,458
Supaul (Bihar),Senapati (Manipur),0.4923175982408317,0.4943998684805016,0.0020822702396698922,6,1,0.52164982226042,105,387
Saharsa (Bihar),East Siang (Arunachal Pradesh),0.4611627370353748,0.4729730539279279,0.011810316892553074,6,1,0.521649631132594,98,20
Sangli (Maharashtra),Mandsaur (Madhya Pradesh),0.6115229397631894,0.6116717142689331,0.00014877450574368734,2,4,0.5215745437791277,374,323
Kannur (Kerala),Mandla (Madhya Pradesh),0.6228907645298017,0.62609748852888,0.003206723999078287,3,4,0.5214237846859047,283,322
Baghpat (Uttar Pradesh),Washim (Maharashtra),0.5902397335878773,0.5926017436373497,0.0023620100494724516,4,7,0.5209167543284429,615,380
Mahabubnagar (Telangana),Banswara (Rajasthan),0.6289530802046575,0.6315079571694711,0.0025548769648136016,0,4,0.5206178581943238,569,490
Sepahijala (Tripura),Pashchimi Singhbhum (Jharkhand),0.5189066129456256,0.5194224895418925,0.0005158765962669509,7,6,0.5206003942741315,592,243
Kanshiram Nagar (Uttar Pradesh),Papum Pare (Arunachal Pradesh),0.5060999765066762,0.5086785538333242,0.0025785773266480128,6,1,0.5203905431830587,650,28
Umaria (Madhya Pradesh),North East (NCT Delhi),0.6169268510101494,0.6172840239674537,0.0003571729573043081,4,2,0.52038600342969,344,425
Shahjahanpur (Uttar Pradesh),Changlang (Arunachal Pradesh),0.5530996398862615,0.5558792580936791,0.002779618207417567,6,1,0.5201698009984065,675,17
Narayanpur (Chhattisgarh),Haveri (Karnataka),0.6024117263860163,0.6035687630095949,0.0011570366235786889,4,5,0.5197255725985018,126,267
Davanagere (Karnataka),Dahod (Gujarat),0.5585972364013564,0.5610139470745242,0.0024167106731678434,2,4,0.5197139188482522,262,148
Sukma (Chhattisgarh),Nirmal (Telangana),0.5823770192058276,0.5830144302496455,0.0006374110438178704,4,0,0.5196966336084001,130,575
Palakkad (Kerala),Kendujhar (Odisha),0.5625093584096452,0.563255100777122,0.0007457423674768204,3,4,0.519543421852283,289,449
Aizawl (Mizoram),Balrampur (Chhattisgarh),0.5626807887610773,0.5631711276629844,0.0004903389019070836,7,4,0.5195395031745799,402,109
Bhadrak (Odisha),Jhabua (Madhya Pradesh),0.6285018118600061,0.6311513208286917,0.0026495089686856543,5,4,0.5194964843078492,437,318
Budaun (Uttar Pradesh),Kurung Kumey (Arunachal Pradesh),0.5260500529395137,0.5302289963683796,0.004178943428865933,6,1,0.5192530725635369,624,22
Etah (Uttar Pradesh),Hailakandi (Assam),0.5222950252122243,0.5251338123791034,0.002838787166879131,6,7,0.5191896839356176,629,50
Karimganj (Assam),Aligarh (Uttar Pradesh),0.5634455590931304,0.5650034088490047,0.0015578497558742521,7,6,0.5191329512713506,56,610
Dimapur (Nagaland),Godda (Jharkhand),0.5081114525870024,0.5107224686960662,0.0026110161090637796,1,6,0.5188650302986519,410,233
Mahe (Puducherry),Khandwa (East Nimar) (Madhya Pradesh),0.6756286015987577,0.6775453920011983,0.001916790402440638,3,4,0.5186519934021669,463,320
Udham Singh Nagar (Uttarakhand),Dantewada (Chhattisgarh),0.6134415624578261,0.6140094516315161,0.0005678891736899949,2,4,0.5186084707294822,607,114
East District (Sikkim),Rae Bareli (Uttar Pradesh),0.5538036820689684,0.5560668937765123,0.002263211707543955,2,6,0.5182994031199836,521,669
Uttarkashi (Uttarakhand),Ernakulam (Kerala),0.6463798219687574,0.6464996536428517,0.00011983167409423956,4,3,0.5181559871152572,608,281
Karimganj (Assam),Adilabad (Telangana),0.5634455590931304,0.5651792934410328,0.0017337343479023604,7,0,0.51813957142956,56,557
Sahibzada Ajit Singh Nagar (Punjab),Umaria (Madhya Pradesh),0.6161397656930043,0.6169268510101494,0.0007870853171451087,2,4,0.5180027731722846,484,344
Sahibganj (Jharkhand),Imphal East (Manipur),0.4915194029001076,0.4942096667997809,0.0026902638996733064,6,7,0.5176995864992968,247,385
Mahesana (Gujarat),Churachandpur (Manipur),0.4904047140915024,0.4906062791219083,0.00020156503040591467,7,1,0.5173889912228011,156,384
Thiruvananthapuram (Kerala),Jalaun (Uttar Pradesh),0.5866864716453845,0.5889928583982545,0.002306386752870093,3,6,0.516891817538371,291,643
North  & Middle Andaman (Andaman Nicobar Islands),Shamli (Uttar Pradesh),0.6045210868167618,0.6064288339470234,0.00190774713026165,2,4,0.5166374065793542,1,676
Rampur (Uttar Pradesh),Dima Hasao (Assam),0.5565235730510867,0.5589918485953556,0.002468275544268872,6,7,0.5164314583158657,670,47
East District (Sikkim),Biswanath (Assam),0.5538036820689684,0.5575263722900157,0.00372269022104732,2,4,0.5162653616011628,521,38
Bastar (Chhattisgarh),Imphal West (Manipur),0.5290143249667706,0.5315794318075068,0.0025651068407361866,6,2,0.5157622961482278,110,386
Kabeerdham (Chhattisgarh),Karaikal (Puducherry),0.6700124120226517,0.6705526372558456,0.0005402252331938584,4,3,0.5155166463616561,120,462
Dindigul (Tamil Nadu),Jhalawar (Rajasthan),0.6563707807486019,0.6591029291459779,0.002732148397376011,3,4,0.5154794094446383,530,507
Bathinda (Punjab),Chatra (Jharkhand),0.5030129093362417,0.5063817365684526,0.0033688272322109913,2,6,0.5151995428168848,468,227
Kishtwar (Jammu Kashmir),Hoshiarpur (Punjab),0.6377669555359491,0.6403501064554179,0.002583150919468813,5,2,0.5151020362028731,214,474
Damoh (Madhya Pradesh),Karimnagar (Telangana),0.5469188509812621,0.5475981040418536,0.0006792530605914671,4,0,0.5149274762615602,308,565
Bulandshahr (Uttar Pradesh),Dima Hasao (Assam),0.5586653949255771,0.5589918485953556,0.00032645366977845924,4,7,0.5148041598156747,625,47
Mumbai Suburban (Maharashtra),Bandipore (Jammu Kashmir),0.6075239297541122,0.6093950728107065,0.0018711430565943044,2,5,0.5147324434485305,363,208
Ramanagara (Karnataka),Nuapada (Odisha),0.6609584974779992,0.6621088080422652,0.001150310564266066,2,4,0.5146858583035949,274,456
Jashpur (Chhattisgarh),Khammam (Telangana),0.594422859419927,0.5953169286270836,0.0008940692071566225,4,0,0.514670317648132,119,566
Kurnool (Andhra Pradesh),Charaideo (Assam),0.571122825156819,0.571223461969406,0.00010063681258698498,0,7,0.5145978165122009,8,41
Rajgarh (Madhya Pradesh),Kushinagar (Uttar Pradesh),0.570085542097446,0.5706893182748405,0.0006037761773944883,4,6,0.5144789123911117,329,653
Damoh (Madhya Pradesh),Faridkot (Punjab),0.5469188509812621,0.5493137797244805,0.0023949287432183386,4,2,0.5144144170594324,308,469
Mancherial (Telangana),Singrauli (Madhya Pradesh),0.5576243074206787,0.5587882810878021,0.001163973667123397,0,4,0.5142769546842576,570,341
Srikakulam (Andhra Pradesh),Kancheepuram (Tamil Nadu),0.6207080154255848,0.6208746671920773,0.00016665176649244273,0,3,0.5142324936950424,10,532
Changlang (Arunachal Pradesh),Mancherial (Telangana),0.5558792580936791,0.5576243074206787,0.0017450493269995926,1,0,0.5141938517019775,17,570
Kulgam (Jammu Kashmir),Coimbatore (Tamil Nadu),0.6803562664144548,0.6833960409683376,0.0030397745538828236,5,3,0.513862978067321,215,527
North East (NCT Delhi),Anugul (Odisha),0.6172840239674537,0.6186095414613355,0.001325517493881767,2,5,0.5137601620398753,425,432
Ernakulam (Kerala),Chikkaballapura (Karnataka),0.6464996536428517,0.6497969279950385,0.003297274352186852,3,2,0.513746202752183,281,258
Sonbhadra (Uttar Pradesh),Lower Subansiri (Arunachal Pradesh),0.5417565046860109,0.5432199159722674,0.0014634112862564885,6,1,0.5134777962321391,680,26
Davanagere (Karnataka),Dima Hasao (Assam),0.5585972364013564,0.5589918485953556,0.00039461219399916647,2,7,0.5134441766525137,262,47
Dibrugarh (Assam),Baghpat (Uttar Pradesh),0.5882560169811148,0.5902397335878773,0.0019837166067624423,7,4,0.5132946546230974,46,615
Pathanamthitta (Kerala),Jaunpur (Uttar Pradesh),0.5994602522678962,0.6020142215498994,0.0025539692820031323,3,6,0.5129721179526887,290,644
Nalgonda (Telangana),Saraikela-Kharsawan (Jharkhand),0.6146733360275944,0.616462481401611,0.001789145374016532,0,4,0.5129392466701086,574,248
Darbhanga (Bihar),Upper Subansiri (Arunachal Pradesh),0.4661683851787622,0.4762594880756459,0.010091102896883697,6,1,0.5129019675194687,77,33
Prakasam (Andhra Pradesh),Chitrakoot (Uttar Pradesh),0.5272415241679326,0.5291994636069064,0.0019579394389738214,0,6,0.5127763068485921,9,627
Seoni (Madhya Pradesh),Wayanad (Kerala),0.6639191862913322,0.664723622448249,0.0008044361569168323,4,2,0.5127232534553461,335,293
Thoubal (Manipur),Hyderabad (Telangana),0.563687279589779,0.5669547946838788,0.0032675150940997266,1,0,0.5125931401241495,389,559
Leh(Ladakh) (Ladakh),Kolar (Karnataka),0.6562460253990136,0.6591595923385196,0.0029135669395060626,5,2,0.5124048029160948,295,269
Kheda (Gujarat),Pashchimi Singhbhum (Jharkhand),0.5127736217674782,0.5194224895418925,0.006648867774414313,7,6,0.5123629831396196,155,243
Sirohi (Rajasthan),Kasaragod (Kerala),0.6623625246811813,0.6639031527136265,0.001540628032445257,4,3,0.5123378616372364,518,284
Kasaragod (Kerala),Seoni (Madhya Pradesh),0.6639031527136265,0.6639191862913322,1.6033577705631963e-05,3,4,0.5122434871615285,284,335
Rajgarh (Madhya Pradesh),Warangal Rural (Telangana),0.570085542097446,0.570568881862589,0.00048333976514303156,4,0,0.5119895319539559,329,585
Chandauli (Uttar Pradesh),Hyderabad (Telangana),0.5661051006235265,0.5669547946838788,0.0008496940603522907,6,0,0.5116108630492372,626,559
Lalitpur (Uttar Pradesh),Mahabubabad (Telangana),0.5843267584302546,0.5882324003769902,0.003905641946735594,6,0,0.511349358595953,654,568
Ramban (Jammu Kashmir),Nagarkurnool (Telangana),0.6123478602808035,0.6127940827039419,0.0004462224231384093,4,0,0.5113130665123212,220,573
Central (NCT Delhi),Auraiya (Uttar Pradesh),0.6067907197888455,0.6072041356512282,0.00041341586238274886,2,4,0.5111002866670398,421,613
Tarn Taran (Punjab),Mamit (Mizoram),0.6046349331150919,0.6054204224032614,0.0007854892881695719,2,7,0.5107574643287573,487,407
Dumka (Jharkhand),West Kameng (Arunachal Pradesh),0.5125131045123854,0.5179377912186482,0.005424686706262838,6,1,0.510592818415935,230,34
Deoghar (Jharkhand),Upper Siang (Arunachal Pradesh),0.462601006745168,0.4733892492234017,0.010788242478233678,6,1,0.5105918879205731,228,32
Bathinda (Punjab),Jamui (Bihar),0.5030129093362417,0.5053219792037914,0.002309069867549751,2,6,0.5105565045273228,468,80
Namsai (Arunachal Pradesh),Kheri (Uttar Pradesh),0.5008635307855385,0.5071205465764616,0.006257015790923082,1,6,0.5104797671839139,27,652
Mahrajganj (Uttar Pradesh),Kancheepuram (Tamil Nadu),0.6197937865340101,0.6208746671920773,0.0010808806580672181,4,3,0.5101783610701394,658,532
Malkangiri (Odisha),Udupi (Karnataka),0.6329132713385566,0.6354611671951724,0.002547895856615856,4,2,0.5101002646155124,452,277
Panna (Madhya Pradesh),Siang (Arunachal Pradesh),0.5303739551013725,0.5304785600492571,0.00010460494788455676,6,1,0.5099508058721889,327,29
Churachandpur (Manipur),Banaskantha (Gujarat),0.4906062791219083,0.4963008550197879,0.0056945758978795835,1,7,0.509564931579775,384,143
Dhule (Maharashtra),Namsai (Arunachal Pradesh),0.4960445576865314,0.5008635307855385,0.0048189730990070845,7,1,0.5094742132865422,354,27
Kishanganj (Bihar),Ukhrul (Manipur),0.4243495430433829,0.427303458165322,0.002953915121939099,6,1,0.5093356332847727,85,390
Mamit (Mizoram),Mumbai Suburban (Maharashtra),0.6054204224032614,0.6075239297541122,0.002103507350850742,7,2,0.5092917083886306,407,363
Kodagaon (Chhattisgarh),Kolkata (West Bengal),0.5992936298998093,0.6000909016536673,0.0007972717538580198,4,2,0.5091040576423783,121,692
Pratapgarh (Rajasthan),South West (NCT Delhi),0.6452100364707526,0.6474000645815928,0.0021900281108402364,4,2,0.5079912450612943,514,430
Dindori (Madhya Pradesh),Nanded (Maharashtra),0.5881854868243642,0.5901558199784941,0.0019703331541298663,4,7,0.5079328297890897,312,365
Malkangiri (Odisha),Yamunanagar (Haryana),0.6329132713385566,0.6336475291191307,0.0007342577805741213,4,2,0.5078013424430502,452,193
Sonitpur (Assam),Pune (Maharashtra),0.567253099795637,0.5695950670503351,0.002341967254698152,4,2,0.5077855438770464,64,371
Dibrugarh (Assam),Palwal (Haryana),0.5882560169811148,0.589103959861114,0.0008479428799991195,7,4,0.5076863361889974,46,186
New Delhi (NCT Delhi),Pratapgarh (Rajasthan),0.6441602208672196,0.6452100364707526,0.0010498156035330108,2,4,0.5075821983513258,423,514
Umaria (Madhya Pradesh),Ambala (Haryana),0.6169268510101494,0.6194921540666987,0.0025653030565492285,4,2,0.5075457029482777,344,172
Balrampur (Chhattisgarh),Suryapet (Telangana),0.5631711276629844,0.5637627059031259,0.0005915782401415548,4,0,0.5075187798337915,109,582
Changlang (Arunachal Pradesh),Rae Bareli (Uttar Pradesh),0.5558792580936791,0.5560668937765123,0.0001876356828331982,1,6,0.507432551999709,17,669
Pune (Maharashtra),Kushinagar (Uttar Pradesh),0.5695950670503351,0.5706893182748405,0.0010942512245053493,2,6,0.5072384301607864,371,653
Sambhal (Uttar Pradesh),Karimnagar (Telangana),0.5446361487770857,0.5475981040418536,0.002961955264767946,6,0,0.5071027032800548,672,565
Ajmer (Rajasthan),Kanniyakumari (Tamil Nadu),0.6690956335432382,0.6701520400566364,0.0010564065133982226,4,3,0.507090203524807,488,533
Bareilly (Uttar Pradesh),West Garo Hills (Meghalaya),0.5779731761991597,0.5814512549573052,0.003478078758145542,6,7,0.5069891169366013,621,399
Dantewada (Chhattisgarh),Visakhapatnam (Andhra Pradesh),0.6140094516315161,0.6144943794279588,0.00048492779644271344,4,0,0.5069378083252145,114,12
South Goa (Goa),Barmer (Rajasthan),0.6915133614509863,0.6927151750740909,0.001201813623104564,3,4,0.5069211146719828,138,492
Karur (Tamil Nadu),Chhota Udaipur (Gujarat),0.618621401264791,0.6207035388215992,0.0020821375568081946,3,4,0.5068483972182162,534,147
Dakshina Kannada (Karnataka),Jhalawar (Rajasthan),0.6577802952461034,0.6591029291459779,0.0013226338998745257,2,4,0.5065386344650171,261,507
Badgam (Jammu Kashmir),Mahe (Puducherry),0.6705047263195352,0.6756286015987577,0.005123875279222534,5,3,0.5065191891117864,207,463
Medak (Telangana),Bankura (West Bengal),0.554214999427319,0.555658414045892,0.0014434146185730024,0,7,0.5065153191837384,571,684
Kollam (Kerala),Mandla (Madhya Pradesh),0.6221299737357758,0.62609748852888,0.003967514793104199,3,4,0.5064092533943908,285,322
North East (NCT Delhi),Mahrajganj (Uttar Pradesh),0.6172840239674537,0.6197937865340101,0.0025097625665563283,2,4,0.5060846586467527,425,658
Almora (Uttarakhand),Banswara (Rajasthan),0.6285802830659845,0.6315079571694711,0.0029276741034865994,2,4,0.5059367588053908,596,490
Changlang (Arunachal Pradesh),Singrauli (Madhya Pradesh),0.5558792580936791,0.5587882810878021,0.0029090229941229895,1,4,0.5058661780805042,17,341
Basti (Uttar Pradesh),Palakkad (Kerala),0.5619981972072905,0.5625093584096452,0.0005111612023547263,6,3,0.5053444219282064,622,289
Mayurbhanj (Odisha),Ghazipur (Uttar Pradesh),0.5530306583911615,0.5536223653330554,0.0005917069418939214,4,6,0.5049459628971283,453,637
South (NCT Delhi),Pratapgarh (Rajasthan),0.6451226074951321,0.6452100364707526,8.742897562052931e-05,2,4,0.5049098904541198,428,514
Sonitpur (Assam),Warangal Rural (Telangana),0.567253099795637,0.570568881862589,0.0033157820669520444,4,0,0.5046150921220136,64,585
Chatra (Jharkhand),Papum Pare (Arunachal Pradesh),0.5063817365684526,0.5086785538333242,0.00229681726487152,6,1,0.5045933352043653,227,28
Kandhamal (Odisha),Palghar (Maharashtra),0.6581365535388186,0.6592991943540649,0.0011626408152463075,4,5,0.504554683550798,447,369
Chandauli (Uttar Pradesh),North West (NCT Delhi),0.5661051006235265,0.5674274907317932,0.0013223901082667355,6,2,0.5040982994776306,626,426
Gariyaband (Chhattisgarh),New Delhi (NCT Delhi),0.6435378299529959,0.6441602208672196,0.0006223909142236694,4,2,0.5037351222614868,117,423
Fazilka (Punjab),Lohit (Arunachal Pradesh),0.564729868314826,0.5676374043618468,0.0029075360470208755,2,1,0.5035796052433931,471,23
Dibang Valley (Arunachal Pradesh),Bharatpur (Rajasthan),0.5386126983562985,0.5387857868003,0.00017308844400143464,1,6,0.5031704812118578,18,493
Narayanpur (Chhattisgarh),Rohtas (Bihar),0.6024117263860163,0.6041891557543503,0.001777429368334027,4,6,0.5024255234649205,126,97
South Andaman (Andaman Nicobar Islands),Kalahandi (Odisha),0.6493700005635843,0.6499282685267391,0.0005582679631548348,2,4,0.5022344825477643,2,446
West Kameng (Arunachal Pradesh),Etah (Uttar Pradesh),0.5179377912186482,0.5222950252122243,0.004357233993576015,1,6,0.5021856398915354,34,629
Chitrakoot (Uttar Pradesh),Imphal West (Manipur),0.5291994636069064,0.5315794318075068,0.0023799682006003797,6,2,0.5021763154982577,627,386
Rayagada (Odisha),Vadodara (Gujarat),0.5997608321426621,0.6011030397164948,0.0013422075738327433,4,2,0.5020142639887304,458,170
Kapurthala (Punjab),Lalitpur (Uttar Pradesh),0.5837130637206458,0.5843267584302546,0.0006136947096088141,2,6,0.501834895199762,476,654
Ludhiana (Punjab),Washim (Maharashtra),0.5911273712162664,0.5926017436373497,0.001474372421083392,2,7,0.5017093786961999,477,380
Anuppur (Madhya Pradesh),Khammam (Telangana),0.5931223722355016,0.5953169286270836,0.0021945563915820587,4,0,0.5014042346627766,298,566
Kurnool (Andhra Pradesh),Pauri Garhwal (Uttarakhand),0.571122825156819,0.5718034389962683,0.0006806138394492844,0,1,0.5012859669878698,8,603
East Godavari (Andhra Pradesh),West Karbi Anglong (Assam),0.5215152868899147,0.5255371627386545,0.004021875848739809,0,1,0.5012775878714932,5,68
Wokha (Nagaland),Pakur (Jharkhand),0.4709428696451376,0.478393435909428,0.007450566264290415,1,6,0.5012195923849141,419,241
Palamu (Jharkhand),East District (Sikkim),0.5525409638784444,0.5538036820689684,0.001262718190523926,6,2,0.5011788633255894,242,521
Wayanad (Kerala),Mahasamund (Chhattisgarh),0.664723622448249,0.6652297253092238,0.0005061028609747442,2,4,0.5011100045304816,293,124
Seoni (Madhya Pradesh),Durg (Chhattisgarh),0.6639191862913322,0.666493452848441,0.0025742665571087953,4,2,0.5011078610109467,335,116
Gariyaband (Chhattisgarh),South (NCT Delhi),0.6435378299529959,0.6451226074951321,0.001584777542136151,4,2,0.5010628143642808,117,428
Puducherry (Puducherry),Baran (Rajasthan),0.6904812405485269,0.6913837237022566,0.0009024831537297606,3,4,0.5008989383090435,464,491
Fazilka (Punjab),Lower Dibang Valley (Arunachal Pradesh),0.564729868314826,0.5682285493792836,0.0034986810644576094,2,1,0.5008164562320839,471,25
Balrampur (Uttar Pradesh),East Siang (Arunachal Pradesh),0.4641294009089672,0.4729730539279279,0.008843653018960673,6,1,0.500808421736378,618,20
Tinsukia (Assam),East District (Sikkim),0.5510818379745783,0.5538036820689684,0.0027218440943900246,7,2,0.5006822750895663,66,521
Guna (Madhya Pradesh),New Delhi (NCT Delhi),0.6425255792124699,0.6441602208672196,0.0016346416547496911,4,2,0.5006652293485524,313,423
Pune (Maharashtra),Warangal Rural (Telangana),0.5695950670503351,0.570568881862589,0.0009738148122538925,2,0,0.5004405683125775,371,585
Mahisagar (Gujarat),Kollam (Kerala),0.621732842440813,0.6221299737357758,0.00039713129496288246,4,3,0.5004228585502541,157,285
Kolar (Karnataka),Nuapada (Odisha),0.6591595923385196,0.6621088080422652,0.0029492157037456224,2,4,0.500161983149302,269,456
Puducherry (Puducherry),Barmer (Rajasthan),0.6904812405485269,0.6927151750740909,0.002233934525563974,3,4,0.49990980308929595,464,492
Pune (Maharashtra),Chirang (Assam),0.5695950670503351,0.5718955218842484,0.002300454833913279,2,4,0.4997994384288351,371,42
Rewa (Madhya Pradesh),Bulandshahr (Uttar Pradesh),0.5585230867517468,0.5586653949255771,0.0001423081738303189,6,4,0.49977471230924336,331,625
Bhind (Madhya Pradesh),Kollam (Kerala),0.6199374051710351,0.6221299737357758,0.0021925685647407045,7,3,0.49976765140069523,303,285
Kollam (Kerala),Anantapur (Andhra Pradesh),0.6221299737357758,0.6223885849222722,0.0002586111864963936,3,0,0.49975989960569295,285,3
South Garo Hills (Meghalaya),Palakkad (Kerala),0.5612785669142928,0.5625093584096452,0.0012307914953524346,7,3,0.4996008075769408,396,289
Changlang (Arunachal Pradesh),Rewa (Madhya Pradesh),0.5558792580936791,0.5585230867517468,0.0026438286580676706,1,6,0.49934170791295795,17,331
Lalitpur (Uttar Pradesh),Dindori (Madhya Pradesh),0.5843267584302546,0.5881854868243642,0.0038587283941096118,6,4,0.49928867456060433,654,312
Prayagraj (Uttar Pradesh),Siang (Arunachal Pradesh),0.5304601415871453,0.5304785600492571,1.8418462111813305e-05,6,1,0.4992510683221426,668,29
Fatehabad (Haryana),Seoni (Madhya Pradesh),0.6630335729374737,0.6639191862913322,0.0008856133538585054,5,4,0.49922208874398444,176,335
Anjaw (Arunachal Pradesh),Dhule (Maharashtra),0.4940652955960629,0.4960445576865314,0.001979262090468503,1,7,0.49915859158484505,16,354
Morigaon (Assam),Amritsar (Punjab),0.5773622017693061,0.5777086174221775,0.0003464156528714124,4,2,0.4991013202438998,60,466
Dhalai (Tripura),Doda (Jammu Kashmir),0.5594850952562176,0.5601382202342384,0.0006531249780208359,7,1,0.49899095278212513,588,210
Amritsar (Punjab),Pilibhit (Uttar Pradesh),0.5777086174221775,0.581212656088848,0.0035040386666704837,2,6,0.4986125007793508,466,666
Majuli (Assam),Sangareddy (Telangana),0.5744798316089352,0.5747444584857997,0.00026462687686445996,7,0,0.4985814194684244,59,580
Koraput (Odisha),Chikmagalur (Karnataka),0.6471140409564717,0.6499623524725815,0.0028483115161097583,4,2,0.49833959439767017,451,259
Nabarangapur (Odisha),Chitradurga (Karnataka),0.6545489398542632,0.656190652951112,0.0016417130968487958,4,2,0.4982926140314201,454,260
Rajanna Sircilla (Telangana),Auraiya (Uttar Pradesh),0.6062464932280808,0.6072041356512282,0.0009576424231474423,0,4,0.498246215432114,578,613
Kodagaon (Chhattisgarh),Rupnagar (Punjab),0.5992936298998093,0.5994548640198827,0.00016123412007340576,4,2,0.4976049755073845,121,483
Auraiya (Uttar Pradesh),Mumbai Suburban (Maharashtra),0.6072041356512282,0.6075239297541122,0.0003197941028839635,4,2,0.49699153139426944,613,363
Gajapati (Odisha),Akola (Maharashtra),0.6347405200786133,0.636782435808657,0.002041915730043753,4,5,0.4969904475454615,441,347
Supaul (Bihar),Dhule (Maharashtra),0.4923175982408317,0.4960445576865314,0.0037269594456996735,6,7,0.4969525866549913,105,354
Wanaparthy (Telangana),Hamirpur (Himachal Pradesh),0.6096012702500649,0.6099047333749509,0.00030346312488593874,0,2,0.4968145129197772,584,196
Datia (Madhya Pradesh),Kancheepuram (Tamil Nadu),0.620697032795475,0.6208746671920773,0.00017763439660234415,4,3,0.4965844646589222,309,532
Ramban (Jammu Kashmir),Udham Singh Nagar (Uttarakhand),0.6123478602808035,0.6134415624578261,0.0010937021770226485,4,2,0.49653391867407193,220,607
Upper Subansiri (Arunachal Pradesh),Madhepura (Bihar),0.4762594880756459,0.4827319548210683,0.0064724667454224005,1,6,0.4963493130678225,33,87
Kendujhar (Odisha),Adilabad (Telangana),0.563255100777122,0.5651792934410328,0.001924192663910751,4,0,0.49633666397711146,449,557
Rewari (Haryana),Nabarangapur (Odisha),0.651854115314847,0.6545489398542632,0.002694824539416163,2,4,0.49598018986801096,189,454
Ambedkar Nagar (Uttar Pradesh),Changlang (Arunachal Pradesh),0.5531140838949603,0.5558792580936791,0.0027651741987188005,7,1,0.495978552169439,611,17
Barwani (Madhya Pradesh),Jalandhar (Punjab),0.6113329411038655,0.6130699049484553,0.0017369638445897673,4,2,0.49591279461358456,301,475
Fatehgarh Sahib (Punjab),Gajapati (Odisha),0.6335621696148377,0.6347405200786133,0.0011783504637755682,2,4,0.495700318447752,470,441
Karauli (Rajasthan),Yanam (Puducherry),0.6333875236079991,0.6334743660746895,8.684246669043993e-05,4,3,0.49558397004135796,510,465
Sindhudurg (Maharashtra),Lalitpur (Uttar Pradesh),0.5840539847264032,0.5843267584302546,0.00027277370385137,2,6,0.4949764020616655,376,654
Kolasib (Mizoram),Mumbai Suburban (Maharashtra),0.607309295112654,0.6075239297541122,0.0002146346414582112,7,2,0.49483143878902325,404,363
Buxer (Bihar),Mayurbhanj (Odisha),0.5507263030414423,0.5530306583911615,0.002304355349719178,6,4,0.49454082415007006,76,453
Godda (Jharkhand),West Kameng (Arunachal Pradesh),0.5107224686960662,0.5179377912186482,0.007215322522582057,6,1,0.4944821633185794,233,34
Pratapgarh (Rajasthan),Shahid Bhagat Singh Nagar (Punjab),0.6452100364707526,0.6460531466291178,0.0008431101583652456,4,2,0.49437135071592947,514,486
Madurai (Tamil Nadu),Nuapada (Odisha),0.65904785506923,0.6621088080422652,0.0030609529730352136,3,4,0.4942330913896665,536,456
Charkhi Dadri (Haryana),Seoni (Madhya Pradesh),0.662268649942359,0.6639191862913322,0.001650536348973164,5,4,0.49379894496910504,174,335
Agra (Uttar Pradesh),Rajgarh (Madhya Pradesh),0.5693897551156601,0.570085542097446,0.0006957869817858509,6,4,0.49365323042622355,609,329
Rajgarh (Madhya Pradesh),Charaideo (Assam),0.570085542097446,0.571223461969406,0.0011379198719599914,4,7,0.4933524715835971,329,41
Dindigul (Tamil Nadu),Kandhamal (Odisha),0.6563707807486019,0.6581365535388186,0.0017657727902167242,3,4,0.49329312503890044,530,447
Washim (Maharashtra),Jangoan (Telangana),0.5926017436373497,0.5926687278242777,6.698418692796526e-05,7,0,0.49326192261553103,380,561
Papum Pare (Arunachal Pradesh),Dumka (Jharkhand),0.5086785538333242,0.5125131045123854,0.003834550679061244,1,6,0.4932368036740125,28,230
Nicobar (Andaman Nicobar Islands),North  District (Sikkim),0.5757717490671338,0.5783870304215633,0.002615281354429455,3,2,0.49318997390817204,0,522
Shahid Bhagat Singh Nagar (Punjab),Bikaner (Rajasthan),0.6460531466291178,0.6472063448984126,0.0011531982692947196,2,4,0.49313563048515585,486,495
Gulbarga (Karnataka),Kapurthala (Punjab),0.5829106810601363,0.5837130637206458,0.0008023826605094708,7,2,0.4930314532320102,265,476
Anand (Gujarat),Sidhi (Madhya Pradesh),0.5755256980640651,0.5766409144948892,0.0011152164308241286,7,4,0.4928040289882188,141,340
Fatehpur (Uttar Pradesh),Khowai (Tripura),0.534897099286504,0.5359437239712328,0.0010466246847288252,6,7,0.4926503762499102,633,590
Doda (Jammu Kashmir),Kendujhar (Odisha),0.5601382202342384,0.563255100777122,0.0031168805428836155,1,4,0.49258264498501164,210,449
Bulandshahr (Uttar Pradesh),Latehar (Jharkhand),0.5586653949255771,0.5596472793810376,0.0009818844554605466,4,6,0.49242832238921097,625,239
Siddipet (Telangana),Sidhi (Madhya Pradesh),0.576072279100407,0.5766409144948892,0.0005686353944821532,0,4,0.4923079992792003,581,340
Rajgarh (Madhya Pradesh),Kurnool (Andhra Pradesh),0.570085542097446,0.571122825156819,0.0010372830593730065,4,0,0.4922846983312701,329,8
Champhai (Mizoram),Kaithal (Haryana),0.6485637777845585,0.6506589101834515,0.0020951323988929182,7,5,0.49223525478378893,403,181
South West (NCT Delhi),Khargone (West Nimar) (Madhya Pradesh),0.6474000645815928,0.6500240629798173,0.0026239983982244697,2,4,0.49219805471099526,430,321
Prakasam (Andhra Pradesh),Faizabad (Uttar Pradesh),0.5272415241679326,0.5278389324405923,0.0005974082726597496,0,7,0.4920837923990277,9,631
Narmada (Gujarat),Sahibzada Ajit Singh Nagar (Punjab),0.6151391678079263,0.6161397656930043,0.0010005978850780028,4,2,0.4920744680057496,159,484
Alirajpur (Madhya Pradesh),Rajanna Sircilla (Telangana),0.6036400618582448,0.6062464932280808,0.00260643136983596,4,0,0.49204960295700884,297,578
Malappuram (Kerala),Sundargarh (Odisha),0.6104726497390263,0.6131270363793185,0.0026543866402922722,3,4,0.4920319751015933,288,461
Shamli (Uttar Pradesh),Nainital (Uttarakhand),0.6064288339470234,0.607182602777582,0.0007537688305585544,4,2,0.49201849859733326,676,602
Hardwar (Uttarakhand),Khunti (Jharkhand),0.5495372676159836,0.5511237895829644,0.0015865219669807251,2,6,0.4917299842810708,601,237
East Siang (Arunachal Pradesh),Unnao (Uttar Pradesh),0.4729730539279279,0.4779280505564382,0.004954996628510344,1,6,0.4917246799861905,20,682
Gulbarga (Karnataka),Moga (Punjab),0.5829106810601363,0.5842512014457824,0.0013405203856460268,7,2,0.4914131468993647,265,479
Udhampur (Jammu Kashmir),Malappuram (Kerala),0.607742250818872,0.6104726497390263,0.0027303989201542533,5,3,0.49124808143421844,225,288
Prakasam (Andhra Pradesh),Bastar (Chhattisgarh),0.5272415241679326,0.5290143249667706,0.0017728007988380146,0,6,0.49119074668634505,9,110
Barmer (Rajasthan),Tiruppur (Tamil Nadu),0.6927151750740909,0.6940689441761417,0.0013537691020508724,4,3,0.49097650752723615,492,552
Sant Ravidas Nagar (Bhadohi) (Uttar Pradesh),Khowai (Tripura),0.5326946214173487,0.5359437239712328,0.003249102553884109,6,7,0.49094039400467065,674,590
Patiala (Punjab),Kodagaon (Chhattisgarh),0.5977967283070281,0.5992936298998093,0.0014969015927811524,2,4,0.4909006058822859,482,121
Umaria (Madhya Pradesh),Gurgaon (Haryana),0.6169268510101494,0.6181459008413983,0.0012190498312488751,4,7,0.49077463266331556,344,177
Kohima (Nagaland),Kaimur (Bhabua) (Bihar),0.5994527038038355,0.6024071008423451,0.0029543970385095264,1,6,0.490411336277735,412,82
Ghazipur (Uttar Pradesh),Mancherial (Telangana),0.5536223653330554,0.5576243074206787,0.004001942087623278,6,0,0.4901587002885617,637,570
Meerut (Uttar Pradesh),Alirajpur (Madhya Pradesh),0.6029655093119133,0.6036400618582448,0.0006745525463315305,2,4,0.4898075907335188,662,297
Hanumangarh (Rajasthan),Mahe (Puducherry),0.6746479340392845,0.6756286015987577,0.0009806675594732361,4,3,0.4897612935865032,503,463
Wayanad (Kerala),Kargil (Ladakh),0.664723622448249,0.6663023673043793,0.0015787448561302986,2,5,0.489732913047375,293,294
Dumka (Jharkhand),East Godavari (Andhra Pradesh),0.5125131045123854,0.5215152868899147,0.009002182377529255,6,0,0.48964812390636453,230,5
Imphal West (Manipur),Gopalganj (Bihar),0.5315794318075068,0.5362337537959717,0.004654321988464938,2,6,0.48959569212855497,386,79
Kannauj (Uttar Pradesh),North  District (Sikkim),0.5773254205592606,0.5783870304215633,0.001061609862302637,6,2,0.4895609918203592,647,522
Chitradurga (Karnataka),Kandhamal (Odisha),0.656190652951112,0.6581365535388186,0.001945900587706606,2,4,0.4895413626865416,260,447
Balrampur (Uttar Pradesh),Wokha (Nagaland),0.4641294009089672,0.4709428696451376,0.006813468736170392,6,1,0.48946743086148864,618,419
Nabarangapur (Odisha),Leh(Ladakh) (Ladakh),0.6545489398542632,0.6562460253990136,0.001697085544750343,4,5,0.489383511321988,454,295
Kasaragod (Kerala),Kargil (Ladakh),0.6639031527136265,0.6663023673043793,0.002399214590752763,3,5,0.48925314675355736,284,294
Dakshin Dinajpur (West Bengal),Ernakulam (Kerala),0.6451161454710429,0.6464996536428517,0.0013835081718087672,5,3,0.4889370047682977,686,281
Amethi (Uttar Pradesh),Kamareddy (Telangana),0.564625514693985,0.5681268201562975,0.0035013054623124207,6,0,0.4889040162507171,612,564
Pathankot (Punjab),Mamit (Mizoram),0.6034135963955222,0.6054204224032614,0.0020068260077392708,2,7,0.4888236820306728,481,407
Mancherial (Telangana),Rewa (Madhya Pradesh),0.5576243074206787,0.5585230867517468,0.0008987793310680781,0,6,0.4888023434878566,570,331
Upper Subansiri (Arunachal Pradesh),Unnao (Uttar Pradesh),0.4762594880756459,0.4779280505564382,0.001668562480792335,1,6,0.4887667587638541,33,682
Kaithal (Haryana),Tikamgarh (Madhya Pradesh),0.6506589101834515,0.6547055535052939,0.004046643321842458,5,4,0.4886234849469769,181,342
South Goa (Goa),Burhanpur (Madhya Pradesh),0.6915133614509863,0.6947213392128421,0.0032079777618557737,3,4,0.4885714784202442,138,305
Rewa (Madhya Pradesh),Lucknow (Uttar Pradesh),0.5585230867517468,0.5596752806475477,0.0011521938958009015,6,7,0.4885527181604768,331,655
Chamoli (Uttarakhand),Bhilwara (Rajasthan),0.6547754728472361,0.6554087422902692,0.0006332694430331021,5,4,0.4885519398989875,598,494
Mandla (Madhya Pradesh),Y.S.R. (Andhra Pradesh),0.62609748852888,0.6285320769238938,0.0024345883950137592,4,0,0.4883010914989376,322,15
Muzaffarnagar (Uttar Pradesh),Charaideo (Assam),0.5689726169262657,0.571223461969406,0.002250845043140326,4,7,0.48812812195386324,665,41
Surat (Gujarat),Nuapada (Odisha),0.6619160801173338,0.6621088080422652,0.00019272792493141289,2,4,0.48805823583220914,166,456
Hardoi (Uttar Pradesh),North Tripura (Tripura),0.5299301064663668,0.5336544757117031,0.0037243692453362565,6,7,0.48796373600374865,642,591
Jaunpur (Uttar Pradesh),Narayanpur (Chhattisgarh),0.6020142215498994,0.6024117263860163,0.0003975048361168909,6,4,0.48785362966851353,644,126
Yadgir (Karnataka),Majuli (Assam),0.5721075778301331,0.5744798316089352,0.0023722537788021247,4,7,0.48765321746346724,279,59
Jalna (Maharashtra),Bastar (Chhattisgarh),0.5228645559096242,0.5290143249667706,0.00614976905714637,7,6,0.4875732827829415,359,110
Sambhal (Uttar Pradesh),Damoh (Madhya Pradesh),0.5446361487770857,0.5469188509812621,0.002282702204176479,6,4,0.4874672532115245,672,308
North  & Middle Andaman (Andaman Nicobar Islands),Guntur (Andhra Pradesh),0.6045210868167618,0.6065078687009482,0.0019867818841864393,2,0,0.4873799381970258,1,6
Singrauli (Madhya Pradesh),Lucknow (Uttar Pradesh),0.5587882810878021,0.5596752806475477,0.0008869995597455826,4,7,0.4873236291535834,341,655
North East (NCT Delhi),Tonk (Rajasthan),0.6172840239674537,0.6196361675267663,0.0023521435593125695,2,4,0.4872124554137015,425,519
Araria (Bihar),North Garo Hills (Meghalaya),0.4142771406549447,0.4274420354226927,0.013164894767748014,6,1,0.4871633410341381,69,394
Bankura (West Bengal),Davanagere (Karnataka),0.555658414045892,0.5585972364013564,0.0029388223554643877,7,2,0.4871480802239527,684,262
Hojai (Assam),Namsai (Arunachal Pradesh),0.4957589714435058,0.5008635307855385,0.0051045593420326885,7,1,0.4870849985942091,51,27
Lower Dibang Valley (Arunachal Pradesh),Kurnool (Andhra Pradesh),0.5682285493792836,0.571122825156819,0.0028942757775354266,1,0,0.48693674606762183,25,8
Kanniyakumari (Tamil Nadu),Jhunjhunun (Rajasthan),0.6701520400566364,0.6721154741779097,0.001963434121273311,3,4,0.4868889912595507,533,508
Coimbatore (Tamil Nadu),Pali (Rajasthan),0.6833960409683376,0.6861024453979033,0.002706404429565712,3,4,0.48646649172765033,527,513
Etawah (Uttar Pradesh),Pathanamthitta (Kerala),0.5991590993117487,0.5994602522678962,0.00030115295614752124,4,3,0.48645468977520573,630,290
Gumla (Jharkhand),Botad (Gujarat),0.5889571828866778,0.5904277946160063,0.001470611729328497,4,7,0.4864132969615829,234,146
Pathankot (Punjab),Goalpara (Assam),0.6034135963955222,0.6050451423377915,0.0016315459422693301,2,4,0.48633027298527876,481,48
Sangli (Maharashtra),Nagarkurnool (Telangana),0.6115229397631894,0.6127940827039419,0.0012711429407524788,2,0,0.4860456072451754,374,573
Kamareddy (Telangana),Lower Dibang Valley (Arunachal Pradesh),0.5681268201562975,0.5682285493792836,0.00010172922298612441,0,1,0.4858507779140072,564,25
Kannur (Kerala),Hapur (Uttar Pradesh),0.6228907645298017,0.6271793364207714,0.00428857189096965,3,4,0.4856715087453349,283,641
Hoshiarpur (Punjab),The Dangs (Gujarat),0.6403501064554179,0.642118183977856,0.0017680775224381273,2,4,0.48561366170482634,474,169
Lakhimpur (Assam),Patiala (Punjab),0.5951017091141261,0.5977967283070281,0.0026950191929020484,4,2,0.48560748605115367,58,482
New Delhi (NCT Delhi),Dakshin Dinajpur (West Bengal),0.6441602208672196,0.6451161454710429,0.0009559246038233216,2,5,0.4855488677565194,423,686
Hyderabad (Telangana),Lohit (Arunachal Pradesh),0.5669547946838788,0.5676374043618468,0.0006826096779680713,0,1,0.485542882284661,559,23
Chandel (Manipur),Pakur (Jharkhand),0.4694935792804225,0.478393435909428,0.008899856629005498,1,6,0.48552728449015803,383,241
Agra (Uttar Pradesh),Pune (Maharashtra),0.5693897551156601,0.5695950670503351,0.00020531193467498987,6,2,0.48536248613216953,609,371
Upper Siang (Arunachal Pradesh),Shrawasti (Uttar Pradesh),0.4733892492234017,0.4801236279940945,0.006734378770692828,1,6,0.485223944785701,32,677
Rajgarh (Madhya Pradesh),Pauri Garhwal (Uttarakhand),0.570085542097446,0.5718034389962683,0.001717896898822291,4,1,0.4852222455528569,329,603
Jhunjhunun (Rajasthan),Chennai (Tamil Nadu),0.6721154741779097,0.6741965221076976,0.002081047929787916,4,3,0.48497894230524713,508,526
South Tripura (Tripura),Shrawasti (Uttar Pradesh),0.4785536542915121,0.4801236279940945,0.001569973702582439,7,6,0.4847107575972725,593,677
Lunglei (Mizoram),Ramgarh (Jharkhand),0.5732887556949391,0.5745180989667685,0.0012293432718294417,7,4,0.4846927151434268,406,245
Jamnagar (Gujarat),Mumbai (Maharashtra),0.691475160302485,0.6942391974004617,0.0027640370979766793,5,2,0.48461953145383846,152,362
Guna (Madhya Pradesh),Hisar (Haryana),0.6425255792124699,0.642955556093696,0.0004299768812261462,4,5,0.4845688732670511,313,178
Hardoi (Uttar Pradesh),Siang (Arunachal Pradesh),0.5299301064663668,0.5304785600492571,0.0005484535828902404,6,1,0.48437958638553635,642,29
West Karbi Anglong (Assam),Faizabad (Uttar Pradesh),0.5255371627386545,0.5278389324405923,0.0023017697019378502,1,7,0.4842668213365844,68,631
Nuapada (Odisha),Kasaragod (Kerala),0.6621088080422652,0.6639031527136265,0.0017943446713613032,4,3,0.48398089628882696,456,284
Rewa (Madhya Pradesh),Davanagere (Karnataka),0.5585230867517468,0.5585972364013564,7.414964960961168e-05,6,2,0.48394757340023237,331,262
Chennai (Tamil Nadu),Rajnandgaon (Chhattisgarh),0.6741965221076976,0.6776303631458038,0.003433841038106178,3,4,0.48360023795541673,526,129
Amritsar (Punjab),Paschim Medinipur (West Bengal),0.5777086174221775,0.5801951726448785,0.0024865552227010257,2,7,0.483550076063027,466,698
Jayashankar Bhupalapally (Telangana),Kodagaon (Chhattisgarh),0.5964416140723767,0.5992936298998093,0.0028520158274325524,0,4,0.48297918929438793,562,121
Majuli (Assam),Koppal (Karnataka),0.5744798316089352,0.576640610517683,0.0021607789087477736,7,4,0.48294907576152535,59,270
Guntur (Andhra Pradesh),Mumbai Suburban (Maharashtra),0.6065078687009482,0.6075239297541122,0.0010160610531639858,0,2,0.4829096060429252,6,363
Dakshin Dinajpur (West Bengal),South (NCT Delhi),0.6451161454710429,0.6451226074951321,6.462024089159968e-06,5,2,0.48287655985931344,686,428
Banaskantha (Gujarat),Bishnupur (Manipur),0.4963008550197879,0.4995255315678477,0.0032246765480598016,7,1,0.482835638714324,143,382
North West (NCT Delhi),Rajgarh (Madhya Pradesh),0.5674274907317932,0.570085542097446,0.0026580513656527804,2,4,0.4828048523915244,426,329
Davanagere (Karnataka),Singrauli (Madhya Pradesh),0.5585972364013564,0.5587882810878021,0.00019104468644570716,2,4,0.482718484393339,262,341
Thanjavur (Tamil Nadu),Wanaparthy (Telangana),0.6071338954044341,0.6096012702500649,0.0024673748456308653,3,0,0.48258933828774964,544,584
South West Garo Hills (Meghalaya),Hardwar (Uttarakhand),0.5481054420246365,0.5495372676159836,0.0014318255913471356,7,2,0.48235785561052713,397,601
Guna (Madhya Pradesh),Rohtak (Haryana),0.6425255792124699,0.6432999282704613,0.0007743490579914525,4,2,0.4820971845265203,313,190
Central (NCT Delhi),Wanaparthy (Telangana),0.6067907197888455,0.6096012702500649,0.0028105504612194743,2,0,0.48204939169204275,421,584
Narayanpur (Chhattisgarh),North  & Middle Andaman (Andaman Nicobar Islands),0.6024117263860163,0.6045210868167618,0.0021093604307454994,4,2,0.48199061166622026,126,1
Kurung Kumey (Arunachal Pradesh),Puruliya (West Bengal),0.5302289963683796,0.5347510946330346,0.0045220982646549945,1,7,0.4818958270814284,22,701
Sangareddy (Telangana),Morigaon (Assam),0.5747444584857997,0.5773622017693061,0.0026177432835063907,0,4,0.4818221132160961,580,60
Dibrugarh (Assam),Sri Potti Sriramulu Nellore (Andhra Pradesh),0.5882560169811148,0.5888406206128463,0.0005846036317314063,7,0,0.4817808422542582,46,11
Karaikal (Puducherry),Ratlam (Madhya Pradesh),0.6705526372558456,0.6713953597362011,0.0008427224803555511,3,4,0.481543059929303,462,330
South Salmara Mancachar (Assam),Mau (Uttar Pradesh),0.562707176413988,0.5644118617753939,0.0017046853614058888,6,7,0.48150866609743415,65,661
Faizabad (Uttar Pradesh),Imphal West (Manipur),0.5278389324405923,0.5315794318075068,0.0037404993669144515,7,2,0.4814838010486933,631,386
Wokha (Nagaland),Unnao (Uttar Pradesh),0.4709428696451376,0.4779280505564382,0.006985180911300626,1,6,0.48140294454098,419,682
East Godavari (Andhra Pradesh),Etah (Uttar Pradesh),0.5215152868899147,0.5222950252122243,0.0007797383223095977,0,6,0.48124094538196494,5,629
Malkangiri (Odisha),Uttara Kannada (Karnataka),0.6329132713385566,0.6332133153387611,0.0003000440002045579,4,2,0.48095348049819525,452,278
Deoria (Uttar Pradesh),Thiruvananthapuram (Kerala),0.5833881642400085,0.5866864716453845,0.0032983074053759553,6,3,0.4808559297900752,628,291
Ahmadnagar (Maharashtra),Barwani (Madhya Pradesh),0.6092011203568894,0.6113329411038655,0.002131820746976043,5,4,0.4806557807590858,346,301
Bankura (West Bengal),Changlang (Arunachal Pradesh),0.555658414045892,0.5558792580936791,0.00022084404778710542,7,1,0.480605637103239,684,17
Bilaspur (Chhattisgarh),Simdega (Jharkhand),0.5416005733462879,0.5447764826530025,0.0031759093067146305,7,6,0.4805061621195953,113,249
Jhalawar (Rajasthan),Palghar (Maharashtra),0.6591029291459779,0.6592991943540649,0.00019626520808702086,4,5,0.48050129777753225,507,369
Sivasagar (Assam),Ludhiana (Punjab),0.5897811663907281,0.5911273712162664,0.0013462048255382664,7,2,0.48033242880961524,63,477
Prakasam (Andhra Pradesh),Panna (Madhya Pradesh),0.5272415241679326,0.5303739551013725,0.003132430933439956,0,6,0.4802903840695044,9,327
Rajanna Sircilla (Telangana),Mumbai Suburban (Maharashtra),0.6062464932280808,0.6075239297541122,0.0012774365260314058,0,2,0.4802868680202891,578,363
West (NCT Delhi),Jajapur (Odisha),0.5837111299401948,0.5858190871219754,0.0021079571817805842,2,5,0.4801212279858028,431,444
Jajapur (Odisha),Medchal-Malkajgiri (Telangana),0.5858190871219754,0.5867265015754589,0.0009074144534835238,5,2,0.4801212279858028,444,572
Saharsa (Bihar),Wokha (Nagaland),0.4611627370353748,0.4709428696451376,0.009780132609762793,6,1,0.47980428103856354,98,419
Dakshin Dinajpur (West Bengal),South West (NCT Delhi),0.6451161454710429,0.6474000645815928,0.0022839191105499257,5,2,0.47978913208058505,686,430
Karaikal (Puducherry),Nagaur (Rajasthan),0.6705526372558456,0.6766719875593424,0.006119350303496862,3,4,0.4796195514342957,462,512
Mahendragarh (Haryana),Malkangiri (Odisha),0.6310822344912789,0.6329132713385566,0.0018310368472777006,5,4,0.47923339098214907,184,452
Longding (Arunachal Pradesh),Unnao (Uttar Pradesh),0.477430213863294,0.4779280505564382,0.000497836693144238,1,6,0.479198712668332,24,682
Kohima (Nagaland),Dhemaji (Assam),0.5994527038038355,0.6028882074374831,0.0034355036336475298,1,4,0.4790215441521485,412,44
Kannur (Kerala),West District (Sikkim),0.6228907645298017,0.6232654278072491,0.0003746632774473957,3,2,0.4786250817807522,283,524
Dibrugarh (Assam),Gumla (Jharkhand),0.5882560169811148,0.5889571828866778,0.000701165905562906,7,4,0.4786087071385975,46,234
Rampur (Uttar Pradesh),Singrauli (Madhya Pradesh),0.5565235730510867,0.5587882810878021,0.0022647080367154127,6,4,0.47853794035209707,670,341
Saiha (Mizoram),Siddharthnagar (Uttar Pradesh),0.5356246320667303,0.5375449361791741,0.0019203041124438158,1,6,0.47834633567389856,408,678
Sangrur (Punjab),Sivasagar (Assam),0.5878076622903983,0.5897811663907281,0.001973504100329815,2,7,0.47814983658699073,485,63
Kargil (Ladakh),Durg (Chhattisgarh),0.6663023673043793,0.666493452848441,0.00019108554406166434,5,2,0.47811752060297563,294,116
Amethi (Uttar Pradesh),Adilabad (Telangana),0.564625514693985,0.5651792934410328,0.0005537787470477618,6,0,0.47805184484037644,612,557
Anantapur (Andhra Pradesh),Idukki (Kerala),0.6223885849222722,0.6251358583987333,0.0027472734764610873,0,3,0.4779912516031685,3,282
Leh(Ladakh) (Ladakh),Kandhamal (Odisha),0.6562460253990136,0.6581365535388186,0.0018905281398050588,5,4,0.4776180761722984,295,447
Yadadri Bhuvanagiri (Telangana),Alirajpur (Madhya Pradesh),0.6035883429853836,0.6036400618582448,5.1718872861261644e-05,0,4,0.4776087517790204,587,297
Ambedkar Nagar (Uttar Pradesh),Mancherial (Telangana),0.5531140838949603,0.5576243074206787,0.004510223525718393,7,0,0.4775443765892715,611,570
Nabarangapur (Odisha),Virudhunagar (Tamil Nadu),0.6545489398542632,0.6554314111620915,0.0008824713078282587,4,3,0.4775256113286336,454,556
Basti (Uttar Pradesh),Karimganj (Assam),0.5619981972072905,0.5634455590931304,0.0014473618858399373,6,7,0.47751697073482446,622,56
Sidhi (Madhya Pradesh),Bareilly (Uttar Pradesh),0.5766409144948892,0.5779731761991597,0.0013322617042704765,4,6,0.4772245738319592,340,621
Pali (Rajasthan),Nagpur (Maharashtra),0.6861024453979033,0.6912908903648683,0.005188444966965022,4,2,0.477222808093135,513,364
Baudh (Odisha),New Delhi (NCT Delhi),0.6432621961861913,0.6441602208672196,0.0008980246810282866,5,2,0.477202956290776,436,423
Papum Pare (Arunachal Pradesh),Godda (Jharkhand),0.5086785538333242,0.5107224686960662,0.0020439148627420245,1,6,0.4771261485766569,28,233
Barnala (Punjab),Bankura (West Bengal),0.554954896489869,0.555658414045892,0.0007035175560230478,2,7,0.4769694250173258,467,684
Bangalore (Karnataka),Rajouri (Jammu Kashmir),0.6300811667553162,0.6312659493581732,0.0011847826028569264,2,5,0.476884250626202,251,219
Jorhat (Assam),Sheopur (Madhya Pradesh),0.5472981929659047,0.5484446667520376,0.0011464737861329732,7,4,0.4768749635216973,52,338
Nuapada (Odisha),Chamarajanagar (Karnataka),0.6621088080422652,0.6631766507698592,0.0010678427275939706,4,2,0.4768708603855583,456,257
Anjaw (Arunachal Pradesh),Hojai (Assam),0.4940652955960629,0.4957589714435058,0.0016936758474428992,1,7,0.47676937689251203,16,51
Rewari (Haryana),Tikamgarh (Madhya Pradesh),0.651854115314847,0.6547055535052939,0.0028514381904468644,2,4,0.47672502535657596,189,342
Deoghar (Jharkhand),Phek (Nagaland),0.462601006745168,0.4692135606060261,0.0066125538608580725,6,1,0.4764284474838299,228,417
Dibang Valley (Arunachal Pradesh),Arwal (Bihar),0.5386126983562985,0.5406405398033195,0.0020278414470209505,1,6,0.4764241842220351,18,70
Mumbai (Maharashtra),Subarnapur (Odisha),0.6942391974004617,0.6944345022927537,0.0001953048922920253,2,5,0.47608800548777197,362,460
Guna (Madhya Pradesh),South (NCT Delhi),0.6425255792124699,0.6451226074951321,0.0025970282826621727,4,2,0.475866676261115,313,428
Yadgir (Karnataka),Lunglei (Mizoram),0.5721075778301331,0.5732887556949391,0.0011811778648059823,4,7,0.4754533136845094,279,406
Dhenkanal (Odisha),Mumbai Suburban (Maharashtra),0.6065283854250764,0.6075239297541122,0.0009955443290358135,5,2,0.47540120641173605,440,363
Lawngtlai (Mizoram),Mewat (Haryana),0.4967239660613096,0.5027390367000252,0.006015070638715592,1,6,0.4753358208803323,405,185
Mamit (Mizoram),Shamli (Uttar Pradesh),0.6054204224032614,0.6064288339470234,0.0010084115437619667,7,4,0.47506322774301285,407,676
Dahod (Gujarat),Aurangabad (Maharashtra),0.5610139470745242,0.5621463260099421,0.0011323789354178437,4,7,0.4750505491690452,148,349
Adilabad (Telangana),Lower Dibang Valley (Arunachal Pradesh),0.5651792934410328,0.5682285493792836,0.0030492559382507833,0,1,0.47499860650366654,557,25
Bandipore (Jammu Kashmir),Sangli (Maharashtra),0.6093950728107065,0.6115229397631894,0.002127866952482904,5,2,0.4749095784583172,208,374
Baudh (Odisha),South (NCT Delhi),0.6432621961861913,0.6451226074951321,0.0018604113089407681,5,2,0.47453064839357006,436,428
Sangli (Maharashtra),Churu (Rajasthan),0.6115229397631894,0.6118078092317436,0.00028486946855421635,2,4,0.4745122848541171,374,498
Medak (Telangana),Rae Bareli (Uttar Pradesh),0.554214999427319,0.5560668937765123,0.001851894349193306,0,6,0.4744787057281915,571,669
Sehore (Madhya Pradesh),South Salmara Mancachar (Assam),0.5612584579715896,0.562707176413988,0.0014487184423984667,4,6,0.4744360874560912,334,65
Betul (Madhya Pradesh),Kanniyakumari (Tamil Nadu),0.6669187972929591,0.6701520400566364,0.003233242763677313,4,3,0.4743959031185934,302,533
Gonda (Uttar Pradesh),Upper Subansiri (Arunachal Pradesh),0.4709809982053142,0.4762594880756459,0.005278489870331693,6,1,0.47431690276363336,638,33
Ujjain (Madhya Pradesh),Wayanad (Kerala),0.6629486614307127,0.664723622448249,0.0017749610175362696,4,2,0.4741264758950768,343,293
Suryapet (Telangana),Chandauli (Uttar Pradesh),0.5637627059031259,0.5661051006235265,0.0023423947204005424,0,6,0.47404804519120625,582,626
Karaikal (Puducherry),Shajapur (Madhya Pradesh),0.6705526372558456,0.6723226209445383,0.0017699836886927445,3,4,0.4739421055147861,462,337
Nainital (Uttarakhand),Bandipore (Jammu Kashmir),0.607182602777582,0.6093950728107065,0.002212470033124525,2,5,0.47367236468558943,602,208
Kishanganj (Bihar),North Garo Hills (Meghalaya),0.4243495430433829,0.4274420354226927,0.003092492379309808,6,1,0.4735485486648402,85,394
Khammam (Telangana),Ashoknagar (Madhya Pradesh),0.5953169286270836,0.5963376316816799,0.0010207030545962281,0,4,0.4735188200224535,566,299
Nuapada (Odisha),Hassan (Karnataka),0.6621088080422652,0.6633537371246797,0.0012449290824144699,4,2,0.4734513367016117,456,266
Murshidabad (West Bengal),West (NCT Delhi),0.5824404339686596,0.5837111299401948,0.001270695971535174,5,2,0.47344512043942655,694,431
Gulbarga (Karnataka),Mansa (Punjab),0.5829106810601363,0.5837607819510855,0.0008501008909491681,7,2,0.4734150780924497,265,478
Narayanpur (Chhattisgarh),Dhaulpur (Rajasthan),0.6024117263860163,0.6038876459255225,0.0014759195395062097,4,6,0.47337749475718915,126,500
Kendujhar (Odisha),Surendranagar (Gujarat),0.563255100777122,0.5634328485029255,0.00017774772580347875,4,7,0.47332903901457474,449,167
Jalgaon (Maharashtra),West Karbi Anglong (Assam),0.5246538949473816,0.5255371627386545,0.0008832677912729014,7,1,0.47305822319376345,358,68
Sahibzada Ajit Singh Nagar (Punjab),Saraikela-Kharsawan (Jharkhand),0.6161397656930043,0.616462481401611,0.0003227157086066468,2,4,0.472873276998573,484,248
Idukki (Kerala),Y.S.R. (Andhra Pradesh),0.6251358583987333,0.6285320769238938,0.003396218525160477,3,0,0.4728129456310514,282,15
Doda (Jammu Kashmir),Palakkad (Kerala),0.5601382202342384,0.5625093584096452,0.002371138175406795,1,3,0.47255115166317824,210,289
Dibang Valley (Arunachal Pradesh),Kanpur Dehat (Uttar Pradesh),0.5386126983562985,0.5391235386623688,0.0005108403060702926,1,6,0.4725445293818505,18,648
Kishtwar (Jammu Kashmir),Krishna (Andhra Pradesh),0.6377669555359491,0.6395760867528305,0.001809131216881421,5,0,0.4724768059036065,214,7
Darbhanga (Bihar),West Khasi Hills (Meghalaya),0.4661683851787622,0.477098285379982,0.010929900201219811,6,1,0.4724414296396244,77,401
North Goa (Goa),Jodhpur (Rajasthan),0.6617161312607145,0.6635177450603194,0.001801613799604862,3,4,0.4724127615588679,137,509
Baleshwar (Odisha),Central (NCT Delhi),0.6053449012511959,0.6067907197888455,0.0014458185376495791,5,2,0.47219043640158187,434,421
Medak (Telangana),Rewa (Madhya Pradesh),0.554214999427319,0.5585230867517468,0.004308087324427778,0,6,0.4721552639895819,571,331
Ukhrul (Manipur),Purba Champaran (Bihar),0.427303458165322,0.4290897701054852,0.00178631194016321,1,6,0.4721392074824303,390,95
Leh(Ladakh) (Ladakh),Dindigul (Tamil Nadu),0.6562460253990136,0.6563707807486019,0.00012475534958833467,5,3,0.47199666468988544,295,530
Ernakulam (Kerala),Champhai (Mizoram),0.6464996536428517,0.6485637777845585,0.002064124141706869,3,7,0.47196747447758824,281,403
Hisar (Haryana),Pratapgarh (Rajasthan),0.642955556093696,0.6452100364707526,0.002254480377056556,5,4,0.4719273624183961,178,514
Saharanpur (Uttar Pradesh),Malappuram (Kerala),0.6080198646540442,0.6104726497390263,0.0024527850849820343,4,3,0.4715044894363097,671,288
Krishna (Andhra Pradesh),The Dangs (Gujarat),0.6395760867528305,0.642118183977856,0.002542097225025519,0,4,0.47136019663853684,7,169
Dibrugarh (Assam),Bagalkot (Karnataka),0.5882560169811148,0.5887594565885141,0.0005034396073992919,7,4,0.47135539871187915,46,250
West Karbi Anglong (Assam),Budaun (Uttar Pradesh),0.5255371627386545,0.5260500529395137,0.0005128902008592062,1,6,0.47130600349904006,68,624
Sehore (Madhya Pradesh),Karimganj (Assam),0.5612584579715896,0.5634455590931304,0.0021871011215408576,4,7,0.47122484334037495,334,56
Haveri (Karnataka),North  & Middle Andaman (Andaman Nicobar Islands),0.6035687630095949,0.6045210868167618,0.0009523238071668105,5,2,0.4709752783069037,267,1
Kaimur (Bhabua) (Bihar),Narayanpur (Chhattisgarh),0.6024071008423451,0.6024117263860163,4.625543671199495e-06,6,4,0.47075124879899943,82,126
Coimbatore (Tamil Nadu),Ganganagar (Rajasthan),0.6833960409683376,0.6905297833774895,0.0071337424091518775,3,5,0.47065872554389454,527,502
Jangoan (Telangana),Jashpur (Chhattisgarh),0.5926687278242777,0.594422859419927,0.0017541315956492998,0,4,0.4705974401963335,561,119
Udupi (Karnataka),Serchhip (Mizoram),0.6354611671951724,0.638643624697326,0.003182457502153624,2,7,0.4704932808258973,277,409
Karbi Anglong (Assam),Prakasam (Andhra Pradesh),0.5215994636543398,0.5272415241679326,0.005642060513592728,1,0,0.4704493328465436,55,9
Bulandshahr (Uttar Pradesh),Dhalai (Tripura),0.5586653949255771,0.5594850952562176,0.0008197003306404937,4,7,0.47040684432573965,625,588
North (NCT Delhi),Serchhip (Mizoram),0.6379119657253207,0.638643624697326,0.0007316589720053335,2,7,0.4702317507900536,424,409
Palakkad (Kerala),Suryapet (Telangana),0.5625093584096452,0.5637627059031259,0.0012533474934807165,3,0,0.4700849413463731,289,582
Lucknow (Uttar Pradesh),Dahod (Gujarat),0.5596752806475477,0.5610139470745242,0.0013386664269765536,7,4,0.469958113434639,655,148
Mirzapur (Uttar Pradesh),South West Garo Hills (Meghalaya),0.5451979966385901,0.5481054420246365,0.00290744538604637,6,7,0.4697142542769316,663,397
Jogulamba Gadwal (Telangana),Kodagaon (Chhattisgarh),0.5991838182749398,0.5992936298998093,0.00010981162486944918,0,4,0.46970999817793974,563,121
Panna (Madhya Pradesh),Imphal West (Manipur),0.5303739551013725,0.5315794318075068,0.0012054767061342453,6,2,0.46969039271917,327,386
South (NCT Delhi),Champhai (Mizoram),0.6451226074951321,0.6485637777845585,0.003441170289426476,2,7,0.46953645576268843,428,403
Rohtak (Haryana),Pratapgarh (Rajasthan),0.6432999282704613,0.6452100364707526,0.0019101082002912495,2,4,0.4694556736778653,190,514
Rayagada (Odisha),Kendrapara (Odisha),0.5997608321426621,0.6033841852563524,0.0036233531136903308,4,5,0.46940574068099017,458,448
Gumla (Jharkhand),Sivasagar (Assam),0.5889571828866778,0.5897811663907281,0.0008239835040503296,4,7,0.46932765083160877,234,63
Deoghar (Jharkhand),West Siang (Arunachal Pradesh),0.462601006745168,0.4694854112050682,0.006884404459900184,6,1,0.46931414010486433,228,35
Rampur (Uttar Pradesh),Dhalai (Tripura),0.5565235730510867,0.5594850952562176,0.0029615222051309065,6,7,0.4692678754103372,670,588
Y.S.R. (Andhra Pradesh),Jhabua (Madhya Pradesh),0.6285320769238938,0.6311513208286917,0.002619243904797952,0,4,0.46901066025327104,15,318
Muktsar (Punjab),Charaideo (Assam),0.5710787043728279,0.571223461969406,0.0001447575965780601,2,7,0.4689741765335441,480,41
Balaghat (Madhya Pradesh),Kanniyakumari (Tamil Nadu),0.667670099686371,0.6701520400566364,0.0024819403702653897,4,3,0.46889791442370454,300,533
Dehradun (Uttarakhand),Kishtwar (Jammu Kashmir),0.634393282867484,0.6377669555359491,0.003373672668465111,2,5,0.46888812613595887,600,214
Nuapada (Odisha),Vellore (Tamil Nadu),0.6621088080422652,0.6635099147076206,0.0014011066653553117,4,3,0.4687771289798209,456,554
Dima Hasao (Assam),Sehore (Madhya Pradesh),0.5589918485953556,0.5612584579715896,0.002266609376234019,7,4,0.46873431364550167,47,334
Gurgaon (Haryana),Chhota Udaipur (Gujarat),0.6181459008413983,0.6207035388215992,0.002557637980200922,7,4,0.46871882944139437,177,147
East Khasi Hills (Meghalaya),Saran (Bihar),0.4814867384412738,0.4840342345249289,0.0025474960836550653,1,6,0.46852838009344255,393,100
Unakoti (Tripura),West Jaintia Hills (Meghalaya),0.4559023185494986,0.4659994482303278,0.010097129680829209,7,1,0.46851658119875134,594,400
Kancheepuram (Tamil Nadu),Mahisagar (Gujarat),0.6208746671920773,0.621732842440813,0.0008581752487356598,3,4,0.46850302730030247,532,157
Satara (Maharashtra),Banswara (Rajasthan),0.6299115993029096,0.6315079571694711,0.0015963578665614264,2,4,0.4684205473186033,375,490
Sehore (Madhya Pradesh),Palakkad (Kerala),0.5612584579715896,0.5625093584096452,0.0012509004380556465,4,3,0.46840648436343335,334,289
Karauli (Rajasthan),Dehradun (Uttarakhand),0.6333875236079991,0.634393282867484,0.001005759259484873,4,2,0.468330145062987,510,600
Sitapur (Uttar Pradesh),Siang (Arunachal Pradesh),0.5284076577028505,0.5304785600492571,0.002070902346406611,6,1,0.4681969178179036,679,29
Koraput (Odisha),Chikkaballapura (Karnataka),0.6471140409564717,0.6497969279950385,0.0026828870385667836,4,2,0.46814021667278694,451,258
Kamareddy (Telangana),Rajgarh (Madhya Pradesh),0.5681268201562975,0.570085542097446,0.0019587219411485446,0,4,0.46800801285664984,564,329
Sonitpur (Assam),Kamareddy (Telangana),0.567253099795637,0.5681268201562975,0.0008737203606604682,4,0,0.4679717542655169,64,564
Krishna (Andhra Pradesh),Hamirpur (Uttar Pradesh),0.6395760867528305,0.6403719531105257,0.0007958663576952407,0,4,0.4679437810856834,7,640
Bhind (Madhya Pradesh),Kancheepuram (Tamil Nadu),0.6199374051710351,0.6208746671920773,0.0009372620210421623,7,3,0.46784782015074355,303,532
Kancheepuram (Tamil Nadu),Anantapur (Andhra Pradesh),0.6208746671920773,0.6223885849222722,0.0015139177301949358,3,0,0.46784006835574127,532,3
Darbhanga (Bihar),Upper Siang (Arunachal Pradesh),0.4661683851787622,0.4733892492234017,0.007220864044639508,6,1,0.4678383832235736,77,32
Hassan (Karnataka),Seoni (Madhya Pradesh),0.6633537371246797,0.6639191862913322,0.0005654491666524653,2,4,0.46774472789221366,266,335
Karimganj (Assam),Chandauli (Uttar Pradesh),0.5634455590931304,0.5661051006235265,0.002659541530396048,7,6,0.46729198305188435,56,626
Sidhi (Madhya Pradesh),Jyotiba Phule Nagar (Uttar Pradesh),0.5766409144948892,0.57842636425749,0.0017854497626008659,4,6,0.4671941948118952,340,646
Goalpara (Assam),Dhenkanal (Odisha),0.6050451423377915,0.6065283854250764,0.001483243087284869,4,5,0.4669933146941981,48,440
Karbi Anglong (Assam),Jalna (Maharashtra),0.5215994636543398,0.5228645559096242,0.0012650922552843724,1,7,0.46683186894314005,55,359
Sindhudurg (Maharashtra),Baramula (Jammu Kashmir),0.5840539847264032,0.5860891053989866,0.0020351206725833793,2,5,0.4665498295835613,376,209
Yamunanagar (Haryana),Gajapati (Odisha),0.6336475291191307,0.6347405200786133,0.0010929909594825649,2,4,0.46651563888532044,193,441
South West Khasi Hills (Meghalaya),Chitrakoot (Uttar Pradesh),0.5267737765365229,0.5291994636069064,0.0024256870703834865,1,6,0.46642770297083325,398,627
East Jantia Hills (Meghalaya),Godda (Jharkhand),0.5106691366187847,0.5107224686960662,5.3332077281531554e-05,1,6,0.4664198833060426,392,233
Davanagere (Karnataka),Dhalai (Tripura),0.5585972364013564,0.5594850952562176,0.000887858854861201,2,7,0.4662805937469853,262,588
Sonitpur (Assam),Mainpuri (Uttar Pradesh),0.567253099795637,0.568895289905888,0.0016421901102510184,4,6,0.46627916710913686,64,659
Bid (Maharashtra),Simdega (Jharkhand),0.5435947093180402,0.5447764826530025,0.0011817733349622772,7,6,0.46613279426244825,351,249
Ashoknagar (Madhya Pradesh),Peddapalli (Telangana),0.5963376316816799,0.5984637429472833,0.0021261112656034697,4,0,0.4660892804271517,299,577
Kolhapur (Maharashtra),Jaisalmer (Rajasthan),0.6220221056822799,0.623078430474004,0.001056324791724128,3,4,0.46601880995934686,360,505
Jashpur (Chhattisgarh),Jayashankar Bhupalapally (Telangana),0.594422859419927,0.5964416140723767,0.002018754652449717,4,0,0.46592323247454254,119,562
Jogulamba Gadwal (Telangana),Rupnagar (Punjab),0.5991838182749398,0.5994548640198827,0.00027104574494285494,0,2,0.4656652206599763,563,483
Ramanagara (Karnataka),Sirohi (Rajasthan),0.6609584974779992,0.6623625246811813,0.0014040272031821122,2,4,0.46562057928866407,274,518
South Twenty Four Parganas (West Bengal),Malkangiri (Odisha),0.6329090682557573,0.6329132713385566,4.203082799247859e-06,5,4,0.46555127421721054,702,452
Darbhanga (Bihar),East Siang (Arunachal Pradesh),0.4661683851787622,0.4729730539279279,0.006804668749165688,6,1,0.4654945075224884,77,20
Pudukkottai (Tamil Nadu),Koraput (Odisha),0.6450037387232739,0.6471140409564717,0.0021103022331978583,3,4,0.46544713987177216,540,451
Koraput (Odisha),Samba (Jammu Kashmir),0.6471140409564717,0.6480853208768629,0.0009712799203911437,4,5,0.4654384736767622,451,222
Umaria (Madhya Pradesh),Sirsa (Haryana),0.6169268510101494,0.6180905332499609,0.0011636822398114477,4,5,0.4651294150937417,344,191
Kaushambi (Uttar Pradesh),Aravali (Gujarat),0.5641762441493862,0.5654584238956546,0.0012821797462684303,6,7,0.46491229966662206,651,142
Sultanpur (Uttar Pradesh),Siddipet (Telangana),0.5729014577031063,0.576072279100407,0.003170821397300738,7,0,0.46485635330695524,681,581
Shahdol (Madhya Pradesh),Jalandhar (Punjab),0.613022289944981,0.6130699049484553,4.761500347427727e-05,4,2,0.4648088740695495,336,475
Mamit (Mizoram),Thane (Maharashtra),0.6054204224032614,0.6060805519057342,0.0006601295024727394,7,2,0.4645522931710137,407,378
Hailakandi (Assam),Hardoi (Uttar Pradesh),0.5251338123791034,0.5299301064663668,0.004796294087263453,7,6,0.46437747850023736,50,642
Karimganj (Assam),Thoubal (Manipur),0.5634455590931304,0.563687279589779,0.00024172049664861195,7,1,0.4643000505215647,56,389
Banaskantha (Gujarat),Lawngtlai (Mizoram),0.4963008550197879,0.4967239660613096,0.00042311104152170653,7,1,0.46427009604194114,143,405
Saharsa (Bihar),Chandel (Manipur),0.4611627370353748,0.4694935792804225,0.00833084224504771,6,1,0.4641119731438075,98,383
Thoubal (Manipur),Fazilka (Punjab),0.563687279589779,0.564729868314826,0.0010425887250469223,1,2,0.4639710928733488,389,471
Mirzapur (Uttar Pradesh),Karimnagar (Telangana),0.5451979966385901,0.5475981040418536,0.002400107403263463,6,0,0.4639461976986984,663,565
Churachandpur (Manipur),Sahibganj (Jharkhand),0.4906062791219083,0.4915194029001076,0.0009131237781992985,1,6,0.4637989614111786,384,247
Ghaziabad (Uttar Pradesh),Gulbarga (Karnataka),0.5822205192258598,0.5829106810601363,0.0006901618342765037,2,7,0.46379369857970315,636,265
Faridkot (Punjab),Barpeta (Assam),0.5493137797244805,0.5499646557508951,0.0006508760264146707,2,7,0.4637095582941553,469,37
Mandla (Madhya Pradesh),Faridabad (Haryana),0.62609748852888,0.6280220129038697,0.001924524374989689,4,2,0.4635954530069251,322,175
Narmada (Gujarat),Ganderbal (Jammu Kashmir),0.6151391678079263,0.6156180406859235,0.000478872877997194,4,5,0.46352796968608356,159,211
Sahibganj (Jharkhand),Senapati (Manipur),0.4915194029001076,0.4943998684805016,0.0028804655803940094,6,1,0.4633583234917037,247,387
Lohit (Arunachal Pradesh),Muzaffarnagar (Uttar Pradesh),0.5676374043618468,0.5689726169262657,0.0013352125644188195,1,4,0.46323020052059327,23,665
Saharsa (Bihar),West Jaintia Hills (Meghalaya),0.4611627370353748,0.4659994482303278,0.004836711194952992,6,1,0.4631781816665243,98,400
Thoubal (Manipur),Suryapet (Telangana),0.563687279589779,0.5637627059031259,7.542631334689354e-05,1,0,0.4629917781041475,389,582
Aurangabad (Maharashtra),Kendujhar (Odisha),0.5621463260099421,0.563255100777122,0.0011087747671799653,7,4,0.4629049514943367,349,449
Tamenglong (Manipur),Supaul (Bihar),0.4906191604561812,0.4923175982408317,0.0016984377846505083,1,6,0.4628680309837595,388,105
South West (NCT Delhi),Kalahandi (Odisha),0.6474000645815928,0.6499282685267391,0.002528203945146301,2,4,0.4628420209579994,430,446
Pauri Garhwal (Uttarakhand),Farrukhabad (Uttar Pradesh),0.5718034389962683,0.5742050588067394,0.002401619810471156,1,6,0.46266888295914466,603,632
Bemetara (Chhattisgarh),North Goa (Goa),0.66146788955964,0.6617161312607145,0.00024824170107451415,4,3,0.46255182931007593,111,137
Sangli (Maharashtra),Shahdol (Madhya Pradesh),0.6115229397631894,0.613022289944981,0.0014993501817915922,2,4,0.46242560347233225,374,336
Unakoti (Tripura),Phek (Nagaland),0.4559023185494986,0.4692135606060261,0.013311242056527506,7,1,0.4623018019357687,594,417
Malappuram (Kerala),Baloda Bazar (Chhattisgarh),0.6104726497390263,0.6123529071017644,0.0018802573627381136,3,4,0.46226324809657776,288,108
Bhadrak (Odisha),Y.S.R. (Andhra Pradesh),0.6285018118600061,0.6285320769238938,3.0265063887702226e-05,5,0,0.4622546368616831,437,15
Hapur (Uttar Pradesh),Vizianagaram (Andhra Pradesh),0.6271793364207714,0.6299959250914997,0.002816588670728315,4,0,0.46224095077683486,641,13
Ukhrul (Manipur),Katihar (Bihar),0.427303458165322,0.4397450339020589,0.012441575736736876,1,6,0.46212029748485234,390,83
Kodagaon (Chhattisgarh),Vadodara (Gujarat),0.5992936298998093,0.6011030397164948,0.0018094098166855366,4,2,0.4619285714367567,121,170
Sivasagar (Assam),Firozpur (Punjab),0.5897811663907281,0.5910315228096771,0.0012503564189489946,7,2,0.4619218819344896,63,472
Banswara (Rajasthan),Kodagu (Karnataka),0.6315079571694711,0.6315701594035719,6.22022341008055e-05,4,2,0.461889513152413,490,268
West Khasi Hills (Meghalaya),Madhubani (Bihar),0.477098285379982,0.4842742490002918,0.007175963620309811,1,6,0.461832044822293,401,88
East District (Sikkim),Changlang (Arunachal Pradesh),0.5538036820689684,0.5558792580936791,0.002075576024710757,2,1,0.4616666650536102,521,17
Ganganagar (Rajasthan),Nagpur (Maharashtra),0.6905297833774895,0.6912908903648683,0.0007611069873788567,5,2,0.4614150419093792,502,364
Siddharthnagar (Uttar Pradesh),Dibang Valley (Arunachal Pradesh),0.5375449361791741,0.5386126983562985,0.0010677621771244539,6,1,0.46102786857478056,678,18
Mahendragarh (Haryana),Jhabua (Madhya Pradesh),0.6310822344912789,0.6311513208286917,6.90863374128714e-05,5,4,0.4609080747959829,184,318
Nawada (Bihar),Dibang Valley (Arunachal Pradesh),0.5350840539913876,0.5386126983562985,0.00352864436491096,6,1,0.46074534943608264,92,18
East District (Sikkim),Baksa (Assam),0.5538036820689684,0.5546789533264843,0.0008752712575159638,2,7,0.460732654814253,521,36
Shamli (Uttar Pradesh),Kolasib (Mizoram),0.6064288339470234,0.607309295112654,0.0008804611656305639,4,7,0.46060295814340546,676,404
Saharsa (Bihar),Zunheboto (Nagaland),0.4611627370353748,0.4676857353236694,0.0065229982882946125,6,1,0.46046986848399746,98,420
Lower Dibang Valley (Arunachal Pradesh),Muzaffarnagar (Uttar Pradesh),0.5682285493792836,0.5689726169262657,0.0007440675469820857,1,4,0.46046705150928413,25,665
Kokrajhar (Assam),East District (Sikkim),0.5510433848165688,0.5538036820689684,0.0027602972523995684,7,2,0.4603644748948607,57,521
Kolhapur (Maharashtra),Agar Malwa (Madhya Pradesh),0.6220221056822799,0.6234978310036305,0.0014757253213506516,3,4,0.46035359826491934,360,296
Yanam (Puducherry),Rajsamand (Rajasthan),0.6334743660746895,0.6362940658274208,0.0028196997527312195,3,4,0.46030623438633195,465,515
Sitamarhi (Bihar),West Jaintia Hills (Meghalaya),0.458131370610397,0.4659994482303278,0.007868077619930802,6,1,0.46015512907754447,103,400
Bishnupur (Manipur),Kanshiram Nagar (Uttar Pradesh),0.4995255315678477,0.5060999765066762,0.006574444938828472,1,6,0.45970886677607775,382,650
Raisen (Madhya Pradesh),Kozhikode (Kerala),0.6573568025912898,0.6576581655154256,0.0003013629241357396,4,3,0.45960791270485796,328,287
Fatehabad (Haryana),Wayanad (Kerala),0.6630335729374737,0.664723622448249,0.0016900495107753377,5,2,0.4594200851610347,176,293
Baleshwar (Odisha),Rajanna Sircilla (Telangana),0.6053449012511959,0.6062464932280808,0.0009015919768848857,5,0,0.4593363651666561,434,578
Karimnagar (Telangana),Sheopur (Madhya Pradesh),0.5475981040418536,0.5484446667520376,0.0008465627101840179,0,4,0.458998052999253,565,338
Bishnupur (Manipur),Chatra (Jharkhand),0.4995255315678477,0.5063817365684526,0.006856205000604965,1,6,0.4588874808365022,382,227
Majuli (Assam),Kannauj (Uttar Pradesh),0.5744798316089352,0.5773254205592606,0.002845588950325384,7,6,0.4588572817042397,59,647
Vikarabad (Telangana),South West Garo Hills (Meghalaya),0.5479012033304308,0.5481054420246365,0.00020423869420571616,0,7,0.45875763557754135,583,397
Una (Himachal Pradesh),Ashoknagar (Madhya Pradesh),0.5961232444868116,0.5963376316816799,0.00021438719486821523,2,4,0.4586268614672282,205,299
Damoh (Madhya Pradesh),Hardwar (Uttarakhand),0.5469188509812621,0.5495372676159836,0.00261841663472151,4,2,0.4586208063699101,308,601
Anantnag (Jammu Kashmir),Tikamgarh (Madhya Pradesh),0.6538426862441498,0.6547055535052939,0.0008628672611441512,5,4,0.4582825736490929,206,342
Sepahijala (Tripura),West Karbi Anglong (Assam),0.5189066129456256,0.5255371627386545,0.006630549793028906,7,1,0.4581540274073478,592,68
Gajapati (Odisha),Kurukshetra (Haryana),0.6347405200786133,0.636060898683751,0.0013203786051377842,4,2,0.4581035661979017,441,183
Etah (Uttar Pradesh),West Karbi Anglong (Assam),0.5222950252122243,0.5255371627386545,0.003242137526430211,6,1,0.45799750591282606,629,68
Kurnool (Andhra Pradesh),Lunglei (Mizoram),0.571122825156819,0.5732887556949391,0.0021659305381200866,0,7,0.457854906025952,8,406
Almora (Uttarakhand),Bundi (Rajasthan),0.6285802830659845,0.6286168360136178,3.655294763338368e-05,2,4,0.4576271370281482,596,496
East Khasi Hills (Meghalaya),Lakhisarai (Bihar),0.4814867384412738,0.4894797025960093,0.007992964154735493,1,6,0.45756218132841986,393,86
Farrukhabad (Uttar Pradesh),Majuli (Assam),0.5742050588067394,0.5744798316089352,0.0002747728021957885,6,7,0.4574105177040517,632,59
Jangoan (Telangana),Anuppur (Madhya Pradesh),0.5926687278242777,0.5931223722355016,0.00045364441122386356,0,4,0.4573313572109782,561,298
Prakasam (Andhra Pradesh),Kurung Kumey (Arunachal Pradesh),0.5272415241679326,0.5302289963683796,0.002987472200447039,0,1,0.45732715701017224,9,22
West Jaintia Hills (Meghalaya),Gonda (Uttar Pradesh),0.4659994482303278,0.4709809982053142,0.004981549974986399,1,6,0.45721510046486963,400,638
Kurukshetra (Haryana),Serchhip (Mizoram),0.636060898683751,0.638643624697326,0.0025827260135750096,2,7,0.4571813368032362,183,409
Wayanad (Kerala),Sambalpur (Odisha),0.664723622448249,0.6656495882211882,0.0009259657729392412,2,5,0.4571744799363946,293,459
Adilabad (Telangana),Sonitpur (Assam),0.5651792934410328,0.567253099795637,0.0020738063546041907,0,4,0.45711958285517623,557,64
East Kameng (Arunachal Pradesh),Saran (Bihar),0.4767095042178913,0.4840342345249289,0.0073247303070375636,1,6,0.4570986201925301,19,100
Khagaria (Bihar),West Siang (Arunachal Pradesh),0.4545752283944576,0.4694854112050682,0.014910182810610628,6,1,0.45702228310657855,84,35
Udaipur (Rajasthan),Nagapattinam (Tamil Nadu),0.6776798180299862,0.6782764307795313,0.0005966127495450335,4,3,0.4569592001854481,520,537
Koraput (Odisha),Dharwad (Karnataka),0.6471140409564717,0.6487172414165195,0.0016032004600478045,4,2,0.4568307102852331,451,263
Balrampur (Chhattisgarh),Fazilka (Punjab),0.5631711276629844,0.564729868314826,0.0015587406518415836,4,2,0.45683010484069464,109,471
Bhadrak (Odisha),Bangalore (Karnataka),0.6285018118600061,0.6300811667553162,0.0015793548953101366,5,2,0.4566578410072648,437,251
Wayanad (Kerala),Punch (Jammu Kashmir),0.664723622448249,0.6651183483437413,0.0003947258954922761,2,5,0.4565050420468215,293,218
Balrampur (Uttar Pradesh),Upper Siang (Arunachal Pradesh),0.4641294009089672,0.4733892492234017,0.009259848314434493,6,1,0.4563297487963354,618,32
Sahibzada Ajit Singh Nagar (Punjab),Anugul (Odisha),0.6161397656930043,0.6186095414613355,0.002469775768331184,2,5,0.4562708690208147,484,432
Dibang Valley (Arunachal Pradesh),Dhubri (Assam),0.5386126983562985,0.5412058523242063,0.002593153967907713,1,6,0.45623848259313343,18,45
Pakur (Jharkhand),Peren (Nagaland),0.478393435909428,0.4837855938453878,0.005392157935959763,6,1,0.45612000569095057,241,416
Guntur (Andhra Pradesh),Auraiya (Uttar Pradesh),0.6065078687009482,0.6072041356512282,0.0006962669502800223,0,4,0.45609221382859677,6,613
Kasaragod (Kerala),Punch (Jammu Kashmir),0.6639031527136265,0.6651183483437413,0.0012151956301147404,3,5,0.4560252757530039,284,218
Leh(Ladakh) (Ladakh),Dakshina Kannada (Karnataka),0.6562460253990136,0.6577802952461034,0.0015342698470898197,5,2,0.45590770533144925,295,261
Lohit (Arunachal Pradesh),Pune (Maharashtra),0.5676374043618468,0.5695950670503351,0.001957662688488293,1,2,0.45587601683698387,23,371
Alappuzha (Kerala),Tehri Garhwal (Uttarakhand),0.6160406437852519,0.6165700819796852,0.000529438194433296,3,4,0.45562685853059426,280,606
Udalguri (Assam),Bhagalpur (Bihar),0.4951517335090582,0.4992586742914566,0.004106940782398372,7,6,0.45559498743441684,67,74
Sheohar (Bihar),Dimapur (Nagaland),0.50769094255354,0.5081114525870024,0.0004205100334624401,6,1,0.45558100867853996,102,410
Jalpaiguri (West Bengal),Koraput (Odisha),0.6469286912935668,0.6471140409564717,0.00018534966290495447,5,4,0.45552042090471695,690,451
Muzaffarnagar (Uttar Pradesh),Pune (Maharashtra),0.5689726169262657,0.5695950670503351,0.0006224501240694735,4,2,0.45530490185553363,665,371
Unakoti (Tripura),West Siang (Arunachal Pradesh),0.4559023185494986,0.4694854112050682,0.013583092655569617,7,1,0.45518749455680313,594,35
Jaisalmer (Rajasthan),West District (Sikkim),0.623078430474004,0.6232654278072491,0.00018699733324512025,4,2,0.4551351911300756,505,524
Rae Bareli (Uttar Pradesh),Davanagere (Karnataka),0.5560668937765123,0.5585972364013564,0.002530342624844084,6,2,0.45511146676840575,669,262
East (NCT Delhi),Karauli (Rajasthan),0.6323810702518,0.6333875236079991,0.0010064533561990885,2,4,0.4550710610642018,422,510
Bhilwara (Rajasthan),Dindigul (Tamil Nadu),0.6554087422902692,0.6563707807486019,0.000962038458332648,4,3,0.45504075830333335,494,530
Chhota Udaipur (Gujarat),Chittoor (Andhra Pradesh),0.6207035388215992,0.6219657140314667,0.0012621752098674888,4,0,0.4550035777433607,147,4
Murshidabad (West Bengal),Ranga Reddy (Telangana),0.5824404339686596,0.5827242602756657,0.00028382630700607425,5,0,0.4549973614811753,694,579
Aurangabad (Bihar),Majuli (Assam),0.5722484621574054,0.5744798316089352,0.0022313694515297966,6,7,0.4549160177271888,71,59
Shahdara (NCT Delhi),Serchhip (Mizoram),0.637989054951261,0.638643624697326,0.0006545697460650368,2,7,0.4547855195102913,427,409
Bara Banki (Uttar Pradesh),Wokha (Nagaland),0.4597457585515782,0.4709428696451376,0.01119711109355942,6,1,0.4546755466414497,620,419
Shivpuri (Madhya Pradesh),West Tripura (Tripura),0.5935356273826384,0.5954541872001088,0.0019185598174703555,4,5,0.4546450326190177,339,595
Jajapur (Odisha),Thiruvananthapuram (Kerala),0.5858190871219754,0.5866864716453845,0.0008673845234090649,5,3,0.45460466394047666,444,291
Rajouri (Jammu Kashmir),Malkangiri (Odisha),0.6312659493581732,0.6329132713385566,0.0016473219803834205,5,4,0.4543500110956687,219,452
Tawang (Arunachal Pradesh),Palamu (Jharkhand),0.5501315805475238,0.5525409638784444,0.002409383330920667,1,6,0.4542501456944352,30,242
Gomati (Tripura),Budaun (Uttar Pradesh),0.5204900628753547,0.5260500529395137,0.005559990064158971,7,6,0.45414626036367844,589,624
Jaisalmer (Rajasthan),Kangra (Himachal Pradesh),0.623078430474004,0.6274784395330102,0.004400009059006171,4,2,0.45413540842229827,505,197
Umaria (Madhya Pradesh),West Godavari (Andhra Pradesh),0.6169268510101494,0.6194504564679654,0.002523605457815936,4,0,0.4539074209449748,344,14
Rohtas (Bihar),North  & Middle Andaman (Andaman Nicobar Islands),0.6041891557543503,0.6045210868167618,0.0003319310624114724,6,2,0.4536752291733224,97,1
Gumla (Jharkhand),Gorakhpur (Uttar Pradesh),0.5889571828866778,0.5908708384969082,0.0019136556102304914,4,7,0.4535494060425922,234,639
Ghazipur (Uttar Pradesh),East District (Sikkim),0.5536223653330554,0.5538036820689684,0.00018131673591292863,6,2,0.45351536243206547,637,521
Ernakulam (Kerala),Jalpaiguri (West Bengal),0.6464996536428517,0.6469286912935668,0.0004290376507151139,3,5,0.4534242921240855,281,690
Kollam (Kerala),Ganjam (Odisha),0.6221299737357758,0.6241511160919777,0.002021142356201877,3,5,0.4533503007933193,285,442
Peddapalli (Telangana),Rayagada (Odisha),0.5984637429472833,0.5997608321426621,0.0012970891953787422,0,4,0.4533275575618083,577,458
Jajapur (Odisha),Sangrur (Punjab),0.5858190871219754,0.5878076622903983,0.001988575168422879,5,2,0.45325491865478695,444,485
Sonitpur (Assam),Gurdaspur (Punjab),0.567253099795637,0.5683227904888595,0.0010696906932224914,4,2,0.4531126750749133,64,473
Uttar Bastar Kanker (Chhattisgarh),Coimbatore (Tamil Nadu),0.6822053866926029,0.6833960409683376,0.001190654275734726,4,3,0.4528787688090226,133,527
Rajgarh (Madhya Pradesh),Bongaigaon (Assam),0.570085542097446,0.5717806394521604,0.0016950973547144033,4,7,0.45283964769264806,329,39
Barmer (Rajasthan),Indore (Madhya Pradesh),0.6927151750740909,0.6989253175521543,0.006210142478063396,4,5,0.45258344990616056,492,317
Serchhip (Mizoram),Krishna (Andhra Pradesh),0.638643624697326,0.6395760867528305,0.0009324620555044572,7,0,0.4525693417813759,409,7
Madhubani (Bihar),Imphal East (Manipur),0.4842742490002918,0.4942096667997809,0.009935417799489088,6,7,0.4525535827448912,88,385
Siang (Arunachal Pradesh),Nawada (Bihar),0.5304785600492571,0.5350840539913876,0.004605493942130501,1,6,0.4525374539510564,29,92
Patna (Bihar),Churachandpur (Manipur),0.4883729469882428,0.4906062791219083,0.0022333321336655,6,1,0.4524983231562572,94,384
Etah (Uttar Pradesh),South West Khasi Hills (Meghalaya),0.5222950252122243,0.5267737765365229,0.0044787513242986465,6,1,0.45247136241928704,629,398
Pakur (Jharkhand),South Tripura (Tripura),0.478393435909428,0.4785536542915121,0.00016021838208407635,6,7,0.4524290475812133,241,593
Bikaner (Rajasthan),Namakkal (Tamil Nadu),0.6472063448984126,0.6502132158350205,0.003006870936607897,4,3,0.45242391089480805,495,538
Hamirpur (Himachal Pradesh),Mandsaur (Madhya Pradesh),0.6099047333749509,0.6116717142689331,0.0017669808939821952,2,4,0.45238696848380344,196,323
Farrukhabad (Uttar Pradesh),Siddipet (Telangana),0.5742050588067394,0.576072279100407,0.001867220293667593,6,0,0.4522637865253135,632,581
Mandsaur (Madhya Pradesh),Jalandhar (Punjab),0.6116717142689331,0.6130699049484553,0.0013981906795221821,4,2,0.4521454905543885,323,475
Ernakulam (Kerala),Dharwad (Karnataka),0.6464996536428517,0.6487172414165195,0.002217587773667873,3,2,0.4521140027435694,281,263
Kurung Kumey (Arunachal Pradesh),Sant Ravidas Nagar (Bhadohi) (Uttar Pradesh),0.5302289963683796,0.5326946214173487,0.002465625048969078,1,6,0.45191985576011595,22,674
Hyderabad (Telangana),Mainpuri (Uttar Pradesh),0.5669547946838788,0.568895289905888,0.0019404952220092309,0,6,0.4518331259883279,559,659
Chhota Udaipur (Gujarat),Anantapur (Andhra Pradesh),0.6207035388215992,0.6223885849222722,0.0016850461006729933,4,0,0.4515809459283217,147,3
Ribhoi (Meghalaya),Siddharthnagar (Uttar Pradesh),0.5364926014562134,0.5375449361791741,0.001052334722960735,1,6,0.4514524637961332,395,678
Ramgarh (Jharkhand),Amritsar (Punjab),0.5745180989667685,0.5777086174221775,0.003190518455408964,4,2,0.45139825832625347,245,466
Mungeli (Chhattisgarh),North East (NCT Delhi),0.6157970188732744,0.6172840239674537,0.0014870050941793167,4,2,0.451396249189157,125,425
Firozpur (Punjab),Washim (Maharashtra),0.5910315228096771,0.5926017436373497,0.0015702208276726637,2,7,0.45130979984312813,472,380
Upper Siang (Arunachal Pradesh),Madhepura (Bihar),0.4733892492234017,0.4827319548210683,0.00934270559766659,1,6,0.45128572877192735,32,87
Lawngtlai (Mizoram),Bathinda (Punjab),0.4967239660613096,0.5030129093362417,0.006288943274932068,1,2,0.451136784851609,405,468
Medchal-Malkajgiri (Telangana),Surguja (Chhattisgarh),0.5867265015754589,0.5889599782204821,0.002233476645023158,2,4,0.45106415328393923,572,132
Kollam (Kerala),Gwalior (Madhya Pradesh),0.6221299737357758,0.6248120134884311,0.002682039752655241,3,4,0.4510133946622595,285,314
Hoshiarpur (Punjab),Gariyaband (Chhattisgarh),0.6403501064554179,0.6435378299529959,0.00318772349757801,2,4,0.45076020234334147,474,117
Thane (Maharashtra),Auraiya (Uttar Pradesh),0.6060805519057342,0.6072041356512282,0.001123583745494039,2,4,0.450750706165277,378,613
Medak (Telangana),Biswanath (Assam),0.554214999427319,0.5575263722900157,0.003311372862696671,0,4,0.45059709073703874,571,38
Firozabad (Uttar Pradesh),West Karbi Anglong (Assam),0.5217873282145864,0.5255371627386545,0.003749834524068074,6,1,0.4505276291561916,634,68
Kaimur (Bhabua) (Bihar),Yadadri Bhuvanagiri (Telangana),0.6024071008423451,0.6035883429853836,0.0011812421430384967,6,0,0.4504061777356885,82,587
Thane (Maharashtra),Kolasib (Mizoram),0.6060805519057342,0.607309295112654,0.0012287432069197912,2,7,0.4500920235714063,378,404
Kaushambi (Uttar Pradesh),Mau (Uttar Pradesh),0.5641762441493862,0.5644118617753939,0.00023561762600776692,6,7,0.449877848130132,651,661
Jangoan (Telangana),Reasi (Jammu Kashmir),0.5926687278242777,0.5946484721103774,0.001979744286099705,0,4,0.44979764369023345,561,221
Balod (Chhattisgarh),Mumbai (Maharashtra),0.6930503463140847,0.6942391974004617,0.0011888510863770074,4,2,0.4497802486815616,107,362
West District (Sikkim),Agar Malwa (Madhya Pradesh),0.6232654278072491,0.6234978310036305,0.00023240319638140328,2,4,0.4494699794356481,524,296
Rajouri (Jammu Kashmir),South East (NCT Delhi),0.6312659493581732,0.6327976205307947,0.0015316711726215404,5,2,0.4493178773964155,219,429
Khagaria (Bihar),West Jaintia Hills (Meghalaya),0.4545752283944576,0.4659994482303278,0.01142421983587022,6,1,0.4490601020004759,84,400
Kurung Kumey (Arunachal Pradesh),Panna (Madhya Pradesh),0.5302289963683796,0.5303739551013725,0.00014495873299291695,1,6,0.4490369007353541,22,327
Faizabad (Uttar Pradesh),Bastar (Chhattisgarh),0.5278389324405923,0.5290143249667706,0.001175392526178265,7,6,0.4490300578873367,631,110
Kendujhar (Odisha),Aligarh (Uttar Pradesh),0.563255100777122,0.5650034088490047,0.0017483080718826427,4,6,0.4489546963581665,449,610
Medchal-Malkajgiri (Telangana),Dibrugarh (Assam),0.5867265015754589,0.5882560169811148,0.0015295154056559346,2,7,0.4486444557335403,572,46
Agar Malwa (Madhya Pradesh),Kangra (Himachal Pradesh),0.6234978310036305,0.6274784395330102,0.003980608529379648,4,2,0.44847019672787075,296,197
Sahibganj (Jharkhand),Anjaw (Arunachal Pradesh),0.4915194029001076,0.4940652955960629,0.0025458926959552874,6,1,0.4482803251913527,247,16
South District (Sikkim),Kaimur (Bhabua) (Bihar),0.6006029378417962,0.6024071008423451,0.001804163000548864,2,6,0.44816085509027864,523,82
Banka (Bihar),West Kameng (Arunachal Pradesh),0.5177529632511803,0.5179377912186482,0.00018482796746799313,6,1,0.44808154911759907,72,34
Debagarh (Odisha),Yamunanagar (Haryana),0.6327405043885695,0.6336475291191307,0.0009070247305611456,5,2,0.4479092421843695,439,193
Vikarabad (Telangana),Barpeta (Assam),0.5479012033304308,0.5499646557508951,0.002063452420464351,0,7,0.44785108325680556,583,37
Belgaum (Karnataka),Serchhip (Mizoram),0.6363872598128987,0.638643624697326,0.0022563648844273754,5,7,0.4478462099803417,253,409
Golaghat (Assam),Ranga Reddy (Telangana),0.5800115265110577,0.5827242602756657,0.0027127337646080107,7,0,0.447736977969575,49,579
Thiruvallur (Tamil Nadu),Rajsamand (Rajasthan),0.6333530290858472,0.6362940658274208,0.002941036741573533,3,4,0.4477172153978482,547,515
Mamit (Mizoram),Central (NCT Delhi),0.6054204224032614,0.6067907197888455,0.0013702973855840295,7,2,0.44767070453760655,407,421
Kolasib (Mizoram),Saharanpur (Uttar Pradesh),0.607309295112654,0.6080198646540442,0.0007105695413902602,7,4,0.4475944363128499,404,671
Upper Siang (Arunachal Pradesh),Unnao (Uttar Pradesh),0.4733892492234017,0.4779280505564382,0.004538801333036524,1,6,0.4472460070461479,32,682
West Godavari (Andhra Pradesh),Chhota Udaipur (Gujarat),0.6194504564679654,0.6207035388215992,0.0012530823536338609,0,4,0.4471558101354441,14,147
Patiala (Punjab),Pathanamthitta (Kerala),0.5977967283070281,0.5994602522678962,0.0016635239608681074,2,3,0.44713420990432745,482,290
Bara Banki (Uttar Pradesh),West Jaintia Hills (Meghalaya),0.4597457585515782,0.4659994482303278,0.006253689678749619,6,1,0.447132772850286,620,400
Khunti (Jharkhand),Ambedkar Nagar (Uttar Pradesh),0.5511237895829644,0.5531140838949603,0.0019902943119959327,6,7,0.44694815786575454,237,611
Majuli (Assam),Sagar (Madhya Pradesh),0.5744798316089352,0.5747277097960336,0.0002478781870983715,7,4,0.44681182775236294,59,332
Sant Ravidas Nagar (Bhadohi) (Uttar Pradesh),North Tripura (Tripura),0.5326946214173487,0.5336544757117031,0.0009598542943544119,6,7,0.44677485031473524,674,591
Bastar (Chhattisgarh),Darrang (Assam),0.5290143249667706,0.5314317022286554,0.0024173772618848455,6,7,0.4466188733778303,110,43
Mumbai (Maharashtra),Shupiyan (Jammu Kashmir),0.6942391974004617,0.6974771003573876,0.003237902956925942,2,5,0.4464203867431872,362,223
Mirzapur (Uttar Pradesh),Damoh (Madhya Pradesh),0.5451979966385901,0.5469188509812621,0.0017208543426719958,6,4,0.44597720503631455,663,308
Gomati (Tripura),South West Khasi Hills (Meghalaya),0.5204900628753547,0.5267737765365229,0.0062837136611682,7,1,0.4459611372605729,589,398
Sidhi (Madhya Pradesh),North  District (Sikkim),0.5766409144948892,0.5783870304215633,0.0017461159266740633,4,2,0.4459439121280047,340,522
Surat (Gujarat),Seoni (Madhya Pradesh),0.6619160801173338,0.6639191862913322,0.002003106173998348,2,4,0.445922039461499,166,335
Ranchi (Jharkhand),Pathanamthitta (Kerala),0.5981788579122136,0.5994602522678962,0.0012813943556826413,4,3,0.44590648814814715,246,290
Cachar (Assam),Nalanda (Bihar),0.517274294156777,0.5188020120820503,0.0015277179252733974,7,6,0.44588195170287925,40,91
Jogulamba Gadwal (Telangana),Vadodara (Gujarat),0.5991838182749398,0.6011030397164948,0.0019192214415549858,0,2,0.4458458506945612,563,170
Anugul (Odisha),Ambala (Haryana),0.6186095414613355,0.6194921540666987,0.0008826126053631533,5,2,0.4458137987968078,432,172
Mamit (Mizoram),Guntur (Andhra Pradesh),0.6054204224032614,0.6065078687009482,0.001087446297686756,7,0,0.4458057593606845,407,6
Kendujhar (Odisha),Mau (Uttar Pradesh),0.563255100777122,0.5644118617753939,0.0011567609982718885,4,7,0.4457555608275921,449,661
Khowai (Tripura),Kanpur Dehat (Uttar Pradesh),0.5359437239712328,0.5391235386623688,0.0031798146911360403,7,6,0.4456374090764188,590,648
Garhwa (Jharkhand),Gomati (Tripura),0.5127357461516312,0.5204900628753547,0.007754316723723509,6,7,0.4454464960750688,231,589
Y.S.R. (Andhra Pradesh),Rajouri (Jammu Kashmir),0.6285320769238938,0.6312659493581732,0.0027338724342793608,0,5,0.4453340325029901,15,219
East Godavari (Andhra Pradesh),Karbi Anglong (Assam),0.5215152868899147,0.5215994636543398,8.417676442518118e-05,0,1,0.4452994105824441,5,55
Mainpuri (Uttar Pradesh),Charaideo (Assam),0.568895289905888,0.571223461969406,0.002328172063517986,6,7,0.44523029119166735,659,41
East Kameng (Arunachal Pradesh),Unnao (Uttar Pradesh),0.4767095042178913,0.4779280505564382,0.0012185463385468998,1,6,0.4451856902641407,19,682
Shimoga (Karnataka),The Dangs (Gujarat),0.6410490550646011,0.642118183977856,0.0010691289132549464,2,4,0.44515080217976627,275,169
Purba Barddhaman (West Bengal),Khammam (Telangana),0.5940871147200499,0.5953169286270836,0.0012298139070336944,5,0,0.4451476940486738,699,566
Barnala (Punjab),Rae Bareli (Uttar Pradesh),0.554954896489869,0.5560668937765123,0.0011119972866433514,2,6,0.4449328115617789,467,669
Yadadri Bhuvanagiri (Telangana),Baleshwar (Odisha),0.6035883429853836,0.6053449012511959,0.0017565582658123358,0,5,0.44489551398866767,587,434
Punch (Jammu Kashmir),Durg (Chhattisgarh),0.6651183483437413,0.666493452848441,0.0013751045046996868,5,2,0.44488964960242217,218,116
Chandauli (Uttar Pradesh),Pune (Maharashtra),0.5661051006235265,0.5695950670503351,0.003489966426808655,6,2,0.4448342469300116,626,371
Pauri Garhwal (Uttarakhand),Surajpur (Chhattisgarh),0.5718034389962683,0.5718091047711443,5.665774876040253e-06,1,4,0.444712526466707,603,131
Kolasib (Mizoram),Udhampur (Jammu Kashmir),0.607309295112654,0.607742250818872,0.00043295570621804114,7,5,0.4446419658496708,404,225
Simdega (Jharkhand),Nalbari (Assam),0.5447764826530025,0.545101444209938,0.0003249615569355102,6,7,0.44459760752546873,249,62
Jhunjhunun (Rajasthan),Mahe (Puducherry),0.6721154741779097,0.6756286015987577,0.0035131274208479724,4,3,0.4445552042866055,508,463
Dhar (Madhya Pradesh),Shahdara (NCT Delhi),0.6367391697457714,0.637989054951261,0.0012498852054896314,4,2,0.44435203223401176,311,427
Ganderbal (Jammu Kashmir),Saraikela-Kharsawan (Jharkhand),0.6156180406859235,0.616462481401611,0.0008444407156874556,5,4,0.44432677867890696,211,248
North West (NCT Delhi),Mainpuri (Uttar Pradesh),0.5674274907317932,0.568895289905888,0.001467799174094786,2,6,0.44432056241672135,426,659
Thrissur (Kerala),Etawah (Uttar Pradesh),0.5967346497432651,0.5991590993117487,0.0024244495684836442,3,4,0.44420755510853016,292,630
Lohit (Arunachal Pradesh),Muktsar (Punjab),0.5676374043618468,0.5710787043728279,0.0034413000109810854,1,2,0.44407625510027415,23,480
Saharsa (Bihar),Phek (Nagaland),0.4611627370353748,0.4692135606060261,0.008050823570651289,6,1,0.4438425027152716,98,417
North Twenty Four Parganas (West Bengal),Jalor (Rajasthan),0.6495079996058462,0.650813399697259,0.0013054000914128894,5,4,0.4438393986147099,696,506
Theni (Tamil Nadu),Ajmer (Rajasthan),0.6665377207232718,0.6690956335432382,0.0025579128199664236,3,4,0.443835517108671,545,488
Nalbari (Assam),Damoh (Madhya Pradesh),0.545101444209938,0.5469188509812621,0.001817406771324137,7,4,0.4438062751384103,62,308
Thrissur (Kerala),Patiala (Punjab),0.5967346497432651,0.5977967283070281,0.001062078563763058,3,2,0.44374054474595653,292,482
West Tripura (Tripura),Ashoknagar (Madhya Pradesh),0.5954541872001088,0.5963376316816799,0.0008834444815710718,5,4,0.44371555204040525,595,299
Supaul (Bihar),Udalguri (Assam),0.4923175982408317,0.4951517335090582,0.002834135268226512,6,7,0.4436598699431221,105,67
Uttar Bastar Kanker (Chhattisgarh),Nagpur (Maharashtra),0.6822053866926029,0.6912908903648683,0.00908550367226546,4,2,0.4436350851745073,133,364
Ernakulam (Kerala),Samba (Jammu Kashmir),0.6464996536428517,0.6480853208768629,0.0015856672340112121,3,5,0.44350623935204025,281,222
Kolasib (Mizoram),Bandipore (Jammu Kashmir),0.607309295112654,0.6093950728107065,0.0020857776980525156,7,5,0.44339567962687076,404,208
Latehar (Jharkhand),South Garo Hills (Meghalaya),0.5596472793810376,0.5612785669142928,0.0016312875332551435,6,7,0.4433823504339863,239,396
Mahe (Puducherry),Rajnandgaon (Chhattisgarh),0.6756286015987577,0.6776303631458038,0.0020017615470461214,3,4,0.4431764999367751,463,129
Theni (Tamil Nadu),Kabeerdham (Chhattisgarh),0.6665377207232718,0.6700124120226517,0.0034746912993799395,3,4,0.4428043569597729,545,120
Dibang Valley (Arunachal Pradesh),Sonbhadra (Uttar Pradesh),0.5386126983562985,0.5417565046860109,0.0031438063297123398,1,6,0.4426882054127183,18,680
Barnala (Punjab),Biswanath (Assam),0.554954896489869,0.5575263722900157,0.0025714758001467164,2,4,0.4426015363213822,467,38
Thrissur (Kerala),Ranchi (Jharkhand),0.5967346497432651,0.5981788579122136,0.0014442081689485242,3,4,0.44251282298977623,292,246
Kendujhar (Odisha),Thoubal (Manipur),0.563255100777122,0.563687279589779,0.00043217881265700253,4,1,0.4424971430691161,449,389
Sheohar (Bihar),East Jantia Hills (Meghalaya),0.50769094255354,0.5106691366187847,0.002978194065244688,6,1,0.4423940670973165,102,392
Leh(Ladakh) (Ladakh),Madurai (Tamil Nadu),0.6562460253990136,0.65904785506923,0.0028018296702164713,5,3,0.4419954506278296,295,536
Guntur (Andhra Pradesh),Nainital (Uttarakhand),0.6065078687009482,0.607182602777582,0.0006747340766337651,0,2,0.44184952727998417,6,602
Kollam (Kerala),Janjgir - Champa (Chhattisgarh),0.6221299737357758,0.6241594031066753,0.0020294293708994493,3,4,0.4418012278119924,285,118
Hamirpur (Uttar Pradesh),Shimoga (Karnataka),0.6403719531105257,0.6410490550646011,0.000677101954075332,4,2,0.44173438662691283,640,275
Kanpur Nagar (Uttar Pradesh),Wanaparthy (Telangana),0.6079488918282793,0.6096012702500649,0.0016523784217856718,7,0,0.4415986762649159,649,584
Champhai (Mizoram),Bhiwani (Haryana),0.6485637777845585,0.6507866303457372,0.002222852561178712,7,4,0.44156802992528454,403,173
Una (Himachal Pradesh),Jayashankar Bhupalapally (Telangana),0.5961232444868116,0.5964416140723767,0.00031836958556508144,2,0,0.44152936971746226,205,562
Siang (Arunachal Pradesh),Dhanbad (Jharkhand),0.5304785600492571,0.5316050793444621,0.0011265192952050196,1,6,0.4415136779561789,29,229
Bikaner (Rajasthan),Champhai (Mizoram),0.6472063448984126,0.6485637777845585,0.0013574328861459817,4,7,0.44148223086317184,495,403
Alappuzha (Kerala),Gurgaon (Haryana),0.6160406437852519,0.6181459008413983,0.0021052570561463924,3,7,0.44144484000125395,280,177
Shivpuri (Madhya Pradesh),Ratnagiri (Maharashtra),0.5935356273826384,0.595614688959889,0.002079061577250574,4,2,0.44141954574977416,339,373
Dibang Valley (Arunachal Pradesh),Jehanabad (Bihar),0.5386126983562985,0.5413493679082522,0.002736669551953619,1,6,0.44141295167437294,18,81
Lower Dibang Valley (Arunachal Pradesh),Muktsar (Punjab),0.5682285493792836,0.5710787043728279,0.0028501549935443515,1,2,0.441313106088965,25,480
Saran (Bihar),Churachandpur (Manipur),0.4840342345249289,0.4906062791219083,0.0065720445969794095,6,1,0.4410070536103458,100,384
Tapi (Gujarat),Hoshiarpur (Punjab),0.6390642053517559,0.6403501064554179,0.0012859011036620016,5,2,0.44095098869880406,168,474
Ambedkar Nagar (Uttar Pradesh),East District (Sikkim),0.5531140838949603,0.5538036820689684,0.0006895981740080437,7,2,0.4409010387327753,611,521
Banswara (Rajasthan),Uttara Kannada (Karnataka),0.6315079571694711,0.6332133153387611,0.0017053581692900721,4,2,0.4408211228875636,490,278
Kishtwar (Jammu Kashmir),Serchhip (Mizoram),0.6377669555359491,0.638643624697326,0.0008766691613769639,5,7,0.4407330687126264,214,409
Dantewada (Chhattisgarh),Nalgonda (Telangana),0.6140094516315161,0.6146733360275944,0.0006638843960783403,4,0,0.4407287745179811,114,574
Kanpur Dehat (Uttar Pradesh),Bilaspur (Chhattisgarh),0.5391235386623688,0.5416005733462879,0.0024770346839190216,6,7,0.4407110212946216,648,113
Amravati (Maharashtra),Udaipur (Rajasthan),0.676065935631186,0.6776798180299862,0.001613882398800226,5,4,0.44064418499363356,348,520
Thoubal (Manipur),Mau (Uttar Pradesh),0.563687279589779,0.5644118617753939,0.000724582185614886,1,7,0.44058317319986406,389,661
Dakshin Dinajpur (West Bengal),Koraput (Odisha),0.6451161454710429,0.6471140409564717,0.0019978954854288355,5,4,0.4402709941154337,686,451
Ranga Reddy (Telangana),Gulbarga (Karnataka),0.5827242602756657,0.5829106810601363,0.00018642078447062005,0,7,0.4402111702433425,579,265
Longding (Arunachal Pradesh),Patna (Bihar),0.477430213863294,0.4883729469882428,0.010942733124948811,1,6,0.4401004598955286,24,94
Guna (Madhya Pradesh),Sonipat (Haryana),0.6425255792124699,0.643564758826162,0.0010391796136921538,4,5,0.43996605430292623,313,192
South Garo Hills (Meghalaya),Suryapet (Telangana),0.5612785669142928,0.5637627059031259,0.002484138988833151,7,0,0.439879885968381,396,582
Alirajpur (Madhya Pradesh),Bhadradri Kothagudem (Telangana),0.6036400618582448,0.6048108615457032,0.0011707996874583682,4,0,0.43979686199207657,297,558
Auraiya (Uttar Pradesh),Wanaparthy (Telangana),0.6072041356512282,0.6096012702500649,0.0023971345988367254,4,0,0.4397324868023278,613,584
Udupi (Karnataka),Kishtwar (Jammu Kashmir),0.6354611671951724,0.6377669555359491,0.00230578834077666,2,5,0.4396558576821441,277,214
Longleng (Nagaland),Bara Banki (Uttar Pradesh),0.4418840806834486,0.4597457585515782,0.01786167786812959,1,6,0.43952278426237895,413,620
Mayurbhanj (Odisha),Sawai Madhopur (Rajasthan),0.5530306583911615,0.553035693677917,5.035286755550317e-06,4,6,0.43941978468188914,453,516
Tawang (Arunachal Pradesh),Sawai Madhopur (Rajasthan),0.5501315805475238,0.553035693677917,0.0029041131303932932,1,6,0.4393941746349244,30,516
Mahasamund (Chhattisgarh),Kargil (Ladakh),0.6652297253092238,0.6663023673043793,0.0010726419951555544,4,5,0.4393291532244227,124,294
Reasi (Jammu Kashmir),Khammam (Telangana),0.5946484721103774,0.5953169286270836,0.0006684565167062173,4,0,0.4393051900729764,221,566
Nizamabad (Telangana),Jajapur (Odisha),0.5845496519564554,0.5858190871219754,0.0012694351655200276,0,5,0.4393049343964348,576,444
Kishtwar (Jammu Kashmir),Salem (Tamil Nadu),0.6377669555359491,0.6400386946519365,0.0022717391159874367,5,3,0.4392560998621491,214,542
Rajanna Sircilla (Telangana),Nainital (Uttarakhand),0.6062464932280808,0.607182602777582,0.0009361095495011851,0,2,0.43922678925734804,578,602
Jagitial (Telangana),Jajapur (Odisha),0.583164001485113,0.5858190871219754,0.002655085636862342,0,5,0.43921880228903765,560,444
Palamu (Jharkhand),Changlang (Arunachal Pradesh),0.5525409638784444,0.5558792580936791,0.003338294215234683,6,1,0.43876691621056507,242,17
Murshidabad (West Bengal),Warangal Urban (Telangana),0.5824404339686596,0.5829968706114199,0.0005564366427602829,5,0,0.43872065843121055,694,586
Sahibganj (Jharkhand),Dhule (Maharashtra),0.4915194029001076,0.4960445576865314,0.004525154786423791,6,7,0.438661087886275,247,354
Kodarma (Jharkhand),Mayurbhanj (Odisha),0.550768549203547,0.5530306583911615,0.0022621091876144916,6,4,0.43862938359506753,238,453
Kamrup Metropolitan (Assam),Sambhal (Uttar Pradesh),0.5423008528057629,0.5446361487770857,0.0023352959713227595,7,6,0.4385732592651575,54,672
Hoshiarpur (Punjab),Hamirpur (Uttar Pradesh),0.6403501064554179,0.6403719531105257,2.184665510784889e-05,2,4,0.43841619793601505,474,640
Singrauli (Madhya Pradesh),Aurangabad (Maharashtra),0.5587882810878021,0.5621463260099421,0.00335804492213998,4,7,0.43824946749976734,341,349
Salem (Tamil Nadu),The Dangs (Gujarat),0.6400386946519365,0.642118183977856,0.0020794893259195035,3,4,0.4381394905970794,542,169
Darbhanga (Bihar),East Kameng (Arunachal Pradesh),0.4661683851787622,0.4767095042178913,0.010541119039129132,6,1,0.4379533965871112,77,19
Jalandhar (Punjab),Sundargarh (Odisha),0.6130699049484553,0.6131270363793185,5.7131430863277544e-05,2,4,0.43790973124156013,475,461
North East (NCT Delhi),Bhind (Madhya Pradesh),0.6172840239674537,0.6199374051710351,0.002653381203581384,2,7,0.4378810942748882,425,303
Jalgaon (Maharashtra),Bastar (Chhattisgarh),0.5246538949473816,0.5290143249667706,0.004360430019389017,7,6,0.43782145974451575,358,110
Warangal Rural (Telangana),Sultanpur (Uttar Pradesh),0.570568881862589,0.5729014577031063,0.0023325758405172703,0,7,0.4378136109540472,585,681
North West (NCT Delhi),Kushinagar (Uttar Pradesh),0.5674274907317932,0.5706893182748405,0.0032618275430472687,2,6,0.4377430195021127,426,653
Anantapur (Andhra Pradesh),Mandla (Madhya Pradesh),0.6223885849222722,0.62609748852888,0.003708903606607805,0,4,0.43763513047706754,3,322
Faridabad (Haryana),Bhadrak (Odisha),0.6280220129038697,0.6285018118600061,0.000479798956136368,2,5,0.43754899836967065,175,437
Gulbarga (Karnataka),Warangal Urban (Telangana),0.5829106810601363,0.5829968706114199,8.618955128358863e-05,7,0,0.4373835570853694,265,586
Hailakandi (Assam),Chitrakoot (Uttar Pradesh),0.5251338123791034,0.5291994636069064,0.004065651227803002,7,6,0.43731065374583455,50,627
Simdega (Jharkhand),Jorhat (Assam),0.5447764826530025,0.5472981929659047,0.002521710312902159,6,7,0.437254200037564,249,52
Tumkur (Karnataka),Nabarangapur (Odisha),0.6511404979410191,0.6545489398542632,0.0034084419132440757,2,4,0.4369647224044464,276,454
Khowai (Tripura),Gopalganj (Bihar),0.5359437239712328,0.5362337537959717,0.00029002982473891326,7,6,0.4369521620166887,590,79
Barpeta (Assam),Mayurbhanj (Odisha),0.5499646557508951,0.5530306583911615,0.003066002640266352,7,4,0.4368748209369733,37,453
Chamoli (Uttarakhand),Neemuch (Madhya Pradesh),0.6547754728472361,0.6558120357989872,0.00103656295175103,5,4,0.43665910037783906,598,326
Hailakandi (Assam),Bastar (Chhattisgarh),0.5251338123791034,0.5290143249667706,0.0038805125876671953,7,6,0.4366539704857655,50,110
West Tripura (Tripura),Patiala (Punjab),0.5954541872001088,0.5977967283070281,0.002342541106919338,5,2,0.43664229506530766,595,482
North Garo Hills (Meghalaya),Purba Champaran (Bihar),0.4274420354226927,0.4290897701054852,0.001647734682792501,1,6,0.4363521228624978,394,95
Hailakandi (Assam),Sitapur (Uttar Pradesh),0.5251338123791034,0.5284076577028505,0.003273845323747082,7,6,0.43634903067325814,50,679
Dehradun (Uttarakhand),Dhar (Madhya Pradesh),0.634393282867484,0.6367391697457714,0.0023458868782874065,2,4,0.4363440336604024,600,311
Hugli (West Bengal),Pathanamthitta (Kerala),0.5984410606319169,0.5994602522678962,0.0010191916359792996,5,3,0.43632913107527316,689,290
Wayanad (Kerala),Bargarh (Odisha),0.664723622448249,0.6658288908547175,0.001105268406468518,2,5,0.4361494118857207,293,435
Kodagu (Karnataka),Karauli (Rajasthan),0.6315701594035719,0.6333875236079991,0.001817364204427241,2,4,0.43601415175760805,268,510
Gandhinagar (Gujarat),Kodarma (Jharkhand),0.5502123349037776,0.550768549203547,0.0005562142997693753,7,6,0.43596451771287553,150,238
Ahmedabad (Gujarat),Shahdol (Madhya Pradesh),0.6115122730563761,0.613022289944981,0.0015100168886048593,7,4,0.4358916604414349,139,336
Chhatarpur (Madhya Pradesh),Lunglei (Mizoram),0.5731641908146796,0.5732887556949391,0.0001245648802594701,6,7,0.4358073829281902,306,406
South West Khasi Hills (Meghalaya),Hardoi (Uttar Pradesh),0.5267737765365229,0.5299301064663668,0.0031563299298439373,1,6,0.4355613129237019,398,642
Dadra & Nagar Haveli (Dadra Nagar Haveli Daman Diu),Karaikal (Puducherry),0.6684957340399668,0.6705526372558456,0.0020569032158788136,5,3,0.4354169852212154,134,462
Karimganj (Assam),Amethi (Uttar Pradesh),0.5634455590931304,0.564625514693985,0.0011799556008545986,7,6,0.4353858405112303,56,612
Lakhimpur (Assam),Thrissur (Kerala),0.5951017091141261,0.5967346497432651,0.0016329406291389903,4,3,0.4351938138299337,58,292
West Karbi Anglong (Assam),Hardoi (Uttar Pradesh),0.5255371627386545,0.5299301064663668,0.004392943727712373,1,6,0.43518865488656355,68,642
Jalna (Maharashtra),Budaun (Uttar Pradesh),0.5228645559096242,0.5260500529395137,0.0031854970298894614,7,6,0.43510179291583306,359,624
Medchal-Malkajgiri (Telangana),Jalaun (Uttar Pradesh),0.5867265015754589,0.5889928583982545,0.0022663568227956343,2,6,0.43504895468725835,572,643
Damoh (Madhya Pradesh),Vikarabad (Telangana),0.5469188509812621,0.5479012033304308,0.000982352349168658,4,0,0.4350205863369243,308,583
Kurung Kumey (Arunachal Pradesh),Bharuch (Gujarat),0.5302289963683796,0.5327067347321826,0.0024777383638029393,1,7,0.43478006401682745,22,144
Salem (Tamil Nadu),Hamirpur (Uttar Pradesh),0.6400386946519365,0.6403719531105257,0.0003332584585892251,3,4,0.43472307504422597,542,640
Champhai (Mizoram),Chikkaballapura (Karnataka),0.6485637777845585,0.6497969279950385,0.001233150210479983,7,2,0.43445792762366287,403,258
South Andaman (Andaman Nicobar Islands),Kaithal (Haryana),0.6493700005635843,0.6506589101834515,0.0012889096198671623,2,5,0.43437764120478195,2,181
Jodhpur (Rajasthan),Kasaragod (Kerala),0.6635177450603194,0.6639031527136265,0.0003854076533071904,4,3,0.43429092468172503,509,284
Champhai (Mizoram),Khargone (West Nimar) (Madhya Pradesh),0.6485637777845585,0.6500240629798173,0.0014602851952587592,7,4,0.43412162712058416,403,321
Nalgonda (Telangana),Umaria (Madhya Pradesh),0.6146733360275944,0.6169268510101494,0.002253514982554994,0,4,0.4338741864946255,574,344
South West Khasi Hills (Meghalaya),Sitapur (Uttar Pradesh),0.5267737765365229,0.5284076577028505,0.0016338811663275665,1,6,0.43327452910126585,398,679
Central (NCT Delhi),Kolasib (Mizoram),0.6067907197888455,0.607309295112654,0.0005185753238085011,2,7,0.43321043493799916,421,404
Tinsukia (Assam),Khunti (Jharkhand),0.5510818379745783,0.5511237895829644,4.195160838604828e-05,7,6,0.433059866313581,66,237
Dima Hasao (Assam),Basti (Uttar Pradesh),0.5589918485953556,0.5619981972072905,0.003006348611934939,7,6,0.4330445008493786,47,622
Thrissur (Kerala),Hugli (West Bengal),0.5967346497432651,0.5984410606319169,0.0017064108886518659,3,5,0.43293546591690224,292,689
Tirap (Arunachal Pradesh),Jamui (Bihar),0.4994653936627229,0.5053219792037914,0.005856585541068493,1,6,0.43285801837878174,31,80
Ghaziabad (Uttar Pradesh),Murshidabad (West Bengal),0.5822205192258598,0.5824404339686596,0.00021991474279980938,2,5,0.43262882685005855,636,694
Shivpuri (Madhya Pradesh),Khammam (Telangana),0.5935356273826384,0.5953169286270836,0.0017813012444451992,4,0,0.4326257187189658,339,566
Murshidabad (West Bengal),Jagitial (Telangana),0.5824404339686596,0.583164001485113,0.0007235675164534161,5,0,0.4325426947426614,694,560
Pathanamthitta (Kerala),Meerut (Uttar Pradesh),0.5994602522678962,0.6029655093119133,0.0035052570440170516,3,2,0.43245543629694255,290,662
Dausa (Rajasthan),Leh(Ladakh) (Ladakh),0.6560621205035196,0.6562460253990136,0.00018390489549391376,4,5,0.4322842984204701,499,295
Lalitpur (Uttar Pradesh),Baramula (Jammu Kashmir),0.5843267584302546,0.5860891053989866,0.0017623469687320092,6,5,0.43205076714702,654,209
Tumkur (Karnataka),Tikamgarh (Madhya Pradesh),0.6511404979410191,0.6547055535052939,0.003565055564274777,2,4,0.43199836451607515,276,342
Pune (Maharashtra),Bongaigaon (Assam),0.5695950670503351,0.5717806394521604,0.0021855724018252642,2,7,0.43194719827704053,371,39
Kolkata (West Bengal),Kaimur (Bhabua) (Bihar),0.6000909016536673,0.6024071008423451,0.002316199188677759,2,6,0.4317093468485239,692,82
Ganjam (Odisha),Idukki (Kerala),0.6241511160919777,0.6251358583987333,0.0009847423067556038,5,3,0.43158165279079486,442,282
Etah (Uttar Pradesh),Jalgaon (Maharashtra),0.5222950252122243,0.5246538949473816,0.0023588697351573096,6,7,0.43148513996835147,629,358
Guntur (Andhra Pradesh),Kolasib (Mizoram),0.6065078687009482,0.607309295112654,0.0008014264117057746,0,7,0.4313454897610771,6,404
Mokokchung (Nagaland),Anuppur (Madhya Pradesh),0.5903416432795624,0.5931223722355016,0.0027807289559391712,1,4,0.43132189907444063,414,298
Biswanath (Assam),Davanagere (Karnataka),0.5575263722900157,0.5585972364013564,0.0010708641113407191,4,2,0.431229851777253,38,262
Tawang (Arunachal Pradesh),Purba Medinipur (West Bengal),0.5501315805475238,0.5512445708507836,0.001112990303259842,1,7,0.4311987704663268,30,700
North West (NCT Delhi),Lohit (Arunachal Pradesh),0.5674274907317932,0.5676374043618468,0.0002099136300536264,2,1,0.431002832012334,426,23
Birbhum (West Bengal),Yadadri Bhuvanagiri (Telangana),0.6032778223476298,0.6035883429853836,0.0003105206377537195,5,0,0.43086978269220144,685,587
Karur (Tamil Nadu),Mahrajganj (Uttar Pradesh),0.618621401264791,0.6197937865340101,0.001172385269219034,3,4,0.43074992087761077,534,658
Namsai (Arunachal Pradesh),Chatra (Jharkhand),0.5008635307855385,0.5063817365684526,0.005518205782914176,1,6,0.4307086742847294,27,227
South West Khasi Hills (Meghalaya),Bastar (Chhattisgarh),0.5267737765365229,0.5290143249667706,0.0022405484302476797,1,6,0.4305103111172709,398,110
Ratnagiri (Maharashtra),Ashoknagar (Madhya Pradesh),0.595614688959889,0.5963376316816799,0.0007229427217908535,2,4,0.43049006517116173,373,299
Maldah (West Bengal),Khammam (Telangana),0.592911623875736,0.5953169286270836,0.0024053047513475923,5,0,0.43045155467958685,693,566
Pashchimi Singhbhum (Jharkhand),Nagaon (Assam),0.5194224895418925,0.5222872233699014,0.002864733828008892,6,7,0.4304508249699302,243,61
Sonitpur (Assam),Agra (Uttar Pradesh),0.567253099795637,0.5693897551156601,0.002136655320023162,4,6,0.43031515993369945,64,609
Mandla (Madhya Pradesh),Mahabubnagar (Telangana),0.62609748852888,0.6289530802046575,0.0028555916757774247,4,0,0.43020559088176596,322,569
Lakhisarai (Bihar),Churachandpur (Manipur),0.4894797025960093,0.4906062791219083,0.0011265765258989813,6,1,0.43020489959625624,86,384
North Tripura (Tripura),Fatehpur (Uttar Pradesh),0.5336544757117031,0.534897099286504,0.0012426235748008718,7,6,0.43012041544658314,591,633
Nalbari (Assam),Sheopur (Madhya Pradesh),0.545101444209938,0.5484446667520376,0.003343222542099622,7,4,0.4299544407863735,62,338
Moga (Punjab),Lalitpur (Uttar Pradesh),0.5842512014457824,0.5843267584302546,7.555698447225812e-05,2,6,0.42988592750091864,479,654
Gumla (Jharkhand),Nanded (Maharashtra),0.5889571828866778,0.5901558199784941,0.0011986370918163347,4,7,0.4298091197867994,234,365
Mainpuri (Uttar Pradesh),Rajgarh (Madhya Pradesh),0.568895289905888,0.570085542097446,0.0011902521915579944,6,4,0.4296109532887892,659,329
Davanagere (Karnataka),Kottayam (Kerala),0.5585972364013564,0.560417011108379,0.0018197747070226589,2,3,0.42955282286263696,262,286
Chhatarpur (Madhya Pradesh),Siddipet (Telangana),0.5731641908146796,0.576072279100407,0.002908088285727417,6,0,0.42953829094023777,306,581
Thoothukkudi (Tamil Nadu),Kabeerdham (Chhattisgarh),0.66976112964725,0.6700124120226517,0.00025128237540172904,3,4,0.429522286103526,549,120
Haveri (Karnataka),Mamit (Mizoram),0.6035687630095949,0.6054204224032614,0.0018516593936664938,5,7,0.42940109947056243,267,407
Idukki (Kerala),Hapur (Uttar Pradesh),0.6251358583987333,0.6271793364207714,0.002043478022038081,3,4,0.42938582793662833,282,641
Karauli (Rajasthan),Fatehgarh Sahib (Punjab),0.6333875236079991,0.6335621696148377,0.00017464600683858578,4,2,0.42937823953287285,510,470
Auraiya (Uttar Pradesh),Kolasib (Mizoram),0.6072041356512282,0.607309295112654,0.00010515946142575228,4,7,0.42929854340460183,613,404
Chitrakoot (Uttar Pradesh),Siang (Arunachal Pradesh),0.5291994636069064,0.5304785600492571,0.0012790964423506912,6,1,0.4292733990306804,627,29
Gonda (Uttar Pradesh),Upper Siang (Arunachal Pradesh),0.4709809982053142,0.4733892492234017,0.002408251018087504,6,1,0.42925331846773823,638,32
Gwalior (Madhya Pradesh),Idukki (Kerala),0.6248120134884311,0.6251358583987333,0.00032384491030224005,4,3,0.42924474665973505,314,282
Gurgaon (Haryana),Anugul (Odisha),0.6181459008413983,0.6186095414613355,0.00046364061993720007,7,5,0.42904272851184566,177,432
East Jantia Hills (Meghalaya),Siwan (Bihar),0.5106691366187847,0.5116666545335719,0.0009975179147871938,1,6,0.4289594850283248,392,104
Mainpuri (Uttar Pradesh),Pauri Garhwal (Uttarakhand),0.568895289905888,0.5718034389962683,0.0029081490903802854,6,1,0.42894168884520567,659,603
Ariyalur (Tamil Nadu),South (NCT Delhi),0.6426558125601188,0.6451226074951321,0.002466794935013228,3,2,0.4289121030484473,525,428
Ukhrul (Manipur),Pashchim Champaran (Bihar),0.427303458165322,0.4443335322913526,0.01703007412603058,1,6,0.42885708924403304,390,93
Deoghar (Jharkhand),East Siang (Arunachal Pradesh),0.462601006745168,0.4729730539279279,0.010372047182759858,6,1,0.42885102549304027,228,20
Buldana (Maharashtra),Mahe (Puducherry),0.6704718516297394,0.6756286015987577,0.0051567499690182705,5,3,0.4288165597949083,352,463
Lawngtlai (Mizoram),Parbhani (Maharashtra),0.4967239660613096,0.4984159730877444,0.0016920070264347942,1,7,0.4286628830501278,405,370
Madhubani (Bihar),Churachandpur (Manipur),0.4842742490002918,0.4906062791219083,0.006332030121616483,6,1,0.428637880205418,88,384
Longding (Arunachal Pradesh),Saran (Bihar),0.477430213863294,0.4840342345249289,0.006604020661634902,1,6,0.4286091903496172,24,100
Palwal (Haryana),Washim (Maharashtra),0.589103959861114,0.5926017436373497,0.0034977837762357744,4,7,0.42859834561127785,186,380
Purba Medinipur (West Bengal),Mayurbhanj (Odisha),0.5512445708507836,0.5530306583911615,0.0017860875403779009,7,4,0.42857235744676536,700,453
Sant Ravidas Nagar (Bhadohi) (Uttar Pradesh),Saiha (Mizoram),0.5326946214173487,0.5356246320667303,0.002930010649381587,6,1,0.4285389288299473,674,408
Kupwara (Jammu Kashmir),Dindigul (Tamil Nadu),0.6559997641877434,0.6563707807486019,0.00037101656085847257,5,3,0.4283842105074347,216,530
Balrampur (Uttar Pradesh),West Jaintia Hills (Meghalaya),0.4641294009089672,0.4659994482303278,0.0018700473213605906,6,1,0.4282987695266391,618,400
Karbi Anglong (Assam),Faizabad (Uttar Pradesh),0.5215994636543398,0.5278389324405923,0.006239468786252478,1,7,0.42828864404753525,55,631
Champhai (Mizoram),Namakkal (Tamil Nadu),0.6485637777845585,0.6502132158350205,0.0016494380504619155,7,3,0.4278852217805177,403,538
Y.S.R. (Andhra Pradesh),Bundi (Rajasthan),0.6285320769238938,0.6286168360136178,8.475908972405133e-05,0,4,0.427696222806076,15,496
Uttar Dinajpur (West Bengal),Jangoan (Telangana),0.5920528413231617,0.5926687278242777,0.000615886501115992,5,0,0.42745025900825484,703,561
Mancherial (Telangana),Dima Hasao (Assam),0.5576243074206787,0.5589918485953556,0.0013675411746768562,0,7,0.42744849263797613,570,47
Sonipat (Haryana),Pratapgarh (Rajasthan),0.643564758826162,0.6452100364707526,0.0016452776445905481,5,4,0.42732454345427123,192,514
Shrawasti (Uttar Pradesh),Peren (Nagaland),0.4801236279940945,0.4837855938453878,0.0036619658512932474,6,1,0.4272913839900459,677,416
Kaithal (Haryana),Nabarangapur (Odisha),0.6506589101834515,0.6545489398542632,0.0038900296708117565,5,4,0.4272774658284875,181,454
Kozhikode (Kerala),Kolar (Karnataka),0.6576581655154256,0.6591595923385196,0.0015014268230940653,3,2,0.4272772705135379,287,269
Vaishali (Bihar),Churachandpur (Manipur),0.4899202118949717,0.4906062791219083,0.0006860672269365931,6,1,0.42726598578962477,106,384
Mahoba (Uttar Pradesh),Dibrugarh (Assam),0.5878582680893597,0.5882560169811148,0.0003977488917551453,4,7,0.4269889786352683,657,46
Chittaurgarh (Rajasthan),Osmanabad (Maharashtra),0.6521896624993094,0.6523655238848746,0.00017586138556513475,4,5,0.42698528409845327,497,368
Jalna (Maharashtra),South West Khasi Hills (Meghalaya),0.5228645559096242,0.5267737765365229,0.003909220626898691,7,1,0.4269166698127275,359,398
Lucknow (Uttar Pradesh),Kottayam (Kerala),0.5596752806475477,0.560417011108379,0.0007417304608313691,7,3,0.42691644326589895,655,286
Kamrup (Assam),Mewat (Haryana),0.5018776441796813,0.5027390367000252,0.0008613925203438955,7,6,0.4269109553143215,53,185
Ambala (Haryana),Tonk (Rajasthan),0.6194921540666987,0.6196361675267663,0.00014401346006764904,2,4,0.42688875805838544,172,519
Mahrajganj (Uttar Pradesh),Chittoor (Andhra Pradesh),0.6197937865340101,0.6219657140314667,0.0021719274974566494,4,0,0.4268721993052165,658,4
Anugul (Odisha),West Godavari (Andhra Pradesh),0.6186095414613355,0.6194504564679654,0.000840915006629861,5,0,0.4266999350904225,432,14
Nalanda (Bihar),Hailakandi (Assam),0.5188020120820503,0.5251338123791034,0.006331800297053047,6,7,0.4266745760706364,91,50
Kodagu (Karnataka),Debagarh (Odisha),0.6315701594035719,0.6327405043885695,0.0011703449849976844,2,5,0.4266200192452108,268,439
West Tripura (Tripura),Jayashankar Bhupalapally (Telangana),0.5954541872001088,0.5964416140723767,0.000987426872267938,5,0,0.4266180602906393,595,562
Wayanad (Kerala),Betul (Madhya Pradesh),0.664723622448249,0.6669187972929591,0.0021951748447101016,2,4,0.4264472319166896,293,302
Kanpur Dehat (Uttar Pradesh),Bid (Maharashtra),0.5391235386623688,0.5435947093180402,0.004471170655671375,6,7,0.42633765343747454,648,351
North Garo Hills (Meghalaya),Katihar (Bihar),0.4274420354226927,0.4397450339020589,0.012302998479366167,1,6,0.4263332128649198,394,83
Paschim Barddhaman (West Bengal),Latehar (Jharkhand),0.5581318329199485,0.5596472793810376,0.0015154464610891427,7,6,0.42630657212654843,697,239
Nagaur (Rajasthan),Nagapattinam (Tamil Nadu),0.6766719875593424,0.6782764307795313,0.0016044432201888226,4,3,0.4261496010609661,512,537
Bangalore (Karnataka),Kachchh (Gujarat),0.6300811667553162,0.6308309931297915,0.0007498263744752931,2,4,0.42603323805342264,251,154
Champhai (Mizoram),Jind (Haryana),0.6485637777845585,0.650275788085538,0.0017120103009794496,7,5,0.42563656983116394,403,180
Simdega (Jharkhand),Korba (Chhattisgarh),0.5447764826530025,0.5454456444396144,0.0006691617866119159,6,1,0.42558111325745684,249,122
Katni (Madhya Pradesh),Nalgonda (Telangana),0.6137384114896133,0.6146733360275944,0.0009349245379811633,4,0,0.4254452510525776,319,574
Narayanpur (Chhattisgarh),Birbhum (West Bengal),0.6024117263860163,0.6032778223476298,0.0008660959616135777,4,5,0.4253860629733408,126,685
Golaghat (Assam),Ghaziabad (Uttar Pradesh),0.5800115265110577,0.5822205192258598,0.002208992714802127,7,2,0.42536844333845825,49,636
Mumbai Suburban (Maharashtra),Saharanpur (Uttar Pradesh),0.6075239297541122,0.6080198646540442,0.000495934899932049,2,4,0.4253431136412766,363,671
Dhemaji (Assam),Kendrapara (Odisha),0.6028882074374831,0.6033841852563524,0.000495977818869342,4,5,0.425324216536083,44,448
Chittoor (Andhra Pradesh),West District (Sikkim),0.6219657140314667,0.6232654278072491,0.0012997137757824184,0,2,0.4252414077062922,4,524
Biswanath (Assam),Doda (Jammu Kashmir),0.5575263722900157,0.5601382202342384,0.002611847944222756,4,1,0.4251371324068005,38,210
Thrissur (Kerala),Solapur (Maharashtra),0.5967346497432651,0.5974720665676315,0.0007374168243664547,3,2,0.42498618281380796,292,377
Siang (Arunachal Pradesh),Fatehpur (Uttar Pradesh),0.5304785600492571,0.534897099286504,0.004418539237246888,1,6,0.42496049639133543,29,633
Aligarh (Uttar Pradesh),Lohit (Arunachal Pradesh),0.5650034088490047,0.5676374043618468,0.0026339955128421577,6,1,0.4249468946330829,610,23
Kendujhar (Odisha),Bhavnagar (Gujarat),0.563255100777122,0.5646549208695101,0.0013998200923880377,4,7,0.4248710042924097,449,145
Ramanagara (Karnataka),Bemetara (Chhattisgarh),0.6609584974779992,0.66146788955964,0.0005093920816408026,2,4,0.4248516506940756,274,111
Ashoknagar (Madhya Pradesh),Jayashankar Bhupalapally (Telangana),0.5963376316816799,0.5964416140723767,0.00010398239069686621,4,0,0.4247717348488641,299,562
Barpeta (Assam),Khunti (Jharkhand),0.5499646557508951,0.5511237895829644,0.0011591338320692257,7,6,0.4247716355025379,37,237
Dhaulpur (Rajasthan),North  & Middle Andaman (Andaman Nicobar Islands),0.6038876459255225,0.6045210868167618,0.0006334408912392897,6,2,0.42462720046559105,500,1
Pilibhit (Uttar Pradesh),West Garo Hills (Meghalaya),0.581212656088848,0.5814512549573052,0.00023859886845722933,6,7,0.4243786605489712,666,399
Pali (Rajasthan),South Goa (Goa),0.6861024453979033,0.6915133614509863,0.00541091605308297,4,3,0.4243491943166585,513,138
Thoubal (Manipur),Amethi (Uttar Pradesh),0.563687279589779,0.564625514693985,0.0009382351042059867,1,6,0.42421232393238106,389,612
Junagadh (Gujarat),Malappuram (Kerala),0.6104244415494103,0.6104726497390263,4.82081896159281e-05,5,3,0.4241559200258448,153,288
Chittoor (Andhra Pradesh),Kollam (Kerala),0.6219657140314667,0.6221299737357758,0.00016425970430911097,0,3,0.42410098849305056,4,285
Jhalawar (Rajasthan),Valsad (Gujarat),0.6591029291459779,0.6613452449749101,0.0022423158289321954,4,2,0.4239589770209201,507,171
Komaram Bheem Asifabad (Telangana),Una (Himachal Pradesh),0.5945788386573799,0.5961232444868116,0.0015444058294317164,4,2,0.4239567874813118,567,205
Sangareddy (Telangana),Sidhi (Madhya Pradesh),0.5747444584857997,0.5766409144948892,0.0018964560090894977,0,4,0.4238646873716998,580,340
Gajapati (Odisha),Udupi (Karnataka),0.6347405200786133,0.6354611671951724,0.0007206471165591699,4,2,0.4238330625487664,441,277
Unakoti (Tripura),Saharsa (Bihar),0.4559023185494986,0.4611627370353748,0.005260418485876217,7,6,0.42379463810456913,594,98
Saharsa (Bihar),West Siang (Arunachal Pradesh),0.4611627370353748,0.4694854112050682,0.0083226741696934,6,1,0.4237635686637554,98,35
Bhopal (Madhya Pradesh),Chittaurgarh (Rajasthan),0.6521475048191842,0.6521896624993094,4.215768012527654e-05,2,4,0.4237152303431043,304,497
Bulandshahr (Uttar Pradesh),South Garo Hills (Meghalaya),0.5586653949255771,0.5612785669142928,0.00261317198871569,4,7,0.42366429788707993,625,396
Darbhanga (Bihar),Wokha (Nagaland),0.4661683851787622,0.4709428696451376,0.004774484466375406,6,1,0.42364915742845793,77,419
Debagarh (Odisha),Fatehgarh Sahib (Punjab),0.6327405043885695,0.6335621696148377,0.0008216652262681423,5,2,0.4235356995975747,439,470
Firozabad (Uttar Pradesh),South West Khasi Hills (Meghalaya),0.5217873282145864,0.5267737765365229,0.00498644832193651,6,1,0.42349714612878103,634,398
Mahrajganj (Uttar Pradesh),Anantapur (Andhra Pradesh),0.6197937865340101,0.6223885849222722,0.002594798388262154,4,0,0.42344956749017754,658,3
Nalgonda (Telangana),Mungeli (Chhattisgarh),0.6146733360275944,0.6157970188732744,0.0011236828456799852,0,4,0.42343402683471465,574,125
Sivasagar (Assam),Baghpat (Uttar Pradesh),0.5897811663907281,0.5902397335878773,0.0004585671971492067,7,4,0.42336957035428324,63,615
Bishnupur (Manipur),Mahamaya Nagar (Uttar Pradesh),0.4995255315678477,0.5023440825138424,0.0028185509459947578,1,6,0.4232459686228988,382,656
Ahmedabad (Gujarat),Mandsaur (Madhya Pradesh),0.6115122730563761,0.6116717142689331,0.00015944121255695443,7,4,0.4232282769262739,139,323
Palghar (Maharashtra),Sirohi (Rajasthan),0.6592991943540649,0.6623625246811813,0.0030633303271163648,5,4,0.4230906489003612,369,518
Tikamgarh (Madhya Pradesh),Chamoli (Uttarakhand),0.6547055535052939,0.6547754728472361,6.991934194222615e-05,4,5,0.42302505002036206,342,598
Bilaspur (Chhattisgarh),Sonbhadra (Uttar Pradesh),0.5416005733462879,0.5417565046860109,0.00015593133972302553,7,6,0.4228351057772236,113,680
Khagaria (Bihar),Zunheboto (Nagaland),0.4545752283944576,0.4676857353236694,0.01311050692921184,6,1,0.42241124384285916,84,420
Jamtara (Jharkhand),Dibang Valley (Arunachal Pradesh),0.5375374071573068,0.5386126983562985,0.0010752911989917457,6,1,0.4223811659732095,236,18
Saraikela-Kharsawan (Jharkhand),Gurgaon (Haryana),0.616462481401611,0.6181459008413983,0.001683419439787337,4,7,0.4222073159767034,248,177
Aligarh (Uttar Pradesh),Lower Dibang Valley (Arunachal Pradesh),0.5650034088490047,0.5682285493792836,0.0032251405302788916,6,1,0.42218374562177374,610,25
Daman (Dadra Nagar Haveli Daman Diu),Murshidabad (West Bengal),0.5812241237161601,0.5824404339686596,0.001216310252499575,7,5,0.4218596794160223,135,694
Gautam Buddha Nagar (Uttar Pradesh),Lakhimpur (Assam),0.594192248636629,0.5951017091141261,0.0009094604774970705,2,4,0.42185670943799547,635,58
Doda (Jammu Kashmir),Balrampur (Chhattisgarh),0.5601382202342384,0.5631711276629844,0.0030329074287459568,1,4,0.4218253428572296,210,109
Bikaner (Rajasthan),South West (NCT Delhi),0.6472063448984126,0.6474000645815928,0.00019371968318027122,4,2,0.42176669536746764,495,430
Mau (Uttar Pradesh),Lohit (Arunachal Pradesh),0.5644118617753939,0.5676374043618468,0.003225542586452912,7,1,0.4217477591025085,661,23
Peren (Nagaland),Sahibganj (Jharkhand),0.4837855938453878,0.4915194029001076,0.00773380905471982,1,6,0.4217421744097656,416,247
Haveri (Karnataka),Alirajpur (Madhya Pradesh),0.6035687630095949,0.6036400618582448,7.129884864987002e-05,5,4,0.421647596868771,267,297
Lohardaga (Jharkhand),North East (NCT Delhi),0.6165784713759043,0.6172840239674537,0.0007055525915494743,4,2,0.4216453539868787,240,425
Dhalai (Tripura),Sehore (Madhya Pradesh),0.5594850952562176,0.5612584579715896,0.0017733627153719844,7,4,0.4215707307399732,588,334
Purba Medinipur (West Bengal),East District (Sikkim),0.5512445708507836,0.5538036820689684,0.002559111218184751,7,2,0.421515150986434,700,521
East Kameng (Arunachal Pradesh),Madhepura (Bihar),0.4767095042178913,0.4827319548210683,0.006022450603176965,1,6,0.42140074213546497,19,87
Ramgarh (Jharkhand),Anand (Gujarat),0.5745180989667685,0.5755256980640651,0.0010075990972965299,4,7,0.42139557974918673,245,141
Y.S.R. (Andhra Pradesh),Bangalore (Karnataka),0.6285320769238938,0.6300811667553162,0.0015490898314224344,0,2,0.4212239996650044,15,251
Balrampur (Uttar Pradesh),Upper Subansiri (Arunachal Pradesh),0.4641294009089672,0.4762594880756459,0.012130087166678682,6,1,0.4209172587553398,618,33
Punch (Jammu Kashmir),Theni (Tamil Nadu),0.6651183483437413,0.6665377207232718,0.0014193723795304924,5,3,0.4209155458367102,218,545
Dausa (Rajasthan),Dindigul (Tamil Nadu),0.6560621205035196,0.6563707807486019,0.00030866024508224843,4,3,0.42087284462397534,499,530
Khowai (Tripura),Dibang Valley (Arunachal Pradesh),0.5359437239712328,0.5386126983562985,0.0026689743850657477,7,1,0.42084713715380884,590,18
Pauri Garhwal (Uttarakhand),Majuli (Assam),0.5718034389962683,0.5744798316089352,0.0026763926126669446,1,7,0.4208210839286858,603,59
Rae Bareli (Uttar Pradesh),Dima Hasao (Assam),0.5560668937765123,0.5589918485953556,0.0029249548188432506,6,7,0.42068719293570767,669,47
Dahod (Gujarat),South Garo Hills (Meghalaya),0.5610139470745242,0.5612785669142928,0.00026461983976855397,4,7,0.4206808458734084,148,396
Shimoga (Karnataka),Guna (Madhya Pradesh),0.6410490550646011,0.6425255792124699,0.0014765241478688074,2,4,0.4206242263859644,275,313
Goalpara (Assam),Nainital (Uttarakhand),0.6050451423377915,0.607182602777582,0.0021374604397904617,4,2,0.4203870047601903,48,602
Lohit (Arunachal Pradesh),Mainpuri (Uttar Pradesh),0.5676374043618468,0.568895289905888,0.0012578855440411596,1,6,0.4203323697583974,23,659
Tonk (Rajasthan),Kolhapur (Maharashtra),0.6196361675267663,0.6220221056822799,0.0023859381555135784,4,3,0.4203189985102137,519,360
Ludhiana (Punjab),Anuppur (Madhya Pradesh),0.5911273712162664,0.5931223722355016,0.0019950010192352208,2,4,0.42018987549665543,477,298
Karimganj (Assam),Kaushambi (Uttar Pradesh),0.5634455590931304,0.5641762441493862,0.000730685056255731,7,6,0.42014461807578785,56,651
Bundi (Rajasthan),Satara (Maharashtra),0.6286168360136178,0.6299115993029096,0.0012947632892917893,4,2,0.4201109255413607,496,375
South Twenty Four Parganas (West Bengal),Gajapati (Odisha),0.6329090682557573,0.6347405200786133,0.001831451822855934,5,4,0.4200956343262088,702,441
Janjgir - Champa (Chhattisgarh),Idukki (Kerala),0.6241594031066753,0.6251358583987333,0.0009764552920580316,4,3,0.42003257980946795,118,282
Guna (Madhya Pradesh),Latur (Maharashtra),0.6425255792124699,0.6445148808948394,0.0019893016823695486,4,5,0.4199722125333788,313,361
Kushinagar (Uttar Pradesh),Charaideo (Assam),0.5706893182748405,0.571223461969406,0.0005341436945655031,6,7,0.4199623801047183,653,41
Alappuzha (Kerala),North East (NCT Delhi),0.6160406437852519,0.6172840239674537,0.0012433801822018253,3,2,0.41984018043309457,280,425
Anantapur (Andhra Pradesh),West District (Sikkim),0.6223885849222722,0.6232654278072491,0.0008768428849769139,0,2,0.41981603536260187,3,524
West Garo Hills (Meghalaya),West (NCT Delhi),0.5814512549573052,0.5837111299401948,0.002259874982889598,7,2,0.4197840800084105,399,431
Kachchh (Gujarat),South East (NCT Delhi),0.6308309931297915,0.6327976205307947,0.0019666274010031737,4,2,0.41975485724557193,154,429
Serchhip (Mizoram),Salem (Tamil Nadu),0.638643624697326,0.6400386946519365,0.0013950699546104728,7,3,0.41968900499685985,409,542
Reasi (Jammu Kashmir),Una (Himachal Pradesh),0.5946484721103774,0.5961232444868116,0.0014747723764342302,4,2,0.4193328905159738,221,205
Sheopur (Madhya Pradesh),Tawang (Arunachal Pradesh),0.5484446667520376,0.5501315805475238,0.0016869137954861335,4,1,0.4192672873640282,338,30
Sahibzada Ajit Singh Nagar (Punjab),Lohardaga (Jharkhand),0.6161397656930043,0.6165784713759043,0.0004387056828999425,2,4,0.4192621237294733,484,240
Chamoli (Uttarakhand),Dungarpur (Rajasthan),0.6547754728472361,0.6571541197225185,0.002378646875282331,5,4,0.41923135518131055,598,501
Singrauli (Madhya Pradesh),Dima Hasao (Assam),0.5587882810878021,0.5589918485953556,0.00020356750755345931,4,7,0.4191208190165028,341,47
Morena (Madhya Pradesh),Lakhimpur (Assam),0.5940224825169502,0.5951017091141261,0.001079226597175853,7,4,0.41908488955366463,324,58
West Godavari (Andhra Pradesh),Mahrajganj (Uttar Pradesh),0.6194504564679654,0.6197937865340101,0.0003433300660447003,0,4,0.4190244316972999,14,658
Bareilly (Uttar Pradesh),North  District (Sikkim),0.5779731761991597,0.5783870304215633,0.0004138542224035868,6,2,0.41901888384812325,621,522
Namakkal (Tamil Nadu),Chittaurgarh (Rajasthan),0.6502132158350205,0.6521896624993094,0.0019764466642889778,3,4,0.4188674388050422,538,497
Shimoga (Karnataka),Gariyaband (Chhattisgarh),0.6410490550646011,0.6435378299529959,0.002488774888394829,2,4,0.41884595122032064,275,117
Ajmer (Rajasthan),Thoothukkudi (Tamil Nadu),0.6690956335432382,0.66976112964725,0.0006654961040117868,4,3,0.41878831015203344,488,549
Dibang Valley (Arunachal Pradesh),Bilaspur (Chhattisgarh),0.5386126983562985,0.5416005733462879,0.0029878749899893142,1,7,0.41877686567775657,18,113
Aravali (Gujarat),Lohit (Arunachal Pradesh),0.5654584238956546,0.5676374043618468,0.0021789804661922485,7,1,0.4186710120188336,142,23
Majuli (Assam),Sidhi (Madhya Pradesh),0.5744798316089352,0.5766409144948892,0.0021610828859539577,7,4,0.41865517705459476,59,340
Harda (Madhya Pradesh),Coimbatore (Tamil Nadu),0.6800441726218796,0.6833960409683376,0.0033518683464580645,5,3,0.4186320631967436,315,527
Krishna (Andhra Pradesh),Baudh (Odisha),0.6395760867528305,0.6432621961861913,0.0036861094333607847,0,5,0.4185231797083805,7,436
North Twenty Four Parganas (West Bengal),Khargone (West Nimar) (Madhya Pradesh),0.6495079996058462,0.6500240629798173,0.0005160633739711429,5,4,0.41846779889352986,696,321
Siwan (Bihar),Cachar (Assam),0.5116666545335719,0.517274294156777,0.005607639623205096,6,7,0.41835096186634313,104,40
Kangra (Himachal Pradesh),Bundi (Rajasthan),0.6274784395330102,0.6286168360136178,0.0011383964806076508,2,4,0.41807868197944525,197,496
Jalor (Rajasthan),Osmanabad (Maharashtra),0.650813399697259,0.6523655238848746,0.0015521241876155223,4,5,0.4180035844191461,506,368
Serchhip (Mizoram),The Dangs (Gujarat),0.638643624697326,0.642118183977856,0.0034745592805299763,7,4,0.41785587976685207,409,169
Palwal (Haryana),Sivasagar (Assam),0.589103959861114,0.5897811663907281,0.0006772065296141161,4,7,0.4177612519201832,186,63
Rohtas (Bihar),Rajanna Sircilla (Telangana),0.6041891557543503,0.6062464932280808,0.0020573374737304917,6,0,0.4177557826018121,97,578
Basti (Uttar Pradesh),Aizawl (Mizoram),0.5619981972072905,0.5626807887610773,0.0006825915537868044,6,7,0.4177373435385397,622,402
Lower Dibang Valley (Arunachal Pradesh),Mainpuri (Uttar Pradesh),0.5682285493792836,0.568895289905888,0.0006667405266044257,1,6,0.41756922074708824,25,659
Moga (Punjab),Thiruvananthapuram (Kerala),0.5842512014457824,0.5866864716453845,0.002435270199602102,2,3,0.41753678235645697,479,291
Rayagada (Odisha),Meerut (Uttar Pradesh),0.5997608321426621,0.6029655093119133,0.0032046771692512133,4,2,0.4175298861540893,458,662
Nagaon (Assam),Sitapur (Uttar Pradesh),0.5222872233699014,0.5284076577028505,0.006120434332949065,7,6,0.41750919987838564,61,679
Mahesana (Gujarat),Tamenglong (Manipur),0.4904047140915024,0.4906191604561812,0.00021444636467882194,7,1,0.41730297079558154,156,388
Barmer (Rajasthan),Chandrapur (Maharashtra),0.6927151750740909,0.6988029527251705,0.0060877776510795956,4,5,0.41727160380162825,492,353
Uttar Bastar Kanker (Chhattisgarh),Puducherry (Puducherry),0.6822053866926029,0.6904812405485269,0.008275853855923998,4,3,0.41725917127725753,133,464
Baleshwar (Odisha),Guntur (Andhra Pradesh),0.6053449012511959,0.6065078687009482,0.0011629674497523057,5,0,0.41718236356313887,434,6
Deoghar (Jharkhand),West Jaintia Hills (Meghalaya),0.462601006745168,0.4659994482303278,0.0033984414851597755,6,1,0.4171802121042602,228,400
Amritsar (Punjab),Golaghat (Assam),0.5777086174221775,0.5800115265110577,0.0023029090888802006,2,7,0.4170803384443378,466,49
Karbi Anglong (Assam),Jalgaon (Maharashtra),0.5215994636543398,0.5246538949473816,0.003054431293041726,1,7,0.4170800459047143,55,358
Surguja (Chhattisgarh),Ludhiana (Punjab),0.5889599782204821,0.5911273712162664,0.0021673929957842786,4,2,0.41690648361243676,132,477
Faridkot (Punjab),Tinsukia (Assam),0.5493137797244805,0.5510818379745783,0.0017680582500978481,2,7,0.4168836670333522,469,66
Washim (Maharashtra),Gautam Buddha Nagar (Uttar Pradesh),0.5926017436373497,0.594192248636629,0.001590504999279263,7,2,0.4168768029871277,380,635
Hamirpur (Himachal Pradesh),Nagarkurnool (Telangana),0.6099047333749509,0.6127940827039419,0.0028893493289909866,2,0,0.41685803194985116,196,573
Mathura (Uttar Pradesh),East Jantia Hills (Meghalaya),0.5099315572465476,0.5106691366187847,0.0007375793722370627,6,1,0.4168138656480056,660,392
Farrukhabad (Uttar Pradesh),Sidhi (Madhya Pradesh),0.5742050588067394,0.5766409144948892,0.002435855688149746,6,4,0.4167748337772577,632,340
Jaipur (Rajasthan),Mumbai (Maharashtra),0.6920365442344102,0.6942391974004617,0.0022026531660515047,5,2,0.41628281361117775,504,362
Longding (Arunachal Pradesh),Madhubani (Bihar),0.477430213863294,0.4842742490002918,0.006844035136997828,1,6,0.4162400169446894,24,88
Badgam (Jammu Kashmir),Karaikal (Puducherry),0.6705047263195352,0.6705526372558456,4.791093631040244e-05,5,3,0.4160143899113333,207,462
Imphal West (Manipur),Nawada (Bihar),0.5315794318075068,0.5350840539913876,0.0035046221838808123,2,6,0.4159525519476645,386,92
Aravali (Gujarat),Lower Dibang Valley (Arunachal Pradesh),0.5654584238956546,0.5682285493792836,0.0027701254836289824,7,1,0.41590786300752447,142,25
Hazaribagh (Jharkhand),Siang (Arunachal Pradesh),0.5290502917949998,0.5304785600492571,0.0014282682542572367,6,1,0.41578736021360574,235,29
Kanpur Nagar (Uttar Pradesh),Hamirpur (Himachal Pradesh),0.6079488918282793,0.6099047333749509,0.0019558415466716106,7,2,0.4157862385288165,649,196
Khowai (Tripura),Bharatpur (Rajasthan),0.5359437239712328,0.5387857868003,0.0028420628290671823,7,6,0.415691839346993,590,493
Yavatmal (Maharashtra),Kandhamal (Odisha),0.6577281938406109,0.6581365535388186,0.00040835969820773865,5,4,0.41557903767867455,381,447
Bishnupur (Manipur),Jamui (Bihar),0.4995255315678477,0.5053219792037914,0.0057964476359437245,1,6,0.41546797140304637,382,80
Jodhpur (Rajasthan),Thiruvarur (Tamil Nadu),0.6635177450603194,0.6652598045335716,0.0017420594732522332,4,3,0.41545620923243,509,548
Karbi Anglong (Assam),Budaun (Uttar Pradesh),0.5215994636543398,0.5260500529395137,0.004450589285173834,1,6,0.4153278262099909,55,624
Simdega (Jharkhand),Nandurbar (Maharashtra),0.5447764826530025,0.5462944547399126,0.0015179720869100688,6,4,0.41530700155015476,249,366
East Khasi Hills (Meghalaya),Mahesana (Gujarat),0.4814867384412738,0.4904047140915024,0.00891797565022856,1,7,0.41523874680910505,393,156
West Khasi Hills (Meghalaya),Madhepura (Bihar),0.477098285379982,0.4827319548210683,0.005633669441086286,1,6,0.415178378563371,401,87
Faizabad (Uttar Pradesh),Kurung Kumey (Arunachal Pradesh),0.5278389324405923,0.5302289963683796,0.0023900639277872893,7,1,0.4151664682111639,631,22
Chhota Udaipur (Gujarat),Koch Bihar (West Bengal),0.6207035388215992,0.6214241379618881,0.0007205991402888801,4,5,0.4150020164980876,147,691
Karaikal (Puducherry),Hanumangarh (Rajasthan),0.6705526372558456,0.6746479340392845,0.004095296783438895,3,4,0.4149981671777294,462,503
Jalor (Rajasthan),Bhopal (Madhya Pradesh),0.650813399697259,0.6521475048191842,0.001334105121925111,4,2,0.41473353066379715,506,304
Sangrur (Punjab),Surguja (Chhattisgarh),0.5878076622903983,0.5889599782204821,0.0011523159300838026,2,4,0.41472389138981225,485,132
Upper Subansiri (Arunachal Pradesh),Pakur (Jharkhand),0.4762594880756459,0.478393435909428,0.002133947833782124,1,6,0.41469863381730054,33,241
Palamu (Jharkhand),Barnala (Punjab),0.5525409638784444,0.554954896489869,0.0024139326114245296,6,2,0.41459248363754975,242,467
Barwani (Madhya Pradesh),Udham Singh Nagar (Uttarakhand),0.6113329411038655,0.6134415624578261,0.002108621353960616,4,2,0.41454919388566075,301,607
Ribhoi (Meghalaya),Kanpur Dehat (Uttar Pradesh),0.5364926014562134,0.5391235386623688,0.0026309372061554814,1,6,0.41448918884272057,395,648
Serchhip (Mizoram),Hamirpur (Uttar Pradesh),0.638643624697326,0.6403719531105257,0.0017283284131996979,7,4,0.41443946421399863,409,640
Balrampur (Chhattisgarh),Thoubal (Manipur),0.5631711276629844,0.563687279589779,0.0005161519267946613,4,1,0.4144051248749838,109,389
Chikkaballapura (Karnataka),Kalahandi (Odisha),0.6497969279950385,0.6499282685267391,0.00013134053170060778,2,4,0.4143471158444162,258,446
Nadia (West Bengal),Pathanamthitta (Kerala),0.5976291120545132,0.5994602522678962,0.0018311402133830423,5,3,0.41420364960591716,695,290
South Salmara Mancachar (Assam),Karimganj (Assam),0.562707176413988,0.5634455590931304,0.0007383826791423909,6,7,0.41413346734239953,65,56
Anand (Gujarat),Kannauj (Uttar Pradesh),0.5755256980640651,0.5773254205592606,0.0017997224951955548,7,6,0.41413223335752164,141,647
Tawang (Arunachal Pradesh),Kodarma (Jharkhand),0.5501315805475238,0.550768549203547,0.0006369686560232513,1,6,0.41396491231591,30,238
Mahabubnagar (Telangana),Bangalore (Karnataka),0.6289530802046575,0.6300811667553162,0.001128086550658769,0,2,0.41387964903083474,569,251
Charaideo (Assam),Yadgir (Karnataka),0.571223461969406,0.5721075778301331,0.0008841158607271193,7,4,0.41384975557186143,41,279
Khowai (Tripura),Bijapur (Chhattisgarh),0.5359437239712328,0.5383486818655444,0.00240495789431161,7,6,0.4138154283892337,590,112
Hugli (West Bengal),Rayagada (Odisha),0.5984410606319169,0.5997608321426621,0.001319771510745138,5,4,0.4136561913757587,689,458
Alirajpur (Madhya Pradesh),Baleshwar (Odisha),0.6036400618582448,0.6053449012511959,0.0017048393929510741,4,5,0.4135932150299285,297,434
Bundi (Rajasthan),Kodagu (Karnataka),0.6286168360136178,0.6315701594035719,0.002953323389954021,4,2,0.4135798913751704,496,268
Kolhapur (Maharashtra),West District (Sikkim),0.6220221056822799,0.6232654278072491,0.0012433221249692483,3,2,0.4134599913183596,360,524
Pulwama (Jammu Kashmir),Nuapada (Odisha),0.6592939526135492,0.6621088080422652,0.0028148554287160676,5,4,0.41343696023615956,217,456
Gonda (Uttar Pradesh),West Khasi Hills (Meghalaya),0.4709809982053142,0.477098285379982,0.006117287174667807,6,1,0.4133996527556437,638,401
Pashchimi Singhbhum (Jharkhand),Karbi Anglong (Assam),0.5194224895418925,0.5215994636543398,0.0021769741124473274,6,1,0.41339434196405933,243,55
Ratnagiri (Maharashtra),Jayashankar Bhupalapally (Telangana),0.595614688959889,0.5964416140723767,0.0008269251124877197,2,0,0.4133925734213958,373,562
Shivpuri (Madhya Pradesh),Gautam Buddha Nagar (Uttar Pradesh),0.5935356273826384,0.594192248636629,0.0006566212539905747,4,2,0.4133007168481645,339,635
Singrauli (Madhya Pradesh),South Garo Hills (Meghalaya),0.5587882810878021,0.5612785669142928,0.00249028582649069,4,7,0.4132441119658379,341,396
Lalitpur (Uttar Pradesh),Sangrur (Punjab),0.5843267584302546,0.5878076622903983,0.003480903860143658,6,2,0.41319099643833884,654,485
Nagaon (Assam),Prakasam (Andhra Pradesh),0.5222872233699014,0.5272415241679326,0.004954300798031164,7,0,0.41318788830724607,61,9
Chennai (Tamil Nadu),Rajkot (Gujarat),0.6741965221076976,0.6758922319605024,0.001695709852804761,3,5,0.41311297441434475,526,164
Pilibhit (Uttar Pradesh),Gulbarga (Karnataka),0.581212656088848,0.5829106810601363,0.0016980249712883477,6,7,0.41305379652087376,666,265
South District (Sikkim),Jaunpur (Uttar Pradesh),0.6006029378417962,0.6020142215498994,0.0014112837081031726,2,6,0.41300985356858044,523,644
Upper Subansiri (Arunachal Pradesh),Shrawasti (Uttar Pradesh),0.4762594880756459,0.4801236279940945,0.003864139918448639,1,6,0.4130088468737739,33,677
Janjgir - Champa (Chhattisgarh),Y.S.R. (Andhra Pradesh),0.6241594031066753,0.6285320769238938,0.004372673817218509,4,0,0.41283403548438014,118,15
Panna (Madhya Pradesh),Bharuch (Gujarat),0.5303739551013725,0.5327067347321826,0.0023327796308100224,6,7,0.4127930793687729,327,144
Lakhimpur (Assam),Khammam (Telangana),0.5951017091141261,0.5953169286270836,0.00021521951295755404,4,0,0.4127603359013534,58,566
Kurung Kumey (Arunachal Pradesh),Darrang (Assam),0.5302289963683796,0.5314317022286554,0.0012027058602758212,1,7,0.4127552837016575,22,43
Doda (Jammu Kashmir),Aizawl (Mizoram),0.5601382202342384,0.5626807887610773,0.002542568526838873,1,7,0.4126532281381273,210,402
Samastipur (Bihar),Cachar (Assam),0.507707206375643,0.517274294156777,0.00956708778113391,6,7,0.41264266046052167,99,40
Rewa (Madhya Pradesh),Dima Hasao (Assam),0.5585230867517468,0.5589918485953556,0.00046876184360877815,6,7,0.4125963488489566,331,47
Cuttack (Odisha),Barwani (Madhya Pradesh),0.6101285564233092,0.6113329411038655,0.0012043846805562808,5,4,0.41258007081601805,438,301
Muktsar (Punjab),Lunglei (Mizoram),0.5710787043728279,0.5732887556949391,0.0022100513221111617,2,7,0.4122312660472952,480,406
Dibrugarh (Assam),Jalaun (Uttar Pradesh),0.5882560169811148,0.5889928583982545,0.0007368414171396998,7,6,0.4122197844819351,46,643
Kolkata (West Bengal),Birbhum (West Bengal),0.6000909016536673,0.6032778223476298,0.003186920693962536,2,5,0.4121729518050369,692,685
Yadgir (Karnataka),Anand (Gujarat),0.5721075778301331,0.5755256980640651,0.003418120233931954,4,7,0.4121561782902693,279,141
Gautam Buddha Nagar (Uttar Pradesh),Jashpur (Chhattisgarh),0.594192248636629,0.594422859419927,0.000230610783298002,2,4,0.41214277532103427,635,119
Rohtas (Bihar),Mamit (Mizoram),0.6041891557543503,0.6054204224032614,0.0012312666489111557,6,7,0.41210105033698113,97,407
Bhojpur (Bihar),East Jantia Hills (Meghalaya),0.5082801785610377,0.5106691366187847,0.0023889580577469705,6,1,0.4120273469379713,75,392
Kapurthala (Punjab),Jajapur (Odisha),0.5837130637206458,0.5858190871219754,0.002106023401329593,2,5,0.4120125542323283,476,444
Nagaon (Assam),Budaun (Uttar Pradesh),0.5222872233699014,0.5260500529395137,0.0037628295696122693,7,6,0.4119741250633726,61,624
Baleshwar (Odisha),Thane (Maharashtra),0.6053449012511959,0.6060805519057342,0.000735650654538289,5,2,0.4118408558998191,434,378
Salem (Tamil Nadu),Gariyaband (Chhattisgarh),0.6400386946519365,0.6435378299529959,0.003499135301059386,3,4,0.4118346396376338,542,117
Ratlam (Madhya Pradesh),Amravati (Maharashtra),0.6713953597362011,0.676065935631186,0.004670575894984874,4,5,0.4117580943641589,330,348
North Tripura (Tripura),Siddharthnagar (Uttar Pradesh),0.5336544757117031,0.5375449361791741,0.003890460467470991,7,6,0.4117462600640878,591,678
Ganderbal (Jammu Kashmir),Umaria (Madhya Pradesh),0.6156180406859235,0.6169268510101494,0.0013088103242259175,5,4,0.4117232156315056,211,344
Nagpur (Maharashtra),Jamnagar (Gujarat),0.6912908903648683,0.691475160302485,0.00018426993761666566,2,5,0.4116166076090932,364,152
Hassan (Karnataka),Punch (Jammu Kashmir),0.6633537371246797,0.6651183483437413,0.0017646112190615737,2,5,0.4115265164836891,266,218
Ashoknagar (Madhya Pradesh),Jogulamba Gadwal (Telangana),0.5963376316816799,0.5991838182749398,0.0028461865932599695,4,0,0.4115025437324159,299,563
Lunglei (Mizoram),Nicobar (Andaman Nicobar Islands),0.5732887556949391,0.5757717490671338,0.0024829933721947084,7,3,0.41144862453379405,406,0
Bharuch (Gujarat),Saiha (Mizoram),0.5327067347321826,0.5356246320667303,0.0029178973345477255,7,1,0.4113991370866588,144,408
Chitradurga (Karnataka),Jhalawar (Rajasthan),0.656190652951112,0.6591029291459779,0.0029122761948658926,2,4,0.4113027525719529,260,507
Yavatmal (Maharashtra),Jhalawar (Rajasthan),0.6577281938406109,0.6591029291459779,0.0013747353053670253,5,4,0.41126760298057574,381,507
Gomati (Tripura),East Godavari (Andhra Pradesh),0.5204900628753547,0.5215152868899147,0.0010252240145599556,7,0,0.4111192817760735,589,5
Kachchh (Gujarat),Rajouri (Jammu Kashmir),0.6308309931297915,0.6312659493581732,0.0004349562283816333,4,5,0.411046750189871,154,219
Sonipat (Haryana),Ernakulam (Kerala),0.643564758826162,0.6464996536428517,0.002934894816689626,5,3,0.4109905498807701,192,281
Mandla (Madhya Pradesh),Almora (Uttarakhand),0.62609748852888,0.6285802830659845,0.002482794537104427,4,2,0.41096038219168585,322,596
Mahabubnagar (Telangana),Jhabua (Madhya Pradesh),0.6289530802046575,0.6311513208286917,0.0021982406240342867,0,4,0.4109151596360994,569,318
Longding (Arunachal Pradesh),South Tripura (Tripura),0.477430213863294,0.4785536542915121,0.0011234404282181032,1,7,0.41086129882563754,24,593
Thrissur (Kerala),Nadia (West Bengal),0.5967346497432651,0.5976291120545132,0.0008944623112481231,3,5,0.41080998444754624,292,695
Gulbarga (Karnataka),West (NCT Delhi),0.5829106810601363,0.5837111299401948,0.0008004488800584797,7,2,0.41063518287021833,265,431
Ballia (Uttar Pradesh),Kamrup Metropolitan (Assam),0.5396262939504938,0.5423008528057629,0.002674558855269127,6,7,0.4105404454587812,617,54
Dhubri (Assam),Kamrup Metropolitan (Assam),0.5412058523242063,0.5423008528057629,0.0010950004815566405,6,7,0.4104418808270135,45,54
Balangir (Odisha),Erode (Tamil Nadu),0.703682755123121,0.7154017619524314,0.011719006829310485,5,3,0.4104201239093652,433,531
Moga (Punjab),Jajapur (Odisha),0.5842512014457824,0.5858190871219754,0.001567885676193037,2,5,0.4103942478996828,479,444
Kolar (Karnataka),Bemetara (Chhattisgarh),0.6591595923385196,0.66146788955964,0.002308297221120359,2,4,0.41032777553978284,269,111
Haora (West Bengal),Jogulamba Gadwal (Telangana),0.5975916174702169,0.5991838182749398,0.0015922008047228875,2,0,0.41022734740448363,688,563
Mayurbhanj (Odisha),Shahjahanpur (Uttar Pradesh),0.5530306583911615,0.5530996398862615,6.898149510004004e-05,4,6,0.4101695530638879,453,675
Kollam (Kerala),West District (Sikkim),0.6221299737357758,0.6232654278072491,0.0011354540714733075,3,2,0.4100055180985041,285,524
Namakkal (Tamil Nadu),Jalor (Rajasthan),0.6502132158350205,0.650813399697259,0.0006001838622385902,3,4,0.409885739125735,538,506
Shamli (Uttar Pradesh),Thanjavur (Tamil Nadu),0.6064288339470234,0.6071338954044341,0.0007050614574106717,4,3,0.40984296244270924,676,544
Amravati (Maharashtra),Nagaur (Rajasthan),0.676065935631186,0.6766719875593424,0.0006060519281564369,5,4,0.40983458586915156,348,512
Ghazipur (Uttar Pradesh),Medak (Telangana),0.5536223653330554,0.554214999427319,0.0005926340942635777,6,0,0.4096946650402734,637,571
Varanasi (Uttar Pradesh),Rajouri (Jammu Kashmir),0.6303802089488186,0.6312659493581732,0.0008857404093545185,4,5,0.40958766912685163,683,219
East District (Sikkim),Mancherial (Telangana),0.5538036820689684,0.5576243074206787,0.0038206253517103494,2,0,0.40950715417482053,521,570
Balrampur (Uttar Pradesh),Phek (Nagaland),0.4641294009089672,0.4692135606060261,0.005084159697058888,6,1,0.40949959737621205,618,417
Kottayam (Kerala),Aizawl (Mizoram),0.560417011108379,0.5626807887610773,0.002263777652698251,3,7,0.4094481201385114,286,402
Morena (Madhya Pradesh),Jashpur (Chhattisgarh),0.5940224825169502,0.594422859419927,0.0004003769029767845,7,4,0.40937095543670343,324,119
Nagarkurnool (Telangana),Shahdol (Madhya Pradesh),0.6127940827039419,0.613022289944981,0.00022820724103911338,0,4,0.40933770408631476,573,336
Samastipur (Bihar),East Jantia Hills (Meghalaya),0.507707206375643,0.5106691366187847,0.0029619302431416195,6,1,0.40932857147813806,99,392
Shamli (Uttar Pradesh),Central (NCT Delhi),0.6064288339470234,0.6067907197888455,0.00036188584182206274,4,2,0.40930301584700235,676,421
Jaunpur (Uttar Pradesh),Alirajpur (Madhya Pradesh),0.6020142215498994,0.6036400618582448,0.0016258403083454498,6,4,0.4092909090777726,644,297
Nirmal (Telangana),Jajapur (Odisha),0.5830144302496455,0.5858190871219754,0.0028046568723298915,0,5,0.40925468011001,575,444
Saiha (Mizoram),Munger (Bihar),0.5356246320667303,0.5370959275601832,0.0014712954934529288,1,7,0.4091006960908737,408,89
Komaram Bheem Asifabad (Telangana),West Tripura (Tripura),0.5945788386573799,0.5954541872001088,0.0008753485427288599,4,5,0.4090454780544889,567,595
South West (NCT Delhi),Champhai (Mizoram),0.6474000645815928,0.6485637777845585,0.0011637132029657105,2,7,0.40892208140636643,430,403
West District (Sikkim),Gwalior (Madhya Pradesh),0.6232654278072491,0.6248120134884311,0.0015465856811819334,2,4,0.4088993492109105,524,314
Lohardaga (Jharkhand),Ambala (Haryana),0.6165784713759043,0.6194921540666987,0.0029136826907943947,4,2,0.4088050535054664,240,172
Idukki (Kerala),Raigarh (Chhattisgarh),0.6251358583987333,0.6261577290737865,0.0010218706750532158,3,4,0.4086220282104096,282,127
Guna (Madhya Pradesh),Dakshin Dinajpur (West Bengal),0.6425255792124699,0.6451161454710429,0.0025905662585730127,4,5,0.4085750614493403,313,686
Ganganagar (Rajasthan),South Goa (Goa),0.6905297833774895,0.6915133614509863,0.0009835780734968047,5,3,0.40854142813290273,502,138
Mamit (Mizoram),Thanjavur (Tamil Nadu),0.6054204224032614,0.6071338954044341,0.0017134730011726385,7,3,0.408472785895808,407,544
Sonbhadra (Uttar Pradesh),Bid (Maharashtra),0.5417565046860109,0.5435947093180402,0.0018382046320293277,6,7,0.40846173792007656,680,351
Patna (Bihar),Udalguri (Assam),0.4883729469882428,0.4951517335090582,0.006778786520815427,6,7,0.4083260154771313,94,67
Godda (Jharkhand),Azamgarh (Uttar Pradesh),0.5107224686960662,0.5174877250457446,0.006765256349678395,6,7,0.4083015355063235,233,614
West Kameng (Arunachal Pradesh),Jalna (Maharashtra),0.5179377912186482,0.5228645559096242,0.004926764690975971,1,7,0.4080599117622721,34,359
Tonk (Rajasthan),Chittoor (Andhra Pradesh),0.6196361675267663,0.6219657140314667,0.0023295465047004082,4,0,0.4079999960721653,519,4
Virudhunagar (Tamil Nadu),Dausa (Rajasthan),0.6554314111620915,0.6560621205035196,0.0006307093414281706,3,4,0.40799377980998,556,499
Darbhanga (Bihar),Chandel (Manipur),0.4661683851787622,0.4694935792804225,0.0033251941016603226,6,1,0.40795684953370187,77,383
Kupwara (Jammu Kashmir),Kandhamal (Odisha),0.6559997641877434,0.6581365535388186,0.0021367893510751967,5,4,0.4078434304328902,216,447
Davanagere (Karnataka),South Garo Hills (Meghalaya),0.5585972364013564,0.5612785669142928,0.0026813305129363973,2,7,0.40783715897806894,262,396
Jhansi (Uttar Pradesh),Jashpur (Chhattisgarh),0.5943051263989492,0.594422859419927,0.00011773302097783933,6,4,0.4077121431540051,645,119
East Jantia Hills (Meghalaya),Kheda (Gujarat),0.5106691366187847,0.5127736217674782,0.0021044851486935467,1,7,0.40768572202927367,392,155
Hoshangabad (Madhya Pradesh),Khunti (Jharkhand),0.5495965123174836,0.5511237895829644,0.001527277265480742,7,6,0.4075582728019483,316,237
Ghazipur (Uttar Pradesh),Biswanath (Assam),0.5536223653330554,0.5575263722900157,0.0039040069569602487,6,4,0.40718344848679244,637,38
Ramgarh (Jharkhand),Siddipet (Telangana),0.5745180989667685,0.576072279100407,0.0015541801336385053,4,0,0.4071690554761961,245,581
Kannauj (Uttar Pradesh),Devbhumi Dwarka (Gujarat),0.5773254205592606,0.5810609731912736,0.003735552632012973,6,7,0.4071240299059276,647,149
Bhadradri Kothagudem (Telangana),Baleshwar (Odisha),0.6048108615457032,0.6053449012511959,0.000534039705492706,0,5,0.40708362420172384,558,434
Rajanna Sircilla (Telangana),Kanpur Nagar (Uttar Pradesh),0.6062464932280808,0.6079488918282793,0.0017023986001984959,0,7,0.4070520068802587,578,649
Bhadradri Kothagudem (Telangana),Nainital (Uttarakhand),0.6048108615457032,0.607182602777582,0.0023717412318787767,0,2,0.40704991817080766,558,602
Madhepura (Bihar),Churachandpur (Manipur),0.4827319548210683,0.4906062791219083,0.007874324300840008,6,1,0.4070113411054826,87,384
Debagarh (Odisha),Uttara Kannada (Karnataka),0.6327405043885695,0.6332133153387611,0.00047281095019158226,5,2,0.40700681648760423,439,278
Kheda (Gujarat),Karbi Anglong (Assam),0.5127736217674782,0.5215994636543398,0.00882584188686164,7,1,0.40689506724611996,155,55
Alirajpur (Madhya Pradesh),Rohtas (Bihar),0.6036400618582448,0.6041891557543503,0.0005490938961054681,4,6,0.4068057449613887,297,97
Udaipur (Rajasthan),Jammu (Jammu Kashmir),0.6776798180299862,0.6820757209092189,0.004395902879232638,4,5,0.4067349490846869,520,212
Khunti (Jharkhand),Purba Medinipur (West Bengal),0.5511237895829644,0.5512445708507836,0.00012078126781922549,6,7,0.40644488234085635,237,700
Kurung Kumey (Arunachal Pradesh),Nashik (Maharashtra),0.5302289963683796,0.5339820340030678,0.00375303763468815,1,7,0.40641902321351886,22,367
Koch Bihar (West Bengal),Kannur (Kerala),0.6214241379618881,0.6228907645298017,0.0014666265679136314,5,3,0.40637392703037967,691,283
Yamunanagar (Haryana),Kishtwar (Jammu Kashmir),0.6336475291191307,0.6377669555359491,0.004119426416818395,2,5,0.4062875738806976,193,214
Sant Kabir Nagar (Uttar Pradesh),Dibrugarh (Assam),0.5856732961486991,0.5882560169811148,0.0025827208324157302,4,7,0.40625073648007703,673,46
Ahmedabad (Gujarat),Sundargarh (Odisha),0.6115122730563761,0.6131270363793185,0.001614763322942414,7,4,0.40615215479282635,139,461
Punch (Jammu Kashmir),Mahasamund (Chhattisgarh),0.6651183483437413,0.6652297253092238,0.00011137696548246812,5,4,0.4061012822238692,218,124
Reasi (Jammu Kashmir),West Tripura (Tripura),0.5946484721103774,0.5954541872001088,0.0008057150897313736,4,5,0.4061012822238691,221,595
Sindhudurg (Maharashtra),Dindori (Madhya Pradesh),0.5840539847264032,0.5881854868243642,0.004131502097960982,2,4,0.40598371180231485,376,312
Bandipore (Jammu Kashmir),Hamirpur (Himachal Pradesh),0.6093950728107065,0.6099047333749509,0.0005096605642443963,5,2,0.40572200316299295,208,196
Bilaspur (Chhattisgarh),Sambhal (Uttar Pradesh),0.5416005733462879,0.5446361487770857,0.003035575430797799,7,6,0.4056387308550131,113,672
Lakhisarai (Bihar),Udalguri (Assam),0.4894797025960093,0.4951517335090582,0.005672030913048909,6,7,0.4055557098864187,86,67
Hojai (Assam),Bhagalpur (Bihar),0.4957589714435058,0.4992586742914566,0.003499702847950814,7,6,0.4053363474243419,51,74
Hamirpur (Himachal Pradesh),Churu (Rajasthan),0.6099047333749509,0.6118078092317436,0.0019030758567927242,2,4,0.40532470955879285,196,498
Pithoragarh (Uttarakhand),Kabeerdham (Chhattisgarh),0.6663413048928165,0.6700124120226517,0.003671107129835205,5,4,0.40526811369832,604,120
Idukki (Kerala),Amreli (Gujarat),0.6251358583987333,0.6277640591299071,0.0026282007311737576,3,7,0.40525520566044004,282,140
Chandauli (Uttar Pradesh),Kamareddy (Telangana),0.5661051006235265,0.5681268201562975,0.0020217195327709714,6,0,0.40502045731848213,626,564
Thanjavur (Tamil Nadu),Kanpur Nagar (Uttar Pradesh),0.6071338954044341,0.6079488918282793,0.0008149964238451934,3,7,0.4048683033263771,544,649
Dhar (Madhya Pradesh),Akola (Maharashtra),0.6367391697457714,0.636782435808657,4.32660628856274e-05,4,5,0.40465011147305396,311,347
Tamenglong (Manipur),Sahibganj (Jharkhand),0.4906191604561812,0.4915194029001076,0.0009002424439263912,1,6,0.4045765322150432,388,247
Jaisalmer (Rajasthan),Jagatsinghapur (Odisha),0.623078430474004,0.6233386321425246,0.0002602016685205877,4,5,0.4045498969179615,505,443
Mahesana (Gujarat),Sahibganj (Jharkhand),0.4904047140915024,0.4915194029001076,0.0011146888086052131,7,6,0.4045129890673777,156,247
Deoria (Uttar Pradesh),Sindhudurg (Maharashtra),0.5833881642400085,0.5840539847264032,0.0006658204863947415,6,2,0.40445925420576956,628,376
Latur (Maharashtra),Pratapgarh (Rajasthan),0.6445148808948394,0.6452100364707526,0.0006951555759131534,5,4,0.4044568069004706,361,514
Madurai (Tamil Nadu),Bemetara (Chhattisgarh),0.65904785506923,0.66146788955964,0.0024200344904099502,3,4,0.4043988837801472,536,111
Garhwa (Jharkhand),Kheda (Gujarat),0.5127357461516312,0.5127736217674782,3.787561584700505e-05,6,7,0.40437180616350965,231,155
Mysore (Karnataka),Uttar Bastar Kanker (Chhattisgarh),0.6797090115153347,0.6822053866926029,0.0024963751772681952,2,4,0.4042359439586306,272,133
East Jantia Hills (Meghalaya),Dumka (Jharkhand),0.5106691366187847,0.5125131045123854,0.0018439678936007509,1,6,0.4042176722894949,392,230
Kendujhar (Odisha),Amethi (Uttar Pradesh),0.563255100777122,0.564625514693985,0.0013704139168629892,4,6,0.40416268460883614,449,612
Bhadrak (Odisha),Mahabubnagar (Telangana),0.6285018118600061,0.6289530802046575,0.00045126834465136767,5,0,0.4041591362445115,437,569
Shajapur (Madhya Pradesh),Amravati (Maharashtra),0.6723226209445383,0.676065935631186,0.0037433146866476807,4,5,0.404157139949642,337,348
Etawah (Uttar Pradesh),Vadodara (Gujarat),0.5991590993117487,0.6011030397164948,0.0019439404047461029,4,2,0.40413447513317496,630,170
Phek (Nagaland),Unnao (Uttar Pradesh),0.4692135606060261,0.4779280505564382,0.00871448995041213,1,6,0.4041126387741767,417,682
Alwar (Rajasthan),Damoh (Madhya Pradesh),0.5440057676076354,0.5469188509812621,0.0029130833736267236,6,4,0.40402299177897116,489,308
Mahe (Puducherry),Amravati (Maharashtra),0.6756286015987577,0.676065935631186,0.0004373340324282937,3,5,0.40390778411936845,463,348
Jhabua (Madhya Pradesh),Rajouri (Jammu Kashmir),0.6311513208286917,0.6312659493581732,0.00011462852948140867,4,5,0.4038346418401166,318,219
Latehar (Jharkhand),Doda (Jammu Kashmir),0.5596472793810376,0.5601382202342384,0.0004909408532007831,6,1,0.40369828995979573,239,210
Chamarajanagar (Karnataka),Seoni (Madhya Pradesh),0.6631766507698592,0.6639191862913322,0.0007425355214729645,2,4,0.40359421009008833,257,335
Dahod (Gujarat),Surendranagar (Gujarat),0.5610139470745242,0.5634328485029255,0.0024189014284012877,4,7,0.40352913387609457,148,167
Goalpara (Assam),Mamit (Mizoram),0.6050451423377915,0.6054204224032614,0.00037528006546994064,4,7,0.4032707375539035,48,407
Neemuch (Madhya Pradesh),Dindigul (Tamil Nadu),0.6558120357989872,0.6563707807486019,0.0005587449496147201,4,3,0.4031479187821849,326,530
Dhaulpur (Rajasthan),Rajanna Sircilla (Telangana),0.6038876459255225,0.6062464932280808,0.002358847302558309,6,0,0.40299369244515604,500,578
Faridabad (Haryana),Bundi (Rajasthan),0.6280220129038697,0.6286168360136178,0.0005948231097481216,2,4,0.40299058431406354,175,496
Patiala (Punjab),Rayagada (Odisha),0.5977967283070281,0.5997608321426621,0.0019641038356339457,2,4,0.4028511125467044,482,458
Champhai (Mizoram),Dharwad (Karnataka),0.6485637777845585,0.6487172414165195,0.00015346363196100388,7,2,0.40284391987896373,403,263
Lawngtlai (Mizoram),Mahamaya Nagar (Uttar Pradesh),0.4967239660613096,0.5023440825138424,0.005620116452532853,1,6,0.40275640317387806,405,656
Bhojpur (Bihar),Cachar (Assam),0.5082801785610377,0.517274294156777,0.00899411559573926,6,7,0.4027361233168333,75,40
Bhilwara (Rajasthan),Leh(Ladakh) (Ladakh),0.6554087422902692,0.6562460253990136,0.0008372831087443133,4,5,0.402735296122965,494,295
Nizamabad (Telangana),Dibrugarh (Assam),0.5845496519564554,0.5882560169811148,0.003706365024659486,0,7,0.4026740290643087,576,46
Murshidabad (West Bengal),Nirmal (Telangana),0.5824404339686596,0.5830144302496455,0.0005739962809858667,5,0,0.4025785725636337,694,575
Balrampur (Chhattisgarh),Surendranagar (Gujarat),0.5631711276629844,0.5634328485029255,0.0002617208399411375,4,7,0.4025717368867927,109,167
Bareilly (Uttar Pradesh),Daman (Dadra Nagar Haveli Daman Diu),0.5779731761991597,0.5812241237161601,0.003250947517000391,6,7,0.4025350391849226,621,135
Udhampur (Jammu Kashmir),Ahmedabad (Gujarat),0.607742250818872,0.6115122730563761,0.0037700222375041115,5,7,0.4025264368377614,225,139
Mumbai Suburban (Maharashtra),Udhampur (Jammu Kashmir),0.6075239297541122,0.607742250818872,0.00021832106475982993,2,5,0.4024848645954009,363,225
Gautam Buddha Nagar (Uttar Pradesh),Ashoknagar (Madhya Pradesh),0.594192248636629,0.5963376316816799,0.0021453830450508526,2,4,0.40237123626955207,635,299
Tarn Taran (Punjab),Goalpara (Assam),0.6046349331150919,0.6050451423377915,0.0004102092226996312,2,4,0.40236058194564683,487,48
Hapur (Uttar Pradesh),Amreli (Gujarat),0.6271793364207714,0.6277640591299071,0.0005847227091356766,4,7,0.40229399968006835,641,140
Karbi Anglong (Assam),Etah (Uttar Pradesh),0.5215994636543398,0.5222950252122243,0.0006955615578844165,1,6,0.40201932862377693,55,629
Kohima (Nagaland),Satna (Madhya Pradesh),0.5994527038038355,0.6000429984728318,0.000590294668996294,1,4,0.4019996326982492,412,333
Karauli (Rajasthan),Yamunanagar (Haryana),0.6333875236079991,0.6336475291191307,0.0002600055111315891,4,2,0.40199147788222545,510,193
Balrampur (Uttar Pradesh),Zunheboto (Nagaland),0.4641294009089672,0.4676857353236694,0.0035563344147022113,6,1,0.4019178300568891,618,420
Agra (Uttar Pradesh),Charaideo (Assam),0.5693897551156601,0.571223461969406,0.0018337068537458423,6,7,0.40168084947974747,609,41
Chhatarpur (Madhya Pradesh),Majuli (Assam),0.5731641908146796,0.5744798316089352,0.0013156407942556125,6,7,0.40145776924980736,306,59
Ballia (Uttar Pradesh),Lower Subansiri (Arunachal Pradesh),0.5396262939504938,0.5432199159722674,0.0035936220217736015,6,1,0.40143930851801246,617,26
West Garo Hills (Meghalaya),Ranga Reddy (Telangana),0.5814512549573052,0.5827242602756657,0.0012730053183604984,7,0,0.40133632105015926,399,579
Khammam (Telangana),Nadia (West Bengal),0.5953169286270836,0.5976291120545132,0.0023121834274295594,0,5,0.4013207803946963,566,695
Samastipur (Bihar),Dimapur (Nagaland),0.507707206375643,0.5081114525870024,0.00040424621135937144,6,1,0.40127510085661006,99,410
Kurukshetra (Haryana),Kishtwar (Jammu Kashmir),0.636060898683751,0.6377669555359491,0.0017060568521980457,2,5,0.40119513814629126,183,214
Dungarpur (Rajasthan),Madurai (Tamil Nadu),0.6571541197225185,0.65904785506923,0.0018937353467115559,4,3,0.40114909073409893,501,536
Jangoan (Telangana),Purba Barddhaman (West Bengal),0.5926687278242777,0.5940871147200499,0.0014183868957722279,0,5,0.4010748165968754,561,699
Medchal-Malkajgiri (Telangana),Palwal (Haryana),0.5867265015754589,0.589103959861114,0.002377458285655054,2,4,0.40106860033469016,572,186
East Jantia Hills (Meghalaya),Cachar (Assam),0.5106691366187847,0.517274294156777,0.00660515753799229,1,7,0.40091596904938864,392,40
Bhavnagar (Gujarat),Lohit (Arunachal Pradesh),0.5646549208695101,0.5676374043618468,0.0029824834923367627,7,1,0.4008632025673261,145,23
Satna (Madhya Pradesh),South District (Sikkim),0.6000429984728318,0.6006029378417962,0.0005599393689643684,4,2,0.4008325273687475,333,523
Sambhal (Uttar Pradesh),Korba (Chhattisgarh),0.5446361487770857,0.5454456444396144,0.0008094956625287475,6,1,0.40077824824671593,672,122
Goalpara (Assam),Thanjavur (Tamil Nadu),0.6050451423377915,0.6071338954044341,0.002088753066642579,4,3,0.40077069387149145,48,544
Mahesana (Gujarat),Senapati (Manipur),0.4904047140915024,0.4943998684805016,0.0039951543889992225,7,1,0.400747585969455,156,387
Palamu (Jharkhand),Medak (Telangana),0.5525409638784444,0.554214999427319,0.001674035548874575,6,0,0.40074582882275034,242,571
Madhubani (Bihar),Senapati (Manipur),0.4842742490002918,0.4943998684805016,0.010125619480209791,6,1,0.40066747362940347,88,387
Lalitpur (Uttar Pradesh),Dibrugarh (Assam),0.5843267584302546,0.5882560169811148,0.003929258550860237,6,7,0.40064889657327873,654,46
North Goa (Goa),Ujjain (Madhya Pradesh),0.6617161312607145,0.6629486614307127,0.0012325301699982472,3,4,0.4005703949076899,137,343
Karauli (Rajasthan),Udupi (Karnataka),0.6333875236079991,0.6354611671951724,0.002073643587173324,4,2,0.40052556916575766,510,277
Kozhikode (Kerala),Yavatmal (Maharashtra),0.6576581655154256,0.6577281938406109,7.002832518532287e-05,3,5,0.4003583205319263,287,381
Chitradurga (Karnataka),Kozhikode (Kerala),0.656190652951112,0.6576581655154256,0.0014675125643135445,2,3,0.40032317094054914,260,287
Kalahandi (Odisha),Namakkal (Tamil Nadu),0.6499282685267391,0.6502132158350205,0.00028494730828132475,4,3,0.4003213845479502,446,538
West Godavari (Andhra Pradesh),Tonk (Rajasthan),0.6194504564679654,0.6196361675267663,0.0001857110588009414,0,4,0.4001522284642487,14,519
Hapur (Uttar Pradesh),Darjeeling (West Bengal),0.6271793364207714,0.6277852307611654,0.000605894340394042,4,2,0.4001044277976696,641,687
Narayanpur (Chhattisgarh),Kendrapara (Odisha),0.6024117263860163,0.6033841852563524,0.0009724588703361459,4,5,0.40005479450526615,126,448
Banda (Uttar Pradesh),Dibang Valley (Arunachal Pradesh),0.5380403576105809,0.5386126983562985,0.0005723407457176588,6,1,0.3997081004277217,619,18
Ribhoi (Meghalaya),Munger (Bihar),0.5364926014562134,0.5370959275601832,0.0006033261039698479,1,7,0.3996267452846236,395,89
Idukki (Kerala),Mandla (Madhya Pradesh),0.6251358583987333,0.62609748852888,0.0009616301301467178,3,4,0.39940076854257944,282,322
Jhalawar (Rajasthan),Surat (Gujarat),0.6591029291459779,0.6619160801173338,0.0028131509713559266,4,2,0.39938964025424206,507,166
Gonda (Uttar Pradesh),East Kameng (Arunachal Pradesh),0.4709809982053142,0.4767095042178913,0.005728506012577128,6,1,0.39936833183127585,638,19
Sidhi (Madhya Pradesh),Kannauj (Uttar Pradesh),0.5766409144948892,0.5773254205592606,0.0006845060643714262,4,6,0.39918576447766047,340,647
Panipat (Haryana),Narmada (Gujarat),0.6136054314641359,0.6151391678079263,0.0015337363437903928,2,4,0.3991745895351504,188,159
West District (Sikkim),Hapur (Uttar Pradesh),0.6232654278072491,0.6271793364207714,0.0039139086135222545,2,4,0.399174368693566,524,641
Kodagaon (Chhattisgarh),Morbi (Gujarat),0.5992936298998093,0.5993121739167219,1.8544016912591665e-05,4,7,0.3989295824095443,121,158
Jagatsinghapur (Odisha),Agar Malwa (Madhya Pradesh),0.6233386321425246,0.6234978310036305,0.00015919886110593584,5,4,0.398884685223534,443,296
Jogulamba Gadwal (Telangana),Rayagada (Odisha),0.5991838182749398,0.5997608321426621,0.0005770138677222425,0,4,0.3987408208670725,563,458
Jajapur (Odisha),Mahabubabad (Telangana),0.5858190871219754,0.5882324003769902,0.002413313255014815,5,0,0.39865468875967525,444,568
Visakhapatnam (Andhra Pradesh),Narmada (Gujarat),0.6144943794279588,0.6151391678079263,0.0006447883799675092,0,4,0.3985903135699267,12,159
Palakkad (Kerala),Aizawl (Mizoram),0.5625093584096452,0.5626807887610773,0.00017143035143207808,3,7,0.3985894065566119,289,402
Dausa (Rajasthan),Madurai (Tamil Nadu),0.6560621205035196,0.65904785506923,0.002985734565710385,4,3,0.3985592322590009,499,536
Surguja (Chhattisgarh),Firozpur (Punjab),0.5889599782204821,0.5910315228096771,0.002071544589195007,4,2,0.3984959367373111,132,472
Morbi (Gujarat),Rayagada (Odisha),0.5993121739167219,0.5997608321426621,0.00044865822594020166,7,4,0.3984709693158131,158,458
Bemetara (Chhattisgarh),Surat (Gujarat),0.66146788955964,0.6619160801173338,0.0004481905576938505,4,2,0.3982240282226899,111,166
Lakhimpur (Assam),Una (Himachal Pradesh),0.5951017091141261,0.5961232444868116,0.001021535372685567,4,2,0.3981618142804111,58,205
Bhavnagar (Gujarat),Lower Dibang Valley (Arunachal Pradesh),0.5646549208695101,0.5682285493792836,0.0035736285097734966,7,1,0.39810005355601696,145,25
Bokaro (Jharkhand),East District (Sikkim),0.5508386668623246,0.5538036820689684,0.0029650152066437174,6,2,0.3980989150021355,226,521
Nagarkurnool (Telangana),Dantewada (Chhattisgarh),0.6127940827039419,0.6140094516315161,0.001215368927574234,0,4,0.3980766290566369,573,114
Nandurbar (Maharashtra),Karimnagar (Telangana),0.5462944547399126,0.5475981040418536,0.0013036493019410456,4,0,0.39790747297293527,366,565
Munger (Bihar),Banda (Uttar Pradesh),0.5370959275601832,0.5380403576105809,0.0009444300503976821,7,6,0.3978493140453718,89,619
Longding (Arunachal Pradesh),Shrawasti (Uttar Pradesh),0.477430213863294,0.4801236279940945,0.002693414130800542,1,6,0.3978400567104315,24,677
Rajnandgaon (Chhattisgarh),Mysore (Karnataka),0.6776303631458038,0.6797090115153347,0.0020786483695308666,4,2,0.39772588436486356,129,272
Hisar (Haryana),South (NCT Delhi),0.642955556093696,0.6451226074951321,0.0021670514014360265,5,2,0.39758062993935284,178,428
Mayurbhanj (Odisha),Rae Bareli (Uttar Pradesh),0.5530306583911615,0.5560668937765123,0.003036235385350805,4,6,0.3974323040651905,453,669
Thoubal (Manipur),Aligarh (Uttar Pradesh),0.563687279589779,0.5650034088490047,0.0013161292592256402,1,6,0.39738426972394314,389,610
Kargil (Ladakh),Kabeerdham (Chhattisgarh),0.6663023673043793,0.6700124120226517,0.0037100447182724094,5,4,0.3972334063940788,294,120
Seoni (Madhya Pradesh),Theni (Tamil Nadu),0.6639191862913322,0.6665377207232718,0.002618534431939601,4,3,0.3971917515460074,335,545
Ambedkar Nagar (Uttar Pradesh),Medak (Telangana),0.5531140838949603,0.554214999427319,0.0011009155323586928,7,0,0.39708034134098324,611,571
Peddapalli (Telangana),Satna (Madhya Pradesh),0.5984637429472833,0.6000429984728318,0.0015792555255484952,0,4,0.3970648006855202,577,333
Ambala (Haryana),Mahisagar (Gujarat),0.6194921540666987,0.621732842440813,0.002240688374114286,2,4,0.3969503392480771,172,157
East Jantia Hills (Meghalaya),Azamgarh (Uttar Pradesh),0.5106691366187847,0.5174877250457446,0.006818588426959926,1,7,0.39692572248680535,392,614
Sheopur (Madhya Pradesh),Gandhinagar (Gujarat),0.5484446667520376,0.5502123349037776,0.0017676681517400095,4,7,0.3969128653698866,338,150
Jamnagar (Gujarat),Barmer (Rajasthan),0.691475160302485,0.6927151750740909,0.0012400147716058463,5,4,0.39682194501879203,152,492
Uttara Kannada (Karnataka),Gajapati (Odisha),0.6332133153387611,0.6347405200786133,0.0015272047398521282,2,4,0.3967393877461002,278,441
Pauri Garhwal (Uttarakhand),Aurangabad (Bihar),0.5718034389962683,0.5722484621574054,0.000445023161137148,1,6,0.39656483911377466,603,71
Gajapati (Odisha),Cuddalore (Tamil Nadu),0.6347405200786133,0.6362685145095406,0.0015279944309273263,4,3,0.39644480617712174,441,528
Sultanpur (Uttar Pradesh),Sangareddy (Telangana),0.5729014577031063,0.5747444584857997,0.0018430007826933936,7,0,0.3964130413994547,681,580
Pratapgarh (Uttar Pradesh),Simdega (Jharkhand),0.5408407719956648,0.5447764826530025,0.0039357106573376655,7,6,0.3963451028539457,667,249
Mumbai (Maharashtra),Lahul and Spiti (Himachal Pradesh),0.6942391974004617,0.6999303134548227,0.005691116054361012,2,5,0.39627171333765826,362,200
Senapati (Manipur),Banaskantha (Gujarat),0.4943998684805016,0.4963008550197879,0.0019009865392862757,1,7,0.3962602070838678,387,143
Surendranagar (Gujarat),Thoubal (Manipur),0.5634328485029255,0.563687279589779,0.0002544310868535238,7,1,0.3962569497005255,167,389
Kishtwar (Jammu Kashmir),Raigarh (Maharashtra),0.6377669555359491,0.6389432563970624,0.0011763008611133108,5,2,0.39617951012600483,214,372
Azamgarh (Uttar Pradesh),Karbi Anglong (Assam),0.5174877250457446,0.5215994636543398,0.004111738608595261,7,1,0.39613506770365164,614,55
Tamenglong (Manipur),Imphal East (Manipur),0.4906191604561812,0.4942096667997809,0.0035905063435996976,1,7,0.3960778373631444,388,385
Vizianagaram (Andhra Pradesh),Bangalore (Karnataka),0.6299959250914997,0.6300811667553162,8.524166381651543e-05,0,2,0.3959955307439318,13,251
Dakshin Dinajpur (West Bengal),Pratapgarh (Rajasthan),0.6451161454710429,0.6452100364707526,9.389099970968928e-05,5,4,0.3959335506006853,686,514
Almora (Uttarakhand),Rajouri (Jammu Kashmir),0.6285802830659845,0.6312659493581732,0.002685666292188693,2,5,0.39593146011574465,596,219
Patan (Gujarat),Umaria (Madhya Pradesh),0.6162509988002122,0.6169268510101494,0.0006758522099372666,7,4,0.39591167793417914,162,344
Komaram Bheem Asifabad (Telangana),Ratnagiri (Maharashtra),0.5945788386573799,0.595614688959889,0.0010358503025090782,4,2,0.39581999118524536,567,373
Leh(Ladakh) (Ladakh),Dungarpur (Rajasthan),0.6562460253990136,0.6571541197225185,0.0009080943235049155,5,4,0.39580700851658246,295,501
East Jantia Hills (Meghalaya),Nalanda (Bihar),0.5106691366187847,0.5188020120820503,0.008132875463265687,1,6,0.39578303903103806,392,91
Muktsar (Punjab),Yadgir (Karnataka),0.5710787043728279,0.5721075778301331,0.0010288734573051794,2,4,0.3955818071531235,480,279
Thoothukkudi (Tamil Nadu),Ratlam (Madhya Pradesh),0.66976112964725,0.6713953597362011,0.0016342300889511385,3,4,0.3955486996711729,549,330
Kolasib (Mizoram),Wanaparthy (Telangana),0.607309295112654,0.6096012702500649,0.002291975137410973,7,0,0.3955364640612057,404,584
Mahrajganj (Uttar Pradesh),Kolhapur (Maharashtra),0.6197937865340101,0.6220221056822799,0.0022283191482698195,4,3,0.3954842370046426,658,360
Kamrup Metropolitan (Assam),Mirzapur (Uttar Pradesh),0.5423008528057629,0.5451979966385901,0.0028971438328272425,7,6,0.39541675368380114,54,663
Rampur (Uttar Pradesh),Biswanath (Assam),0.5565235730510867,0.5575263722900157,0.0010027992389289864,6,4,0.3954140550350126,670,38
Ambala (Haryana),Mahrajganj (Uttar Pradesh),0.6194921540666987,0.6197937865340101,0.0003016324673114079,2,4,0.3954043211594305,172,658
Warangal Rural (Telangana),Surajpur (Chhattisgarh),0.570568881862589,0.5718091047711443,0.0012402229085552996,0,4,0.39530886465875603,585,131
Tapi (Gujarat),Bageshwar (Uttarakhand),0.6390642053517559,0.6399951868637811,0.0009309815120251974,5,4,0.39528848485686946,168,597
East Godavari (Andhra Pradesh),Firozabad (Uttar Pradesh),0.5215152868899147,0.5217873282145864,0.0002720413246717346,0,6,0.39509241556336916,5,634
Lohit (Arunachal Pradesh),Kushinagar (Uttar Pradesh),0.5676374043618468,0.5706893182748405,0.0030519139129936423,1,6,0.39506445867144835,23,653
Raigarh (Maharashtra),The Dangs (Gujarat),0.6389432563970624,0.642118183977856,0.0031749275807936295,2,4,0.39506290086093515,372,169
Rajsamand (Rajasthan),Serchhip (Mizoram),0.6362940658274208,0.638643624697326,0.0023495588699052883,4,7,0.39506222370344474,515,409
Raigarh (Chhattisgarh),Y.S.R. (Andhra Pradesh),0.6261577290737865,0.6285320769238938,0.0023743478501072612,4,0,0.394890636646141,127,15
Tinsukia (Assam),Ghazipur (Uttar Pradesh),0.5510818379745783,0.5536223653330554,0.002540527358477096,7,6,0.39483278789971366,66,637
Palghar (Maharashtra),Nuapada (Odisha),0.6592991943540649,0.6621088080422652,0.0028096136882003186,5,4,0.39473368355195176,369,456
Karbi Anglong (Assam),Firozabad (Uttar Pradesh),0.5215994636543398,0.5217873282145864,0.0001878645602465534,1,6,0.39454945186714246,55,634
Rewari (Haryana),Chittaurgarh (Rajasthan),0.651854115314847,0.6521896624993094,0.0003355471844623814,2,4,0.3945009038846914,189,497
South West Garo Hills (Meghalaya),Sheopur (Madhya Pradesh),0.5481054420246365,0.5484446667520376,0.00033922472740111065,7,4,0.3944747045610756,397,338
Gondiya (Maharashtra),Baran (Rajasthan),0.6887376840464717,0.6913837237022566,0.0026460396557849153,5,4,0.39447122971039805,356,491
Baudh (Odisha),Shahid Bhagat Singh Nagar (Punjab),0.6432621961861913,0.6460531466291178,0.002790950442926543,5,2,0.39438810153948045,436,486
Aurangabad (Maharashtra),Balrampur (Chhattisgarh),0.5621463260099421,0.5631711276629844,0.0010248016530423065,7,4,0.3943523892501851,349,109
South Garo Hills (Meghalaya),South Salmara Mancachar (Assam),0.5612785669142928,0.562707176413988,0.0014286094996952547,7,6,0.3943041481130204,396,65
Ahmadnagar (Maharashtra),Wanaparthy (Telangana),0.6092011203568894,0.6096012702500649,0.0004001498931754943,5,0,0.39429900523662753,346,584
Firozabad (Uttar Pradesh),Prakasam (Andhra Pradesh),0.5217873282145864,0.5272415241679326,0.005454195953346175,6,0,0.39429164387722937,634,9
Neemuch (Madhya Pradesh),Dakshina Kannada (Karnataka),0.6558120357989872,0.6577802952461034,0.001968259447116205,4,2,0.3942071438025637,326,261
Adilabad (Telangana),Chandauli (Uttar Pradesh),0.5651792934410328,0.5661051006235265,0.0009258071824936875,0,6,0.39416828590814146,557,626
Cachar (Assam),Karbi Anglong (Assam),0.517274294156777,0.5215994636543398,0.004325169497562897,7,1,0.39415549560292507,40,55
Jangoan (Telangana),Koriya (Chhattisgarh),0.5926687278242777,0.5927426796634343,7.395183915659409e-05,0,4,0.3941434208594006,561,123
Fatehgarh Sahib (Punjab),Rajsamand (Rajasthan),0.6335621696148377,0.6362940658274208,0.0027318962125830737,2,4,0.39410050387784684,470,515
Sikar (Rajasthan),Kancheepuram (Tamil Nadu),0.6186150582125713,0.6208746671920773,0.002259608979505945,4,3,0.3940721604068321,517,532
Thanjavur (Tamil Nadu),Kolasib (Mizoram),0.6071338954044341,0.607309295112654,0.00017539970821989215,3,7,0.3940125162962006,544,404
Siwan (Bihar),Gomati (Tripura),0.5116666545335719,0.5204900628753547,0.008823408341782857,6,7,0.3939887014388005,104,589
Sitamarhi (Bihar),Wokha (Nagaland),0.458131370610397,0.4709428696451376,0.012811499034740603,6,1,0.3939746654916449,103,419
Vidisha (Madhya Pradesh),Nalgonda (Telangana),0.6137415459848065,0.6146733360275944,0.0009317900427879833,4,0,0.3939742647756991,345,574
Nadia (West Bengal),Peddapalli (Telangana),0.5976291120545132,0.5984637429472833,0.0008346308927701385,5,0,0.3938912407993945,695,577
Udhampur (Jammu Kashmir),Saharanpur (Uttar Pradesh),0.607742250818872,0.6080198646540442,0.00027761383517221905,5,4,0.3938115148227755,225,671
Dima Hasao (Assam),Dahod (Gujarat),0.5589918485953556,0.5610139470745242,0.002022098479168677,7,4,0.39377200484188646,47,148
Kanshiram Nagar (Uttar Pradesh),East Jantia Hills (Meghalaya),0.5060999765066762,0.5106691366187847,0.004569160112108506,6,1,0.39377128417593854,650,392
Kendrapara (Odisha),Yadadri Bhuvanagiri (Telangana),0.6033841852563524,0.6035883429853836,0.00020415772903115137,5,0,0.3937189765846003,448,587
Sangli (Maharashtra),Sundargarh (Odisha),0.6115229397631894,0.6131270363793185,0.001604096616129147,2,4,0.39368687808442443,374,461
Shahdol (Madhya Pradesh),Panipat (Haryana),0.613022289944981,0.6136054314641359,0.0005831415191549505,4,2,0.39358152276664937,336,188
Coimbatore (Tamil Nadu),Porbandar (Gujarat),0.6833960409683376,0.6872467627338946,0.003850721765557008,3,5,0.3934302238948743,527,163
Supaul (Bihar),Hojai (Assam),0.4923175982408317,0.4957589714435058,0.0034413732026740695,6,7,0.39340122993304716,105,51
Alwar (Rajasthan),Karimnagar (Telangana),0.5440057676076354,0.5475981040418536,0.0035923364342181907,6,0,0.3933930969415679,489,565
Dhar (Madhya Pradesh),Serchhip (Mizoram),0.6367391697457714,0.638643624697326,0.0019044549515546683,4,7,0.3933026365905282,311,409
Dungarpur (Rajasthan),Ramanagara (Karnataka),0.6571541197225185,0.6609584974779992,0.0038043777554807034,4,2,0.3932719923068532,501,274
North Garo Hills (Meghalaya),Pashchim Champaran (Bihar),0.4274420354226927,0.4443335322913526,0.016891496868659872,1,6,0.3930700046241005,394,93
Birbhum (West Bengal),Bhadradri Kothagudem (Telangana),0.6032778223476298,0.6048108615457032,0.0015330391980733493,5,0,0.3930578929052576,685,558
Pauri Garhwal (Uttarakhand),Chhatarpur (Madhya Pradesh),0.5718034389962683,0.5731641908146796,0.001360751818411332,1,6,0.3929866361038413,603,306
Agra (Uttar Pradesh),Pauri Garhwal (Uttarakhand),0.5693897551156601,0.5718034389962683,0.0024136838806081418,6,1,0.39297768166976826,609,603
Longding (Arunachal Pradesh),Madhepura (Bihar),0.477430213863294,0.4827319548210683,0.0053017409577743035,1,6,0.39291131229255205,24,87
New Delhi (NCT Delhi),Uttarkashi (Uttarakhand),0.6441602208672196,0.6463798219687574,0.002219601101537849,2,4,0.3928856286904633,423,608
Siddharthnagar (Uttar Pradesh),East Garo Hills (Meghalaya),0.5375449361791741,0.5378665330400021,0.00032159686082799954,6,1,0.3928592229888403,678,391
North Tripura (Tripura),Gopalganj (Bihar),0.5336544757117031,0.5362337537959717,0.0025792780842686103,7,6,0.39278661832675327,591,79
Khargone (West Nimar) (Madhya Pradesh),Osmanabad (Maharashtra),0.6500240629798173,0.6523655238848746,0.0023414609050572688,4,5,0.39263198469796606,321,368
Tawang (Arunachal Pradesh),Kokrajhar (Assam),0.5501315805475238,0.5510433848165688,0.0009118042690450245,1,7,0.392492265726589,30,57
West Karbi Anglong (Assam),Panna (Madhya Pradesh),0.5255371627386545,0.5303739551013725,0.0048367923627180565,1,6,0.3924027417578805,68,327
Mansa (Punjab),Jajapur (Odisha),0.5837607819510855,0.5858190871219754,0.002058305170889896,2,5,0.3923961790927678,478,444
Shimoga (Karnataka),Baudh (Odisha),0.6410490550646011,0.6432621961861913,0.002213141121590212,2,5,0.3923137852496099,275,436
Gaya (Bihar),Karimnagar (Telangana),0.5471831695106131,0.5475981040418536,0.0004149345312405295,6,0,0.39230756898742436,78,565
Lower Dibang Valley (Arunachal Pradesh),Kushinagar (Uttar Pradesh),0.5682285493792836,0.5706893182748405,0.0024607688955569085,1,6,0.3923013096601392,25,653
Shamli (Uttar Pradesh),Udhampur (Jammu Kashmir),0.6064288339470234,0.607742250818872,0.001313416871848605,4,5,0.3922285918833804,676,225
Kancheepuram (Tamil Nadu),Chittoor (Andhra Pradesh),0.6208746671920773,0.6219657140314667,0.0010910468393894313,3,0,0.3921811572430989,532,4
Hazaribagh (Jharkhand),Imphal West (Manipur),0.5290502917949998,0.5315794318075068,0.0025291400125069252,6,2,0.3921007089681206,235,386
Lohardaga (Jharkhand),Gurgaon (Haryana),0.6165784713759043,0.6181459008413983,0.0015674294654940413,4,7,0.39203398322050426,240,177
Sri Potti Sriramulu Nellore (Andhra Pradesh),Sivasagar (Assam),0.5888406206128463,0.5897811663907281,0.0009405457778818294,0,7,0.39185575798544403,11,63
Damoh (Madhya Pradesh),Barpeta (Assam),0.5469188509812621,0.5499646557508951,0.0030458047696330093,4,7,0.3916624575913772,308,37
Raigarh (Maharashtra),Hamirpur (Uttar Pradesh),0.6389432563970624,0.6403719531105257,0.001428696713463351,2,4,0.3916464853080817,372,640
Kancheepuram (Tamil Nadu),Koch Bihar (West Bengal),0.6208746671920773,0.6214241379618881,0.0005494707698108225,3,5,0.3916371609148036,532,691
Lunglei (Mizoram),Raichur (Karnataka),0.5732887556949391,0.5764841057381199,0.0031953500431808335,7,6,0.39161551232155234,406,273
South (NCT Delhi),Jalpaiguri (West Bengal),0.6451226074951321,0.6469286912935668,0.0018060837984347211,2,5,0.39158816348246583,428,690
Chamoli (Uttarakhand),Dausa (Rajasthan),0.6547754728472361,0.6560621205035196,0.0012866476562835016,5,4,0.3915852377808265,598,499
Thanjavur (Tamil Nadu),Bandipore (Jammu Kashmir),0.6071338954044341,0.6093950728107065,0.0022611774062724077,3,5,0.3914968285309654,544,208
Nagapattinam (Tamil Nadu),Kulgam (Jammu Kashmir),0.6782764307795313,0.6803562664144548,0.0020798356349235325,3,5,0.3913562371562506,537,215
Etawah (Uttar Pradesh),South District (Sikkim),0.5991590993117487,0.6006029378417962,0.001443838530047481,4,2,0.3913207700992147,630,523
East Jantia Hills (Meghalaya),Banka (Bihar),0.5106691366187847,0.5177529632511803,0.007083826632395596,1,6,0.39131984946470355,392,72
Thane (Maharashtra),Shamli (Uttar Pradesh),0.6060805519057342,0.6064288339470234,0.00034828204128922735,2,4,0.3913139146956598,378,676
Ludhiana (Punjab),Shivpuri (Madhya Pradesh),0.5911273712162664,0.5935356273826384,0.0024082561663720803,2,4,0.39130862365887537,477,339
Lawngtlai (Mizoram),Begusarai (Bihar),0.4967239660613096,0.4997559267440938,0.0030319606827842183,1,6,0.3912004834674758,405,73
Bangalore Rural (Karnataka),Uttar Bastar Kanker (Chhattisgarh),0.6815763663272233,0.6822053866926029,0.0006290203653795956,2,4,0.39104666868739413,252,133
Central (NCT Delhi),Bandipore (Jammu Kashmir),0.6067907197888455,0.6093950728107065,0.0026043530218610167,2,5,0.3909568819352585,421,208
Reasi (Jammu Kashmir),Ratnagiri (Maharashtra),0.5946484721103774,0.595614688959889,0.0009662168495115919,4,2,0.39061734649225116,221,373
Banka (Bihar),Karbi Anglong (Assam),0.5177529632511803,0.5215994636543398,0.0038465004031595917,6,1,0.39052919468154984,72,55
Banaskantha (Gujarat),Bathinda (Punjab),0.4963008550197879,0.5030129093362417,0.006712054316453775,7,2,0.39050279842637453,143,468
Baramula (Jammu Kashmir),Surguja (Chhattisgarh),0.5860891053989866,0.5889599782204821,0.0028708728214954515,5,4,0.39046300060042094,209,132
Khandwa (East Nimar) (Madhya Pradesh),Nagapattinam (Tamil Nadu),0.6775453920011983,0.6782764307795313,0.0007310387783329153,4,3,0.3904189166200636,320,537
Jalgaon (Maharashtra),Chitrakoot (Uttar Pradesh),0.5246538949473816,0.5291994636069064,0.0045455686595248235,7,6,0.39040112566351426,358,627
Baleshwar (Odisha),Kolasib (Mizoram),0.6053449012511959,0.607309295112654,0.0019643938614580803,5,7,0.3903886931391439,434,404
Lower Dibang Valley (Arunachal Pradesh),Agra (Uttar Pradesh),0.5682285493792836,0.5693897551156601,0.0011612057363765693,1,6,0.39036161552250614,25,609
Ludhiana (Punjab),Uttar Dinajpur (West Bengal),0.5911273712162664,0.5920528413231617,0.0009254701068953652,2,5,0.3903087772939321,477,703
Sivasagar (Assam),Panchmahal (Gujarat),0.5897811663907281,0.5913536277689985,0.0015724613782703845,7,4,0.390250914096557,63,161
Mau (Uttar Pradesh),Hyderabad (Telangana),0.5644118617753939,0.5669547946838788,0.0025429329084848407,7,0,0.3902381858419982,661,559
South (NCT Delhi),Uttarkashi (Uttarakhand),0.6451226074951321,0.6463798219687574,0.0012572144736253676,2,4,0.3902133207932573,428,608
Chandauli (Uttar Pradesh),Gurdaspur (Punjab),0.5661051006235265,0.5683227904888595,0.0022176898653329946,6,2,0.39016137812787854,626,473
South Andaman (Andaman Nicobar Islands),Jind (Haryana),0.6493700005635843,0.650275788085538,0.0009057875219536937,2,5,0.3901181970358398,2,180
Ajmer (Rajasthan),Karaikal (Puducherry),0.6690956335432382,0.6705526372558456,0.0014570037126073743,4,3,0.3899932901430881,488,462
Mancherial (Telangana),Dhalai (Tripura),0.5576243074206787,0.5594850952562176,0.0018607878355388907,0,7,0.3899868951989759,570,588
Chhota Udaipur (Gujarat),Srikakulam (Andhra Pradesh),0.6207035388215992,0.6207080154255848,4.47660398561478e-06,4,0,0.3899828976508996,147,10
Kushinagar (Uttar Pradesh),Pauri Garhwal (Uttarakhand),0.5706893182748405,0.5718034389962683,0.0011141207214278026,6,1,0.38966474732773454,653,603
Koch Bihar (West Bengal),Chittoor (Andhra Pradesh),0.6214241379618881,0.6219657140314667,0.0005415760695786087,5,0,0.3896352610902184,691,4
East Khasi Hills (Meghalaya),Vaishali (Bihar),0.4814867384412738,0.4899202118949717,0.008433473453697882,1,6,0.38958860893398695,393,106
Tikamgarh (Madhya Pradesh),Dindigul (Tamil Nadu),0.6547055535052939,0.6563707807486019,0.0016652272433079762,4,3,0.3895138684247079,342,530
Unakoti (Tripura),Balrampur (Uttar Pradesh),0.4559023185494986,0.4641294009089672,0.008227082359468618,7,6,0.3894517327655096,594,618
Bareilly (Uttar Pradesh),Paschim Medinipur (West Bengal),0.5779731761991597,0.5801951726448785,0.0022219964457188546,6,7,0.3894449906481021,621,698
Kasaragod (Kerala),Mahasamund (Chhattisgarh),0.6639031527136265,0.6652297253092238,0.0013265725955972085,3,4,0.38943208666595186,284,124
Raichur (Karnataka),Morigaon (Assam),0.5764841057381199,0.5773622017693061,0.0008780960311861596,6,4,0.38942348673441657,273,60
Balrampur (Uttar Pradesh),West Siang (Arunachal Pradesh),0.4641294009089672,0.4694854112050682,0.005356010296100999,6,1,0.3894206633246959,618,35
Khargone (West Nimar) (Madhya Pradesh),Bhopal (Madhya Pradesh),0.6500240629798173,0.6521475048191842,0.0021234418393668575,4,2,0.3893619309426171,321,304
Unnao (Uttar Pradesh),Peren (Nagaland),0.4779280505564382,0.4837855938453878,0.0058575432889495516,6,1,0.3893134462504928,682,416
Baran (Rajasthan),Tiruppur (Tamil Nadu),0.6913837237022566,0.6940689441761417,0.002685220473885086,4,3,0.3892837902331798,491,552
Anjaw (Arunachal Pradesh),Imphal East (Manipur),0.4940652955960629,0.4942096667997809,0.00014437120371801893,1,7,0.3892068057122541,16,385
Sambhal (Uttar Pradesh),Jorhat (Assam),0.5446361487770857,0.5472981929659047,0.0026620441888189905,6,7,0.3891549182314081,672,52
Dhar (Madhya Pradesh),North (NCT Delhi),0.6367391697457714,0.6379119657253207,0.0011727959795493348,4,2,0.38911626600213767,311,424
Sheopur (Madhya Pradesh),Hoshangabad (Madhya Pradesh),0.5484446667520376,0.5495965123174836,0.001151845565446008,4,7,0.3890256734047491,338,316
Imphal West (Manipur),Sant Ravidas Nagar (Bhadohi) (Uttar Pradesh),0.5315794318075068,0.5326946214173487,0.0011151896098419156,2,6,0.3889651205339959,386,674
Morbi (Gujarat),Kohima (Nagaland),0.5993121739167219,0.5994527038038355,0.00014052988711366066,7,1,0.3889482108153148,158,412
Parbhani (Maharashtra),Bishnupur (Manipur),0.4984159730877444,0.4995255315678477,0.001109558480103301,7,1,0.3889353032014369,370,382
Yadadri Bhuvanagiri (Telangana),Dhaulpur (Rajasthan),0.6035883429853836,0.6038876459255225,0.00029930294013891245,0,6,0.3885528412671676,587,500
Jangoan (Telangana),Shivpuri (Madhya Pradesh),0.5926687278242777,0.5935356273826384,0.0008668995583607231,0,4,0.3885528412671674,561,339
Jashpur (Chhattisgarh),Una (Himachal Pradesh),0.594422859419927,0.5961232444868116,0.0017003850668846354,4,2,0.3884478801634499,119,205
Kra Daadi (Arunachal Pradesh),Giridih (Jharkhand),0.5043966087170257,0.5067539041017933,0.002357295384767588,1,6,0.38842793541102705,21,232
Banswara (Rajasthan),South Twenty Four Parganas (West Bengal),0.6315079571694711,0.6329090682557573,0.0014011110862862663,4,5,0.3883402534337348,490,702
Dindigul (Tamil Nadu),Pulwama (Jammu Kashmir),0.6563707807486019,0.6592939526135492,0.0029231718649472826,3,5,0.3882199218058372,530,217
Janjgir - Champa (Chhattisgarh),Faridabad (Haryana),0.6241594031066753,0.6280220129038697,0.0038626097971944384,4,2,0.3881283969923677,118,175
Raichur (Karnataka),North  District (Sikkim),0.5764841057381199,0.5783870304215633,0.00190292468344333,6,2,0.38810429256295237,273,522
Reasi (Jammu Kashmir),Nadia (West Bengal),0.5946484721103774,0.5976291120545132,0.0029806399441357767,4,5,0.38806783002370404,221,695
Garhwa (Jharkhand),Sepahijala (Tripura),0.5127357461516312,0.5189066129456256,0.006170866793994367,6,7,0.3880214035305183,231,592
Kolasib (Mizoram),Ahmadnagar (Maharashtra),0.607309295112654,0.6092011203568894,0.0018918252442354788,7,5,0.38791154665621486,404,346
Kasaragod (Kerala),Sambalpur (Odisha),0.6639031527136265,0.6656495882211882,0.0017464355075617055,3,5,0.3877781519323029,284,459
Darbhanga (Bihar),Phek (Nagaland),0.4661683851787622,0.4692135606060261,0.003045175427263902,6,1,0.387687379105166,77,417
Kozhikode (Kerala),Valsad (Gujarat),0.6576581655154256,0.6613452449749101,0.0036870794594845435,3,2,0.38766694649158195,287,171
Korba (Chhattisgarh),Karimnagar (Telangana),0.5454456444396144,0.5475981040418536,0.0021524596022391984,1,0,0.3876333612656332,122,565
Mahendragarh (Haryana),South East (NCT Delhi),0.6310822344912789,0.6327976205307947,0.0017153860395158205,5,2,0.3876271450034482,184,429
Vadodara (Gujarat),Kaimur (Bhabua) (Bihar),0.6011030397164948,0.6024071008423451,0.0013040611258502421,2,6,0.38754073745706774,170,82
Aligarh (Uttar Pradesh),Sonitpur (Assam),0.5650034088490047,0.567253099795637,0.002249690946632299,6,4,0.38750633499414777,610,64
Gurgaon (Haryana),Mahrajganj (Uttar Pradesh),0.6181459008413983,0.6197937865340101,0.0016478856926117613,7,4,0.38739050559890514,177,658
Ganjam (Odisha),Hapur (Uttar Pradesh),0.6241511160919777,0.6271793364207714,0.003028220328793685,5,4,0.38726494988657373,442,641
Siang (Arunachal Pradesh),North Tripura (Tripura),0.5304785600492571,0.5336544757117031,0.003175915662446016,1,7,0.3871790642225684,29,591
Uttarkashi (Uttarakhand),South West (NCT Delhi),0.6463798219687574,0.6474000645815928,0.001020242612835398,4,2,0.38712589301452893,608,430
Jhansi (Uttar Pradesh),Ratnagiri (Maharashtra),0.5943051263989492,0.595614688959889,0.0013095625609398365,6,2,0.38707721658811195,645,373
Bemetara (Chhattisgarh),Chamarajanagar (Karnataka),0.66146788955964,0.6631766507698592,0.001708761210219234,4,2,0.38703665277603905,111,257
Ambala (Haryana),Srikakulam (Andhra Pradesh),0.6194921540666987,0.6207080154255848,0.0012158613588861833,2,0,0.38701252926284596,172,10
Deoghar (Jharkhand),Wokha (Nagaland),0.462601006745168,0.4709428696451376,0.008341862899969577,6,1,0.3870056753990098,228,419
East District (Sikkim),Paschim Barddhaman (West Bengal),0.5538036820689684,0.5581318329199485,0.00432815085098015,2,7,0.3869669835344932,521,697
Sonbhadra (Uttar Pradesh),Nalbari (Assam),0.5417565046860109,0.545101444209938,0.003344939523927115,6,7,0.38692655118309704,680,62
Udhampur (Jammu Kashmir),Hamirpur (Himachal Pradesh),0.607742250818872,0.6099047333749509,0.0021624825560788707,5,2,0.38685852319837627,225,196
Sitamarhi (Bihar),Zunheboto (Nagaland),0.458131370610397,0.4676857353236694,0.009554364713272423,6,1,0.3867298561997122,103,420
South East (NCT Delhi),Narsimhapur (Madhya Pradesh),0.6327976205307947,0.6329645571513869,0.00016693662059219516,2,4,0.3865447251803974,429,325
Bishnupur (Manipur),Muzaffarpur (Bihar),0.4995255315678477,0.5033766928836564,0.0038511613158087044,1,6,0.3865179397422248,382,90
Sheohar (Bihar),Papum Pare (Arunachal Pradesh),0.50769094255354,0.5086785538333242,0.0009876112797841952,6,1,0.3863900680917976,102,28
Jangoan (Telangana),Maldah (West Bengal),0.5926687278242777,0.592911623875736,0.00024289605145833004,0,5,0.3863786772277884,561,693
South West Khasi Hills (Meghalaya),Panna (Madhya Pradesh),0.5267737765365229,0.5303739551013725,0.003600178564849621,1,6,0.38632292702180443,398,327
Darbhanga (Bihar),West Siang (Arunachal Pradesh),0.4661683851787622,0.4694854112050682,0.0033170260263060136,6,1,0.3862466039581949,77,35
West Tripura (Tripura),Thrissur (Kerala),0.5954541872001088,0.5967346497432651,0.00128046254315628,5,3,0.3862286228440877,595,292
Koch Bihar (West Bengal),Anantapur (Andhra Pradesh),0.6214241379618881,0.6223885849222722,0.0009644469603841133,5,0,0.3862126292751794,691,3
Parbhani (Maharashtra),Mewat (Haryana),0.4984159730877444,0.5027390367000252,0.0043230636122807975,7,6,0.3861426345049801,370,185
Alappuzha (Kerala),Sahibzada Ajit Singh Nagar (Punjab),0.6160406437852519,0.6161397656930043,9.912190775240859e-05,3,2,0.3860339350516516,280,484
Bhopal (Madhya Pradesh),Tikamgarh (Madhya Pradesh),0.6521475048191842,0.6547055535052939,0.0025580486861097596,2,4,0.3860249229720562,304,342
Mayurbhanj (Odisha),Ambedkar Nagar (Uttar Pradesh),0.5530306583911615,0.5531140838949603,8.342550379880631e-05,4,7,0.3859783042349204,453,611
Sawai Madhopur (Rajasthan),Medak (Telangana),0.553035693677917,0.554214999427319,0.0011793057494019488,6,0,0.38588985776323953,516,571
Dhalai (Tripura),Basti (Uttar Pradesh),0.5594850952562176,0.5619981972072905,0.0025131019510729047,7,6,0.38588091794385015,588,622
North Goa (Goa),Fatehabad (Haryana),0.6617161312607145,0.6630335729374737,0.001317441676759179,3,5,0.38586400417364786,137,176
Guntur (Andhra Pradesh),Udhampur (Jammu Kashmir),0.6065078687009482,0.607742250818872,0.0012343821179238157,0,5,0.38577305824942415,6,225
Dindigul (Tamil Nadu),Dungarpur (Rajasthan),0.6563707807486019,0.6571541197225185,0.0007833389739165808,3,4,0.3857201735856564,530,501
Kurnool (Andhra Pradesh),Sultanpur (Uttar Pradesh),0.571122825156819,0.5729014577031063,0.0017786325462872954,0,7,0.3856470020965114,8,681
Udalguri (Assam),Bishnupur (Manipur),0.4951517335090582,0.4995255315678477,0.004373798058789458,7,1,0.3856004013596968,67,382
Saharanpur (Uttar Pradesh),Sangli (Maharashtra),0.6080198646540442,0.6115229397631894,0.0035030751091451595,4,2,0.3855202486510633,671,374
Jalor (Rajasthan),Rewari (Haryana),0.650813399697259,0.651854115314847,0.0010407156175880061,4,2,0.3855192042053842,506,189
Katni (Madhya Pradesh),Sahibzada Ajit Singh Nagar (Punjab),0.6137384114896133,0.6161397656930043,0.0024013542033910484,4,2,0.38537928138104194,319,484
Ahmedabad (Gujarat),Baloda Bazar (Chhattisgarh),0.6115122730563761,0.6123529071017644,0.0008406340453882555,7,4,0.38537306511885705,139,108
Salem (Tamil Nadu),Baudh (Odisha),0.6400386946519365,0.6432621961861913,0.003223501534254769,3,5,0.38530247366692305,542,436
Gautam Buddha Nagar (Uttar Pradesh),Jayashankar Bhupalapally (Telangana),0.594192248636629,0.5964416140723767,0.002249365435747719,2,0,0.38527374451978613,635,562
Haora (West Bengal),Kodagaon (Chhattisgarh),0.5975916174702169,0.5992936298998093,0.0017020124295923367,2,4,0.38520356724502836,688,121
Dhamtari (Chhattisgarh),Coimbatore (Tamil Nadu),0.6809055687695142,0.6833960409683376,0.002490472198823368,4,3,0.3851010385397182,115,527
West Garo Hills (Meghalaya),Warangal Urban (Telangana),0.5814512549573052,0.5829968706114199,0.001545615654114707,7,0,0.3850596180001945,399,586
Mainpuri (Uttar Pradesh),Pune (Maharashtra),0.568895289905888,0.5695950670503351,0.0006997771444471335,6,2,0.38505650986910234,659,371
Vellore (Tamil Nadu),Seoni (Madhya Pradesh),0.6635099147076206,0.6639191862913322,0.0004092715837116234,3,4,0.38499253311297965,554,335
South East (NCT Delhi),South Twenty Four Parganas (West Bengal),0.6327976205307947,0.6329090682557573,0.00011144772496263222,2,5,0.3849579452373346,429,702
Charaideo (Assam),Pauri Garhwal (Uttarakhand),0.571223461969406,0.5718034389962683,0.0005799770268622995,7,1,0.3848344533233952,41,603
Rajnandgaon (Chhattisgarh),Bangalore Rural (Karnataka),0.6776303631458038,0.6815763663272233,0.003946003181419466,4,2,0.3845366090936271,129,252
Khargone (West Nimar) (Madhya Pradesh),Namakkal (Tamil Nadu),0.6500240629798173,0.6502132158350205,0.00018915285520315628,4,3,0.384514139404555,321,538
Udaipur (Rajasthan),Mysore (Karnataka),0.6776798180299862,0.6797090115153347,0.0020291934853484683,4,2,0.3844598013795082,520,272
Buxer (Bihar),Tinsukia (Assam),0.5507263030414423,0.5510818379745783,0.0003555349331360036,6,7,0.38442764915265537,76,66
Kolasib (Mizoram),Hamirpur (Himachal Pradesh),0.607309295112654,0.6099047333749509,0.002595438262296912,7,2,0.38439737786270867,404,196
Jhalawar (Rajasthan),Kolar (Karnataka),0.6591029291459779,0.6591595923385196,5.6663192541717144e-05,4,2,0.38434865299896415,507,269
Nainital (Uttarakhand),Saharanpur (Uttar Pradesh),0.607182602777582,0.6080198646540442,0.0008372618764622697,2,4,0.38428303487833554,602,671
Khordha (Odisha),Guna (Madhya Pradesh),0.6405908892956929,0.6425255792124699,0.0019346899167770326,5,4,0.3842796717379454,450,313
Rajsamand (Rajasthan),Shahdara (NCT Delhi),0.6362940658274208,0.637989054951261,0.0016949891238402515,4,2,0.3842076213195019,515,427
Rajsamand (Rajasthan),North (NCT Delhi),0.6362940658274208,0.6379119657253207,0.0016178998978999548,4,2,0.3842076213195019,515,424
Porbandar (Gujarat),Nagpur (Maharashtra),0.6872467627338946,0.6912908903648683,0.004044127630973726,5,2,0.384186540260359,163,364
Ashoknagar (Madhya Pradesh),Patiala (Punjab),0.5963376316816799,0.5977967283070281,0.0014590966253482662,4,2,0.3841433316749747,299,482
Fatehpur (Uttar Pradesh),East Garo Hills (Meghalaya),0.534897099286504,0.5378665330400021,0.0029694337534981186,6,1,0.3841348784086897,633,391
North  District (Sikkim),Devbhumi Dwarka (Gujarat),0.5783870304215633,0.5810609731912736,0.0026739427697103357,2,7,0.38408878006009445,522,149
Hoshiarpur (Punjab),Baudh (Odisha),0.6403501064554179,0.6432621961861913,0.002912089730773393,2,5,0.3840017981019743,474,436
Rajouri (Jammu Kashmir),Kodagu (Karnataka),0.6312659493581732,0.6315701594035719,0.00030421004539871177,5,2,0.3839643242237837,219,268
Farrukhabad (Uttar Pradesh),Sangareddy (Telangana),0.5742050588067394,0.5747444584857997,0.0005393996790602484,6,0,0.383820474617813,632,580
Kalahandi (Odisha),Tumkur (Karnataka),0.6499282685267391,0.6511404979410191,0.0012122294142800083,4,2,0.383629561616463,446,276
Bemetara (Chhattisgarh),Hassan (Karnataka),0.66146788955964,0.6633537371246797,0.0018858475650397333,4,2,0.38361712909209245,111,266
Charaideo (Assam),Farrukhabad (Uttar Pradesh),0.571223461969406,0.5742050588067394,0.0029815968373334556,7,6,0.3836070558124459,41,632
New Delhi (NCT Delhi),Jalpaiguri (West Bengal),0.6441602208672196,0.6469286912935668,0.0027684704263472026,2,5,0.383463513663854,423,690
Chandauli (Uttar Pradesh),Lohit (Arunachal Pradesh),0.5661051006235265,0.5676374043618468,0.001532303738320362,6,1,0.3833877992999247,626,23
Mungeli (Chhattisgarh),Sahibzada Ajit Singh Nagar (Punjab),0.6157970188732744,0.6161397656930043,0.00034274681972989995,4,2,0.383368057163179,125,484
Siddipet (Telangana),Bareilly (Uttar Pradesh),0.576072279100407,0.5779731761991597,0.0019008970987526297,0,6,0.38331611449780123,581,621
Mamit (Mizoram),Auraiya (Uttar Pradesh),0.6054204224032614,0.6072041356512282,0.0017837132479667783,7,4,0.38318838174071973,407,613
Sambhal (Uttar Pradesh),Vikarabad (Telangana),0.5446361487770857,0.5479012033304308,0.003265054553345137,6,0,0.38315006654519185,672,583
Dhaulpur (Rajasthan),Mamit (Mizoram),0.6038876459255225,0.6054204224032614,0.001532776477738973,6,7,0.38305302162924976,500,407
Nashik (Maharashtra),Siddharthnagar (Uttar Pradesh),0.5339820340030678,0.5375449361791741,0.0035629021761063306,7,6,0.38303991243320995,367,678
Nashik (Maharashtra),Saiha (Mizoram),0.5339820340030678,0.5356246320667303,0.0016425980636625148,7,1,0.3830380962833502,367,408
Saraikela-Kharsawan (Jharkhand),Bellary (Karnataka),0.616462481401611,0.6190115409469475,0.002549059545336574,4,5,0.382891670223001,248,254
Warangal Rural (Telangana),Pauri Garhwal (Uttarakhand),0.570568881862589,0.5718034389962683,0.0012345571336792593,0,1,0.38286688547952574,585,603
Nagarkurnool (Telangana),Katni (Madhya Pradesh),0.6127940827039419,0.6137384114896133,0.0009443287856714111,0,4,0.38279310559123336,573,319
Vellore (Tamil Nadu),Jodhpur (Rajasthan),0.6635099147076206,0.6635177450603194,7.830352698801057e-06,3,4,0.38278787373011125,554,509
Mau (Uttar Pradesh),North West (NCT Delhi),0.5644118617753939,0.5674274907317932,0.0030156289563992855,7,2,0.38272562227039164,661,426
Kolar (Karnataka),Sirohi (Rajasthan),0.6591595923385196,0.6623625246811813,0.0032029323426616685,2,4,0.38272562227039164,269,518
Aizawl (Mizoram),Suryapet (Telangana),0.5626807887610773,0.5637627059031259,0.0010819171420486384,7,0,0.38247786295670644,402,582
Murshidabad (West Bengal),Kapurthala (Punjab),0.5824404339686596,0.5837130637206458,0.0012726297519861651,5,2,0.382464117817108,694,476
Bilaspur (Himachal Pradesh),Baran (Rajasthan),0.6884515394877236,0.6913837237022566,0.002932184214533007,5,4,0.38241440265056537,194,491
Pauri Garhwal (Uttarakhand),Chirang (Assam),0.5718034389962683,0.5718955218842484,9.20828879801272e-05,1,4,0.3822257555957833,603,42
South Salmara Mancachar (Assam),Kendujhar (Odisha),0.562707176413988,0.563255100777122,0.0005479243631340003,6,4,0.3821700310507878,65,449
Hardwar (Uttarakhand),Tinsukia (Assam),0.5495372676159836,0.5510818379745783,0.0015445703585946768,2,7,0.38206253735915674,601,66
Kancheepuram (Tamil Nadu),West District (Sikkim),0.6208746671920773,0.6232654278072491,0.0023907606151718497,3,2,0.38200351568757923,532,524
Mainpuri (Uttar Pradesh),Warangal Rural (Telangana),0.568895289905888,0.570568881862589,0.001673591956701026,6,0,0.3818860581140695,659,585
Pratapgarh (Rajasthan),Dharwad (Karnataka),0.6452100364707526,0.6487172414165195,0.0035072049457669507,4,2,0.3818767337207915,514,263
Aligarh (Uttar Pradesh),Hyderabad (Telangana),0.5650034088490047,0.5669547946838788,0.0019513858348740865,6,0,0.3818030341377652,610,559
West Godavari (Andhra Pradesh),Koch Bihar (West Bengal),0.6194504564679654,0.6214241379618881,0.001973681493922741,0,5,0.3817874934823018,14,691
Valsad (Gujarat),Nuapada (Odisha),0.6613452449749101,0.6621088080422652,0.0007635630673551441,2,4,0.38171690203036773,171,456
Chennai (Tamil Nadu),Mandya (Karnataka),0.6741965221076976,0.6775128018249553,0.0033162797172576752,3,2,0.38165730845183143,526,271
Biswanath (Assam),Lucknow (Uttar Pradesh),0.5575263722900157,0.5596752806475477,0.002148908357532009,4,7,0.38147404636363974,38,655
Bagalkot (Karnataka),Sivasagar (Assam),0.5887594565885141,0.5897811663907281,0.0010217098022139437,4,7,0.38143031444306497,250,63
Sheikhpura (Bihar),Hardwar (Uttarakhand),0.5480413996766647,0.5495372676159836,0.0014958679393189955,6,2,0.3813678926448677,101,601
Morena (Madhya Pradesh),Khammam (Telangana),0.5940224825169502,0.5953169286270836,0.001294446110133407,7,0,0.38136615733859436,324,566
North  & Middle Andaman (Andaman Nicobar Islands),Bhadradri Kothagudem (Telangana),0.6045210868167618,0.6048108615457032,0.00028977472894142764,2,0,0.3813248173100599,1,558
Latur (Maharashtra),Ernakulam (Kerala),0.6445148808948394,0.6464996536428517,0.0019847727480122312,5,3,0.381322302450127,361,281
Garhwa (Jharkhand),Cachar (Assam),0.5127357461516312,0.517274294156777,0.004538548005145748,6,7,0.38129123197006687,231,40
Bara Banki (Uttar Pradesh),West Siang (Arunachal Pradesh),0.4597457585515782,0.4694854112050682,0.009739652653490027,6,1,0.3812841243725663,620,35
Chamba (Himachal Pradesh),Mumbai (Maharashtra),0.6941952885423471,0.6942391974004617,4.39088581145608e-05,5,2,0.3811170854096808,195,362
Charaideo (Assam),Aurangabad (Bihar),0.571223461969406,0.5722484621574054,0.0010250001879994475,7,6,0.381112555835583,41,71
Osmanabad (Maharashtra),Bhilwara (Rajasthan),0.6523655238848746,0.6554087422902692,0.0030432184053946765,5,4,0.38103605748100067,368,494
Deoghar (Jharkhand),Zunheboto (Nagaland),0.462601006745168,0.4676857353236694,0.005084728578501396,6,1,0.3809639750694404,228,420
Sundargarh (Odisha),Nalgonda (Telangana),0.6131270363793185,0.6146733360275944,0.0015462996482759062,4,0,0.38096036185035,461,574
Kurung Kumey (Arunachal Pradesh),Prayagraj (Uttar Pradesh),0.5302289963683796,0.5304601415871453,0.0002311452187656604,1,6,0.3809597836977493,22,668
Arwal (Bihar),Bilaspur (Chhattisgarh),0.5406405398033195,0.5416005733462879,0.0009600335429683637,6,7,0.3809267209840094,70,113
Mandsaur (Madhya Pradesh),Panipat (Haryana),0.6116717142689331,0.6136054314641359,0.0019337171952028553,4,2,0.3809181392514884,323,188
Gajapati (Odisha),Belgaum (Karnataka),0.6347405200786133,0.6363872598128987,0.0016467397342854184,4,5,0.3808866622673232,441,253
Uttarkashi (Uttarakhand),Champhai (Mizoram),0.6463798219687574,0.6485637777845585,0.0021839558158011085,4,7,0.38086763140458346,608,403
Sehore (Madhya Pradesh),Aizawl (Mizoram),0.5612584579715896,0.5626807887610773,0.0014223307894877246,4,7,0.3807994059737667,334,402
Sirsa (Haryana),Mahrajganj (Uttar Pradesh),0.6180905332499609,0.6197937865340101,0.0017032532840491887,5,4,0.38079426229186397,191,658
Chandauli (Uttar Pradesh),Lower Dibang Valley (Arunachal Pradesh),0.5661051006235265,0.5682285493792836,0.002123448755757096,6,1,0.3806246502886156,626,25
Cuddalore (Tamil Nadu),Kishtwar (Jammu Kashmir),0.6362685145095406,0.6377669555359491,0.0014984410264085035,3,5,0.3804932993034491,528,214
Srikakulam (Andhra Pradesh),Kolhapur (Maharashtra),0.6207080154255848,0.6220221056822799,0.001314090256695044,0,3,0.3804427697146742,10,360
Mahe (Puducherry),Rajkot (Gujarat),0.6756286015987577,0.6758922319605024,0.00026363036174470444,3,5,0.38040397912049995,463,164
Baloda Bazar (Chhattisgarh),Nagarkurnool (Telangana),0.6123529071017644,0.6127940827039419,0.0004411756021774904,4,0,0.3803667614918481,108,573
Lawngtlai (Mizoram),Muzaffarpur (Bihar),0.4967239660613096,0.5033766928836564,0.0066527268223467995,1,6,0.3803469602522126,405,90
Tamenglong (Manipur),Hojai (Assam),0.4906191604561812,0.4957589714435058,0.005139810987324578,1,7,0.3803452101091751,388,51
Ribhoi (Meghalaya),Banda (Uttar Pradesh),0.5364926014562134,0.5380403576105809,0.00154775615436753,1,6,0.380277231812138,395,619
Kishanganj (Bihar),Longleng (Nagaland),0.4243495430433829,0.4418840806834486,0.017534537640065684,6,1,0.3802311241985106,85,413
Hojai (Assam),Mahamaya Nagar (Uttar Pradesh),0.4957589714435058,0.5023440825138424,0.006585111070336658,7,6,0.3802068393810282,51,656
Thrissur (Kerala),Haora (West Bengal),0.5967346497432651,0.5975916174702169,0.0008569677269518738,3,2,0.3801958965940081,292,688
Amethi (Uttar Pradesh),Lohit (Arunachal Pradesh),0.564625514693985,0.5676374043618468,0.0030118896678618112,6,1,0.38015488288375254,612,23
Ghazipur (Uttar Pradesh),Barnala (Punjab),0.5536223653330554,0.554954896489869,0.0013325311568135323,6,2,0.3801487708738608,637,467
Darbhanga (Bihar),Zunheboto (Nagaland),0.4661683851787622,0.4676857353236694,0.0015173501449072258,6,1,0.380105611785843,77,420
West Karbi Anglong (Assam),Chitrakoot (Uttar Pradesh),0.5255371627386545,0.5291994636069064,0.003662300868251922,1,6,0.3800824675317076,68,627
Jyotiba Phule Nagar (Uttar Pradesh),West Garo Hills (Meghalaya),0.57842636425749,0.5814512549573052,0.0030248906998151526,6,7,0.3799255381352153,646,399
Mokokchung (Nagaland),Panchmahal (Gujarat),0.5903416432795624,0.5913536277689985,0.0010119844894360686,1,4,0.3799118030287979,414,161
Serchhip (Mizoram),Shimoga (Karnataka),0.638643624697326,0.6410490550646011,0.00240543036727503,7,2,0.37981838263794804,409,275
Narsimhapur (Madhya Pradesh),Yanam (Puducherry),0.6329645571513869,0.6334743660746895,0.000509808923302657,4,3,0.3796994615503194,325,465
Bargarh (Odisha),Thoothukkudi (Tamil Nadu),0.6658288908547175,0.66976112964725,0.003932238792532461,5,3,0.3796195457051076,435,549
Nadia (West Bengal),Jogulamba Gadwal (Telangana),0.5976291120545132,0.5991838182749398,0.0015547062204266382,5,0,0.3796132595509455,695,563
Chittoor (Andhra Pradesh),Jaisalmer (Rajasthan),0.6219657140314667,0.623078430474004,0.0011127164425372982,0,4,0.379539629859896,4,505
Basti (Uttar Pradesh),Kendujhar (Odisha),0.5619981972072905,0.563255100777122,0.0012569035698315467,6,4,0.37947261014673667,622,449
West Khasi Hills (Meghalaya),Saran (Bihar),0.477098285379982,0.4840342345249289,0.006935949144946885,1,6,0.3794300832173136,401,100
Visakhapatnam (Andhra Pradesh),Saraikela-Kharsawan (Jharkhand),0.6144943794279588,0.616462481401611,0.0019681019736521588,0,4,0.3793891225627501,12,248
Tirap (Arunachal Pradesh),Mewat (Haryana),0.4994653936627229,0.5027390367000252,0.003273643037302265,1,6,0.3793537490731918,31,185
West District (Sikkim),Idukki (Kerala),0.6232654278072491,0.6251358583987333,0.0018704305914841735,2,3,0.379345094081926,524,282
West Garo Hills (Meghalaya),Nirmal (Telangana),0.5814512549573052,0.5830144302496455,0.0015631752923402908,7,0,0.3792782820247778,399,575
Kargil (Ladakh),Thoothukkudi (Tamil Nadu),0.6663023673043793,0.66976112964725,0.0034587623428706804,5,3,0.3791468791040382,294,549
Anantnag (Jammu Kashmir),Nabarangapur (Odisha),0.6538426862441498,0.6545489398542632,0.0007062536101134498,5,4,0.3791202612479104,206,454
Lunglei (Mizoram),Farrukhabad (Uttar Pradesh),0.5732887556949391,0.5742050588067394,0.000916303111800354,7,6,0.3790183316718796,406,632
West Garo Hills (Meghalaya),Ghaziabad (Uttar Pradesh),0.5814512549573052,0.5822205192258598,0.0007692642685546147,7,2,0.3789677864190425,399,636
Bemetara (Chhattisgarh),Vellore (Tamil Nadu),0.66146788955964,0.6635099147076206,0.002042025147980575,4,3,0.3789429213703016,111,554
West Garo Hills (Meghalaya),Jagitial (Telangana),0.5814512549573052,0.583164001485113,0.0017127465278078402,7,0,0.37888165431164533,399,560
Ribhoi (Meghalaya),Ballia (Uttar Pradesh),0.5364926014562134,0.5396262939504938,0.0031336924942804156,1,6,0.3788379788616438,395,617
Durg (Chhattisgarh),Kanniyakumari (Tamil Nadu),0.666493452848441,0.6701520400566364,0.003658587208195452,2,3,0.3786699398911435,116,533
Sri Potti Sriramulu Nellore (Andhra Pradesh),Baghpat (Uttar Pradesh),0.5888406206128463,0.5902397335878773,0.001399112975031036,0,4,0.3786607118809319,11,615
Nagaon (Assam),West Karbi Anglong (Assam),0.5222872233699014,0.5255371627386545,0.003249939368753063,7,1,0.37863760992112494,61,68
Saiha (Mizoram),Bharatpur (Rajasthan),0.5356246320667303,0.5387857868003,0.0031611547335697043,1,6,0.37861704172726895,408,493
North (NCT Delhi),Bageshwar (Uttarakhand),0.6379119657253207,0.6399951868637811,0.0020832211384603783,2,4,0.3785278014887795,424,597
Shahdara (NCT Delhi),Bageshwar (Uttarakhand),0.637989054951261,0.6399951868637811,0.0020061319125200816,2,4,0.3785278014887795,427,597
Bhilwara (Rajasthan),Virudhunagar (Tamil Nadu),0.6554087422902692,0.6554314111620915,2.2668871822228986e-05,4,3,0.37844477751247485,494,556
Narsimhapur (Madhya Pradesh),Thiruvallur (Tamil Nadu),0.6329645571513869,0.6333530290858472,0.0003884719344603438,4,3,0.37824986082364637,325,547
Balrampur (Chhattisgarh),Aligarh (Uttar Pradesh),0.5631711276629844,0.5650034088490047,0.0018322811860203014,4,6,0.37819739423038445,109,610
South Tripura (Tripura),Mon (Nagaland),0.4785536542915121,0.4807412993248657,0.0021876450333536135,7,1,0.3781823061888157,593,415
South Twenty Four Parganas (West Bengal),Yanam (Puducherry),0.6329090682557573,0.6334743660746895,0.00056529781893222,5,3,0.37811268160725664,702,465
Gulbarga (Karnataka),Jagitial (Telangana),0.5829106810601363,0.583164001485113,0.0002533204249767218,7,0,0.3780015902829949,265,560
Mumbai Suburban (Maharashtra),Junagadh (Gujarat),0.6075239297541122,0.6104244415494103,0.002900511795298155,2,5,0.3779945442308117,363,153
Lower Subansiri (Arunachal Pradesh),Bid (Maharashtra),0.5432199159722674,0.5435947093180402,0.0003747933457728392,1,7,0.3778889514850515,26,351
South Goa (Goa),Chamba (Himachal Pradesh),0.6915133614509863,0.6941952885423471,0.002681927091360836,3,5,0.37786360967834365,138,195
West Karbi Anglong (Assam),Sitapur (Uttar Pradesh),0.5255371627386545,0.5284076577028505,0.002870494964196002,1,6,0.37778957166609184,68,679
Damoh (Madhya Pradesh),Jorhat (Assam),0.5469188509812621,0.5472981929659047,0.0003793419846425117,4,7,0.37777834700908464,308,52
Bhopal (Madhya Pradesh),Bhilwara (Rajasthan),0.6521475048191842,0.6554087422902692,0.0032612374710850878,2,4,0.3777660037256517,304,494
Junagadh (Gujarat),Shahdol (Madhya Pradesh),0.6104244415494103,0.613022289944981,0.0025978483955706455,5,4,0.3777190004643881,153,336
South Andaman (Andaman Nicobar Islands),Bhiwani (Haryana),0.6493700005635843,0.6507866303457372,0.001416629782152956,2,4,0.3777088787250383,2,173
Jalpaiguri (West Bengal),South West (NCT Delhi),0.6469286912935668,0.6474000645815928,0.0004713732880260446,5,2,0.37770377798791965,690,430
Purba Medinipur (West Bengal),Medak (Telangana),0.5512445708507836,0.554214999427319,0.0029704285765354,7,0,0.37769445359464193,700,571
Balaghat (Madhya Pradesh),Thoothukkudi (Tamil Nadu),0.667670099686371,0.66976112964725,0.002091029960878954,4,3,0.37753151377312555,300,549
Lawngtlai (Mizoram),Bhagalpur (Bihar),0.4967239660613096,0.4992586742914566,0.002534708230147009,1,6,0.3773796588403018,405,74
Firozabad (Uttar Pradesh),Nagaon (Assam),0.5217873282145864,0.5222872233699014,0.000499895155315011,6,7,0.3772655279477669,634,61
Kargil (Ladakh),Ajmer (Rajasthan),0.6663023673043793,0.6690956335432382,0.0027932662388588936,5,4,0.3772434151404508,294,488
Morigaon (Assam),North  District (Sikkim),0.5773622017693061,0.5783870304215633,0.0010248286522571703,4,2,0.37723360730992667,60,522
Sundargarh (Odisha),Panipat (Haryana),0.6131270363793185,0.6136054314641359,0.0004783950848173957,4,2,0.37721823677145844,461,188
Solapur (Maharashtra),Kodagaon (Chhattisgarh),0.5974720665676315,0.5992936298998093,0.0018215633321777558,2,4,0.37706928715075383,377,121
Giridih (Jharkhand),Dimapur (Nagaland),0.5067539041017933,0.5081114525870024,0.0013575484852090813,6,1,0.377039586177484,232,410
Sawai Madhopur (Rajasthan),Barnala (Punjab),0.553035693677917,0.554954896489869,0.0019192028119519033,6,2,0.3770008936669729,516,467
Rajouri (Jammu Kashmir),Narsimhapur (Madhya Pradesh),0.6312659493581732,0.6329645571513869,0.0016986077932137356,5,4,0.37689891096481243,219,325
South District (Sikkim),Birbhum (West Bengal),0.6006029378417962,0.6032778223476298,0.0026748845058336412,2,5,0.37689385619480575,523,685
Almora (Uttarakhand),Varanasi (Uttar Pradesh),0.6285802830659845,0.6303802089488186,0.0017999258828341747,2,4,0.3768567829952147,596,683
Dungarpur (Rajasthan),Dakshina Kannada (Karnataka),0.6571541197225185,0.6577802952461034,0.0006261755235849042,4,2,0.3767793986060352,501,261
Nagpur (Maharashtra),Balod (Chhattisgarh),0.6912908903648683,0.6930503463140847,0.0017594559492163375,2,4,0.3767773248368163,364,107
Tehri Garhwal (Uttarakhand),North East (NCT Delhi),0.6165700819796852,0.6172840239674537,0.0007139419877685294,4,2,0.3767749735931074,606,425
North  District (Sikkim),Pilibhit (Uttar Pradesh),0.5783870304215633,0.581212656088848,0.0028256256672847258,2,6,0.3767447878453777,522,666
Jodhpur (Rajasthan),Sivaganga (Tamil Nadu),0.6635177450603194,0.6652436140933278,0.0017258690330084203,4,3,0.3767034079084057,509,543
Hardwar (Uttarakhand),Barpeta (Assam),0.5495372676159836,0.5499646557508951,0.0004273881349114994,2,7,0.3766555476068877,601,37
Birbhum (West Bengal),North  & Middle Andaman (Andaman Nicobar Islands),0.6032778223476298,0.6045210868167618,0.0012432644691319217,5,2,0.3766357686817427,685,1
Serchhip (Mizoram),Tapi (Gujarat),0.638643624697326,0.6390642053517559,0.0004205806544298474,7,5,0.3765415480974595,409,168
Mahe (Puducherry),Kathua (Jammu Kashmir),0.6756286015987577,0.6766942917651279,0.001065690166370148,3,5,0.37642053516269336,463,213
Mahendragarh (Haryana),East (NCT Delhi),0.6310822344912789,0.6323810702518,0.0012988357605211442,5,2,0.3763567455804926,184,422
Sangli (Maharashtra),Baloda Bazar (Chhattisgarh),0.6115229397631894,0.6123529071017644,0.0008299673385749884,2,4,0.3762790073113314,374,108
North Tripura (Tripura),Saiha (Mizoram),0.5336544757117031,0.5356246320667303,0.001970156355027175,7,1,0.37627761109799385,591,408
Kannauj (Uttar Pradesh),Gadag (Karnataka),0.5773254205592606,0.577983474830983,0.0006580542717223858,6,7,0.37624042772536553,647,264
Bellary (Karnataka),Chhota Udaipur (Gujarat),0.6190115409469475,0.6207035388215992,0.001691997874651685,5,4,0.3762062382833469,254,147
Hassan (Karnataka),Jodhpur (Rajasthan),0.6633537371246797,0.6635177450603194,0.0001640079356396429,2,4,0.37619184689144275,266,509
Anantapur (Andhra Pradesh),Jaisalmer (Rajasthan),0.6223885849222722,0.623078430474004,0.0006898455517317936,0,4,0.376116998044857,3,505
Chittaurgarh (Rajasthan),Virudhunagar (Tamil Nadu),0.6521896624993094,0.6554314111620915,0.00324174866278204,4,3,0.376046325345314,497,556
Hapur (Uttar Pradesh),Y.S.R. (Andhra Pradesh),0.6271793364207714,0.6285320769238938,0.001352740503122396,4,0,0.37600567955948533,641,15
Chandauli (Uttar Pradesh),Sonitpur (Assam),0.5661051006235265,0.567253099795637,0.0011479991721105032,6,4,0.3760012581593061,626,64
Jorhat (Assam),Karimnagar (Telangana),0.5472981929659047,0.5475981040418536,0.0002999110759489554,7,0,0.37596027448552605,52,565
Kamrup Metropolitan (Assam),Damoh (Madhya Pradesh),0.5423008528057629,0.5469188509812621,0.004617998175499238,7,4,0.37586481798485105,54,308
Prayagraj (Uttar Pradesh),North Tripura (Tripura),0.5304601415871453,0.5336544757117031,0.0031943341245578294,6,7,0.3758147782523686,668,591
Cuttack (Odisha),Malappuram (Kerala),0.6101285564233092,0.6104726497390263,0.00034409331571705337,5,3,0.37579779873608166,438,288
Gariyaband (Chhattisgarh),Shahid Bhagat Singh Nagar (Punjab),0.6435378299529959,0.6460531466291178,0.002515316676121926,4,2,0.3757786858774539,117,486
Jammu (Jammu Kashmir),Uttar Bastar Kanker (Chhattisgarh),0.6820757209092189,0.6822053866926029,0.00012966578338402535,5,4,0.37577557774636117,212,133
Barwani (Madhya Pradesh),Ahmedabad (Gujarat),0.6113329411038655,0.6115122730563761,0.00017933195251063072,4,7,0.3757175238871005,301,139
Jajapur (Odisha),Sri Potti Sriramulu Nellore (Andhra Pradesh),0.5858190871219754,0.5888406206128463,0.0030215334908708646,5,0,0.37569877003224184,444,11
Kamareddy (Telangana),Mainpuri (Uttar Pradesh),0.5681268201562975,0.568895289905888,0.0007684697495905501,0,6,0.37565557870763844,564,659
Durg (Chhattisgarh),Betul (Madhya Pradesh),0.666493452848441,0.6669187972929591,0.0004253444445181387,2,4,0.37555225153636485,116,302
Bharatpur (Rajasthan),Kamrup Metropolitan (Assam),0.5387857868003,0.5423008528057629,0.003515066005462919,6,7,0.37552650581744795,493,54
Mahisagar (Gujarat),West District (Sikkim),0.621732842440813,0.6232654278072491,0.00153258536643619,4,2,0.3753545370243517,157,524
Agar Malwa (Madhya Pradesh),Faridabad (Haryana),0.6234978310036305,0.6280220129038697,0.004524181900239177,4,2,0.3753424898574604,296,175
Warangal Rural (Telangana),Kushinagar (Uttar Pradesh),0.570568881862589,0.5706893182748405,0.00012043641225145674,0,6,0.37530851519946085,585,653
East (NCT Delhi),Narsimhapur (Madhya Pradesh),0.6323810702518,0.6329645571513869,0.0005834868995868714,2,4,0.3752743257574418,422,325
East Jantia Hills (Meghalaya),Sepahijala (Tripura),0.5106691366187847,0.5189066129456256,0.008237476326840909,1,7,0.3752503562718972,392,592
Aravali (Gujarat),Hyderabad (Telangana),0.5654584238956546,0.5669547946838788,0.0014963707882241772,7,0,0.37520373430550813,142,559
Kolkata (West Bengal),Kendrapara (Odisha),0.6000909016536673,0.6033841852563524,0.0032932836026851042,2,5,0.37502214569743575,692,448
Balrampur (Chhattisgarh),Mau (Uttar Pradesh),0.5631711276629844,0.5644118617753939,0.0012407341124095472,4,7,0.37499825869981007,109,661
Jaisalmer (Rajasthan),Ganjam (Odisha),0.623078430474004,0.6241511160919777,0.0010726856179736899,4,5,0.3749664844439828,505,442
Ganderbal (Jammu Kashmir),Sahibzada Ajit Singh Nagar (Punjab),0.6156180406859235,0.6161397656930043,0.0005217250070808088,5,2,0.3749641876069842,211,484
Karbi Anglong (Assam),Hailakandi (Assam),0.5215994636543398,0.5251338123791034,0.0035343487247635474,1,7,0.3749481199706822,55,50
Nashik (Maharashtra),Jamtara (Jharkhand),0.5339820340030678,0.5375374071573068,0.0035553731542390388,7,6,0.3748685302691973,367,236
Dhaulpur (Rajasthan),Guntur (Andhra Pradesh),0.6038876459255225,0.6065078687009482,0.002620222775425729,6,0,0.3748471740634005,500,6
Sitamarhi (Bihar),West Siang (Arunachal Pradesh),0.458131370610397,0.4694854112050682,0.01135404059467121,6,1,0.3748250749568618,103,35
Rupnagar (Punjab),Kaimur (Bhabua) (Bihar),0.5994548640198827,0.6024071008423451,0.002952236822462373,2,6,0.3748018278098675,483,82
Rudraprayag (Uttarakhand),Chennai (Tamil Nadu),0.6709719991056451,0.6741965221076976,0.0032245230020525595,5,3,0.37477307376852254,605,526
Udalguri (Assam),Namsai (Arunachal Pradesh),0.4951517335090582,0.5008635307855385,0.005711797276480246,7,1,0.3746734771991613,67,27
Jhabua (Madhya Pradesh),Gir Somnath (Gujarat),0.6311513208286917,0.632180124915268,0.0010288040865762405,4,7,0.3745698380613776,318,151
Supaul (Bihar),Lawngtlai (Mizoram),0.4923175982408317,0.4967239660613096,0.0044063678204778745,6,1,0.37456476326116006,105,405
Saiha (Mizoram),Gopalganj (Bihar),0.5356246320667303,0.5362337537959717,0.0006091217292414353,1,6,0.37455069684196535,408,79
Medak (Telangana),Barnala (Punjab),0.554214999427319,0.554954896489869,0.0007398970625499546,0,2,0.37445582643410885,571,467
Damoh (Madhya Pradesh),Hoshangabad (Madhya Pradesh),0.5469188509812621,0.5495965123174836,0.002677661336221493,4,7,0.3744490948907876,308,316
Godda (Jharkhand),Cachar (Assam),0.5107224686960662,0.517274294156777,0.0065518254607107584,6,7,0.37439131543554294,233,40
Golaghat (Assam),Sukma (Chhattisgarh),0.5800115265110577,0.5823770192058276,0.002365492694769933,7,4,0.3743743782236697,49,130
Aligarh (Uttar Pradesh),North West (NCT Delhi),0.5650034088490047,0.5674274907317932,0.0024240818827885313,6,2,0.3742904705661586,610,426
South Goa (Goa),Balod (Chhattisgarh),0.6915133614509863,0.6930503463140847,0.0015369848630983896,3,4,0.37427182177960305,138,107
Imphal West (Manipur),Bharuch (Gujarat),0.5315794318075068,0.5327067347321826,0.001127302924675777,2,7,0.3742474644596373,386,144
West (NCT Delhi),Sant Kabir Nagar (Uttar Pradesh),0.5837111299401948,0.5856732961486991,0.0019621662085043123,2,4,0.3742136628520394,431,673
Sant Kabir Nagar (Uttar Pradesh),Medchal-Malkajgiri (Telangana),0.5856732961486991,0.5867265015754589,0.0010532054267597957,4,2,0.3742136628520394,673,572
Kargil (Ladakh),Theni (Tamil Nadu),0.6663023673043793,0.6665377207232718,0.00023535341889246997,5,3,0.3742014111380363,294,545
South (NCT Delhi),Bikaner (Rajasthan),0.6451226074951321,0.6472063448984126,0.0020837374032804945,2,4,0.3741267209343801,428,495
Amravati (Maharashtra),Khandwa (East Nimar) (Madhya Pradesh),0.676065935631186,0.6775453920011983,0.0014794563700123442,5,4,0.37410390142824906,348,320
Thiruvarur (Tamil Nadu),Dadra & Nagar Haveli (Dadra Nagar Haveli Daman Diu),0.6652598045335716,0.6684957340399668,0.0032359295063951743,3,5,0.3740525940872058,548,134
Wanaparthy (Telangana),Baloda Bazar (Chhattisgarh),0.6096012702500649,0.6123529071017644,0.002751636851699435,0,4,0.3739366177432927,584,108
Thiruvallur (Tamil Nadu),Dewas (Madhya Pradesh),0.6333530290858472,0.6340693577033343,0.0007163286174870498,3,4,0.3738758300969039,547,310
Sagar (Madhya Pradesh),Siddipet (Telangana),0.5747277097960336,0.576072279100407,0.001344569304373433,4,0,0.3737736779217765,332,581
Kalahandi (Odisha),Bhopal (Madhya Pradesh),0.6499282685267391,0.6521475048191842,0.002219236292445026,4,2,0.37369687020765663,446,304
East (NCT Delhi),South Twenty Four Parganas (West Bengal),0.6323810702518,0.6329090682557573,0.0005279980039573084,2,5,0.373687545814379,422,702
Cuddalore (Tamil Nadu),Serchhip (Mizoram),0.6362685145095406,0.638643624697326,0.0023751101877854675,3,7,0.3735823149092628,528,409
Wokha (Nagaland),South Tripura (Tripura),0.4709428696451376,0.4785536542915121,0.007610784646374491,1,7,0.37357102911200185,419,593
Khowai (Tripura),Siddharthnagar (Uttar Pradesh),0.5359437239712328,0.5375449361791741,0.0016012122079412938,7,6,0.3735492267099157,590,678
Rae Bareli (Uttar Pradesh),Dhalai (Tripura),0.5560668937765123,0.5594850952562176,0.003418201479705285,6,7,0.3735236100301792,669,588
Puruliya (West Bengal),Ribhoi (Meghalaya),0.5347510946330346,0.5364926014562134,0.0017415068231787512,7,1,0.3734516110975664,701,395
Gurdaspur (Punjab),Mainpuri (Uttar Pradesh),0.5683227904888595,0.568895289905888,0.0005724994170285269,2,6,0.37342830469462784,473,659
Gautam Buddha Nagar (Uttar Pradesh),Reasi (Jammu Kashmir),0.594192248636629,0.5946484721103774,0.0004562234737484072,2,4,0.3734125240618301,635,221
Vellore (Tamil Nadu),Punch (Jammu Kashmir),0.6635099147076206,0.6651183483437413,0.0016084336361207319,3,5,0.3734037078197108,554,218
Pali (Rajasthan),Puducherry (Puducherry),0.6861024453979033,0.6904812405485269,0.00437879515062356,4,3,0.37338789183141874,513,464
Hugli (West Bengal),Etawah (Uttar Pradesh),0.5984410606319169,0.5991590993117487,0.0007180386798317784,5,4,0.37336309852363886,689,630
Vizianagaram (Andhra Pradesh),Banswara (Rajasthan),0.6299959250914997,0.6315079571694711,0.001512032077971348,0,4,0.3732972909815979,13,490
Nawada (Bihar),Khowai (Tripura),0.5350840539913876,0.5359437239712328,0.0008596699798452123,6,7,0.37326670757121777,92,590
Baghpat (Uttar Pradesh),Jangoan (Telangana),0.5902397335878773,0.5926687278242777,0.002428994236400417,4,0,0.37325558678655385,615,561
Thoubal (Manipur),Adilabad (Telangana),0.563687279589779,0.5651792934410328,0.0014920138512537484,1,0,0.37324164165327767,389,557
Shrawasti (Uttar Pradesh),Mon (Nagaland),0.4801236279940945,0.4807412993248657,0.0006176713307711745,6,1,0.3731567741849294,677,415
Karimnagar (Telangana),Sheikhpura (Bihar),0.5475981040418536,0.5480413996766647,0.0004432956348110473,0,6,0.37311259424243315,565,101
Kachchh (Gujarat),Debagarh (Odisha),0.6308309931297915,0.6327405043885695,0.0019095112587780294,4,5,0.373035786528314,154,439
Nashik (Maharashtra),Ribhoi (Meghalaya),0.5339820340030678,0.5364926014562134,0.0025105674531455957,7,1,0.37303267839722143,367,395
Washim (Maharashtra),Jhansi (Uttar Pradesh),0.5926017436373497,0.5943051263989492,0.0017033827615994257,7,6,0.37298583285788733,380,645
Gautam Buddha Nagar (Uttar Pradesh),West Tripura (Tripura),0.594192248636629,0.5954541872001088,0.0012619385634797808,2,5,0.37289151845214946,635,595
Bathinda (Punjab),Giridih (Jharkhand),0.5030129093362417,0.5067539041017933,0.003740994765551675,2,6,0.3727600217716418,468,232
Anugul (Odisha),Sikar (Rajasthan),0.6186095414613355,0.6186150582125713,5.516751235834505e-06,5,4,0.3725945250471949,432,517
Chhatarpur (Madhya Pradesh),Anand (Gujarat),0.5731641908146796,0.5755256980640651,0.0023615072493854417,6,7,0.3725102475339501,306,141
Sirohi (Rajasthan),Vellore (Tamil Nadu),0.6623625246811813,0.6635099147076206,0.0011473900264392656,4,3,0.37244685330370975,518,554
Thiruvananthapuram (Kerala),Sangrur (Punjab),0.5866864716453845,0.5878076622903983,0.0011211906450138143,3,2,0.3722065288073495,291,485
Mewat (Haryana),Bathinda (Punjab),0.5027390367000252,0.5030129093362417,0.00027387263621647673,6,2,0.3721339712490552,185,468
Baksa (Assam),Mancherial (Telangana),0.5546789533264843,0.5576243074206787,0.0029453540941943857,7,0,0.37210698213350146,36,570
Faridkot (Punjab),Kodarma (Jharkhand),0.5493137797244805,0.550768549203547,0.001454769479066531,2,6,0.3721033385115729,469,238
Singrauli (Madhya Pradesh),Dhalai (Tripura),0.5587882810878021,0.5594850952562176,0.0006968141684154938,4,7,0.3719572361109743,341,588
Kodagaon (Chhattisgarh),Jaunpur (Uttar Pradesh),0.5992936298998093,0.6020142215498994,0.0027205916500900873,4,6,0.37178963086100314,121,644
Lakhimpur (Assam),Solapur (Maharashtra),0.5951017091141261,0.5974720665676315,0.002370357453505445,4,2,0.3717761673196216,58,377
Karur (Tamil Nadu),Tonk (Rajasthan),0.618621401264791,0.6196361675267663,0.001014766261975275,3,4,0.3717553755710833,534,519
Yanam (Puducherry),Dhar (Madhya Pradesh),0.6334743660746895,0.6367391697457714,0.0032648036710818396,3,4,0.37170964569577314,465,311
Nalanda (Bihar),Karbi Anglong (Assam),0.5188020120820503,0.5215994636543398,0.0027974515722895,6,1,0.3716997160254302,91,55
Mamit (Mizoram),Nainital (Uttarakhand),0.6054204224032614,0.607182602777582,0.001762180374320521,7,2,0.3716093915621335,407,602
Virudhunagar (Tamil Nadu),Dungarpur (Rajasthan),0.6554314111620915,0.6571541197225185,0.0017227085604269998,3,4,0.3715164899060923,556,501
Gulbarga (Karnataka),Nizamabad (Telangana),0.5829106810601363,0.5845496519564554,0.0016389708963190364,7,0,0.37138474089447254,265,576
Bijapur (Karnataka),Siddipet (Telangana),0.574116659112425,0.576072279100407,0.0019556199879819935,7,0,0.37135819676837856,256,581
Chitradurga (Karnataka),Leh(Ladakh) (Ladakh),0.656190652951112,0.6562460253990136,5.537244790154716e-05,2,5,0.37131518196910723,260,295
Deoghar (Jharkhand),Chandel (Manipur),0.462601006745168,0.4694935792804225,0.006892572535254493,6,1,0.37131336750425376,228,383
Udaipur (Rajasthan),Bangalore Rural (Karnataka),0.6776798180299862,0.6815763663272233,0.003896548297237068,4,2,0.3712705261082717,520,252
Seoni (Madhya Pradesh),Thiruvarur (Tamil Nadu),0.6639191862913322,0.6652598045335716,0.0013406182422394108,4,3,0.3711906095589911,335,548
Sambhal (Uttar Pradesh),Nalbari (Assam),0.5446361487770857,0.545101444209938,0.00046529543285234176,6,7,0.37111889991673663,672,62
Jamui (Bihar),Dimapur (Nagaland),0.5053219792037914,0.5081114525870024,0.0027894733832110052,6,1,0.3711105130156272,80,410
Lucknow (Uttar Pradesh),Balrampur (Chhattisgarh),0.5596752806475477,0.5631711276629844,0.003495847015436704,7,4,0.37110424156080607,655,109
Auraiya (Uttar Pradesh),Bandipore (Jammu Kashmir),0.6072041356512282,0.6093950728107065,0.002190937159478268,4,5,0.370953970858517,613,208
Dakshina Kannada (Karnataka),Bemetara (Chhattisgarh),0.6577802952461034,0.66146788955964,0.003687594313536602,2,4,0.3709322139408684,261,111
Gonda (Uttar Pradesh),Longding (Arunachal Pradesh),0.4709809982053142,0.477430213863294,0.00644921565797979,6,1,0.37087890198836293,638,24
Puducherry (Puducherry),Chamba (Himachal Pradesh),0.6904812405485269,0.6941952885423471,0.0037140479938202464,3,5,0.3708522980956568,464,195
Bijnor (Uttar Pradesh),Nalgonda (Telangana),0.6137070440685924,0.6146733360275944,0.0009662919590019969,4,0,0.370781706643723,623,574
Satna (Madhya Pradesh),Kolkata (West Bengal),0.6000429984728318,0.6000909016536673,4.790318083547351e-05,4,2,0.3706893582741404,333,692
Surat (Gujarat),Sirohi (Rajasthan),0.6619160801173338,0.6623625246811813,0.000446444563847459,2,4,0.3706218749532987,166,518
Mayurbhanj (Odisha),Bankura (West Bengal),0.5530306583911615,0.555658414045892,0.0026277556547305014,4,7,0.37060538916872043,453,684
Mahasamund (Chhattisgarh),Thiruvarur (Tamil Nadu),0.6652297253092238,0.6652598045335716,3.0079224347834277e-05,4,3,0.3705973712166568,124,548
Bokaro (Jharkhand),Mayurbhanj (Odisha),0.5508386668623246,0.5530306583911615,0.0021919915288368674,6,4,0.3704385005582157,226,453
Peren (Nagaland),Supaul (Bihar),0.4837855938453878,0.4923175982408317,0.008532004395443937,1,6,0.3703980939142554,416,105
Raigarh (Chhattisgarh),Faridabad (Haryana),0.6261577290737865,0.6280220129038697,0.001864283830083191,4,2,0.37018499815412853,127,175
Mahasamund (Chhattisgarh),Theni (Tamil Nadu),0.6652297253092238,0.6665377207232718,0.0013079954140480243,4,3,0.3701849981541284,124,545
Morena (Madhya Pradesh),West Tripura (Tripura),0.5940224825169502,0.5954541872001088,0.0014317046831585634,7,5,0.3701196985678186,324,595
Ribhoi (Meghalaya),Jamtara (Jharkhand),0.5364926014562134,0.5375374071573068,0.001044805701093443,1,6,0.3700119726355193,395,236
Yamunanagar (Haryana),Dhar (Madhya Pradesh),0.6336475291191307,0.6367391697457714,0.0030916406266406904,2,4,0.3700053664796409,193,311
Guna (Madhya Pradesh),Ariyalur (Tamil Nadu),0.6425255792124699,0.6426558125601188,0.00013023334764894479,4,3,0.36986729497257353,313,525
Nalgonda (Telangana),Lohardaga (Jharkhand),0.6146733360275944,0.6165784713759043,0.0019051353483098277,0,4,0.36984979411781793,574,240
Karaikal (Puducherry),Jhunjhunun (Rajasthan),0.6705526372558456,0.6721154741779097,0.0015628369220641591,3,4,0.3697920778778317,462,508
Dhaulpur (Rajasthan),Thane (Maharashtra),0.6038876459255225,0.6060805519057342,0.0021929059802117123,6,2,0.36964270786186726,500,378
Bundi (Rajasthan),Mahabubnagar (Telangana),0.6286168360136178,0.6289530802046575,0.0003362441910396141,4,0,0.3696007221889044,496,569
Mahabubabad (Telangana),Surguja (Chhattisgarh),0.5882324003769902,0.5889599782204821,0.0007275778434918667,0,4,0.36959761405781166,568,132
Srikakulam (Andhra Pradesh),West District (Sikkim),0.6207080154255848,0.6232654278072491,0.0025574123816642924,0,2,0.369559150885403,10,524
Anugul (Odisha),Srikakulam (Andhra Pradesh),0.6186095414613355,0.6207080154255848,0.0020984739642493366,5,0,0.369527022605878,432,10
Wokha (Nagaland),Gonda (Uttar Pradesh),0.4709428696451376,0.4709809982053142,3.8128560176597937e-05,1,6,0.36952371057981803,419,638
Baudh (Odisha),Rohtak (Haryana),0.6432621961861913,0.6432999282704613,3.773208427004793e-05,5,2,0.36947242450141626,436,190
Sundargarh (Odisha),Hingoli (Maharashtra),0.6131270363793185,0.6145337772263525,0.0014067408470339604,4,5,0.36942523863947746,461,357
Ambala (Haryana),Datia (Madhya Pradesh),0.6194921540666987,0.620697032795475,0.0012048787287762819,2,4,0.3693645002267258,172,309
South Garo Hills (Meghalaya),Balrampur (Chhattisgarh),0.5612785669142928,0.5631711276629844,0.0018925607486915963,7,4,0.36934703371625566,396,109
Rajnandgaon (Chhattisgarh),Jammu (Jammu Kashmir),0.6776303631458038,0.6820757209092189,0.0044453577634150365,4,5,0.3692655181525941,129,212
Seoni (Madhya Pradesh),Pithoragarh (Uttarakhand),0.6639191862913322,0.6663413048928165,0.0024221186014843354,4,5,0.36918517638553416,335,604
Lakhimpur (Assam),Ratnagiri (Maharashtra),0.5951017091141261,0.595614688959889,0.0005129798457629287,4,2,0.369165330444842,58,373
Vikarabad (Telangana),Hardwar (Uttarakhand),0.5479012033304308,0.5495372676159836,0.0016360642855528518,0,2,0.3690103710945379,583,601
Kaimur (Bhabua) (Bihar),Pathankot (Punjab),0.6024071008423451,0.6034135963955222,0.0010064955531771114,6,2,0.36894274664065396,82,481
Shamli (Uttar Pradesh),Kanpur Nagar (Uttar Pradesh),0.6064288339470234,0.6079488918282793,0.0015200578812558652,4,7,0.3688523004198755,676,649
Akola (Maharashtra),Serchhip (Mizoram),0.636782435808657,0.638643624697326,0.0018611888886690409,5,7,0.3688283087650385,347,409
Simdega (Jharkhand),Damoh (Madhya Pradesh),0.5447764826530025,0.5469188509812621,0.0021423683282596473,6,4,0.36882021252334174,249,308
Baran (Rajasthan),Tiruvannamalai (Tamil Nadu),0.6913837237022566,0.6942683587562607,0.0028846350540040477,4,3,0.36881685114921636,491,553
South West Khasi Hills (Meghalaya),Hazaribagh (Jharkhand),0.5267737765365229,0.5290502917949998,0.002276515258476941,1,6,0.3687505777436219,398,235
Nalbari (Assam),Karimnagar (Telangana),0.545101444209938,0.5475981040418536,0.002496659831915604,7,0,0.3686168669976213,62,565
Akola (Maharashtra),Hoshiarpur (Punjab),0.636782435808657,0.6403501064554179,0.00356767064676089,5,2,0.36860759829626727,347,474
Jamui (Bihar),East Jantia Hills (Meghalaya),0.5053219792037914,0.5106691366187847,0.005347157414993253,6,1,0.3685680324633358,80,392
Gurgaon (Haryana),Tonk (Rajasthan),0.6181459008413983,0.6196361675267663,0.0014902666853680024,7,4,0.3685183023658539,177,519
Serchhip (Mizoram),Raigarh (Maharashtra),0.638643624697326,0.6389432563970624,0.00029963169973634685,7,2,0.36851681734949954,409,372
Dima Hasao (Assam),Latehar (Jharkhand),0.5589918485953556,0.5596472793810376,0.0006554307856820873,7,6,0.36846188618137277,47,239
Sant Ravidas Nagar (Bhadohi) (Uttar Pradesh),Puruliya (West Bengal),0.5326946214173487,0.5347510946330346,0.0020564732156859167,6,7,0.36837812028530825,674,701
Bharuch (Gujarat),Jamtara (Jharkhand),0.5327067347321826,0.5375374071573068,0.0048306724251242494,7,6,0.3683709031998005,144,236
Surajpur (Chhattisgarh),Farrukhabad (Uttar Pradesh),0.5718091047711443,0.5742050588067394,0.002395954035595116,4,6,0.368369172584324,131,632
Banaskantha (Gujarat),Tirap (Arunachal Pradesh),0.4963008550197879,0.4994653936627229,0.003164538642935033,7,1,0.3682880242348006,143,31
Munger (Bihar),Jamtara (Jharkhand),0.5370959275601832,0.5375374071573068,0.0004414795971235952,7,6,0.3682048552471916,89,236
Rajouri (Jammu Kashmir),Thiruvallur (Tamil Nadu),0.6312659493581732,0.6333530290858472,0.0020870797276740793,5,3,0.3681132221633263,219,547
Bikaner (Rajasthan),Chikmagalur (Karnataka),0.6472063448984126,0.6499623524725815,0.0027560075741689394,4,2,0.36809837067002105,495,259
Dungarpur (Rajasthan),Kolar (Karnataka),0.6571541197225185,0.6591595923385196,0.002005472616001147,4,2,0.3680108341147489,501,269
Rajouri (Jammu Kashmir),East (NCT Delhi),0.6312659493581732,0.6323810702518,0.0011151208936268642,5,2,0.3679716885903257,219,422
Sonbhadra (Uttar Pradesh),Korba (Chhattisgarh),0.5417565046860109,0.5454456444396144,0.003689139753603521,6,1,0.36791005691508516,680,122
Gomati (Tripura),Etah (Uttar Pradesh),0.5204900628753547,0.5222950252122243,0.0018049623368695533,7,6,0.3678391998174063,589,629
Gautam Buddha Nagar (Uttar Pradesh),Komaram Bheem Asifabad (Telangana),0.594192248636629,0.5945788386573799,0.00038659002075092097,2,4,0.3677011622836357,635,567
Aravali (Gujarat),North West (NCT Delhi),0.5654584238956546,0.5674274907317932,0.001969066836138622,7,2,0.36769117073390156,142,426
Unakoti (Tripura),Darbhanga (Bihar),0.4559023185494986,0.4661683851787622,0.010266066629263604,7,6,0.3676395144944635,594,77
Ambedkar Nagar (Uttar Pradesh),Barnala (Punjab),0.5531140838949603,0.554954896489869,0.0018408125949086473,7,2,0.3675344471745706,611,467
Kabeerdham (Chhattisgarh),Tirunelveli (Tamil Nadu),0.6700124120226517,0.6703964716747624,0.0003840596521106354,4,3,0.36750958212582974,120,551
West District (Sikkim),Mandla (Madhya Pradesh),0.6232654278072491,0.62609748852888,0.0028320607216308913,2,4,0.3674430281765131,524,322
Jharsuguda (Odisha),Coimbatore (Tamil Nadu),0.6819979172247891,0.6833960409683376,0.0013981237435485294,5,3,0.36738527630749523,445,527
Punch (Jammu Kashmir),Sivaganga (Tamil Nadu),0.6651183483437413,0.6652436140933278,0.0001252657495864895,5,3,0.3673192419980052,218,543
Puducherry (Puducherry),Balod (Chhattisgarh),0.6904812405485269,0.6930503463140847,0.0025691057655578,3,4,0.3672605101969162,464,107
Kurung Kumey (Arunachal Pradesh),Imphal West (Manipur),0.5302289963683796,0.5315794318075068,0.0013504354391271622,1,2,0.3669405992230006,22,386
Unakoti (Tripura),Zunheboto (Nagaland),0.4559023185494986,0.4676857353236694,0.01178341677417083,7,1,0.3668373295213792,594,420
Kapurthala (Punjab),Baramula (Jammu Kashmir),0.5837130637206458,0.5860891053989866,0.0023760416783408234,2,5,0.36680750524929906,476,209
Arwal (Bihar),Kamrup Metropolitan (Assam),0.5406405398033195,0.5423008528057629,0.0016603130024434032,6,7,0.36659942651757293,70,54
West Karbi Anglong (Assam),Hazaribagh (Jharkhand),0.5255371627386545,0.5290502917949998,0.0035131290563453765,1,6,0.36659642871463294,68,235
Jodhpur (Rajasthan),Pithoragarh (Uttarakhand),0.6635177450603194,0.6663413048928165,0.002823559832497158,4,5,0.36657206770310347,509,604
Valsad (Gujarat),Sirohi (Rajasthan),0.6613452449749101,0.6623625246811813,0.0010172797062711902,2,4,0.36654832814374905,171,518
Adilabad (Telangana),Lohit (Arunachal Pradesh),0.5651792934410328,0.5676374043618468,0.0024581109208140495,0,1,0.36653783878754786,557,23
Bharuch (Gujarat),Ribhoi (Meghalaya),0.5327067347321826,0.5364926014562134,0.0037858667240308064,7,1,0.3665350513278246,144,395
Namakkal (Tamil Nadu),Rewari (Haryana),0.6502132158350205,0.651854115314847,0.0016408994798265963,3,2,0.3664448420975435,538,189
Varanasi (Uttar Pradesh),Kodagu (Karnataka),0.6303802089488186,0.6315701594035719,0.0011899504547532302,4,2,0.3664362317824153,683,268
Lohardaga (Jharkhand),Sirsa (Haryana),0.6165784713759043,0.6180905332499609,0.0015120618740566139,4,5,0.3663887656509304,240,191
Longleng (Nagaland),Saharsa (Bihar),0.4418840806834486,0.4611627370353748,0.019278656351926216,1,6,0.36634887537879585,413,98
Dehradun (Uttarakhand),Rajsamand (Rajasthan),0.634393282867484,0.6362940658274208,0.0019007829599367865,2,4,0.3661667959200036,600,515
Thoubal (Manipur),Bhavnagar (Gujarat),0.563687279589779,0.5646549208695101,0.0009676412797310352,1,7,0.3661389914132387,389,145
Peddapalli (Telangana),Etawah (Uttar Pradesh),0.5984637429472833,0.5991590993117487,0.0006953563644653826,0,4,0.3661074989219315,577,630
South District (Sikkim),Dhemaji (Assam),0.6006029378417962,0.6028882074374831,0.0022852695956868674,2,4,0.36602758307671956,523,44
Khunti (Jharkhand),Baksa (Assam),0.5511237895829644,0.5546789533264843,0.00355516374351994,6,7,0.36601514953686304,237,36
Tawang (Arunachal Pradesh),Tinsukia (Assam),0.5501315805475238,0.5510818379745783,0.0009502574270545683,1,7,0.3659414509693226,30,66
Amritsar (Punjab),Bareilly (Uttar Pradesh),0.5777086174221775,0.5779731761991597,0.0002645587769821711,2,6,0.36575452390200525,466,621
Chittoor (Andhra Pradesh),Janjgir - Champa (Chhattisgarh),0.6219657140314667,0.6241594031066753,0.0021936890752085603,0,4,0.3655907062775491,4,118
Jhansi (Uttar Pradesh),Khammam (Telangana),0.5943051263989492,0.5953169286270836,0.0010118022281344619,6,0,0.3655263310878003,645,566
Nadia (West Bengal),Kodagaon (Chhattisgarh),0.5976291120545132,0.5992936298998093,0.0016645178452960874,5,4,0.3655190481234214,695,121
Anuppur (Madhya Pradesh),Gautam Buddha Nagar (Uttar Pradesh),0.5931223722355016,0.594192248636629,0.0010698764011274342,4,2,0.3655170066945226,298,635
Solapur (Maharashtra),Jogulamba Gadwal (Telangana),0.5974720665676315,0.5991838182749398,0.0017117517073083066,2,0,0.3654370611846838,377,563
Rewa (Madhya Pradesh),Dhalai (Tripura),0.5585230867517468,0.5594850952562176,0.0009620085044708127,6,7,0.3654327659434281,331,588
Nagpur (Maharashtra),Chamba (Himachal Pradesh),0.6912908903648683,0.6941952885423471,0.002904398177478784,2,5,0.3654246583249402,364,195
Sri Potti Sriramulu Nellore (Andhra Pradesh),Jalaun (Uttar Pradesh),0.5888406206128463,0.5889928583982545,0.00015223778540829347,0,6,0.36541802206412677,11,643
Chhindwara (Madhya Pradesh),South Andaman (Andaman Nicobar Islands),0.6452823017755954,0.6493700005635843,0.004087698787988869,4,2,0.365294330609737,307,2
Udupi (Karnataka),Rajsamand (Rajasthan),0.6354611671951724,0.6362940658274208,0.0008328986322483356,2,4,0.36524783351073165,277,515
Sahibzada Ajit Singh Nagar (Punjab),Patan (Gujarat),0.6161397656930043,0.6162509988002122,0.00011123310720784207,2,7,0.36518779032392246,484,162
Morena (Madhya Pradesh),Una (Himachal Pradesh),0.5940224825169502,0.5961232444868116,0.00210076196986142,7,2,0.36515538641345624,324,205
Faridkot (Punjab),Kokrajhar (Assam),0.5493137797244805,0.5510433848165688,0.0017296050920883044,2,7,0.3651287734346779,469,57
Dausa (Rajasthan),Dakshina Kannada (Karnataka),0.6560621205035196,0.6577802952461034,0.0017181747425837335,4,2,0.3650925624197221,499,261
Junagadh (Gujarat),Mandsaur (Madhya Pradesh),0.6104244415494103,0.6116717142689331,0.0012472727195227407,5,4,0.3650556169492271,153,323
Karauli (Rajasthan),Kurukshetra (Haryana),0.6333875236079991,0.636060898683751,0.002673375075751938,4,2,0.3649348359042347,510,183
Khagaria (Bihar),Unakoti (Tripura),0.4545752283944576,0.4559023185494986,0.0013270901550410108,6,7,0.364774417101943,84,594
North Goa (Goa),Charkhi Dadri (Haryana),0.6617161312607145,0.662268649942359,0.0005525186816445204,3,5,0.3647573583834117,137,174
Central (NCT Delhi),Kanpur Nagar (Uttar Pradesh),0.6067907197888455,0.6079488918282793,0.0011581720394338024,2,7,0.3646348242660994,421,649
Gir Somnath (Gujarat),Thiruvallur (Tamil Nadu),0.632180124915268,0.6333530290858472,0.0011729041705792476,7,3,0.36461961142743365,151,547
Panna (Madhya Pradesh),Darrang (Assam),0.5303739551013725,0.5314317022286554,0.0010577471272829042,6,7,0.36459563283697455,327,43
Gandhinagar (Gujarat),Palamu (Jharkhand),0.5502123349037776,0.5525409638784444,0.002328628974666791,7,6,0.364564430413605,150,242
Kamrup (Assam),Kheri (Uttar Pradesh),0.5018776441796813,0.5071205465764616,0.005242902396780269,7,6,0.3645518002897948,53,652
Chirang (Assam),Farrukhabad (Uttar Pradesh),0.5718955218842484,0.5742050588067394,0.002309536922491029,4,6,0.3644619411384038,42,632
Navsari (Gujarat),Coimbatore (Tamil Nadu),0.6797431504391672,0.6833960409683376,0.003652890529170394,5,3,0.36444986563588533,160,527
North (NCT Delhi),Tapi (Gujarat),0.6379119657253207,0.6390642053517559,0.0011522396264351809,2,5,0.3644314787403795,424,168
Shahdara (NCT Delhi),Tapi (Gujarat),0.637989054951261,0.6390642053517559,0.0010751504004948842,2,5,0.3644314787403795,427,168
Anjaw (Arunachal Pradesh),Udalguri (Assam),0.4940652955960629,0.4951517335090582,0.0010864379129953416,1,7,0.3643578554974642,16,67
Parbhani (Maharashtra),Kra Daadi (Arunachal Pradesh),0.4984159730877444,0.5043966087170257,0.005980635629281361,7,1,0.3642948739943479,370,21
Chatra (Jharkhand),East Jantia Hills (Meghalaya),0.5063817365684526,0.5106691366187847,0.004287400050332013,6,1,0.3641747508676204,227,392
Jhalawar (Rajasthan),Charkhi Dadri (Haryana),0.6591029291459779,0.662268649942359,0.0031657207963811107,4,5,0.3641729954794479,507,174
Gurdaspur (Punjab),Agra (Uttar Pradesh),0.5683227904888595,0.5693897551156601,0.0010669646268006705,2,6,0.36404632597567943,473,609
Lakhimpur (Assam),Jayashankar Bhupalapally (Telangana),0.5951017091141261,0.5964416140723767,0.0013399049582506484,4,0,0.364013250727764,58,562
Prakasam (Andhra Pradesh),Prayagraj (Uttar Pradesh),0.5272415241679326,0.5304601415871453,0.0032186174192126993,0,6,0.3639395511447374,9,668
Ludhiana (Punjab),Purba Barddhaman (West Bengal),0.5911273712162664,0.5940871147200499,0.002959743503783585,2,5,0.36393333488255264,477,699
Burhanpur (Madhya Pradesh),Bhandara (Maharashtra),0.6947213392128421,0.6991432110848701,0.004421871872028027,4,5,0.36387688166828724,305,350
East Kameng (Arunachal Pradesh),Shrawasti (Uttar Pradesh),0.4767095042178913,0.4801236279940945,0.003414123776203204,1,6,0.36382703430624014,19,677
Thoothukkudi (Tamil Nadu),Badgam (Jammu Kashmir),0.66976112964725,0.6705047263195352,0.000743596672285185,3,5,0.36376008827225215,549,207
Mysore (Karnataka),Dhamtari (Chhattisgarh),0.6797090115153347,0.6809055687695142,0.0011965572541795533,2,4,0.36375174627448037,272,115
Washim (Maharashtra),Shivpuri (Madhya Pradesh),0.5926017436373497,0.5935356273826384,0.0009338837452886883,7,4,0.36367857502258005,380,339
Kancheepuram (Tamil Nadu),Jagatsinghapur (Odisha),0.6208746671920773,0.6233386321425246,0.002463964950447317,3,5,0.3635919145840567,532,443
Medak (Telangana),Changlang (Arunachal Pradesh),0.554214999427319,0.5558792580936791,0.0016642586663601078,0,1,0.36343829915581805,571,17
Pathankot (Punjab),Baleshwar (Odisha),0.6034135963955222,0.6053449012511959,0.0019313048556737211,2,5,0.36343208289363316,481,434
Barmer (Rajasthan),Perambalur (Tamil Nadu),0.6927151750740909,0.6944526665930258,0.001737491518934986,4,3,0.3633521670484208,492,539
Pulwama (Jammu Kashmir),North Goa (Goa),0.6592939526135492,0.6617161312607145,0.0024221786471653184,5,3,0.36334428652451195,217,137
Ashoknagar (Madhya Pradesh),Haora (West Bengal),0.5963376316816799,0.5975916174702169,0.001253985788537082,4,2,0.3632767960857811,299,688
Panchmahal (Gujarat),Jangoan (Telangana),0.5913536277689985,0.5926687278242777,0.0013151000552792391,4,0,0.3631861190958118,161,561
Kapurthala (Punjab),Thiruvananthapuram (Kerala),0.5837130637206458,0.5866864716453845,0.002973407924738658,2,3,0.36301948167713316,476,291
Champhai (Mizoram),Chikmagalur (Karnataka),0.6485637777845585,0.6499623524725815,0.0013985746880229577,7,2,0.362900802517076,403,259
Jalor (Rajasthan),Tumkur (Karnataka),0.650813399697259,0.6511404979410191,0.00032709824376009333,4,2,0.3628417305759538,506,276
Datia (Madhya Pradesh),Kolhapur (Maharashtra),0.620697032795475,0.6220221056822799,0.0013250728868049455,4,3,0.36279474067855405,309,360
Shupiyan (Jammu Kashmir),Dharmapuri (Tamil Nadu),0.6974771003573876,0.7012743841955407,0.0037972838381530316,5,2,0.3627743910654387,223,529
Theni (Tamil Nadu),Dadra & Nagar Haveli (Dadra Nagar Haveli Daman Diu),0.6665377207232718,0.6684957340399668,0.0019580133166949842,3,5,0.3627046958193322,545,134
Malappuram (Kerala),Ahmedabad (Gujarat),0.6104726497390263,0.6115122730563761,0.0010396233173498581,3,7,0.3626255806357056,288,139
Gir Somnath (Gujarat),Yanam (Puducherry),0.632180124915268,0.6334743660746895,0.0012942411594215608,7,3,0.36248207894799606,151,465
Hardwar (Uttarakhand),Tawang (Arunachal Pradesh),0.5495372676159836,0.5501315805475238,0.0005943129315401086,2,1,0.3624498977636138,601,30
Ujjain (Madhya Pradesh),Kasaragod (Kerala),0.6629486614307127,0.6639031527136265,0.0009544912829138053,4,3,0.36244855803054704,343,284
Betul (Madhya Pradesh),Thoothukkudi (Tamil Nadu),0.6669187972929591,0.66976112964725,0.0028423323542908774,4,3,0.3624264707847016,302,549
Surguja (Chhattisgarh),Jalaun (Uttar Pradesh),0.5889599782204821,0.5889928583982545,3.2880177772476316e-05,4,6,0.36241924298907324,132,643
Shahjahanpur (Uttar Pradesh),Baksa (Assam),0.5530996398862615,0.5546789533264843,0.0015793134402227738,6,7,0.3623914221067216,675,36
Dhanbad (Jharkhand),Khowai (Tripura),0.5316050793444621,0.5359437239712328,0.0043386446267706935,6,7,0.3622429315763403,229,590
Chitrakoot (Uttar Pradesh),Bharuch (Gujarat),0.5291994636069064,0.5327067347321826,0.003507271125276157,6,7,0.3622000146909262,627,144
Kokrajhar (Assam),Khunti (Jharkhand),0.5510433848165688,0.5511237895829644,8.040476639559202e-05,7,6,0.36219262039800376,57,237
Anantapur (Andhra Pradesh),Janjgir - Champa (Chhattisgarh),0.6223885849222722,0.6241594031066753,0.0017708181844030557,0,4,0.3621680744625101,3,118
Simdega (Jharkhand),South West Garo Hills (Meghalaya),0.5447764826530025,0.5481054420246365,0.0033289593716340216,6,7,0.36213478058368775,249,397
West Siang (Arunachal Pradesh),Unnao (Uttar Pradesh),0.4694854112050682,0.4779280505564382,0.008442639351370018,1,6,0.3621113952025803,35,682
Jashpur (Chhattisgarh),Solapur (Maharashtra),0.594422859419927,0.5974720665676315,0.0030492071477045135,4,2,0.3620622332026604,119,377
Mahabubabad (Telangana),Dibrugarh (Assam),0.5882324003769902,0.5882560169811148,2.361660412464328e-05,0,7,0.36202378342754915,568,46
Vellore (Tamil Nadu),Kargil (Ladakh),0.6635099147076206,0.6663023673043793,0.0027924525967587543,3,5,0.36200219270500855,554,294
Pakur (Jharkhand),Mon (Nagaland),0.478393435909428,0.4807412993248657,0.00234786341543769,6,1,0.36197099028163915,241,415
Hoshiarpur (Punjab),Ariyalur (Tamil Nadu),0.6403501064554179,0.6426558125601188,0.002305706104700933,2,3,0.36193142591850824,474,525
Tiruppur (Tamil Nadu),Chamba (Himachal Pradesh),0.6940689441761417,0.6941952885423471,0.0001263443662053998,3,5,0.361919002533597,552,195
Mahrajganj (Uttar Pradesh),Srikakulam (Andhra Pradesh),0.6197937865340101,0.6207080154255848,0.0009142288915747754,4,0,0.36185151921275543,658,10
Mahendragarh (Haryana),Banswara (Rajasthan),0.6310822344912789,0.6315079571694711,0.00042572267819218634,5,4,0.36170143386238196,184,490
Paschim Barddhaman (West Bengal),Rewa (Madhya Pradesh),0.5581318329199485,0.5585230867517468,0.0003912538317982772,7,6,0.36169725289250115,697,331
North  District (Sikkim),Paschim Medinipur (West Bengal),0.5783870304215633,0.5801951726448785,0.0018081422233152677,2,7,0.3616823631290539,522,698
Chittoor (Andhra Pradesh),Jagatsinghapur (Odisha),0.6219657140314667,0.6233386321425246,0.0013729181110578859,0,5,0.3615900147594715,4,443
Hanumangarh (Rajasthan),Nagapattinam (Tamil Nadu),0.6746479340392845,0.6782764307795313,0.0036284967402467894,4,3,0.36152821680439984,503,537
West Kameng (Arunachal Pradesh),Nagaon (Assam),0.5179377912186482,0.5222872233699014,0.004349432151253163,1,7,0.36151320704535217,34,61
Nainital (Uttarakhand),Udhampur (Jammu Kashmir),0.607182602777582,0.607742250818872,0.0005596480412900506,2,5,0.36142478583245985,602,225
Bargarh (Odisha),Theni (Tamil Nadu),0.6658288908547175,0.6665377207232718,0.0007088298685542505,5,3,0.36142085867577,435,545
Almora (Uttarakhand),Kachchh (Gujarat),0.6285802830659845,0.6308309931297915,0.00225071006380706,2,4,0.36134633030332863,596,154
Chhatarpur (Madhya Pradesh),Sangareddy (Telangana),0.5731641908146796,0.5747444584857997,0.0015802676711200725,6,0,0.36109497903273724,306,580
Tikamgarh (Madhya Pradesh),Leh(Ladakh) (Ladakh),0.6547055535052939,0.6562460253990136,0.0015404718937196415,4,5,0.36099952253206224,342,295
Cachar (Assam),Pashchimi Singhbhum (Jharkhand),0.517274294156777,0.5194224895418925,0.00214819538511557,7,6,0.3609721950643554,40,243
Banka (Bihar),Jalna (Maharashtra),0.5177529632511803,0.5228645559096242,0.005111592658443964,6,7,0.3608379427132393,72,359
Nirmal (Telangana),Sindhudurg (Maharashtra),0.5830144302496455,0.5840539847264032,0.0010395544767577425,0,2,0.36071715494116624,575,376
Jind (Haryana),Nabarangapur (Odisha),0.650275788085538,0.6545489398542632,0.004273151768725225,5,4,0.3606787808758625,180,454
Hoshiarpur (Punjab),Hisar (Haryana),0.6403501064554179,0.642955556093696,0.0026054496382781345,2,5,0.36066293436747904,474,178
Paschim Barddhaman (West Bengal),Singrauli (Madhya Pradesh),0.5581318329199485,0.5587882810878021,0.000656448167853596,7,4,0.36046816388560776,697,341
Gomati (Tripura),Firozabad (Uttar Pradesh),0.5204900628753547,0.5217873282145864,0.0012972653392316902,7,6,0.36036932306077185,589,634
Lakhimpur (Assam),Nadia (West Bengal),0.5951017091141261,0.5976291120545132,0.0025274029403871134,4,5,0.36022592829228917,58,695
Thanjavur (Tamil Nadu),Udhampur (Jammu Kashmir),0.6071338954044341,0.607742250818872,0.0006083554144379333,3,5,0.36019860746635063,544,225
Khargone (West Nimar) (Madhya Pradesh),Rewari (Haryana),0.6500240629798173,0.651854115314847,0.0018300523350297526,4,2,0.3601476044842042,321,189
Sindhudurg (Maharashtra),Sant Kabir Nagar (Uttar Pradesh),0.5840539847264032,0.5856732961486991,0.001619311422295877,2,4,0.36012884620434604,376,673
Gulbarga (Karnataka),Sindhudurg (Maharashtra),0.5829106810601363,0.5840539847264032,0.001143303666266915,7,2,0.36012107554638473,265,376
Singrauli (Madhya Pradesh),Basti (Uttar Pradesh),0.5587882810878021,0.5619981972072905,0.0032099161194883985,4,6,0.3600924572866,341,622
Leh(Ladakh) (Ladakh),Jhalawar (Rajasthan),0.6562460253990136,0.6591029291459779,0.0028569037469643455,5,4,0.36008315066162067,295,507
Reasi (Jammu Kashmir),Haora (West Bengal),0.5946484721103774,0.5975916174702169,0.0029431453598395274,4,2,0.3597719162624079,221,688
South East (NCT Delhi),Dewas (Madhya Pradesh),0.6327976205307947,0.6340693577033343,0.0012717371725395887,2,4,0.3597417075263574,429,310
South Twenty Four Parganas (West Bengal),Karauli (Rajasthan),0.6329090682557573,0.6333875236079991,0.00047845535224178004,5,4,0.3597414096563858,702,510
Guntur (Andhra Pradesh),Thanjavur (Tamil Nadu),0.6065078687009482,0.6071338954044341,0.0006260267034858824,0,3,0.35967399112536014,6,544
Thiruvarur (Tamil Nadu),Ajmer (Rajasthan),0.6652598045335716,0.6690956335432382,0.0038358290096666137,3,4,0.35949220084368294,548,488
Jashpur (Chhattisgarh),Ratnagiri (Maharashtra),0.594422859419927,0.595614688959889,0.0011918295399619971,4,2,0.3594513963278808,119,373
Sirohi (Rajasthan),Chamarajanagar (Karnataka),0.6623625246811813,0.6631766507698592,0.0008141260886779245,4,2,0.35943449950664785,518,257
Theni (Tamil Nadu),Balaghat (Madhya Pradesh),0.6665377207232718,0.667670099686371,0.0011323789630992565,3,4,0.35933282674378797,545,300
Saran (Bihar),Imphal East (Manipur),0.4840342345249289,0.4942096667997809,0.010175432274852014,6,7,0.35926845155403897,100,385
South Tripura (Tripura),Saran (Bihar),0.4785536542915121,0.4840342345249289,0.0054805802334167986,7,6,0.3592288640373705,593,100
Fatehgarh Sahib (Punjab),Dhar (Madhya Pradesh),0.6335621696148377,0.6367391697457714,0.0031770001309336937,2,4,0.35919495724232486,470,311
Guntur (Andhra Pradesh),Central (NCT Delhi),0.6065078687009482,0.6067907197888455,0.0002828510878972734,0,2,0.35913404452965325,6,421
Puducherry (Puducherry),Ganganagar (Rajasthan),0.6904812405485269,0.6905297833774895,4.854282896260553e-05,3,5,0.3590930792081519,464,502
Bharuch (Gujarat),Nawada (Bihar),0.5327067347321826,0.5350840539913876,0.002377319259205035,7,6,0.3589969284987565,144,92
East Kameng (Arunachal Pradesh),Pakur (Jharkhand),0.4767095042178913,0.478393435909428,0.0016839316915366886,1,6,0.35897997088415934,19,241
Peddapalli (Telangana),Kohima (Nagaland),0.5984637429472833,0.5994527038038355,0.0009889608565522012,0,1,0.35897163286878486,577,412
Kendujhar (Odisha),Kaushambi (Uttar Pradesh),0.563255100777122,0.5641762441493862,0.0009211433722641216,4,6,0.3589603693471292,449,651
Auraiya (Uttar Pradesh),Hamirpur (Himachal Pradesh),0.6072041356512282,0.6099047333749509,0.002700597723722664,4,2,0.3589597246006524,613,196
Jamnagar (Gujarat),South Goa (Goa),0.691475160302485,0.6915133614509863,3.820114850128231e-05,5,3,0.3587429938326167,152,138
Bhind (Madhya Pradesh),Chittoor (Andhra Pradesh),0.6199374051710351,0.6219657140314667,0.0020283088604315935,7,0,0.358668634933352,303,4
Korba (Chhattisgarh),Gaya (Bihar),0.5454456444396144,0.5471831695106131,0.001737525070998669,1,6,0.35860696046888796,122,78
Etawah (Uttar Pradesh),Rupnagar (Punjab),0.5991590993117487,0.5994548640198827,0.00029576470813397204,4,2,0.35836402081411717,630,483
Balod (Chhattisgarh),Tiruppur (Tamil Nadu),0.6930503463140847,0.6940689441761417,0.0010185978620570468,4,3,0.3583272146348564,107,552
Koch Bihar (West Bengal),Kolhapur (Maharashtra),0.6214241379618881,0.6220221056822799,0.0005979677203917788,5,3,0.35824729878964445,691,360
Champhai (Mizoram),Kalahandi (Odisha),0.6485637777845585,0.6499282685267391,0.0013644907421805907,7,4,0.35817359920661773,403,446
Anantapur (Andhra Pradesh),Jagatsinghapur (Odisha),0.6223885849222722,0.6233386321425246,0.0009500472202523813,0,5,0.3581673829444325,3,443
Ambala (Haryana),Koch Bihar (West Bengal),0.6194921540666987,0.6214241379618881,0.0019319838951894486,2,5,0.3581673829444324,172,691
Lucknow (Uttar Pradesh),Palakkad (Kerala),0.5596752806475477,0.5625093584096452,0.002834077762097542,7,3,0.35794479014947583,655,289
Mokokchung (Nagaland),Botad (Gujarat),0.5903416432795624,0.5904277946160063,8.615133644385153e-05,1,7,0.3578341481137852,414,146
Guna (Madhya Pradesh),Pudukkottai (Tamil Nadu),0.6425255792124699,0.6450037387232739,0.00247815951080399,4,3,0.3577969418264755,313,540
Sonbhadra (Uttar Pradesh),Nandurbar (Maharashtra),0.5417565046860109,0.5462944547399126,0.004537950053901674,6,4,0.3576359452077831,680,366
Rewari (Haryana),Nayagarh (Odisha),0.651854115314847,0.6530852131797468,0.0012310978648997217,2,5,0.35762285903100977,189,455
Mon (Nagaland),Patna (Bihar),0.4807412993248657,0.4883729469882428,0.007631647663377095,1,6,0.35761514496234903,415,94
Dakshin Dinajpur (West Bengal),Shahid Bhagat Singh Nagar (Punjab),0.6451161454710429,0.6460531466291178,0.0009370011580749349,5,2,0.35759243137248653,686,486
Hugli (West Bengal),Jogulamba Gadwal (Telangana),0.5984410606319169,0.5991838182749398,0.0007427576430228955,5,0,0.3574877780815895,689,563
Bhiwani (Haryana),Nayagarh (Odisha),0.6507866303457372,0.6530852131797468,0.0022985828340095216,4,5,0.35742825036813364,173,455
Senapati (Manipur),Parbhani (Maharashtra),0.4943998684805016,0.4984159730877444,0.004016104607242776,1,7,0.3573163133346154,387,370
Sangli (Maharashtra),Bidar (Karnataka),0.6115229397631894,0.6136199347128892,0.0020969949496998375,2,4,0.35722157065842103,374,255
Nainital (Uttarakhand),Kolasib (Mizoram),0.607182602777582,0.607309295112654,0.0001266923350720095,2,7,0.35714912196252613,602,404
Samba (Jammu Kashmir),Champhai (Mizoram),0.6480853208768629,0.6485637777845585,0.00047845690769565685,5,7,0.3571024411683603,222,403
Rajanna Sircilla (Telangana),Thanjavur (Tamil Nadu),0.6062464932280808,0.6071338954044341,0.0008874021763533024,0,3,0.357051253102724,578,544
Puri (Odisha),Ajmer (Rajasthan),0.6678777883726063,0.6690956335432382,0.0012178451706319482,5,4,0.35702244553181905,457,488
Ludhiana (Punjab),Koriya (Chhattisgarh),0.5911273712162664,0.5927426796634343,0.0016153084471679513,2,4,0.35700193914507783,477,123
Dausa (Rajasthan),Chitradurga (Karnataka),0.6560621205035196,0.656190652951112,0.0001285324475923666,4,2,0.3569126989065876,499,260
Gomati (Tripura),West Karbi Anglong (Assam),0.5204900628753547,0.5255371627386545,0.005047099863299764,7,1,0.356857411710761,589,68
Katni (Madhya Pradesh),Ganderbal (Jammu Kashmir),0.6137384114896133,0.6156180406859235,0.0018796291963102396,4,5,0.3568327830613759,319,211
Saraikela-Kharsawan (Jharkhand),Karur (Tamil Nadu),0.616462481401611,0.618621401264791,0.0021589198631800643,4,3,0.35676529974053456,248,534
Bangalore (Karnataka),Gir Somnath (Gujarat),0.6300811667553162,0.632180124915268,0.002098958159951758,2,7,0.3567638696647379,251,151
Haveri (Karnataka),Goalpara (Assam),0.6035687630095949,0.6050451423377915,0.0014763793281965532,5,4,0.3567009245507857,267,48
Y.S.R. (Andhra Pradesh),Almora (Uttarakhand),0.6285320769238938,0.6285802830659845,4.820614209066765e-05,0,2,0.3565370919149104,15,596
Rajanna Sircilla (Telangana),Central (NCT Delhi),0.6062464932280808,0.6067907197888455,0.0005442265607646934,0,2,0.3565113065070171,578,421
Kolasib (Mizoram),Junagadh (Gujarat),0.607309295112654,0.6104244415494103,0.0031151464367563664,7,5,0.3564839776964416,404,153
East Khasi Hills (Meghalaya),Patna (Bihar),0.4814867384412738,0.4883729469882428,0.006886208546968975,1,6,0.3564438202888449,393,94
Supaul (Bihar),Parbhani (Maharashtra),0.4923175982408317,0.4984159730877444,0.006098374846912669,6,7,0.3564277474097399,105,370
Hamirpur (Uttar Pradesh),Khordha (Odisha),0.6403719531105257,0.6405908892956929,0.00021893618516710678,4,5,0.356365675849704,640,450
Banka (Bihar),Gomati (Tripura),0.5177529632511803,0.5204900628753547,0.002737099624174455,6,7,0.3563490658751792,72,589
Seoni (Madhya Pradesh),Sivaganga (Tamil Nadu),0.6639191862913322,0.6652436140933278,0.001324427801995598,4,3,0.3560753194848648,335,543
Sirohi (Rajasthan),Hassan (Karnataka),0.6623625246811813,0.6633537371246797,0.0009912124434984237,4,2,0.35601497582270125,518,266
Muktsar (Punjab),Chhatarpur (Madhya Pradesh),0.5710787043728279,0.5731641908146796,0.0020854864418516916,2,6,0.35593587639680435,480,306
Churachandpur (Manipur),Dhule (Maharashtra),0.4906062791219083,0.4960445576865314,0.005438278564623089,1,7,0.35591556886735115,384,354
Kendrapara (Odisha),Bhadradri Kothagudem (Telangana),0.6033841852563524,0.6048108615457032,0.0014266762893507812,5,0,0.3559070867976565,448,558
Mirzapur (Uttar Pradesh),Faridkot (Punjab),0.5451979966385901,0.5493137797244805,0.004115783085890334,6,2,0.3558520360011852,663,469
Basti (Uttar Pradesh),Thoubal (Manipur),0.5619981972072905,0.563687279589779,0.0016890823824885492,6,1,0.355768289187417,622,389
Anand (Gujarat),North  District (Sikkim),0.5755256980640651,0.5783870304215633,0.002861332357498192,7,2,0.35575826482079104,141,522
Mumbai (Maharashtra),Indore (Madhya Pradesh),0.6942391974004617,0.6989253175521543,0.004686120151692563,2,5,0.35572893093629954,362,317
Y.S.R. (Andhra Pradesh),Mahendragarh (Haryana),0.6285320769238938,0.6310822344912789,0.0025501575673850807,0,5,0.35565801486874304,15,184
Lakhisarai (Bihar),Tamenglong (Manipur),0.4894797025960093,0.4906191604561812,0.0011394578601718885,6,1,0.3555192601447458,86,388
Lakhisarai (Bihar),Hojai (Assam),0.4894797025960093,0.4957589714435058,0.006279268847496466,6,7,0.35529706987634374,86,51
Pratapgarh (Rajasthan),Samba (Jammu Kashmir),0.6452100364707526,0.6480853208768629,0.00287528440611029,4,5,0.35525221938049817,514,222
Bhind (Madhya Pradesh),Anantapur (Andhra Pradesh),0.6199374051710351,0.6223885849222722,0.002451179751237098,7,0,0.355246003118313,303,3
Lohardaga (Jharkhand),West Godavari (Andhra Pradesh),0.6165784713759043,0.6194504564679654,0.0028719850920611023,4,0,0.3551667715021635,240,14
Tirap (Arunachal Pradesh),Bathinda (Punjab),0.4994653936627229,0.5030129093362417,0.003547515673518742,1,2,0.3551547130444685,31,468
Sitamarhi (Bihar),Chandel (Manipur),0.458131370610397,0.4694935792804225,0.01136220867002552,6,1,0.35509413409953605,103,383
Rewa (Madhya Pradesh),Sehore (Madhya Pradesh),0.5585230867517468,0.5612584579715896,0.002735371219842797,6,4,0.3550294188990439,331,334
North  & Middle Andaman (Andaman Nicobar Islands),Rajanna Sircilla (Telangana),0.6045210868167618,0.6062464932280808,0.0017254064113190193,2,0,0.35501868810704784,1,578
Ganderbal (Jammu Kashmir),Mungeli (Chhattisgarh),0.6156180406859235,0.6157970188732744,0.00017897818735090887,5,4,0.35482155884351296,211,125
Sindhudurg (Maharashtra),Mahoba (Uttar Pradesh),0.5840539847264032,0.5878582680893597,0.003804283362956462,2,4,0.35475066241523373,376,657
Kolhapur (Maharashtra),Jagatsinghapur (Odisha),0.6220221056822799,0.6233386321425246,0.0013165264602447158,3,5,0.3547358376536271,360,443
Kodagaon (Chhattisgarh),Kaimur (Bhabua) (Bihar),0.5992936298998093,0.6024071008423451,0.0031134709425357787,4,6,0.35468724999148904,121,82
Rajsamand (Rajasthan),Tapi (Gujarat),0.6362940658274208,0.6390642053517559,0.0027701395243351357,4,5,0.35465049144405525,515,168
Hazaribagh (Jharkhand),Kurung Kumey (Arunachal Pradesh),0.5290502917949998,0.5302289963683796,0.001178704573379763,6,1,0.35460063721016044,235,22
Dumka (Jharkhand),Gomati (Tripura),0.5125131045123854,0.5204900628753547,0.0079769583629693,6,7,0.35457351414461014,230,589
Ariyalur (Tamil Nadu),Pratapgarh (Rajasthan),0.6426558125601188,0.6452100364707526,0.002554223910633757,3,4,0.3543518893396653,525,514
Dhanbad (Jharkhand),Ribhoi (Meghalaya),0.5316050793444621,0.5364926014562134,0.004887522111751252,6,1,0.3543370787124266,229,395
Balrampur (Chhattisgarh),Bhavnagar (Gujarat),0.5631711276629844,0.5646549208695101,0.0014837932065256965,4,7,0.3541137021646277,109,145
Nabarangapur (Odisha),Kupwara (Jammu Kashmir),0.6545489398542632,0.6559997641877434,0.0014508243334802051,4,5,0.3540342570141098,454,216
Katihar (Bihar),Longleng (Nagaland),0.4397450339020589,0.4418840806834486,0.0021390467813897085,6,1,0.35402893577327393,83,413
North East (NCT Delhi),Sirsa (Haryana),0.6172840239674537,0.6180905332499609,0.0008065092825071396,2,5,0.3539882109493755,425,191
Koch Bihar (West Bengal),Kollam (Kerala),0.6214241379618881,0.6221299737357758,0.0007058357738877197,5,3,0.35391140323525627,691,285
Vidisha (Madhya Pradesh),Sahibzada Ajit Singh Nagar (Punjab),0.6137415459848065,0.6161397656930043,0.0023982197081978684,4,2,0.35390829510416344,345,484
Udaipur (Rajasthan),Tiruchirappalli (Tamil Nadu),0.6776798180299862,0.6777059851640614,2.6167134075216758e-05,4,3,0.3538163867138706,520,550
Kota (Rajasthan),Barmer (Rajasthan),0.6893776919132789,0.6927151750740909,0.0033374831608119493,5,4,0.3537546796759255,511,492
Mewat (Haryana),Kra Daadi (Arunachal Pradesh),0.5027390367000252,0.5043966087170257,0.0016575720170005637,6,1,0.353742247151555,185,21
New Delhi (NCT Delhi),Pudukkottai (Tamil Nadu),0.6441602208672196,0.6450037387232739,0.0008435178560542989,2,3,0.35374224715155467,423,540
Jayashankar Bhupalapally (Telangana),Etawah (Uttar Pradesh),0.5964416140723767,0.5991590993117487,0.002717485239371986,0,4,0.35371031434495676,562,630
Amreli (Gujarat),Bangalore (Karnataka),0.6277640591299071,0.6300811667553162,0.002317107625409154,7,2,0.353666259694393,140,251
Jharsuguda (Odisha),Puducherry (Puducherry),0.6819979172247891,0.6904812405485269,0.008483323323737801,5,3,0.35366233130634306,445,464
Mahabubabad (Telangana),Jalaun (Uttar Pradesh),0.5882324003769902,0.5889928583982545,0.000760458021264343,0,6,0.3535824154611308,568,643
Jyotiba Phule Nagar (Uttar Pradesh),Ghaziabad (Uttar Pradesh),0.57842636425749,0.5822205192258598,0.0037941549683697673,6,2,0.3535024996159193,646,636
Sepahijala (Tripura),East Godavari (Andhra Pradesh),0.5189066129456256,0.5215152868899147,0.002608673944289097,7,0,0.3533923312967126,592,5
Prayagraj (Uttar Pradesh),Imphal West (Manipur),0.5304601415871453,0.5315794318075068,0.0011192902203615018,6,2,0.353339559794403,668,386
Pulwama (Jammu Kashmir),Sirohi (Rajasthan),0.6592939526135492,0.6623625246811813,0.0030685720676321138,5,4,0.35332474456821317,217,518
Faizabad (Uttar Pradesh),Hardoi (Uttar Pradesh),0.5278389324405923,0.5299301064663668,0.0020911740257745226,7,6,0.3532201949172013,631,642
Hapur (Uttar Pradesh),Kangra (Himachal Pradesh),0.6271793364207714,0.6274784395330102,0.0002991031122387966,4,2,0.3531135512602451,641,197
Varanasi (Uttar Pradesh),Debagarh (Odisha),0.6303802089488186,0.6327405043885695,0.0023602954397509146,4,5,0.3530780553411193,683,439
Sidhi (Madhya Pradesh),Devbhumi Dwarka (Gujarat),0.5766409144948892,0.5810609731912736,0.004420058696384399,4,7,0.353037496452331,340,149
Bilaspur (Himachal Pradesh),South Goa (Goa),0.6884515394877236,0.6915133614509863,0.0030618219632626564,5,3,0.3529026829952324,194,138
Lohit (Arunachal Pradesh),Agra (Uttar Pradesh),0.5676374043618468,0.5693897551156601,0.0017523507538133032,1,6,0.35278338592632885,23,609
Suryapet (Telangana),Mau (Uttar Pradesh),0.5637627059031259,0.5644118617753939,0.0006491558722679924,0,7,0.35267536798396726,582,661
Washim (Maharashtra),Jashpur (Chhattisgarh),0.5926017436373497,0.594422859419927,0.001821115782577265,7,4,0.35267264182158786,380,119
Gaya (Bihar),Tawang (Arunachal Pradesh),0.5471831695106131,0.5501315805475238,0.002948411036910681,6,1,0.35257680335219954,78,30
Jayashankar Bhupalapally (Telangana),Nadia (West Bengal),0.5964416140723767,0.5976291120545132,0.001187497982136465,0,5,0.35257369522110693,562,695
Hojai (Assam),Bishnupur (Manipur),0.4957589714435058,0.4995255315678477,0.0037665601243419,7,1,0.3524983836138165,51,382
Krishna (Andhra Pradesh),Guna (Madhya Pradesh),0.6395760867528305,0.6425255792124699,0.00294949245963938,0,4,0.35240764726849816,7,313
Lunglei (Mizoram),Koppal (Karnataka),0.5732887556949391,0.576640610517683,0.003351854822743916,7,4,0.35240270338367063,406,270
Tapi (Gujarat),Hamirpur (Uttar Pradesh),0.6390642053517559,0.6403719531105257,0.0013077477587698505,5,4,0.35237267734860966,168,640
Anand (Gujarat),Morigaon (Assam),0.5755256980640651,0.5773622017693061,0.0018365037052410216,7,4,0.3522726806268153,141,60
Korba (Chhattisgarh),Sheopur (Madhya Pradesh),0.5454456444396144,0.5484446667520376,0.0029990223124232163,1,4,0.352263527519667,122,338
Ahmedabad (Gujarat),Churu (Rajasthan),0.6115122730563761,0.6118078092317436,0.00029553617536748344,7,4,0.3522478155780746,139,498
West District (Sikkim),Amreli (Gujarat),0.6232654278072491,0.6277640591299071,0.004498631322657931,2,7,0.352222103492333,524,140
Mathura (Uttar Pradesh),Kheda (Gujarat),0.5099315572465476,0.5127736217674782,0.0028420645209306095,6,7,0.3519637318021085,660,155
Siang (Arunachal Pradesh),Imphal West (Manipur),0.5304785600492571,0.5315794318075068,0.0011008717582496885,1,2,0.3519001790173937,29,386
Jagatsinghapur (Odisha),Hapur (Uttar Pradesh),0.6233386321425246,0.6271793364207714,0.003840704278246787,5,4,0.3518042253890485,443,641
Nayagarh (Odisha),Nabarangapur (Odisha),0.6530852131797468,0.6545489398542632,0.0014637266745164412,5,4,0.35173796748410036,455,454
Thoubal (Manipur),Aravali (Gujarat),0.563687279589779,0.5654584238956546,0.0017711443058755494,1,7,0.351532940844374,389,142
Ernakulam (Kerala),North Twenty Four Parganas (West Bengal),0.6464996536428517,0.6495079996058462,0.0030083459629944853,3,5,0.35151812010676864,281,696
Bishnupur (Manipur),Begusarai (Bihar),0.4995255315678477,0.4997559267440938,0.00023039517624612316,1,6,0.3514729036187849,382,73
Nagarkurnool (Telangana),Vidisha (Madhya Pradesh),0.6127940827039419,0.6137415459848065,0.0009474632808645911,0,4,0.35132211931435486,573,345
The Dangs (Gujarat),Latur (Maharashtra),0.642118183977856,0.6445148808948394,0.0023966969169834096,4,5,0.35123909533805026,169,361
Uttarkashi (Uttarakhand),South Andaman (Andaman Nicobar Islands),0.6463798219687574,0.6493700005635843,0.0029901785948268644,4,2,0.3511934591736143,608,2
Hapur (Uttar Pradesh),Bhadrak (Odisha),0.6271793364207714,0.6285018118600061,0.0013224754392346938,4,5,0.3510779997992151,641,437
Pudukkottai (Tamil Nadu),South (NCT Delhi),0.6450037387232739,0.6451226074951321,0.00011886877185818268,3,2,0.3510699392543487,540,428
Sheopur (Madhya Pradesh),Faridkot (Punjab),0.5484446667520376,0.5493137797244805,0.0008691129724428537,4,2,0.3509038913017398,338,469
Bhilwara (Rajasthan),Chitradurga (Karnataka),0.6554087422902692,0.656190652951112,0.0007819106608427662,4,2,0.35086410143064795,494,260
Bhilwara (Rajasthan),Yavatmal (Maharashtra),0.6554087422902692,0.6577281938406109,0.0023194515503416335,4,5,0.35082895183927076,494,381
West Godavari (Andhra Pradesh),Bhind (Madhya Pradesh),0.6194504564679654,0.6199374051710351,0.00048694870306975613,0,7,0.3508208673254354,14,303
Kiphire (Nagaland),Unakoti (Tripura),0.4370504109712254,0.4559023185494986,0.018851907578273208,1,7,0.35074780765262603,411,594
Dungarpur (Rajasthan),Palghar (Maharashtra),0.6571541197225185,0.6592991943540649,0.002145074631546451,4,5,0.35074206191855034,501,369
Dhaulpur (Rajasthan),Bhadradri Kothagudem (Telangana),0.6038876459255225,0.6048108615457032,0.0009232156201807173,6,0,0.3507409514802238,500,558
Jagitial (Telangana),Sindhudurg (Maharashtra),0.583164001485113,0.5840539847264032,0.0008899832412901931,0,2,0.35070251624741666,560,376
Rampur (Uttar Pradesh),Mancherial (Telangana),0.5565235730510867,0.5576243074206787,0.0011007343695920158,6,0,0.350664143766104,670,570
Dhamtari (Chhattisgarh),Bangalore Rural (Karnataka),0.6809055687695142,0.6815763663272233,0.0006707975577090464,4,2,0.3505624710032439,115,252
Gurdaspur (Punjab),Kurnool (Andhra Pradesh),0.5683227904888595,0.571122825156819,0.002800034667959528,2,0,0.35053814448313636,473,8
Mumbai Suburban (Maharashtra),Kanpur Nagar (Uttar Pradesh),0.6075239297541122,0.6079488918282793,0.0004249620741670901,2,7,0.35052606899332905,363,649
Kanpur Nagar (Uttar Pradesh),Bandipore (Jammu Kashmir),0.6079488918282793,0.6093950728107065,0.0014461809824272143,7,5,0.35050616650813166,649,208
Gir Somnath (Gujarat),South East (NCT Delhi),0.632180124915268,0.6327976205307947,0.0006174956155267086,7,2,0.3504854888568872,151,429
Kurnool (Andhra Pradesh),Chhatarpur (Madhya Pradesh),0.571122825156819,0.5731641908146796,0.0020413656578606165,0,6,0.35032893972979395,8,306
Tumkur (Karnataka),Bhilwara (Rajasthan),0.6511404979410191,0.6554087422902692,0.004268244349250105,2,4,0.3503165072054234,276,494
Patna (Bihar),Tamenglong (Manipur),0.4883729469882428,0.4906191604561812,0.002246213467938407,6,1,0.3502363813523577,94,388
South Goa (Goa),Subarnapur (Odisha),0.6915133614509863,0.6944345022927537,0.0029211408417674223,3,5,0.3502114678665502,138,460
Ganganagar (Rajasthan),Tiruppur (Tamil Nadu),0.6905297833774895,0.6940689441761417,0.003539160798652241,5,3,0.3501597836460921,502,552
Bangalore (Karnataka),Mahendragarh (Haryana),0.6300811667553162,0.6310822344912789,0.0010010677359626463,2,5,0.35006121901432474,251,184
Balaghat (Madhya Pradesh),Tirunelveli (Tamil Nadu),0.667670099686371,0.6703964716747624,0.0027263719883913184,4,3,0.34990138732390097,300,551
Ariyalur (Tamil Nadu),Hisar (Haryana),0.6426558125601188,0.642955556093696,0.0002997435335772014,3,5,0.349873741058481,525,178
Ahmadnagar (Maharashtra),Mandsaur (Madhya Pradesh),0.6092011203568894,0.6116717142689331,0.002470593912043628,5,4,0.3498714608006538,346,323
South West Khasi Hills (Meghalaya),Faizabad (Uttar Pradesh),0.5267737765365229,0.5278389324405923,0.0010651559040694147,1,7,0.3496888815003831,398,631
Pathankot (Punjab),Dhaulpur (Rajasthan),0.6034135963955222,0.6038876459255225,0.0004740495300002978,2,6,0.3496710499769947,481,500
Sambalpur (Odisha),Thoothukkudi (Tamil Nadu),0.6656495882211882,0.66976112964725,0.004111541426061738,5,3,0.34965743282611883,459,549
Chikmagalur (Karnataka),Chittaurgarh (Rajasthan),0.6499623524725815,0.6521896624993094,0.0022273100267279355,2,4,0.349623326038083,259,497
Rupnagar (Punjab),Jaunpur (Uttar Pradesh),0.5994548640198827,0.6020142215498994,0.0025593575300166815,2,6,0.3495675743514891,483,644
Aurangabad (Maharashtra),Thoubal (Manipur),0.5621463260099421,0.563687279589779,0.0015409535798369678,7,1,0.34951490121612167,349,389
Sehore (Madhya Pradesh),Thoubal (Manipur),0.5612584579715896,0.563687279589779,0.0024288216181894695,4,1,0.3494761617929675,334,389
Dadra & Nagar Haveli (Dadra Nagar Haveli Daman Diu),Thoothukkudi (Tamil Nadu),0.6684957340399668,0.66976112964725,0.0012653956072832262,5,3,0.3494226249630853,134,549
Birbhum (West Bengal),Pathankot (Punjab),0.6032778223476298,0.6034135963955222,0.00013577404789233416,5,2,0.34940635159716693,685,481
North  & Middle Andaman (Andaman Nicobar Islands),Mamit (Mizoram),0.6045210868167618,0.6054204224032614,0.0008993355864996833,2,7,0.34930093813947677,1,407
Ludhiana (Punjab),Maldah (West Bengal),0.5911273712162664,0.592911623875736,0.0017842526594696873,2,5,0.34923719551346566,477,693
West Tripura (Tripura),Una (Himachal Pradesh),0.5954541872001088,0.5961232444868116,0.0006690572867028566,5,2,0.3491966232945651,595,205
Almora (Uttarakhand),Mahabubnagar (Telangana),0.6285802830659845,0.6289530802046575,0.0003727971386729978,2,0,0.34919274128074074,596,569
Siddipet (Telangana),Jyotiba Phule Nagar (Uttar Pradesh),0.576072279100407,0.57842636425749,0.002354085157083019,0,6,0.3491603877993461,581,646
Kolhapur (Maharashtra),Ganjam (Odisha),0.6220221056822799,0.6241511160919777,0.002129010409697818,3,5,0.34915579014028447,360,442
Chamarajanagar (Karnataka),Mahasamund (Chhattisgarh),0.6631766507698592,0.6652297253092238,0.002053074539364541,2,4,0.34914795527497544,257,124
Jalandhar (Punjab),Katni (Madhya Pradesh),0.6130699049484553,0.6137384114896133,0.0006685065411580204,2,4,0.3490557420438458,475,319
West Godavari (Andhra Pradesh),Kancheepuram (Tamil Nadu),0.6194504564679654,0.6208746671920773,0.0014242107241119184,0,3,0.3490486300776119,14,532
Imphal East (Manipur),Lawngtlai (Mizoram),0.4942096667997809,0.4967239660613096,0.002514299261528685,7,1,0.3490223130265705,385,405
Gulbarga (Karnataka),Deoria (Uttar Pradesh),0.5829106810601363,0.5833881642400085,0.0004774831798721735,7,6,0.3490115193834393,265,628
Baksa (Assam),Barnala (Punjab),0.5546789533264843,0.554954896489869,0.00027594316338463987,7,2,0.3490012140573804,36,467
Nalgonda (Telangana),Tehri Garhwal (Uttarakhand),0.6146733360275944,0.6165700819796852,0.0018967459520907726,0,4,0.34881275123866506,574,606
Lower Subansiri (Arunachal Pradesh),Mirzapur (Uttar Pradesh),0.5432199159722674,0.5451979966385901,0.001978080666322768,1,6,0.3487192944925884,26,663
Parbhani (Maharashtra),Bathinda (Punjab),0.4984159730877444,0.5030129093362417,0.004596936248497274,7,2,0.34862696035496266,370,468
Bara Banki (Uttar Pradesh),Phek (Nagaland),0.4597457585515782,0.4692135606060261,0.009467802054447916,6,1,0.34858639289961435,620,417
Vellore (Tamil Nadu),Sambalpur (Odisha),0.6635099147076206,0.6656495882211882,0.002139673513567697,3,5,0.34858196382873863,554,459
Rewari (Haryana),Bhilwara (Rajasthan),0.651854115314847,0.6554087422902692,0.0035546269754221926,2,4,0.3485516772672388,189,494
Kra Daadi (Arunachal Pradesh),Bhojpur (Bihar),0.5043966087170257,0.5082801785610377,0.003883569844011947,1,6,0.3485426828417181,21,75
Amethi (Uttar Pradesh),Fazilka (Punjab),0.564625514693985,0.564729868314826,0.00010435362084093569,6,2,0.34842871266806885,612,471
Mandya (Karnataka),Rajnandgaon (Chhattisgarh),0.6775128018249553,0.6776303631458038,0.00011756132084850268,2,4,0.3483914150949575,271,129
South Tripura (Tripura),Patna (Bihar),0.4785536542915121,0.4883729469882428,0.009819292696730708,7,6,0.3483669139418162,593,94
The Dangs (Gujarat),Sonipat (Haryana),0.642118183977856,0.643564758826162,0.0014465748483060148,4,5,0.34832703990520847,169,192
Khammam (Telangana),West Tripura (Tripura),0.5953169286270836,0.5954541872001088,0.00013725857302515632,0,5,0.3483079431918881,566,595
Lower Subansiri (Arunachal Pradesh),Sambhal (Uttar Pradesh),0.5432199159722674,0.5446361487770857,0.0014162328048182848,1,6,0.3483010219372094,26,672
Sidhi (Madhya Pradesh),Golaghat (Assam),0.5766409144948892,0.5800115265110577,0.003370612016168506,4,7,0.34821796084764506,340,49
Thiruvarur (Tamil Nadu),Kargil (Ladakh),0.6652598045335716,0.6663023673043793,0.00104256277080772,3,5,0.34820026915102,548,294
Latur (Maharashtra),Shahid Bhagat Singh Nagar (Punjab),0.6445148808948394,0.6460531466291178,0.001538265734278399,5,2,0.348162797227223,361,486
Puruliya (West Bengal),Fatehpur (Uttar Pradesh),0.5347510946330346,0.534897099286504,0.00014600465346936708,7,6,0.3481560464906137,701,633
Purba Medinipur (West Bengal),Barnala (Punjab),0.5512445708507836,0.554954896489869,0.0037103256390853545,7,2,0.3481485594282293,700,467
Mokokchung (Nagaland),Uttar Dinajpur (West Bengal),0.5903416432795624,0.5920528413231617,0.0017111980435993157,1,5,0.3481483690607039,414,703
Bhadrak (Odisha),Satara (Maharashtra),0.6285018118600061,0.6299115993029096,0.0014097874429035429,5,2,0.3481454512971369,437,375
Bellary (Karnataka),Mahrajganj (Uttar Pradesh),0.6190115409469475,0.6197937865340101,0.0007822455870625245,5,4,0.34807485984520276,254,658
Mahabubnagar (Telangana),Rajouri (Jammu Kashmir),0.6289530802046575,0.6312659493581732,0.0023128691535156953,0,5,0.34807015581982315,569,219
Thanjavur (Tamil Nadu),Auraiya (Uttar Pradesh),0.6071338954044341,0.6072041356512282,7.024024679413987e-05,3,4,0.34804178939821295,544,613
Bikaner (Rajasthan),North Twenty Four Parganas (West Bengal),0.6472063448984126,0.6495079996058462,0.002301654707433598,4,5,0.34803643955000224,495,696
Pudukkottai (Tamil Nadu),South West (NCT Delhi),0.6450037387232739,0.6474000645815928,0.0023963258583189484,3,2,0.3479825114756203,540,430
Pathanamthitta (Kerala),Vadodara (Gujarat),0.5994602522678962,0.6011030397164948,0.0016427874485985816,3,2,0.3479710584623015,290,170
Ranchi (Jharkhand),Jogulamba Gadwal (Telangana),0.5981788579122136,0.5991838182749398,0.0010049603627262371,4,0,0.3479104210087155,246,563
Patan (Gujarat),Karur (Tamil Nadu),0.6162509988002122,0.618621401264791,0.002370402464578869,7,3,0.347906453151142,162,534
Mandla (Madhya Pradesh),Kangra (Himachal Pradesh),0.62609748852888,0.6274784395330102,0.0013809510041301598,4,2,0.3478047803704467,322,197
Madhepura (Bihar),Tamenglong (Manipur),0.4827319548210683,0.4906191604561812,0.007887205635112915,6,1,0.3477889119093472,87,388
Fatehabad (Haryana),Kasaragod (Kerala),0.6630335729374737,0.6639031527136265,0.0008695797761528734,5,3,0.347742167296505,176,284
South Twenty Four Parganas (West Bengal),Thiruvallur (Tamil Nadu),0.6329090682557573,0.6333530290858472,0.0004439608300899067,5,3,0.34773033141561427,702,547
Latehar (Jharkhand),Sehore (Madhya Pradesh),0.5596472793810376,0.5612584579715896,0.0016111785905519316,6,4,0.3476830289790115,239,334
West Siang (Arunachal Pradesh),Gonda (Uttar Pradesh),0.4694854112050682,0.4709809982053142,0.0014955870002459903,1,6,0.34766153920235954,35,638
Wanaparthy (Telangana),Mandsaur (Madhya Pradesh),0.6096012702500649,0.6116717142689331,0.002070444018868134,0,4,0.3476611563125059,584,323
Ariyalur (Tamil Nadu),Rohtak (Haryana),0.6426558125601188,0.6432999282704613,0.0006441157103425077,3,2,0.3474020523179502,525,190
Chamarajanagar (Karnataka),Punch (Jammu Kashmir),0.6631766507698592,0.6651183483437413,0.001941697573882073,2,5,0.34737599868156377,257,218
Churu (Rajasthan),Nagarkurnool (Telangana),0.6118078092317436,0.6127940827039419,0.0009862734721982624,4,0,0.3472415119510657,498,573
Kinnaur (Himachal Pradesh),Barmer (Rajasthan),0.6916795685066438,0.6927151750740909,0.001035606567447056,5,4,0.34716159610585345,198,492
Bid (Maharashtra),Karimnagar (Telangana),0.5435947093180402,0.5475981040418536,0.0040033947238133916,7,0,0.3470816802606418,351,565
Sonitpur (Assam),Lohit (Arunachal Pradesh),0.567253099795637,0.5676374043618468,0.00038430456620985876,4,1,0.34694049735677374,64,23
Maldah (West Bengal),Lakhimpur (Assam),0.592911623875736,0.5951017091141261,0.002190085238390038,5,4,0.34681043408615775,693,58
Imphal West (Manipur),North Tripura (Tripura),0.5315794318075068,0.5336544757117031,0.0020750439041963276,2,7,0.34674025996214597,386,591
Morbi (Gujarat),South District (Sikkim),0.5993121739167219,0.6006029378417962,0.001290763925074323,7,2,0.34669772962785844,158,523
Patiala (Punjab),Jogulamba Gadwal (Telangana),0.5977967283070281,0.5991838182749398,0.0013870899679117032,2,0,0.3466826992525352,482,563
Dimapur (Nagaland),Azamgarh (Uttar Pradesh),0.5081114525870024,0.5174877250457446,0.009376272458742174,1,7,0.3466572359858415,410,614
Sri Potti Sriramulu Nellore (Andhra Pradesh),Surguja (Chhattisgarh),0.5888406206128463,0.5889599782204821,0.00011935760763581715,0,4,0.34664169533037825,11,132
Dhalai (Tripura),Dahod (Gujarat),0.5594850952562176,0.5610139470745242,0.0015288518183066424,7,4,0.346608421936358,588,148
Udham Singh Nagar (Uttarakhand),Narmada (Gujarat),0.6134415624578261,0.6151391678079263,0.0016976053501002175,2,4,0.3465897526649999,607,159
Palakkad (Kerala),Mau (Uttar Pradesh),0.5625093584096452,0.5644118617753939,0.001902503365748709,3,7,0.34641598225969084,289,661
South West Khasi Hills (Meghalaya),Prayagraj (Uttar Pradesh),0.5267737765365229,0.5304601415871453,0.0036863650506223644,1,6,0.34639249525438914,398,668
Kinnaur (Himachal Pradesh),Mumbai (Maharashtra),0.6916795685066438,0.6942391974004617,0.002559628893817889,5,2,0.34625597813824116,198,362
Muktsar (Punjab),Sultanpur (Uttar Pradesh),0.5710787043728279,0.5729014577031063,0.0018227533302783705,2,7,0.3462483323665045,480,681
Etawah (Uttar Pradesh),Jogulamba Gadwal (Telangana),0.5991590993117487,0.5991838182749398,2.4718963191117105e-05,4,0,0.34621568888996157,630,563
Kabeerdham (Chhattisgarh),Rudraprayag (Uttarakhand),0.6700124120226517,0.6709719991056451,0.0009595870829933739,4,5,0.3462047646191961,120,605
Jayashankar Bhupalapally (Telangana),Haora (West Bengal),0.5964416140723767,0.5975916174702169,0.0011500033978402158,0,2,0.3461793043360152,562,688
Viluppuram (Tamil Nadu),Baran (Rajasthan),0.6843302055253363,0.6913837237022566,0.007053518176920348,3,4,0.34614217899020705,555,491
Mumbai (Maharashtra),Kullu (Himachal Pradesh),0.6942391974004617,0.7007952233880164,0.00655602598755467,2,5,0.34612313261363625,362,199
Dumka (Jharkhand),Azamgarh (Uttar Pradesh),0.5125131045123854,0.5174877250457446,0.004974620533359175,6,7,0.34609932448977576,230,614
North  District (Sikkim),Moradabad (Uttar Pradesh),0.5783870304215633,0.5790694030819229,0.0006823726603596425,2,4,0.3460467114891939,522,664
Paschim Barddhaman (West Bengal),Dahod (Gujarat),0.5581318329199485,0.5610139470745242,0.0028821141545757323,7,4,0.3459255608545645,697,148
Tarn Taran (Punjab),Thanjavur (Tamil Nadu),0.6046349331150919,0.6071338954044341,0.0024989622893422103,2,3,0.34590734836287673,487,544
Bilaspur (Himachal Pradesh),Puducherry (Puducherry),0.6884515394877236,0.6904812405485269,0.002029701060803246,5,3,0.34589137141254556,194,464
Hassan (Karnataka),Mahasamund (Chhattisgarh),0.6633537371246797,0.6652297253092238,0.0018759881845440418,2,4,0.34572843159102884,266,124
Biswanath (Assam),Paschim Barddhaman (West Bengal),0.5575263722900157,0.5581318329199485,0.0006054606299328302,4,7,0.3456451152406035,38,697
South Tripura (Tripura),Lakhisarai (Bihar),0.4785536542915121,0.4894797025960093,0.010926048304497227,7,6,0.34559660835110356,593,86
Gondiya (Maharashtra),Barmer (Rajasthan),0.6887376840464717,0.6927151750740909,0.003977491027619129,5,4,0.3455508286099396,356,492
Thoubal (Manipur),Chandauli (Uttar Pradesh),0.563687279589779,0.5661051006235265,0.002417821033747436,1,6,0.3455433015044769,389,626
South West Garo Hills (Meghalaya),Buxer (Bihar),0.5481054420246365,0.5507263030414423,0.002620861016805809,7,6,0.3455229959274224,397,76
Gautam Buddha Nagar (Uttar Pradesh),Khammam (Telangana),0.594192248636629,0.5953169286270836,0.0011246799904546245,2,0,0.34549082606081843,635,566
Lohardaga (Jharkhand),Karur (Tamil Nadu),0.6165784713759043,0.618621401264791,0.0020429298888867686,4,3,0.3454535906564025,240,534
Mon (Nagaland),Madhepura (Bihar),0.4807412993248657,0.4827319548210683,0.001990655496202587,1,6,0.3454410873047437,415,87
Farrukhabad (Uttar Pradesh),Ramgarh (Jharkhand),0.5742050588067394,0.5745180989667685,0.00031304016002908774,6,4,0.34536638453822566,632,245
Murshidabad (West Bengal),Gulbarga (Karnataka),0.5824404339686596,0.5829106810601363,0.0004702470914766943,5,7,0.34534821551420597,694,265
Morigaon (Assam),Devbhumi Dwarka (Gujarat),0.5773622017693061,0.5810609731912736,0.003698771421967506,4,7,0.3452644771752213,60,149
Hanumangarh (Rajasthan),Amravati (Maharashtra),0.6746479340392845,0.676065935631186,0.0014180015919015299,4,5,0.3452132016125853,503,348
Burhanpur (Madhya Pradesh),Mandi (Himachal Pradesh),0.6947213392128421,0.7049913264960624,0.010269987283220372,4,5,0.3451263329381151,305,201
Champawat (Uttarakhand),Chennai (Tamil Nadu),0.6701354092117294,0.6741965221076976,0.004061112895968222,4,3,0.34505802351840853,599,526
Hamirpur (Uttar Pradesh),Sonipat (Haryana),0.6403719531105257,0.643564758826162,0.0031928057156362932,4,5,0.34491062435235503,640,192
Devbhumi Dwarka (Gujarat),Pilibhit (Uttar Pradesh),0.5810609731912736,0.581212656088848,0.00015168289757439002,7,6,0.3447756577106723,149,666
Jalna (Maharashtra),Hazaribagh (Jharkhand),0.5228645559096242,0.5290502917949998,0.006185735885375632,7,6,0.3445918092454435,359,235
New Delhi (NCT Delhi),Chhindwara (Madhya Pradesh),0.6441602208672196,0.6452823017755954,0.0011220809083758443,2,4,0.34439383170797244,423,307
Baloda Bazar (Chhattisgarh),Jalandhar (Punjab),0.6123529071017644,0.6130699049484553,0.0007169978466908811,4,2,0.3443907235768797,108,475
Imphal West (Manipur),Dhanbad (Jharkhand),0.5315794318075068,0.5316050793444621,2.5647536955331063e-05,2,6,0.3443678700116472,386,229
Burhanpur (Madhya Pradesh),Chandrapur (Maharashtra),0.6947213392128421,0.6988029527251705,0.004081613512328386,4,5,0.34433117318949835,305,353
Suryapet (Telangana),Aligarh (Uttar Pradesh),0.5637627059031259,0.5650034088490047,0.0012407029458787466,0,6,0.3442402162797342,582,610
Theni (Tamil Nadu),Betul (Madhya Pradesh),0.6665377207232718,0.6669187972929591,0.00038107656968733306,3,4,0.344227783755364,545,302
Anantapur (Andhra Pradesh),Raigarh (Chhattisgarh),0.6223885849222722,0.6261577290737865,0.003769144151514303,0,4,0.34422467562427095,3,127
South Tripura (Tripura),Madhepura (Bihar),0.4785536542915121,0.4827319548210683,0.0041783005295562,7,6,0.34418432203238347,593,87
Sonbhadra (Uttar Pradesh),Damoh (Madhya Pradesh),0.5417565046860109,0.5469188509812621,0.005162346295251252,6,4,0.34409258238121876,680,308
Bellary (Karnataka),Kancheepuram (Tamil Nadu),0.6190115409469475,0.6208746671920773,0.0018631262451297426,5,3,0.3439380710761732,254,532
Kushinagar (Uttar Pradesh),Yadgir (Karnataka),0.5706893182748405,0.5721075778301331,0.0014182595552926225,6,4,0.343756440145342,653,279
Champhai (Mizoram),North Twenty Four Parganas (West Bengal),0.6485637777845585,0.6495079996058462,0.0009442218212876163,7,5,0.3436668662995094,403,696
Sangrur (Punjab),Jalaun (Uttar Pradesh),0.5878076622903983,0.5889928583982545,0.001185196107856279,2,6,0.34361323607610195,485,643
Nirmal (Telangana),West (NCT Delhi),0.5830144302496455,0.5837111299401948,0.0006966996905493072,0,2,0.34360669607698663,575,431
Krishnagiri (Tamil Nadu),Balangir (Odisha),0.7001959065107234,0.703682755123121,0.003486848612397564,2,5,0.3435604838138352,535,433
Nagaon (Assam),Bastar (Chhattisgarh),0.5222872233699014,0.5290143249667706,0.006727101596869178,7,6,0.34340084647187724,61,110
West Godavari (Andhra Pradesh),Mahisagar (Gujarat),0.6194504564679654,0.621732842440813,0.002282385972847578,0,4,0.3433120572447742,14,157
Nagpur (Maharashtra),Jaipur (Rajasthan),0.6912908903648683,0.6920365442344102,0.0007456538695418402,2,5,0.3432798897664325,364,504
Pratapgarh (Uttar Pradesh),Lower Subansiri (Arunachal Pradesh),0.5408407719956648,0.5432199159722674,0.002379143976602549,7,1,0.34325950664957927,667,26
Dharwad (Karnataka),Jalor (Rajasthan),0.6487172414165195,0.650813399697259,0.002096158280739502,2,4,0.34324351597790914,263,506
Kurnool (Andhra Pradesh),Surajpur (Chhattisgarh),0.571122825156819,0.5718091047711443,0.0006862796143253247,0,4,0.34314225580122026,8,131
Kokrajhar (Assam),Ghazipur (Uttar Pradesh),0.5510433848165688,0.5536223653330554,0.0025789805164866397,7,6,0.34307789430103935,57,637
Sivaganga (Tamil Nadu),Sambalpur (Odisha),0.6652436140933278,0.6656495882211882,0.0004059741278604756,3,5,0.3430083183214022,543,459
Sheikhpura (Bihar),South West Garo Hills (Meghalaya),0.5480413996766647,0.5481054420246365,6.404234797185993e-05,6,7,0.3429982320970165,101,397
Tonk (Rajasthan),Srikakulam (Andhra Pradesh),0.6196361675267663,0.6207080154255848,0.0010718478988185343,4,0,0.3429793159797042,519,10
Datia (Madhya Pradesh),Srikakulam (Andhra Pradesh),0.620697032795475,0.6207080154255848,1.0982630109901415e-05,4,0,0.34296843784207764,309,10
Jangoan (Telangana),Gautam Buddha Nagar (Uttar Pradesh),0.5926687278242777,0.594192248636629,0.0015235208123512978,0,2,0.34295704935239196,561,635
Gonda (Uttar Pradesh),East Siang (Arunachal Pradesh),0.4709809982053142,0.4729730539279279,0.0019920557226136837,6,1,0.3429409720218961,638,20
Dharwad (Karnataka),Kalahandi (Odisha),0.6487172414165195,0.6499282685267391,0.0012110271102195869,2,4,0.34289629200339944,263,446
Chikkaballapura (Karnataka),Jalor (Rajasthan),0.6497969279950385,0.650813399697259,0.0010164717022205227,2,4,0.34289318387230683,258,506
Mainpuri (Uttar Pradesh),Kurnool (Andhra Pradesh),0.568895289905888,0.571122825156819,0.002227535250931001,6,0,0.34274910853480534,659,8
Jyotiba Phule Nagar (Uttar Pradesh),Daman (Dadra Nagar Haveli Daman Diu),0.57842636425749,0.5812241237161601,0.0027977594586700016,6,7,0.34273335218188306,646,135
Gulbarga (Karnataka),Lalitpur (Uttar Pradesh),0.5829106810601363,0.5843267584302546,0.001416077370118285,7,6,0.34265965259885683,265,654
Papum Pare (Arunachal Pradesh),Banka (Bihar),0.5086785538333242,0.5177529632511803,0.009074409417856089,1,6,0.3426472200744861,28,72
Imphal West (Manipur),Saiha (Mizoram),0.5315794318075068,0.5356246320667303,0.004045200259223503,2,1,0.34264059181157874,386,408
Jogulamba Gadwal (Telangana),Satna (Madhya Pradesh),0.5991838182749398,0.6000429984728318,0.0008591801978919955,0,4,0.3424780639907844,563,333
Giridih (Jharkhand),East Jantia Hills (Meghalaya),0.5067539041017933,0.5106691366187847,0.003915232516991329,6,1,0.342465772025063,232,392
Sonitpur (Assam),Lower Dibang Valley (Arunachal Pradesh),0.567253099795637,0.5682285493792836,0.0009754495836465926,4,1,0.34239932829219244,64,25
Bathinda (Punjab),Samastipur (Bihar),0.5030129093362417,0.507707206375643,0.004694297039401385,2,6,0.34232134043145324,468,99
Pudukkottai (Tamil Nadu),Pratapgarh (Rajasthan),0.6450037387232739,0.6452100364707526,0.000206297747478712,3,4,0.34228153619356727,540,514
The Dangs (Gujarat),Rohtak (Haryana),0.642118183977856,0.6432999282704613,0.0011817442926053134,4,2,0.3421521843477518,169,190
Tirap (Arunachal Pradesh),Kanshiram Nagar (Uttar Pradesh),0.4994653936627229,0.5060999765066762,0.006634582843953241,1,6,0.3421033498134661,31,650
Ariyalur (Tamil Nadu),New Delhi (NCT Delhi),0.6426558125601188,0.6441602208672196,0.0015044083071007464,3,2,0.34205983597816947,525,423
Madhubani (Bihar),Tamenglong (Manipur),0.4842742490002918,0.4906191604561812,0.00634491145588939,6,1,0.34188568235274297,88,388
Moga (Punjab),Baramula (Jammu Kashmir),0.5842512014457824,0.5860891053989866,0.0018379039532042674,2,5,0.34174178512932835,479,209
South (NCT Delhi),Chhindwara (Madhya Pradesh),0.6451226074951321,0.6452823017755954,0.00015969428046336276,2,4,0.3417215238107665,428,307
Kheda (Gujarat),Firozabad (Uttar Pradesh),0.5127736217674782,0.5217873282145864,0.009013706447108194,7,6,0.34171618824872285,155,634
Bandipore (Jammu Kashmir),Ramban (Jammu Kashmir),0.6093950728107065,0.6123478602808035,0.0029527874700969736,5,4,0.341581329277557,208,220
Bagalkot (Karnataka),Mokokchung (Nagaland),0.5887594565885141,0.5903416432795624,0.0015821866910482596,4,1,0.3415719995206935,250,414
Kheri (Uttar Pradesh),East Jantia Hills (Meghalaya),0.5071205465764616,0.5106691366187847,0.0035485900423231076,6,1,0.3415382018983623,652,392
Muzaffarnagar (Uttar Pradesh),Pauri Garhwal (Uttarakhand),0.5689726169262657,0.5718034389962683,0.0028308220700026254,4,1,0.3414868072383129,665,603
Anugul (Odisha),Bhind (Madhya Pradesh),0.6186095414613355,0.6199374051710351,0.001327863709699617,5,7,0.34143770521961603,432,303
Anuppur (Madhya Pradesh),West Tripura (Tripura),0.5931223722355016,0.5954541872001088,0.002331814964607215,4,5,0.34143275165497877,298,595
Chitrakoot (Uttar Pradesh),North Tripura (Tripura),0.5291994636069064,0.5336544757117031,0.004455012104796707,6,7,0.34133254094384785,627,591
Godda (Jharkhand),Sepahijala (Tripura),0.5107224686960662,0.5189066129456256,0.008184144249559377,6,7,0.3412743152909145,233,592
Warangal Rural (Telangana),Yadgir (Karnataka),0.570568881862589,0.5721075778301331,0.0015386959675440792,0,4,0.34126705970818627,585,279
Mahe (Puducherry),Mandya (Karnataka),0.6756286015987577,0.6775128018249553,0.0018842002261976187,3,2,0.3412335704331898,463,271
Jhabua (Madhya Pradesh),Debagarh (Odisha),0.6311513208286917,0.6327405043885695,0.0015891835598778048,4,5,0.341178988376066,318,439
Sundargarh (Odisha),Udham Singh Nagar (Uttarakhand),0.6131270363793185,0.6134415624578261,0.00031452607850757097,4,2,0.3411737695293508,461,607
Phek (Nagaland),Gonda (Uttar Pradesh),0.4692135606060261,0.4709809982053142,0.001767437599288102,1,6,0.34116300001337596,417,638
Ganderbal (Jammu Kashmir),North East (NCT Delhi),0.6156180406859235,0.6172840239674537,0.0016659832815302256,5,2,0.34115794222554124,211,425
Thane (Maharashtra),Guntur (Andhra Pradesh),0.6060805519057342,0.6065078687009482,0.00042731679521401666,2,0,0.3411449433783107,378,6
Jodhpur (Rajasthan),Kargil (Ladakh),0.6635177450603194,0.6663023673043793,0.0027846222440599533,4,5,0.3410880522569949,509,294
Vellore (Tamil Nadu),Mahasamund (Chhattisgarh),0.6635099147076206,0.6652297253092238,0.0017198106016032,3,4,0.341054223869238,554,124
Mansa (Punjab),Lalitpur (Uttar Pradesh),0.5837607819510855,0.5843267584302546,0.0005659764791691169,2,6,0.34103242132032785,478,654
Kamareddy (Telangana),Gurdaspur (Punjab),0.5681268201562975,0.5683227904888595,0.00019597033256202323,0,2,0.34096982275790183,564,473
Rohtas (Bihar),Guntur (Andhra Pradesh),0.6041891557543503,0.6065078687009482,0.0023187129465979117,6,0,0.3409627964852944,97,6
Madhepura (Bihar),Peren (Nagaland),0.4827319548210683,0.4837855938453878,0.001053639024319486,6,1,0.3409616425682842,87,416
Sepahijala (Tripura),Firozabad (Uttar Pradesh),0.5189066129456256,0.5217873282145864,0.0028807152689608317,7,6,0.34092504364140086,592,634
Kohima (Nagaland),Jaunpur (Uttar Pradesh),0.5994527038038355,0.6020142215498994,0.002561517746063835,1,6,0.340910280952423,412,644
Firozpur (Punjab),Shivpuri (Madhya Pradesh),0.5910315228096771,0.5935356273826384,0.002504104572961352,2,4,0.3409090448058036,472,339
Prakasam (Andhra Pradesh),Hazaribagh (Jharkhand),0.5272415241679326,0.5290502917949998,0.001808767627067276,0,6,0.340889262624238,9,235
Wanaparthy (Telangana),Churu (Rajasthan),0.6096012702500649,0.6118078092317436,0.002206538981678663,0,4,0.34081136820251023,584,498
Sirohi (Rajasthan),Fatehabad (Haryana),0.6623625246811813,0.6630335729374737,0.0006710482562923836,4,5,0.34067905274967714,518,176
Chikmagalur (Karnataka),Jalor (Rajasthan),0.6499623524725815,0.650813399697259,0.000851047224677548,2,4,0.3406416263587758,259,506
Mysore (Karnataka),Jharsuguda (Odisha),0.6797090115153347,0.6819979172247891,0.002288905709454392,2,5,0.34063910398771613,272,445
Ambala (Haryana),Bhind (Madhya Pradesh),0.6194921540666987,0.6199374051710351,0.00044525110433646375,2,7,0.34062785571854715,172,303
Chamarajanagar (Karnataka),Jodhpur (Rajasthan),0.6631766507698592,0.6635177450603194,0.00034109429046014217,2,4,0.3405961111702673,257,509
Yadadri Bhuvanagiri (Telangana),North  & Middle Andaman (Andaman Nicobar Islands),0.6035883429853836,0.6045210868167618,0.0009327438313782022,0,2,0.3405778369290594,587,1
East Godavari (Andhra Pradesh),Nagaon (Assam),0.5215152868899147,0.5222872233699014,0.0007719364799867456,0,7,0.3405685125357817,5,61
Bilaspur (Himachal Pradesh),Nagpur (Maharashtra),0.6884515394877236,0.6912908903648683,0.0028393508771447085,5,2,0.34046373164182897,194,364
Raigarh (Maharashtra),Guna (Madhya Pradesh),0.6389432563970624,0.6425255792124699,0.0035823228154074904,2,4,0.34040527879139737,372,313
Dewas (Madhya Pradesh),Akola (Maharashtra),0.6340693577033343,0.636782435808657,0.0027130781053227304,4,5,0.34038617830995704,310,347
Dindigul (Tamil Nadu),Yavatmal (Maharashtra),0.6563707807486019,0.6577281938406109,0.0013574130920089855,3,5,0.3403637447951884,530,381
Jhansi (Uttar Pradesh),Lakhimpur (Assam),0.5943051263989492,0.5951017091141261,0.0007965827151769078,6,4,0.34027455727206835,645,58
Puri (Odisha),Thoothukkudi (Tamil Nadu),0.6678777883726063,0.66976112964725,0.001883341274643735,5,3,0.34021776784400815,457,549
Faizabad (Uttar Pradesh),Panna (Madhya Pradesh),0.5278389324405923,0.5303739551013725,0.002535022660780206,7,6,0.3402127971826036,631,327
Karur (Tamil Nadu),Datia (Madhya Pradesh),0.618621401264791,0.620697032795475,0.002075631530683908,3,4,0.34013160056957414,534,309
Kalahandi (Odisha),Chikmagalur (Karnataka),0.6499282685267391,0.6499623524725815,3.408394584236696e-05,4,2,0.34005793615358426,446,259
Mirzapur (Uttar Pradesh),Vikarabad (Telangana),0.5451979966385901,0.5479012033304308,0.002703206691840654,6,0,0.3399935609638355,663,583
North  District (Sikkim),Sabarkantha (Gujarat),0.5783870304215633,0.5811770623719078,0.0027900319503445514,2,4,0.3398492994458748,522,165
Aurangabad (Bihar),Lunglei (Mizoram),0.5722484621574054,0.5732887556949391,0.0010402935375336542,6,7,0.33977677622179747,71,406
Kupwara (Jammu Kashmir),Madurai (Tamil Nadu),0.6559997641877434,0.65904785506923,0.0030480908814866092,5,3,0.3397710364183772,216,536
Dhaulpur (Rajasthan),Tarn Taran (Punjab),0.6038876459255225,0.6046349331150919,0.0007472871895694011,6,2,0.339763424187391,500,487
Bhadradri Kothagudem (Telangana),Mamit (Mizoram),0.6048108615457032,0.6054204224032614,0.0006095608575582556,0,7,0.3397506384737186,558,407
Pathanamthitta (Kerala),South District (Sikkim),0.5994602522678962,0.6006029378417962,0.0011426855738999597,3,2,0.3397341786365211,290,523
Etawah (Uttar Pradesh),Kolkata (West Bengal),0.5991590993117487,0.6000909016536673,0.0009318023419185861,4,2,0.3397320565105517,630,692
Satara (Maharashtra),Rajouri (Jammu Kashmir),0.6299115993029096,0.6312659493581732,0.0013543500552635201,2,5,0.3397132487072201,375,219
Kamareddy (Telangana),Agra (Uttar Pradesh),0.5681268201562975,0.5693897551156601,0.0012629349593626937,0,6,0.33969157153220103,564,609
West Garo Hills (Meghalaya),Kapurthala (Punjab),0.5814512549573052,0.5837130637206458,0.0022618087633405892,7,2,0.3396902284400779,399,476
Kolkata (West Bengal),Jaunpur (Uttar Pradesh),0.6000909016536673,0.6020142215498994,0.0019233198962320674,2,6,0.33965665323320143,692,644
Warangal Urban (Telangana),Sant Kabir Nagar (Uttar Pradesh),0.5829968706114199,0.5856732961486991,0.0026764255372792034,0,4,0.3394892008438234,586,673
Vizianagaram (Andhra Pradesh),Debagarh (Odisha),0.6299959250914997,0.6327405043885695,0.002744579297069838,0,5,0.33948298458163856,13,439
Central (NCT Delhi),Udhampur (Jammu Kashmir),0.6067907197888455,0.607742250818872,0.0009515310300265423,2,5,0.33939061719808766,421,225
Coimbatore (Tamil Nadu),Kota (Rajasthan),0.6833960409683376,0.6893776919132789,0.005981650944941297,3,5,0.33935964967534854,527,511
Tiruppur (Tamil Nadu),Shupiyan (Jammu Kashmir),0.6940689441761417,0.6974771003573876,0.0034081561812459027,3,5,0.3393501542589985,552,223
Akola (Maharashtra),Hamirpur (Uttar Pradesh),0.636782435808657,0.6403719531105257,0.0035895173018687387,5,4,0.33931072036684423,347,640
Burhanpur (Madhya Pradesh),Solan (Himachal Pradesh),0.6947213392128421,0.7016433403797537,0.006922001166911662,4,5,0.3390961280337722,305,204
Banka (Bihar),East Godavari (Andhra Pradesh),0.5177529632511803,0.5215152868899147,0.0037623236387344106,6,0,0.33905854030683813,72,5
Kishtwar (Jammu Kashmir),Bageshwar (Uttarakhand),0.6377669555359491,0.6399951868637811,0.0022282313278320087,5,4,0.33905455670610174,214,597
West Khasi Hills (Meghalaya),South Tripura (Tripura),0.477098285379982,0.4785536542915121,0.001455368911530086,1,7,0.33903863562460057,401,593
Kokrajhar (Assam),Medak (Telangana),0.5510433848165688,0.554214999427319,0.0031716146107502174,7,0,0.33898794885490413,57,571
Purbi Singhbhum (Jharkhand),North East (NCT Delhi),0.616579225856088,0.6172840239674537,0.0007047981113657009,5,2,0.3388156846401099,244,425
Hamirpur (Uttar Pradesh),Rohtak (Haryana),0.6403719531105257,0.6432999282704613,0.002927975159935592,4,2,0.33873576879489836,640,190
Kamareddy (Telangana),Kushinagar (Uttar Pradesh),0.5681268201562975,0.5706893182748405,0.002562498118543033,0,6,0.3386651773429642,564,653
Kra Daadi (Arunachal Pradesh),Samastipur (Bihar),0.5043966087170257,0.507707206375643,0.003310597658617298,1,6,0.3386361456980297,21,99
Chhindwara (Madhya Pradesh),South West (NCT Delhi),0.6452823017755954,0.6474000645815928,0.002117762805997403,4,2,0.3386340960320381,307,430
Uttarkashi (Uttarakhand),Chikkaballapura (Karnataka),0.6463798219687574,0.6497969279950385,0.0034171060262810915,4,2,0.3386309879009457,608,258
Faizabad (Uttar Pradesh),Sitapur (Uttar Pradesh),0.5278389324405923,0.5284076577028505,0.0005687252622581518,7,6,0.338613295786604,631,679
Shahid Bhagat Singh Nagar (Punjab),Samba (Jammu Kashmir),0.6460531466291178,0.6480853208768629,0.0020321742477450444,2,5,0.33861317621008735,486,222
Nirmal (Telangana),Sant Kabir Nagar (Uttar Pradesh),0.5830144302496455,0.5856732961486991,0.0026588658990536196,0,4,0.33859337182021954,575,673
Thane (Maharashtra),Rajanna Sircilla (Telangana),0.6060805519057342,0.6062464932280808,0.00016594132234659664,2,0,0.33852220535567457,378,578
Sheopur (Madhya Pradesh),Bokaro (Jharkhand),0.5484446667520376,0.5508386668623246,0.002394000110287009,4,6,0.3383869188865839,338,226
Hapur (Uttar Pradesh),Satara (Maharashtra),0.6271793364207714,0.6299115993029096,0.0027322628821382366,4,2,0.3383436368970954,641,375
Nagarkurnool (Telangana),Sundargarh (Odisha),0.6127940827039419,0.6131270363793185,0.0003329536753766682,0,4,0.33830821638900577,573,461
Surendranagar (Gujarat),Amethi (Uttar Pradesh),0.5634328485029255,0.564625514693985,0.0011926661910595104,7,6,0.3382438411992569,167,612
Ramanathapuram (Tamil Nadu),Kabeerdham (Chhattisgarh),0.6699689901058209,0.6700124120226517,4.3421916830821417e-05,3,4,0.338210586788579,541,120
Junagadh (Gujarat),Sangli (Maharashtra),0.6104244415494103,0.6115229397631894,0.0010984982137790533,5,2,0.33817167924059843,153,374
Gir Somnath (Gujarat),Malkangiri (Odisha),0.632180124915268,0.6329132713385566,0.0007331464232885887,7,4,0.33814172111734325,151,452
Mandla (Madhya Pradesh),Amreli (Gujarat),0.62609748852888,0.6277640591299071,0.0016665706010270398,4,7,0.338130325767825,322,140
Perambalur (Tamil Nadu),Burhanpur (Madhya Pradesh),0.6944526665930258,0.6947213392128421,0.0002686726198162237,3,4,0.3380512892769787,539,305
Mon (Nagaland),Saran (Bihar),0.4807412993248657,0.4840342345249289,0.003292935200063185,1,6,0.3380076148581187,415,100
Pauri Garhwal (Uttarakhand),Ramgarh (Jharkhand),0.5718034389962683,0.5745180989667685,0.002714659970500244,1,4,0.33790326217273803,603,245
Koppal (Karnataka),Kannauj (Uttar Pradesh),0.576640610517683,0.5773254205592606,0.0006848100415776104,4,6,0.3377643461279857,270,647
Bhagalpur (Bihar),Bishnupur (Manipur),0.4992586742914566,0.4995255315678477,0.0002668572763910859,6,1,0.33765207899161087,74,382
Suryapet (Telangana),Aravali (Gujarat),0.5637627059031259,0.5654584238956546,0.0016957179925286558,0,7,0.3376409164474772,582,142
Kamrup Metropolitan (Assam),Gaya (Bihar),0.5423008528057629,0.5471831695106131,0.004882316704850176,7,6,0.33752223310831464,54,78
Nalanda (Bihar),Gomati (Tripura),0.5188020120820503,0.5204900628753547,0.0016880507933043631,6,7,0.3375195872190596,91,589
Pashchimi Singhbhum (Jharkhand),West Karbi Anglong (Assam),0.5194224895418925,0.5255371627386545,0.006114673196761955,6,1,0.33750730629578085,243,68
Tamenglong (Manipur),Banaskantha (Gujarat),0.4906191604561812,0.4963008550197879,0.005681694563606676,1,7,0.3374784158072073,388,143
Puruliya (West Bengal),Gopalganj (Bihar),0.5347510946330346,0.5362337537959717,0.0014826591629371055,7,6,0.33744920202891526,701,79
Rupnagar (Punjab),Satna (Madhya Pradesh),0.5994548640198827,0.6000429984728318,0.0005881344529491406,2,4,0.3373902481516562,483,333
Puri (Odisha),Kanniyakumari (Tamil Nadu),0.6678777883726063,0.6701520400566364,0.0022742516840301708,5,3,0.33733395407413724,457,533
Jangoan (Telangana),Morena (Madhya Pradesh),0.5926687278242777,0.5940224825169502,0.0013537546926725152,0,7,0.3372932798867959,561,324
Pudukkottai (Tamil Nadu),Shahid Bhagat Singh Nagar (Punjab),0.6450037387232739,0.6460531466291178,0.0010494079058439576,3,2,0.33728321481476065,540,486
Lakhimpur (Assam),Haora (West Bengal),0.5951017091141261,0.5975916174702169,0.002489908356090864,4,2,0.33726905906374705,58,688
Raichur (Karnataka),Amritsar (Punjab),0.5764841057381199,0.5777086174221775,0.001224511684057572,6,2,0.33726058796003305,273,466
East Garo Hills (Meghalaya),Kanpur Dehat (Uttar Pradesh),0.5378665330400021,0.5391235386623688,0.001257005622366747,1,6,0.3371219112351983,391,648
Maldah (West Bengal),Jashpur (Chhattisgarh),0.592911623875736,0.594422859419927,0.0015112355441909697,5,4,0.33709649996919655,693,119
Mahoba (Uttar Pradesh),Sivasagar (Assam),0.5878582680893597,0.5897811663907281,0.001922898301368381,4,7,0.3370638943664541,657,63
Jalpaiguri (West Bengal),South Andaman (Andaman Nicobar Islands),0.6469286912935668,0.6493700005635843,0.002441309270017511,5,2,0.3370535323511602,690,2
Mandi (Himachal Pradesh),Erode (Tamil Nadu),0.7049913264960624,0.7154017619524314,0.010410435456368994,5,3,0.3370442079578826,201,531
Morena (Madhya Pradesh),Ratnagiri (Maharashtra),0.5940224825169502,0.595614688959889,0.0015922064429387817,7,2,0.33701859011738977,324,373
Rayagada (Odisha),Jaunpur (Uttar Pradesh),0.5997608321426621,0.6020142215498994,0.002253389407237294,4,6,0.3370132044983431,458,644
Idukki (Kerala),Darjeeling (West Bengal),0.6251358583987333,0.6277852307611654,0.002649372362432123,3,2,0.336976651250029,282,687
Hassan (Karnataka),Bargarh (Odisha),0.6633537371246797,0.6658288908547175,0.0024751537300378157,2,5,0.3369642921126704,266,435
Aravali (Gujarat),Mainpuri (Uttar Pradesh),0.5654584238956546,0.568895289905888,0.003436866010233408,7,6,0.33691768462525085,142,659
Raigarh (Chhattisgarh),Mahabubnagar (Telangana),0.6261577290737865,0.6289530802046575,0.0027953511308709267,4,0,0.3367951360289694,127,569
Jhansi (Uttar Pradesh),Una (Himachal Pradesh),0.5943051263989492,0.5961232444868116,0.0018181180878624748,6,2,0.33675400150925017,645,205
Tikamgarh (Madhya Pradesh),Virudhunagar (Tamil Nadu),0.6547055535052939,0.6554314111620915,0.0007258576567975572,4,3,0.3367090039215721,342,556
Surguja (Chhattisgarh),Botad (Gujarat),0.5889599782204821,0.5904277946160063,0.0014678163955241796,4,7,0.33664654655052695,132,146
Punch (Jammu Kashmir),Thiruvarur (Tamil Nadu),0.6651183483437413,0.6652598045335716,0.0001414561898303024,5,3,0.33657222957172217,218,548
Nainital (Uttarakhand),Auraiya (Uttar Pradesh),0.607182602777582,0.6072041356512282,2.1532873646257222e-05,2,4,0.3363986649340026,602,613
Uttara Kannada (Karnataka),Karauli (Rajasthan),0.6332133153387611,0.6333875236079991,0.00017420826923797428,2,4,0.3363851630762772,278,510
Purba Barddhaman (West Bengal),Komaram Bheem Asifabad (Telangana),0.5940871147200499,0.5945788386573799,0.0004917239373299909,5,4,0.3362969921711426,699,567
Siwan (Bihar),Sepahijala (Tripura),0.5116666545335719,0.5189066129456256,0.007239958412053715,6,7,0.3362617509594396,104,592
Jorhat (Assam),Tawang (Arunachal Pradesh),0.5472981929659047,0.5501315805475238,0.0028333875816191068,7,1,0.33622950885030123,52,30
Thoothukkudi (Tamil Nadu),Rudraprayag (Uttarakhand),0.66976112964725,0.6709719991056451,0.001210869458395103,3,5,0.3361278360874409,549,605
Yadgir (Karnataka),Farrukhabad (Uttar Pradesh),0.5721075778301331,0.5742050588067394,0.0020974809766063363,4,6,0.3361269830793082,279,632
Karauli (Rajasthan),Cuddalore (Tamil Nadu),0.6333875236079991,0.6362685145095406,0.0028809909015414803,4,3,0.33609058150729876,510,528
Jalaun (Uttar Pradesh),Ludhiana (Punjab),0.5889928583982545,0.5911273712162664,0.0021345128180118023,6,2,0.33597111252810996,643,477
Rajouri (Jammu Kashmir),Gir Somnath (Gujarat),0.6312659493581732,0.632180124915268,0.0009141755570948318,5,7,0.33594170417329594,219,151
Nadia (West Bengal),Etawah (Uttar Pradesh),0.5976291120545132,0.5991590993117487,0.001529987257235521,5,4,0.33586459550573194,695,630
Patna (Bihar),Senapati (Manipur),0.4883729469882428,0.4943998684805016,0.006026921492258808,6,1,0.335856917902911,94,387
Sahibganj (Jharkhand),Parbhani (Maharashtra),0.4915194029001076,0.4984159730877444,0.006896570187636786,6,7,0.3357313649924744,247,370
Aurangabad (Maharashtra),Palakkad (Kerala),0.5621463260099421,0.5625093584096452,0.0003630323997031448,7,3,0.3357162697807468,349,289
Mumbai Suburban (Maharashtra),Cuttack (Odisha),0.6075239297541122,0.6101285564233092,0.00260462666919703,2,5,0.3357127162059187,363,438
Uttar Dinajpur (West Bengal),Gautam Buddha Nagar (Uttar Pradesh),0.5920528413231617,0.594192248636629,0.0021394073134672897,5,2,0.33563590849179925,703,635
Majuli (Assam),Morigaon (Assam),0.5744798316089352,0.5773622017693061,0.0028823701603708507,7,4,0.3355594297510627,59,60
Mancherial (Telangana),Bulandshahr (Uttar Pradesh),0.5576243074206787,0.5586653949255771,0.001041087504898397,0,4,0.3355559926465873,570,625
South (NCT Delhi),Samba (Jammu Kashmir),0.6451226074951321,0.6480853208768629,0.0029627133817308193,2,5,0.33555458668708726,428,222
Shahjahanpur (Uttar Pradesh),Bankura (West Bengal),0.5530996398862615,0.555658414045892,0.0025587741596304614,6,7,0.3354547588521616,675,684
Barmer (Rajasthan),Tiruvannamalai (Tamil Nadu),0.6927151750740909,0.6942683587562607,0.0015531836821698342,4,3,0.3353899446939786,492,553
Vizianagaram (Andhra Pradesh),Jhabua (Madhya Pradesh),0.6299959250914997,0.6311513208286917,0.0011553957371920331,0,4,0.3353381769821837,13,318
Giridih (Jharkhand),Papum Pare (Arunachal Pradesh),0.5067539041017933,0.5086785538333242,0.0019246497315308364,6,1,0.335300704455489,232,28
Dhamtari (Chhattisgarh),Jammu (Jammu Kashmir),0.6809055687695142,0.6820757209092189,0.0011701521397046166,4,5,0.33529138006221093,115,212
Coimbatore (Tamil Nadu),Bilaspur (Himachal Pradesh),0.6833960409683376,0.6884515394877236,0.005055498519386026,3,5,0.33528827193111854,527,194
Kargil (Ladakh),Ramanathapuram (Tamil Nadu),0.6663023673043793,0.6699689901058209,0.003666622801441588,5,3,0.33525590897479784,294,541
Charkhi Dadri (Haryana),Sirohi (Rajasthan),0.662268649942359,0.6623625246811813,9.387473882227493e-05,5,4,0.33525590897479773,174,518
Mon (Nagaland),Vaishali (Bihar),0.4807412993248657,0.4899202118949717,0.009178912570106001,1,6,0.33518577456890414,415,106
Palghar (Maharashtra),Bemetara (Chhattisgarh),0.6592991943540649,0.66146788955964,0.0021686952055750552,5,4,0.33518277969605786,369,111
Mandya (Karnataka),Udaipur (Rajasthan),0.6775128018249553,0.6776798180299862,0.00016701620503090098,2,4,0.33512533210960216,271,520
Rajkot (Gujarat),Rajnandgaon (Chhattisgarh),0.6758922319605024,0.6776303631458038,0.001738131185301417,5,4,0.33512533210960194,164,129
Vikarabad (Telangana),Sheopur (Madhya Pradesh),0.5479012033304308,0.5484446667520376,0.0005434634216068268,0,4,0.3350454162643901,583,338
Sant Ravidas Nagar (Bhadohi) (Uttar Pradesh),Ribhoi (Meghalaya),0.5326946214173487,0.5364926014562134,0.003797980038864668,6,1,0.3349753241929581,674,395
Sangrur (Punjab),Bagalkot (Karnataka),0.5878076622903983,0.5887594565885141,0.0009517942981158711,2,4,0.3349728418287964,485,250
West Kameng (Arunachal Pradesh),East Godavari (Andhra Pradesh),0.5179377912186482,0.5215152868899147,0.0035774956712664174,1,0,0.3348928403323284,34,5
Sitamarhi (Bihar),Phek (Nagaland),0.458131370610397,0.4692135606060261,0.0110821899956291,6,1,0.33482466367100017,103,417
Betul (Madhya Pradesh),Tirunelveli (Tamil Nadu),0.6669187972929591,0.6703964716747624,0.003477674381803242,4,3,0.334796344335477,302,551
Saiha (Mizoram),Khowai (Tripura),0.5356246320667303,0.5359437239712328,0.000319091904502522,1,7,0.33478965340772415,408,590
Mahisagar (Gujarat),Kolhapur (Maharashtra),0.621732842440813,0.6220221056822799,0.0002892632414669416,4,3,0.3347133033199343,157,360
Garhwa (Jharkhand),Azamgarh (Uttar Pradesh),0.5127357461516312,0.5174877250457446,0.0047519788941133845,6,7,0.33459078624186,231,614
Gopalganj (Bihar),Ribhoi (Meghalaya),0.5362337537959717,0.5364926014562134,0.00025884766024164563,6,1,0.33453227074473196,79,395
Moradabad (Uttar Pradesh),Golaghat (Assam),0.5790694030819229,0.5800115265110577,0.0009421234291348002,4,7,0.33447334418750796,664,49
Rajsamand (Rajasthan),Akola (Maharashtra),0.6362940658274208,0.636782435808657,0.0004883699812362474,4,5,0.33447287373265516,515,347
Karimnagar (Telangana),Hoshangabad (Madhya Pradesh),0.5475981040418536,0.5495965123174836,0.001998408275630026,0,7,0.3344673565613515,565,316
Adilabad (Telangana),Mainpuri (Uttar Pradesh),0.5651792934410328,0.568895289905888,0.003715996464855209,0,6,0.3343905488472322,557,659
Kolhapur (Maharashtra),Janjgir - Champa (Chhattisgarh),0.6220221056822799,0.6241594031066753,0.00213729742439539,3,4,0.33420274397697514,360,118
Patan (Gujarat),Anugul (Odisha),0.6162509988002122,0.6186095414613355,0.0023585426611233418,7,5,0.33417977378270924,162,432
Banaskantha (Gujarat),Bhagalpur (Bihar),0.4963008550197879,0.4992586742914566,0.0029578192716687157,7,6,0.3341338475153355,143,74
Bhind (Madhya Pradesh),Kolhapur (Maharashtra),0.6199374051710351,0.6220221056822799,0.0020847005112447636,7,3,0.3340580961703754,303,360
Kolhapur (Maharashtra),Anantapur (Andhra Pradesh),0.6220221056822799,0.6223885849222722,0.00036647923999233445,3,0,0.3340503443753731,360,3
Uttar Dinajpur (West Bengal),Washim (Maharashtra),0.5920528413231617,0.5926017436373497,0.0005489023141880267,5,7,0.33403614972476814,703,380
Jamui (Bihar),Papum Pare (Arunachal Pradesh),0.5053219792037914,0.5086785538333242,0.0033565746295327603,6,1,0.3339404519697195,80,28
Basti (Uttar Pradesh),Aurangabad (Maharashtra),0.5619981972072905,0.5621463260099421,0.00014812880265158146,6,7,0.33379313669274496,622,349
Mahe (Puducherry),Mysore (Karnataka),0.6756286015987577,0.6797090115153347,0.004080409916576988,3,2,0.33368152660136,463,272
Jagitial (Telangana),West (NCT Delhi),0.583164001485113,0.5837111299401948,0.0005471284550817579,0,2,0.33359205738323705,560,431
Churachandpur (Manipur),Hojai (Assam),0.4906062791219083,0.4957589714435058,0.005152692321597485,1,7,0.33352635417501814,384,51
Bilaspur (Himachal Pradesh),Barmer (Rajasthan),0.6884515394877236,0.6927151750740909,0.00426363558636722,5,4,0.3334940015501069,194,492
Balrampur (Chhattisgarh),Amethi (Uttar Pradesh),0.5631711276629844,0.564625514693985,0.001454387031000648,4,6,0.3334053824810541,109,612
Nizamabad (Telangana),Sant Kabir Nagar (Uttar Pradesh),0.5845496519564554,0.5856732961486991,0.0011236441922437557,0,4,0.3333973692626714,576,673
Barnala (Punjab),Rampur (Uttar Pradesh),0.554954896489869,0.5565235730510867,0.00156867656121773,2,6,0.33339477870164824,467,670
Sheikhpura (Bihar),Tawang (Arunachal Pradesh),0.5480413996766647,0.5501315805475238,0.002090180870859104,6,1,0.33338182860720833,101,30
Gaya (Bihar),Barpeta (Assam),0.5471831695106131,0.5499646557508951,0.0027814862402820717,6,7,0.33335121190430916,78,37
Jhajjar (Haryana),Baran (Rajasthan),0.6874648675448902,0.6913837237022566,0.003918856157366424,5,4,0.3333214798433548,179,491
Jagitial (Telangana),Sant Kabir Nagar (Uttar Pradesh),0.583164001485113,0.5856732961486991,0.0025092946635860702,0,4,0.3333112371552742,560,673
Katihar (Bihar),Unakoti (Tripura),0.4397450339020589,0.4559023185494986,0.016157284647439707,6,7,0.3332199988124822,83,594
Jyotiba Phule Nagar (Uttar Pradesh),Paschim Medinipur (West Bengal),0.57842636425749,0.5801951726448785,0.0017688083873884652,6,7,0.3331714586304971,646,698
Anantnag (Jammu Kashmir),Dindigul (Tamil Nadu),0.6538426862441498,0.6563707807486019,0.0025280945044521275,5,3,0.3331467361406468,206,530
Sivaganga (Tamil Nadu),Kargil (Ladakh),0.6652436140933278,0.6663023673043793,0.001058753211051533,3,5,0.3330849790768937,543,294
Kurukshetra (Haryana),Dhar (Madhya Pradesh),0.636060898683751,0.6367391697457714,0.0006782710620203414,2,4,0.33294872450165014,183,311
Baleshwar (Odisha),Nainital (Uttarakhand),0.6053449012511959,0.607182602777582,0.0018377015263860708,5,2,0.33292734821932823,434,602
Bathinda (Punjab),Bhojpur (Bihar),0.5030129093362417,0.5082801785610377,0.005267269224796034,2,6,0.33287476920233283,468,75
Saharanpur (Uttar Pradesh),Hamirpur (Himachal Pradesh),0.6080198646540442,0.6099047333749509,0.0018848687209066517,4,2,0.33279594218039804,671,196
Morbi (Gujarat),Kaimur (Bhabua) (Bihar),0.5993121739167219,0.6024071008423451,0.003094926925623187,7,6,0.33271763679677246,158,82
Mungeli (Chhattisgarh),Gurgaon (Haryana),0.6157970188732744,0.6181459008413983,0.0023488819681238837,4,7,0.3327020961413094,125,177
Parbhani (Maharashtra),Tirap (Arunachal Pradesh),0.4984159730877444,0.4994653936627229,0.0010494205749785324,7,1,0.33268081124298726,370,31
Buxer (Bihar),Kokrajhar (Assam),0.5507263030414423,0.5510433848165688,0.00031708177512645985,6,7,0.33267275555398107,76,57
Ashoknagar (Madhya Pradesh),Nadia (West Bengal),0.5963376316816799,0.5976291120545132,0.0012914803728333313,4,5,0.332662708232243,299,695
Firozpur (Punjab),Anuppur (Madhya Pradesh),0.5910315228096771,0.5931223722355016,0.0020908494258244925,2,4,0.3326315046893753,472,298
Saraikela-Kharsawan (Jharkhand),Sirsa (Haryana),0.616462481401611,0.6180905332499609,0.0016280518483499096,4,5,0.3325302650266946,248,191
Kanpur Nagar (Uttar Pradesh),Malappuram (Kerala),0.6079488918282793,0.6104726497390263,0.002523757910746993,7,3,0.33251114727092407,649,288
Udhampur (Jammu Kashmir),Kanpur Nagar (Uttar Pradesh),0.607742250818872,0.6079488918282793,0.00020664100940726016,5,7,0.33250839236018864,225,649
Hugli (West Bengal),Kodagaon (Chhattisgarh),0.5984410606319169,0.5992936298998093,0.0008525692678923447,5,4,0.3324639979221342,689,121
Kannauj (Uttar Pradesh),Sabarkantha (Gujarat),0.5773254205592606,0.5811770623719078,0.0038516418126471885,6,4,0.33237629846299044,647,165
Tiruppur (Tamil Nadu),Subarnapur (Odisha),0.6940689441761417,0.6944345022927537,0.0003655581166119859,3,5,0.33237310836718414,552,460
Pratapgarh (Rajasthan),Jalpaiguri (West Bengal),0.6452100364707526,0.6469286912935668,0.0017186548228141918,4,5,0.33235481722651206,514,690
Surguja (Chhattisgarh),Nanded (Maharashtra),0.5889599782204821,0.5901558199784941,0.0011958417580120173,4,7,0.3322991545525481,132,365
Majuli (Assam),Ramgarh (Jharkhand),0.5744798316089352,0.5745180989667685,3.8267357833299265e-05,7,4,0.3322963186456901,59,245
Vellore (Tamil Nadu),Bargarh (Odisha),0.6635099147076206,0.6658288908547175,0.002318976147096974,3,5,0.3322900843908796,554,435
Nagarkurnool (Telangana),Jalandhar (Punjab),0.6127940827039419,0.6130699049484553,0.00027582224451339066,0,2,0.3321273512969092,573,475
Samastipur (Bihar),Papum Pare (Arunachal Pradesh),0.507707206375643,0.5086785538333242,0.0009713474576811265,6,1,0.3320841602698677,99,28
Farrukhabad (Uttar Pradesh),Anand (Gujarat),0.5742050588067394,0.5755256980640651,0.0013206392573256176,6,7,0.331924509568195,632,141
Karur (Tamil Nadu),Srikakulam (Andhra Pradesh),0.618621401264791,0.6207080154255848,0.0020866141607938093,3,0,0.3318791467755438,534,10
East Garo Hills (Meghalaya),Arwal (Bihar),0.5378665330400021,0.5406405398033195,0.002774006763317405,1,6,0.33182614417056105,391,70
Gadchiroli (Maharashtra),The Nilgiris (Tamil Nadu),0.7139386039552921,0.7259723273401781,0.012033723384886064,5,3,0.3317122660120594,355,546
Lower Subansiri (Arunachal Pradesh),Alwar (Rajasthan),0.5432199159722674,0.5440057676076354,0.00078585163536804,1,6,0.3315495238387772,26,489
Udupi (Karnataka),Dhar (Madhya Pradesh),0.6354611671951724,0.6367391697457714,0.0012780025505989556,2,4,0.33149272647635886,277,311
Baran (Rajasthan),Kinnaur (Himachal Pradesh),0.6913837237022566,0.6916795685066438,0.00029584480438715755,4,5,0.3314808002772639,491,198
Raichur (Karnataka),Sidhi (Madhya Pradesh),0.5764841057381199,0.5766409144948892,0.00015680875676926664,6,4,0.3314660608900203,273,340
Patan (Gujarat),North East (NCT Delhi),0.6162509988002122,0.6172840239674537,0.0010330251672415747,7,2,0.3313815449424795,162,425
Porbandar (Gujarat),South Goa (Goa),0.6872467627338946,0.6915133614509863,0.004266598717091674,5,3,0.3313129264838825,163,138
Almora (Uttarakhand),Vizianagaram (Andhra Pradesh),0.6285802830659845,0.6299959250914997,0.0014156420255152513,2,0,0.3313086229938378,596,13
Munger (Bihar),Siddharthnagar (Uttar Pradesh),0.5370959275601832,0.5375449361791741,0.00044900861899088707,7,6,0.3312297395116812,89,678
Shahid Bhagat Singh Nagar (Punjab),Ernakulam (Kerala),0.6460531466291178,0.6464996536428517,0.0004465070137338323,2,3,0.3311509929657874,486,281
Gandhinagar (Gujarat),Sawai Madhopur (Rajasthan),0.5502123349037776,0.553035693677917,0.0028233587741394173,7,6,0.33112774872261713,150,516
Kozhikode (Kerala),Palghar (Maharashtra),0.6576581655154256,0.6592991943540649,0.001641028838639369,3,5,0.3311246257349698,287,369
Mandla (Madhya Pradesh),Darjeeling (West Bengal),0.62609748852888,0.6277852307611654,0.0016877422322854052,4,2,0.3311086578418656,322,687
Birbhum (West Bengal),Alirajpur (Madhya Pradesh),0.6032778223476298,0.6036400618582448,0.00036223951061498116,5,4,0.3310568526479335,685,297
Unakoti (Tripura),Deoghar (Jharkhand),0.4559023185494986,0.462601006745168,0.006698688195669433,7,6,0.3309960324650154,594,228
Faridabad (Haryana),Mahendragarh (Haryana),0.6280220129038697,0.6310822344912789,0.003060221587409151,2,5,0.3309523763767306,175,184
Amritsar (Punjab),Devbhumi Dwarka (Gujarat),0.5777086174221775,0.5810609731912736,0.0033523557690960937,2,7,0.33082442011397645,466,149
Warangal Rural (Telangana),Aurangabad (Bihar),0.570568881862589,0.5722484621574054,0.0016795802948164074,0,6,0.3307925446863068,585,71
Kottayam (Kerala),Aurangabad (Maharashtra),0.560417011108379,0.5621463260099421,0.0017293149015630283,3,7,0.3307650796881037,286,349
Bijnor (Uttar Pradesh),Sahibzada Ajit Singh Nagar (Punjab),0.6137070440685924,0.6161397656930043,0.002432721624411882,4,2,0.33071573697218737,623,484
Peren (Nagaland),Saran (Bihar),0.4837855938453878,0.4840342345249289,0.00024864067954111224,1,6,0.33069032857768454,416,100
Fatehgarh Sahib (Punjab),Akola (Maharashtra),0.6335621696148377,0.636782435808657,0.003220266193819321,2,5,0.33065599427482656,470,347
Jashpur (Chhattisgarh),West Tripura (Tripura),0.594422859419927,0.5954541872001088,0.0010313277801817788,4,5,0.3305403646263006,119,595
Rudraprayag (Uttarakhand),Mahe (Puducherry),0.6709719991056451,0.6756286015987577,0.004656602493112616,5,3,0.3305341483641153,605,463
Rajanna Sircilla (Telangana),Udhampur (Jammu Kashmir),0.6062464932280808,0.607742250818872,0.0014957575907912357,0,5,0.330498778216851,578,225
Mahisagar (Gujarat),Chittoor (Andhra Pradesh),0.621732842440813,0.6219657140314667,0.0002328715906537715,4,0,0.33046977317436654,157,4
Nagapattinam (Tamil Nadu),Uttar Bastar Kanker (Chhattisgarh),0.6782764307795313,0.6822053866926029,0.00392895591307163,3,4,0.3303720278979522,537,133
Dahod (Gujarat),Basti (Uttar Pradesh),0.5610139470745242,0.5619981972072905,0.0009842501327662623,4,6,0.330354676831515,148,622
Hardwar (Uttarakhand),Kokrajhar (Assam),0.5495372676159836,0.5510433848165688,0.001506117200585133,2,7,0.33030764376048244,601,57
North Tripura (Tripura),Jamtara (Jharkhand),0.5336544757117031,0.5375374071573068,0.003882931445603699,7,6,0.33030576890347396,591,236
Leh(Ladakh) (Ladakh),Raisen (Madhya Pradesh),0.6562460253990136,0.6573568025912898,0.0011107771922762577,5,4,0.330285076435202,295,328
Guntur (Andhra Pradesh),Kanpur Nagar (Uttar Pradesh),0.6065078687009482,0.6079488918282793,0.0014410231273310758,0,7,0.330259020763741,6,649
Chamarajanagar (Karnataka),Sambalpur (Odisha),0.6631766507698592,0.6656495882211882,0.002472937451329038,2,5,0.33014935028078285,257,459
Kota (Rajasthan),Nagpur (Maharashtra),0.6893776919132789,0.6912908903648683,0.0019131984515894374,5,2,0.3301159660408332,511,364
Chennai (Tamil Nadu),Kathua (Jammu Kashmir),0.6741965221076976,0.6766942917651279,0.0024977696574302044,3,5,0.3299333211540101,526,213
Siwan (Bihar),West Kameng (Arunachal Pradesh),0.5116666545335719,0.5179377912186482,0.006271136685076395,6,1,0.32972661502016776,104,34
Tapi (Gujarat),Guna (Madhya Pradesh),0.6390642053517559,0.6425255792124699,0.00346137386071399,5,4,0.329682869687156,168,313
Jorhat (Assam),Sheikhpura (Bihar),0.5472981929659047,0.5480413996766647,0.0007432067107600027,7,6,0.329658083003999,52,101
Haora (West Bengal),Etawah (Uttar Pradesh),0.5975916174702169,0.5991590993117487,0.0015674818415317704,2,4,0.3296339584657488,688,630
Anugul (Odisha),Karur (Tamil Nadu),0.6186095414613355,0.618621401264791,1.1859803455527285e-05,5,3,0.32962399275585885,432,534
Jhansi (Uttar Pradesh),Reasi (Jammu Kashmir),0.5943051263989492,0.5946484721103774,0.00034334571142824455,6,4,0.32952155393258975,645,221
Sundargarh (Odisha),Visakhapatnam (Andhra Pradesh),0.6131270363793185,0.6144943794279588,0.0013673430486402793,4,0,0.3295031071250831,461,12
Kamrup Metropolitan (Assam),Nandurbar (Maharashtra),0.5423008528057629,0.5462944547399126,0.00399360193414966,7,4,0.329378028958038,54,366
Dumka (Jharkhand),Sepahijala (Tripura),0.5125131045123854,0.5189066129456256,0.006393508433240158,6,7,0.32935090842116016,230,592
Kohima (Nagaland),Rupnagar (Punjab),0.5994527038038355,0.5994548640198827,2.1602160471534404e-06,1,2,0.32934732377242215,412,483
Kannauj (Uttar Pradesh),Moradabad (Uttar Pradesh),0.5773254205592606,0.5790694030819229,0.0017439825226622796,6,4,0.32931987003047464,647,664
Tinsukia (Assam),Sawai Madhopur (Rajasthan),0.5510818379745783,0.553035693677917,0.001953855703338725,7,6,0.32930660968447445,66,516
Unnao (Uttar Pradesh),Mon (Nagaland),0.4779280505564382,0.4807412993248657,0.0028132487684274787,6,1,0.32925820828137087,682,415
Jalpaiguri (West Bengal),Chikkaballapura (Karnataka),0.6469286912935668,0.6497969279950385,0.002868236701471738,5,2,0.3292088728743364,690,258
Bellary (Karnataka),Tonk (Rajasthan),0.6190115409469475,0.6196361675267663,0.0006246265798187656,5,4,0.32920265661215153,254,519
Kolasib (Mizoram),Cuttack (Odisha),0.607309295112654,0.6101285564233092,0.002819261310655241,7,5,0.329191683151534,404,438
Kupwara (Jammu Kashmir),Dakshina Kannada (Karnataka),0.6559997641877434,0.6577802952461034,0.0017805310583599576,5,2,0.3291799935468395,216,261
Hamirpur (Uttar Pradesh),Ariyalur (Tamil Nadu),0.6403719531105257,0.6426558125601188,0.002283859449593084,4,3,0.32917865524764034,640,525
Osmanabad (Maharashtra),Neemuch (Madhya Pradesh),0.6523655238848746,0.6558120357989872,0.0034465119141126044,5,4,0.32914321795985224,368,326
North Tripura (Tripura),Nawada (Bihar),0.5336544757117031,0.5350840539913876,0.0014295782796844847,7,6,0.32910116388128235,591,92
Samba (Jammu Kashmir),Namakkal (Tamil Nadu),0.6480853208768629,0.6502132158350205,0.0021278949581575723,5,3,0.3290868736122138,222,538
Tumkur (Karnataka),Chittaurgarh (Rajasthan),0.6511404979410191,0.6521896624993094,0.0010491645582902942,2,4,0.3290335005284497,276,497
Nalbari (Assam),Gaya (Bihar),0.545101444209938,0.5471831695106131,0.0020817253006750747,7,6,0.32894761213890866,62,78
North West (NCT Delhi),Kamareddy (Telangana),0.5674274907317932,0.5681268201562975,0.0006993294245042359,2,0,0.32893585196596237,426,564
Fatehabad (Haryana),Thiruvarur (Tamil Nadu),0.6630335729374737,0.6652598045335716,0.002226231596097916,5,3,0.32890745184720993,176,548
Nawada (Bihar),Ribhoi (Meghalaya),0.5350840539913876,0.5364926014562134,0.0014085474648257712,6,1,0.32885547254296227,92,395
Nagaur (Rajasthan),Mandya (Karnataka),0.6766719875593424,0.6775128018249553,0.0008408142656128881,4,2,0.3288531012444955,512,271
Barmer (Rajasthan),Shupiyan (Jammu Kashmir),0.6927151750740909,0.6974771003573876,0.004761925283296775,4,5,0.3287999692549995,492,223
Washim (Maharashtra),Purba Barddhaman (West Bengal),0.5926017436373497,0.5940871147200499,0.0014853710827001931,7,5,0.3287722312195145,380,699
Dharmapuri (Tamil Nadu),Srinagar (Jammu Kashmir),0.7012743841955407,0.7063140947199467,0.005039710524405994,2,5,0.328769283318662,529,224
Palamu (Jharkhand),Mayurbhanj (Odisha),0.5525409638784444,0.5530306583911615,0.000489694512717076,6,4,0.3287666682760465,242,453
Komaram Bheem Asifabad (Telangana),Haora (West Bengal),0.5945788386573799,0.5975916174702169,0.0030127788128370137,4,2,0.32860672209986475,567,688
Baramula (Jammu Kashmir),Sangrur (Punjab),0.5860891053989866,0.5878076622903983,0.001718556891411649,5,2,0.32857174369603614,209,485
Kodarma (Jharkhand),Tinsukia (Assam),0.550768549203547,0.5510818379745783,0.000313288771031317,6,7,0.32851620859765285,238,66
Mandsaur (Madhya Pradesh),Nagarkurnool (Telangana),0.6116717142689331,0.6127940827039419,0.0011223684350087915,4,0,0.32847147237688795,323,573
Longleng (Nagaland),Khagaria (Bihar),0.4418840806834486,0.4545752283944576,0.012691147711008988,1,6,0.32829025073765755,413,84
Ramanagara (Karnataka),Charkhi Dadri (Haryana),0.6609584974779992,0.662268649942359,0.0013101524643598372,2,5,0.32828006847952407,274,174
Golaghat (Assam),Sabarkantha (Gujarat),0.5800115265110577,0.5811770623719078,0.0011655358608501087,7,4,0.3282759321441888,49,165
Rupnagar (Punjab),Pathanamthitta (Kerala),0.5994548640198827,0.5994602522678962,5.388248013549202e-06,2,3,0.32815168849688636,483,290
Nagarkurnool (Telangana),Bijnor (Uttar Pradesh),0.6127940827039419,0.6137070440685924,0.0009129613646505774,0,4,0.3281295611823788,573,623
Mysore (Karnataka),Coimbatore (Tamil Nadu),0.6797090115153347,0.6833960409683376,0.0036870294530029213,2,3,0.32795519073032703,272,527
Araria (Bihar),Tuensang (Nagaland),0.4142771406549447,0.4247511371685928,0.01047399651364811,6,1,0.3279090417273709,69,418
Kabeerdham (Chhattisgarh),Panchkula (Haryana),0.6700124120226517,0.6715595403797427,0.0015471283570910321,4,2,0.3277788164906048,120,187
Ramgarh (Jharkhand),Kannauj (Uttar Pradesh),0.5745180989667685,0.5773254205592606,0.0028073215924920847,4,6,0.3277773152386284,245,647
Kupwara (Jammu Kashmir),Chitradurga (Karnataka),0.6559997641877434,0.656190652951112,0.00019088876336859073,5,2,0.3277027277866565,216,260
Charaideo (Assam),Chhatarpur (Madhya Pradesh),0.571223461969406,0.5731641908146796,0.0019407288452736315,7,6,0.32765430735820156,41,306
Dharmapuri (Tamil Nadu),Balangir (Odisha),0.7012743841955407,0.703682755123121,0.0024083709275802834,2,5,0.32761898480018126,529,433
Bathinda (Punjab),Sheohar (Bihar),0.5030129093362417,0.50769094255354,0.004678033217298316,2,6,0.3275390689549693,468,102
Fazilka (Punjab),Sonitpur (Assam),0.564729868314826,0.567253099795637,0.0025232314808110168,2,4,0.32749645068286865,471,64
Bangalore Rural (Karnataka),Jharsuguda (Odisha),0.6815763663272233,0.6819979172247891,0.0004215508975657922,2,5,0.32744982871647965,252,445
Kannur (Kerala),Jagatsinghapur (Odisha),0.6228907645298017,0.6233386321425246,0.00044786761272286313,3,5,0.327432836412506,283,443
Basti (Uttar Pradesh),Suryapet (Telangana),0.5619981972072905,0.5637627059031259,0.0017645086958354428,6,0,0.32729932141933393,622,582
Medak (Telangana),Rampur (Uttar Pradesh),0.554214999427319,0.5565235730510867,0.0023085736237676846,0,6,0.3272683451477392,571,670
Jhansi (Uttar Pradesh),West Tripura (Tripura),0.5943051263989492,0.5954541872001088,0.0011490608011596182,6,5,0.32721587928540735,645,595
Mahisagar (Gujarat),Anantapur (Andhra Pradesh),0.621732842440813,0.6223885849222722,0.000655742481459276,4,0,0.32704714135932755,157,3
Udhampur (Jammu Kashmir),Wanaparthy (Telangana),0.607742250818872,0.6096012702500649,0.001859019431192932,5,0,0.3269593162239934,225,584
Lunglei (Mizoram),Sagar (Madhya Pradesh),0.5732887556949391,0.5747277097960336,0.001438954101094514,7,4,0.3269478959821893,406,332
Banka (Bihar),Nagaon (Assam),0.5177529632511803,0.5222872233699014,0.004534260118721156,6,7,0.32685732936705525,72,61
Bareilly (Uttar Pradesh),Gadag (Karnataka),0.5779731761991597,0.577983474830983,1.0298631823335569e-05,6,7,0.32681330017390603,621,264
South Salmara Mancachar (Assam),Balrampur (Chhattisgarh),0.562707176413988,0.5631711276629844,0.00046395124899634155,6,4,0.32666525424760995,65,109
Thiruvarur (Tamil Nadu),Sambalpur (Odisha),0.6652598045335716,0.6656495882211882,0.0003897836876166627,3,5,0.3266618466225698,548,459
Kanniyakumari (Tamil Nadu),Buldana (Maharashtra),0.6701520400566364,0.6704718516297394,0.00031981157310301267,3,5,0.3265994648917745,533,352
Karimnagar (Telangana),Buxer (Bihar),0.5475981040418536,0.5507263030414423,0.003128198999588716,0,6,0.32649156368912063,565,76
Samba (Jammu Kashmir),Khargone (West Nimar) (Madhya Pradesh),0.6480853208768629,0.6500240629798173,0.001938742102954416,5,4,0.32647967964825825,222,321
Shahdol (Madhya Pradesh),Udham Singh Nagar (Uttarakhand),0.613022289944981,0.6134415624578261,0.0004192725128451258,4,2,0.32635570805379965,336,607
Kurung Kumey (Arunachal Pradesh),North Tripura (Tripura),0.5302289963683796,0.5336544757117031,0.00342547934332349,1,7,0.3262651590857336,22,591
Wanaparthy (Telangana),Cuttack (Odisha),0.6096012702500649,0.6101285564233092,0.000527286173244268,0,5,0.32622329529355976,584,438
Kamrup (Assam),Sheohar (Bihar),0.5018776441796813,0.50769094255354,0.0058132983738586885,7,6,0.3260776113944034,53,102
Ludhiana (Punjab),Panchmahal (Gujarat),0.5911273712162664,0.5913536277689985,0.0002262565527321181,2,4,0.32604463738148903,477,161
Hyderabad (Telangana),Agra (Uttar Pradesh),0.5669547946838788,0.5693897551156601,0.0024349604317813744,0,6,0.32601380117267514,559,609
Tiruppur (Tamil Nadu),Burhanpur (Madhya Pradesh),0.6940689441761417,0.6947213392128421,0.0006523950367003373,3,4,0.3259950278591407,552,305
Bhopal (Madhya Pradesh),Neemuch (Madhya Pradesh),0.6521475048191842,0.6558120357989872,0.0036645309798030157,2,4,0.3258731642045033,304,326
Gaya (Bihar),Hardwar (Uttarakhand),0.5471831695106131,0.5495372676159836,0.0023540981053705723,6,2,0.325869913744822,78,601
Kollam (Kerala),Jagatsinghapur (Odisha),0.6221299737357758,0.6233386321425246,0.001208658406748775,3,5,0.3258661569045094,285,443
Unnao (Uttar Pradesh),South Tripura (Tripura),0.4779280505564382,0.4785536542915121,0.0006256037350738652,6,7,0.3257840896004195,682,593
Koch Bihar (West Bengal),Jaisalmer (Rajasthan),0.6214241379618881,0.623078430474004,0.0016542925121159069,5,4,0.3256088063000878,691,505
Rewa (Madhya Pradesh),Doda (Jammu Kashmir),0.5585230867517468,0.5601382202342384,0.0016151334824916486,6,1,0.3254534315259197,331,210
South (NCT Delhi),Ernakulam (Kerala),0.6451226074951321,0.6464996536428517,0.0013770461477196072,2,3,0.3254278387223908,428,281
Kaushambi (Uttar Pradesh),Sonitpur (Assam),0.5641762441493862,0.567253099795637,0.00307685564625082,6,4,0.32538561544362365,651,64
Vidisha (Madhya Pradesh),Ganderbal (Jammu Kashmir),0.6137415459848065,0.6156180406859235,0.0018764947011170596,4,5,0.3253617967844974,345,211
Nayagarh (Odisha),Dausa (Rajasthan),0.6530852131797468,0.6560621205035196,0.0029769073237728705,5,4,0.32524474119896435,455,499
Ludhiana (Punjab),Jangoan (Telangana),0.5911273712162664,0.5926687278242777,0.0015413566080113572,2,0,0.3250157250848802,477,561
Gariyaband (Chhattisgarh),Latur (Maharashtra),0.6435378299529959,0.6445148808948394,0.000977050941843527,4,5,0.32493424437860463,117,361
Bhadradri Kothagudem (Telangana),Thanjavur (Tamil Nadu),0.6048108615457032,0.6071338954044341,0.002323033858730894,0,3,0.3248743820161836,558,544
Kamrup Metropolitan (Assam),Alwar (Rajasthan),0.5423008528057629,0.5440057676076354,0.0017049148018725147,7,6,0.32486365292667063,54,489
North  District (Sikkim),Jyotiba Phule Nagar (Uttar Pradesh),0.5783870304215633,0.57842636425749,3.933383592680251e-05,2,6,0.3248059260084763,522,646
Gwalior (Madhya Pradesh),Almora (Uttarakhand),0.6248120134884311,0.6285802830659845,0.0037682695775533848,4,2,0.3247000575859383,314,596
Buldana (Maharashtra),Chennai (Tamil Nadu),0.6704718516297394,0.6741965221076976,0.003724670477958214,5,3,0.3246894159374709,352,526
Srikakulam (Andhra Pradesh),Koch Bihar (West Bengal),0.6207080154255848,0.6214241379618881,0.0007161225363032653,0,5,0.3246145809977573,10,691
Raipur (Chhattisgarh),North Goa (Goa),0.6611237696697893,0.6617161312607145,0.0005923615909252389,4,3,0.32459787590795053,128,137
Jalor (Rajasthan),Nayagarh (Odisha),0.650813399697259,0.6530852131797468,0.002271813482487728,4,5,0.324567737601763,506,455
Dindigul (Tamil Nadu),Raisen (Madhya Pradesh),0.6563707807486019,0.6573568025912898,0.000986021842687923,3,4,0.3245374214469545,530,328
Kasaragod (Kerala),Bargarh (Odisha),0.6639031527136265,0.6658288908547175,0.0019257381410909824,3,5,0.32447149402119096,284,435
Khammam (Telangana),Una (Himachal Pradesh),0.5953169286270836,0.5961232444868116,0.0008063158597280129,0,2,0.3244454249140557,566,205
Bhadradri Kothagudem (Telangana),Central (NCT Delhi),0.6048108615457032,0.6067907197888455,0.001979858243142285,0,2,0.32433443542047674,558,421
Medak (Telangana),Davanagere (Karnataka),0.554214999427319,0.5585972364013564,0.00438223697403739,0,2,0.3242810634843873,571,262
Sangrur (Punjab),Mahabubabad (Telangana),0.5878076622903983,0.5882324003769902,0.0004247380865919359,2,0,0.32428074585665934,485,568
Singrauli (Madhya Pradesh),Doda (Jammu Kashmir),0.5587882810878021,0.5601382202342384,0.0013499391464363297,4,1,0.3242243425190263,341,210
Bhagalpur (Bihar),Tirap (Arunachal Pradesh),0.4992586742914566,0.4994653936627229,0.00020671937126631734,6,1,0.3240591098084154,74,31
Devbhumi Dwarka (Gujarat),Warangal Urban (Telangana),0.5810609731912736,0.5829968706114199,0.0019358974201463264,7,0,0.324038684265658,149,586
Satna (Madhya Pradesh),Vadodara (Gujarat),0.6000429984728318,0.6011030397164948,0.0010600412436629902,4,2,0.32392567416134,333,170
Satara (Maharashtra),Kachchh (Gujarat),0.6299115993029096,0.6308309931297915,0.0009193938268818869,2,4,0.3238301188165411,375,154
Gurdaspur (Punjab),Kushinagar (Uttar Pradesh),0.5683227904888595,0.5706893182748405,0.0023665277859810097,2,6,0.3238060981523606,473,653
Lawngtlai (Mizoram),Kamrup (Assam),0.4967239660613096,0.5018776441796813,0.005153678118371696,1,7,0.3237988062194954,405,53
Rajsamand (Rajasthan),Krishna (Andhra Pradesh),0.6362940658274208,0.6395760867528305,0.0032820209254097454,4,0,0.32369199286512995,515,7
Tirunelveli (Tamil Nadu),Ratlam (Madhya Pradesh),0.6703964716747624,0.6713953597362011,0.000998888061438774,3,4,0.3236837051996041,551,330
Akola (Maharashtra),Krishna (Andhra Pradesh),0.636782435808657,0.6395760867528305,0.002793650944173498,5,0,0.3236211958622888,347,7
Pulwama (Jammu Kashmir),Bemetara (Chhattisgarh),0.6592939526135492,0.66146788955964,0.0021739369460908042,5,4,0.3236027526266403,217,111
Udalguri (Assam),Begusarai (Bihar),0.4951517335090582,0.4997559267440938,0.004604193235035581,7,6,0.323340332890149,67,73
Doda (Jammu Kashmir),Dahod (Gujarat),0.5601382202342384,0.5610139470745242,0.0008757268402858065,1,4,0.3233172786878118,210,148
Kurung Kumey (Arunachal Pradesh),Dhanbad (Jharkhand),0.5302289963683796,0.5316050793444621,0.0013760829760824933,1,6,0.3232223933317856,22,229
Kushinagar (Uttar Pradesh),Kurnool (Andhra Pradesh),0.5706893182748405,0.571122825156819,0.00043350688197851817,6,0,0.3231419063419251,653,8
Nagaur (Rajasthan),Tiruchirappalli (Tamil Nadu),0.6766719875593424,0.6777059851640614,0.0010339976047190058,4,3,0.3230067875893886,512,550
South Garo Hills (Meghalaya),Kendujhar (Odisha),0.5612785669142928,0.563255100777122,0.001976533862829255,7,4,0.32298678108289214,396,449
Sabarkantha (Gujarat),Ranga Reddy (Telangana),0.5811770623719078,0.5827242602756657,0.001547197903757902,4,0,0.3229572096027604,165,579
Shahjahanpur (Uttar Pradesh),Biswanath (Assam),0.5530996398862615,0.5575263722900157,0.00442673240375413,6,4,0.322946255711546,675,38
West Tripura (Tripura),Solapur (Maharashtra),0.5954541872001088,0.5974720665676315,0.0020178793675227347,5,2,0.3228109763337756,595,377
Pulwama (Jammu Kashmir),Ramanagara (Karnataka),0.6592939526135492,0.6609584974779992,0.0016645448644500016,5,2,0.32273042250070033,217,274
Kohima (Nagaland),Pathanamthitta (Kerala),0.5994527038038355,0.5994602522678962,7.548464060702642e-06,1,3,0.3226781095004507,412,290
Karbi Anglong (Assam),Nagaon (Assam),0.5215994636543398,0.5222872233699014,0.0006877597155615645,1,7,0.3226594326320758,55,61
Sagar (Madhya Pradesh),Amritsar (Punjab),0.5747277097960336,0.5777086174221775,0.0029809076261438916,4,2,0.3226095730420797,332,466
South West (NCT Delhi),Jind (Haryana),0.6474000645815928,0.650275788085538,0.00287572350394516,2,5,0.3226033567798944,430,180
Gandhinagar (Gujarat),Bokaro (Jharkhand),0.5502123349037776,0.5508386668623246,0.0006263319585469995,7,6,0.3224998860066304,150,226
East Jantia Hills (Meghalaya),Garhwa (Jharkhand),0.5106691366187847,0.5127357461516312,0.0020666095328465417,1,6,0.3224456008650237,392,231
Jalaun (Uttar Pradesh),Sivasagar (Assam),0.5889928583982545,0.5897811663907281,0.0007883079924735359,6,7,0.3222947002131209,643,63
Azamgarh (Uttar Pradesh),West Kameng (Arunachal Pradesh),0.5174877250457446,0.5179377912186482,0.0004500661729036626,7,1,0.322274369005769,614,34
Supaul (Bihar),Banaskantha (Gujarat),0.4923175982408317,0.4963008550197879,0.003983256778956168,6,7,0.32219873002404076,105,143
Kurnool (Andhra Pradesh),Chirang (Assam),0.571122825156819,0.5718955218842484,0.0007726967274294116,0,4,0.3221539524307767,8,42
Morigaon (Assam),Jyotiba Phule Nagar (Uttar Pradesh),0.5773622017693061,0.57842636425749,0.0010641624881839729,4,6,0.32215334150892266,60,646
Gariyaband (Chhattisgarh),Sonipat (Haryana),0.6435378299529959,0.643564758826162,2.6928873166132128e-05,4,5,0.32202218894576284,117,192
Theni (Tamil Nadu),Puri (Odisha),0.6665377207232718,0.6678777883726063,0.0013400676493344754,3,5,0.32201908081467057,545,457
Kra Daadi (Arunachal Pradesh),Sheohar (Bihar),0.5043966087170257,0.50769094255354,0.0032943338365142294,1,6,0.32194538123164396,21,102
Thanjavur (Tamil Nadu),Saharanpur (Uttar Pradesh),0.6071338954044341,0.6080198646540442,0.0008859692496101523,3,4,0.3218780069779586,544,671
Rajkot (Gujarat),Udaipur (Rajasthan),0.6758922319605024,0.6776798180299862,0.0017875860694838153,5,4,0.32185924912424657,164,520
Kota (Rajasthan),South Goa (Goa),0.6893776919132789,0.6915133614509863,0.0021356695377073853,5,3,0.3217275640350467,511,138
Mahasamund (Chhattisgarh),Pithoragarh (Uttarakhand),0.6652297253092238,0.6663413048928165,0.0011115795835927589,4,5,0.3217132296873303,124,604
East Garo Hills (Meghalaya),Banda (Uttar Pradesh),0.5378665330400021,0.5380403576105809,0.00017382457057879552,1,6,0.3216839910048451,391,619
Garhwa (Jharkhand),Karbi Anglong (Assam),0.5127357461516312,0.5215994636543398,0.008863717502708646,6,1,0.32165494608187,231,55
Azamgarh (Uttar Pradesh),Banka (Bihar),0.5174877250457446,0.5177529632511803,0.00026523820543566945,7,6,0.32165068456862583,614,72
Muzaffarpur (Bihar),Dimapur (Nagaland),0.5033766928836564,0.5081114525870024,0.004734759703346025,6,1,0.3216163934575187,90,410
Maldah (West Bengal),Komaram Bheem Asifabad (Telangana),0.592911623875736,0.5945788386573799,0.0016672147816438887,5,4,0.32160085280205564,693,567
Kurnool (Andhra Pradesh),Yadgir (Karnataka),0.571122825156819,0.5721075778301331,0.0009847526733141043,0,4,0.32156222608550045,8,279
Shahid Bhagat Singh Nagar (Punjab),Uttarkashi (Uttarakhand),0.6460531466291178,0.6463798219687574,0.0003266753396395927,2,4,0.32145685091165577,486,608
Jangoan (Telangana),Jhansi (Uttar Pradesh),0.5926687278242777,0.5943051263989492,0.0016363985746714604,0,6,0.32145345363600186,561,645
Datia (Madhya Pradesh),Chittoor (Andhra Pradesh),0.620697032795475,0.6219657140314667,0.0012686812359917754,4,0,0.32143480484944664,309,4
Mahabubabad (Telangana),Baghpat (Uttar Pradesh),0.5882324003769902,0.5902397335878773,0.0020073332108870856,0,4,0.32141076373023975,568,615
Sambalpur (Odisha),Theni (Tamil Nadu),0.6656495882211882,0.6665377207232718,0.0008881325020835273,5,3,0.32110987387954204,459,545
Nawada (Bihar),Saiha (Mizoram),0.5350840539913876,0.5356246320667303,0.0005405780753426903,6,1,0.32106185186810393,92,408
Thiruvananthapuram (Kerala),Medchal-Malkajgiri (Telangana),0.5866864716453845,0.5867265015754589,4.0029930074458875e-05,3,2,0.3208711140123296,291,572
West (NCT Delhi),Baramula (Jammu Kashmir),0.5837111299401948,0.5860891053989866,0.0023779754587918145,2,5,0.3207330430660996,431,209
Chitradurga (Karnataka),Dungarpur (Rajasthan),0.656190652951112,0.6571541197225185,0.0009634667714064626,2,4,0.32043540900269996,260,501
West Tripura (Tripura),Ratnagiri (Maharashtra),0.5954541872001088,0.595614688959889,0.0001605017597802183,5,2,0.320200139458996,595,373
Narsimhapur (Madhya Pradesh),Dehradun (Uttarakhand),0.6329645571513869,0.634393282867484,0.00142872571609709,4,2,0.32018633707378696,325,600
Yadgir (Karnataka),Sultanpur (Uttar Pradesh),0.5721075778301331,0.5729014577031063,0.0007938798729731911,4,7,0.3199668869578637,279,681
Koch Bihar (West Bengal),Agar Malwa (Madhya Pradesh),0.6214241379618881,0.6234978310036305,0.0020736930417424304,5,4,0.3199435946056603,691,296
Balod (Chhattisgarh),Indore (Madhya Pradesh),0.6930503463140847,0.6989253175521543,0.005874971238069571,4,5,0.3199341570137808,107,317
Mokokchung (Nagaland),Jangoan (Telangana),0.5903416432795624,0.5926687278242777,0.0023270845447153077,1,0,0.3198827523323849,414,561
Umaria (Madhya Pradesh),Karur (Tamil Nadu),0.6169268510101494,0.618621401264791,0.0016945502546416025,4,3,0.3198824827232183,344,534
Senapati (Manipur),Begusarai (Bihar),0.4943998684805016,0.4997559267440938,0.0053560582635922005,1,6,0.3198539137519634,387,73
North  & Middle Andaman (Andaman Nicobar Islands),Goalpara (Assam),0.6045210868167618,0.6050451423377915,0.0005240555210297426,2,4,0.31979763640240116,1,48
Jyotiba Phule Nagar (Uttar Pradesh),Golaghat (Assam),0.57842636425749,0.5800115265110577,0.0015851622535676402,6,7,0.319719912383227,646,49
Bangalore Rural (Karnataka),Bilaspur (Himachal Pradesh),0.6815763663272233,0.6884515394877236,0.0068751731605003474,2,5,0.31967886882268215,252,194
Mahabubabad (Telangana),Palwal (Haryana),0.5882324003769902,0.589103959861114,0.0008715594841237628,0,4,0.3196020611085626,568,186
Mon (Nagaland),Mahesana (Gujarat),0.4807412993248657,0.4904047140915024,0.00966341476663668,1,7,0.3195479669843062,415,156
Hisar (Haryana),New Delhi (NCT Delhi),0.642955556093696,0.6441602208672196,0.001204664773523545,5,2,0.3193498810485569,178,423
Cuttack (Odisha),Ramban (Jammu Kashmir),0.6101285564233092,0.6123478602808035,0.002219303857494248,5,4,0.3193001686135123,438,220
Damoh (Madhya Pradesh),Sheikhpura (Bihar),0.5469188509812621,0.5480413996766647,0.0011225486954025143,4,6,0.3192611828563995,308,101
Salem (Tamil Nadu),Guna (Madhya Pradesh),0.6400386946519365,0.6425255792124699,0.0024868845605333645,3,4,0.3191869412270407,542,313
Kamrup Metropolitan (Assam),Korba (Chhattisgarh),0.5423008528057629,0.5454456444396144,0.003144791633851507,7,1,0.31910391725073595,54,122
Peren (Nagaland),Madhubani (Bihar),0.4837855938453878,0.4842742490002918,0.0004886551549040385,1,6,0.3190593349216002,416,88
Gonda (Uttar Pradesh),South Tripura (Tripura),0.4709809982053142,0.4785536542915121,0.007572656086197893,6,7,0.3190287586821632,638,593
Y.S.R. (Andhra Pradesh),Satara (Maharashtra),0.6285320769238938,0.6299115993029096,0.0013795223790158406,0,2,0.3190208804281229,15,375
South Goa (Goa),Jaipur (Rajasthan),0.6915133614509863,0.6920365442344102,0.0005231827834238922,3,5,0.3189968014973152,138,504
Srikakulam (Andhra Pradesh),Jagatsinghapur (Odisha),0.6207080154255848,0.6233386321425246,0.00263061671693976,0,5,0.31897385667328887,10,443
Majuli (Assam),Nicobar (Andaman Nicobar Islands),0.5744798316089352,0.5757717490671338,0.001291917458198566,7,3,0.3188672778461933,59,0
Yadadri Bhuvanagiri (Telangana),Rohtas (Bihar),0.6035883429853836,0.6041891557543503,0.0006008127689667297,0,6,0.3188145370181019,587,97
South Twenty Four Parganas (West Bengal),Dehradun (Uttarakhand),0.6329090682557573,0.634393282867484,0.001484214611726653,5,2,0.3185995571307242,702,600
Bikaner (Rajasthan),Chikkaballapura (Karnataka),0.6472063448984126,0.6497969279950385,0.0025905830966259646,4,2,0.3184903520758126,495,258
Ashoknagar (Madhya Pradesh),Solapur (Maharashtra),0.5963376316816799,0.5974720665676315,0.0011344348859516629,4,2,0.31848650986598126,299,377
Shahdol (Madhya Pradesh),Visakhapatnam (Andhra Pradesh),0.613022289944981,0.6144943794279588,0.0014720894829778342,4,0,0.3184397254403004,336,12
Alirajpur (Madhya Pradesh),Tarn Taran (Punjab),0.6036400618582448,0.6046349331150919,0.000994871256847052,4,2,0.318437678731756,297,487
Hazaribagh (Jharkhand),Bharuch (Gujarat),0.5290502917949998,0.5327067347321826,0.0036564429371827023,6,7,0.3183568158435792,235,144
Sivasagar (Assam),Jangoan (Telangana),0.5897811663907281,0.5926687278242777,0.0028875614335496236,7,0,0.3182736774876912,63,561
Latur (Maharashtra),Bikaner (Rajasthan),0.6445148808948394,0.6472063448984126,0.0026914640035731185,5,4,0.3182322572066439,361,495
Devbhumi Dwarka (Gujarat),Ranga Reddy (Telangana),0.5810609731912736,0.5827242602756657,0.0016632870843921177,7,0,0.31818381702742843,149,579
Panna (Madhya Pradesh),North Tripura (Tripura),0.5303739551013725,0.5336544757117031,0.003280520610330573,6,7,0.31815738318707926,327,591
Washim (Maharashtra),Komaram Bheem Asifabad (Telangana),0.5926017436373497,0.5945788386573799,0.001977095020030184,7,4,0.31807902045805125,380,567
Dhanbad (Jharkhand),North Tripura (Tripura),0.5316050793444621,0.5336544757117031,0.0020493963672409965,6,7,0.3180773878864049,229,591
Churu (Rajasthan),Jalandhar (Punjab),0.6118078092317436,0.6130699049484553,0.001262095716711653,4,2,0.31806621573014193,498,475
Karauli (Rajasthan),Belgaum (Karnataka),0.6333875236079991,0.6363872598128987,0.0029997362048995724,4,5,0.3180590486568179,510,253
Datia (Madhya Pradesh),Anantapur (Andhra Pradesh),0.620697032795475,0.6223885849222722,0.00169155212679728,4,0,0.31801217303440765,309,3
Krishna (Andhra Pradesh),Bageshwar (Uttarakhand),0.6395760867528305,0.6399951868637811,0.00041910011095058763,0,4,0.31801217303440754,7,597
Gurdaspur (Punjab),Bongaigaon (Assam),0.5683227904888595,0.5717806394521604,0.0034578489633009246,2,7,0.3180069737154574,473,39
Dharwad (Karnataka),Khargone (West Nimar) (Madhya Pradesh),0.6487172414165195,0.6500240629798173,0.0013068215632977553,2,4,0.3178719162567291,263,321
Devbhumi Dwarka (Gujarat),Ghaziabad (Uttar Pradesh),0.5810609731912736,0.5822205192258598,0.001159546034586234,7,2,0.3178284414715224,149,636
Baksa (Assam),Rampur (Uttar Pradesh),0.5546789533264843,0.5565235730510867,0.00184461972460237,7,6,0.31781346424121426,36,670
North Twenty Four Parganas (West Bengal),Kalahandi (Odisha),0.6495079996058462,0.6499282685267391,0.0004202689208929744,5,4,0.31767889038263863,696,446
North Goa (Goa),Chamarajanagar (Karnataka),0.6617161312607145,0.6631766507698592,0.0014605195091447198,3,2,0.3175953894721029,137,257
Bageshwar (Uttarakhand),Baudh (Odisha),0.6399951868637811,0.6432621961861913,0.003267009322410197,4,5,0.31749953822719745,597,436
Namakkal (Tamil Nadu),Anantnag (Jammu Kashmir),0.6502132158350205,0.6538426862441498,0.0036294704091293095,3,5,0.31731157328085524,538,206
Jorhat (Assam),Vikarabad (Telangana),0.5472981929659047,0.5479012033304308,0.0006030103645261464,7,0,0.3173005614536692,52,583
Kachchh (Gujarat),Kodagu (Karnataka),0.6308309931297915,0.6315701594035719,0.000739166273780345,4,2,0.31729908465035084,154,268
Charkhi Dadri (Haryana),Wayanad (Kerala),0.662268649942359,0.664723622448249,0.0024549725058899963,5,2,0.31725343289948926,174,293
Bargarh (Odisha),Ramanathapuram (Tamil Nadu),0.6658288908547175,0.6699689901058209,0.0041400992511033685,5,3,0.31709890929505824,435,541
Una (Himachal Pradesh),Peddapalli (Telangana),0.5961232444868116,0.5984637429472833,0.002340498460471685,2,0,0.3170158853187539,205,577
Raisen (Madhya Pradesh),Ramanagara (Karnataka),0.6573568025912898,0.6609584974779992,0.0036016948867093612,4,2,0.3170127771876612,328,274
Kangra (Himachal Pradesh),Y.S.R. (Andhra Pradesh),0.6274784395330102,0.6285320769238938,0.0010536373908835994,2,0,0.31698863686620743,197,15
Kanniyakumari (Tamil Nadu),Panchkula (Haryana),0.6701520400566364,0.6715595403797427,0.0014075003231063254,3,2,0.3168460730711118,533,187
Muktsar (Punjab),Pauri Garhwal (Uttarakhand),0.5710787043728279,0.5718034389962683,0.0007247346234403595,2,1,0.31680992143631403,480,603
Jhansi (Uttar Pradesh),Jayashankar Bhupalapally (Telangana),0.5943051263989492,0.5964416140723767,0.002136487673427556,6,0,0.3167792459142109,645,562
Peddapalli (Telangana),South District (Sikkim),0.5984637429472833,0.6006029378417962,0.0021391948945128636,0,2,0.3167211516813285,577,523
Paschim Medinipur (West Bengal),Pilibhit (Uttar Pradesh),0.5801951726448785,0.581212656088848,0.001017483443969458,7,6,0.3165581043806439,698,666
Mon (Nagaland),Madhubani (Bihar),0.4807412993248657,0.4842742490002918,0.0035329496754261114,1,6,0.31650757357872183,415,88
Nalanda (Bihar),East Godavari (Andhra Pradesh),0.5188020120820503,0.5215152868899147,0.0027132748078643187,6,0,0.3164491879926181,91,5
Baramula (Jammu Kashmir),Medchal-Malkajgiri (Telangana),0.5860891053989866,0.5867265015754589,0.0006373961764722935,5,2,0.3164435262272868,209,572
Gurgaon (Haryana),Karur (Tamil Nadu),0.6181459008413983,0.618621401264791,0.00047550042339272736,7,3,0.31643554619124764,177,534
Namakkal (Tamil Nadu),Jind (Haryana),0.6502132158350205,0.650275788085538,6.257225051753412e-05,3,5,0.316378455048011,538,180
Hardwar (Uttarakhand),Kodarma (Jharkhand),0.5495372676159836,0.550768549203547,0.0012312815875633598,2,6,0.31630972782205063,601,238
Samba (Jammu Kashmir),Kalahandi (Odisha),0.6480853208768629,0.6499282685267391,0.0018429476498762476,5,4,0.3162717776631061,222,446
Rajanna Sircilla (Telangana),Shamli (Uttar Pradesh),0.6062464932280808,0.6064288339470234,0.0001823407189426307,0,4,0.31625367345085664,578,676
Ribhoi (Meghalaya),Arwal (Bihar),0.5364926014562134,0.5406405398033195,0.004147938347106139,1,6,0.3162457106647054,395,70
Tirunelveli (Tamil Nadu),Shajapur (Madhya Pradesh),0.6703964716747624,0.6723226209445383,0.0019261492697759675,3,4,0.3160827507850872,551,337
Bara Banki (Uttar Pradesh),Zunheboto (Nagaland),0.4597457585515782,0.4676857353236694,0.00793997677209124,6,1,0.3158669388470763,620,420
Rohtak (Haryana),Gariyaband (Chhattisgarh),0.6432999282704613,0.6435378299529959,0.00023790168253456923,2,4,0.3158473333883062,190,117
Ramanagara (Karnataka),Ujjain (Madhya Pradesh),0.6609584974779992,0.6629486614307127,0.001990163952713564,2,4,0.31573127568197473,274,343
Osmanabad (Maharashtra),Tikamgarh (Madhya Pradesh),0.6523655238848746,0.6547055535052939,0.0023400296204193483,5,4,0.31550916760237524,368,342
Auraiya (Uttar Pradesh),Udhampur (Jammu Kashmir),0.6072041356512282,0.607742250818872,0.0005381151676437934,4,5,0.315363705961159,613,225
Jalandhar (Punjab),Vidisha (Madhya Pradesh),0.6130699049484553,0.6137415459848065,0.0006716410363512004,2,4,0.31534608139938647,475,345
Medchal-Malkajgiri (Telangana),Mahoba (Uttar Pradesh),0.5867265015754589,0.5878582680893597,0.0011317665139007893,2,4,0.315281706209638,572,657
Chikmagalur (Karnataka),Khargone (West Nimar) (Madhya Pradesh),0.6499623524725815,0.6500240629798173,6.171050723580151e-05,2,4,0.3152700266375958,259,321
Auraiya (Uttar Pradesh),Junagadh (Gujarat),0.6072041356512282,0.6104244415494103,0.0032203058981821187,4,5,0.3151986822333336,613,153
Kannauj (Uttar Pradesh),Paschim Medinipur (West Bengal),0.5773254205592606,0.5801951726448785,0.002869752085617905,6,7,0.3150576895264671,647,698
Balaghat (Madhya Pradesh),Ramanathapuram (Tamil Nadu),0.667670099686371,0.6699689901058209,0.0022988904194498616,4,3,0.3150108773630762,300,541
Panchmahal (Gujarat),Jhansi (Uttar Pradesh),0.5913536277689985,0.5943051263989492,0.0029514986299506996,4,6,0.31500814853444187,161,645
Bageshwar (Uttarakhand),Hisar (Haryana),0.6399951868637811,0.642955556093696,0.0029603692299149387,4,5,0.31500043052554444,597,178
Rajnandgaon (Chhattisgarh),Nagapattinam (Tamil Nadu),0.6776303631458038,0.6782764307795313,0.0006460676337274318,4,3,0.3149434231546717,129,537
Panchkula (Haryana),Chennai (Tamil Nadu),0.6715595403797427,0.6741965221076976,0.0026369817279549013,2,3,0.3149360241168082,187,526
Sangareddy (Telangana),Bareilly (Uttar Pradesh),0.5747444584857997,0.5779731761991597,0.0032287177133599743,0,6,0.3148728025903007,580,621
Hisar (Haryana),Pudukkottai (Tamil Nadu),0.642955556093696,0.6450037387232739,0.002048182629577844,5,3,0.3148392265172273,178,540
Pashchim Champaran (Bihar),Unakoti (Tripura),0.4443335322913526,0.4559023185494986,0.011568786258146002,6,7,0.3148386320602907,93,594
Chitrakoot (Uttar Pradesh),Kurung Kumey (Arunachal Pradesh),0.5291994636069064,0.5302289963683796,0.0010295327614732175,6,1,0.3147897786139965,627,22
Unakoti (Tripura),Sitamarhi (Bihar),0.4559023185494986,0.458131370610397,0.0022290520608984066,7,6,0.3147767990602977,594,103
Dibrugarh (Assam),Mokokchung (Nagaland),0.5882560169811148,0.5903416432795624,0.0020856262984475515,7,1,0.3145637171812996,46,414
Srikakulam (Andhra Pradesh),Jaisalmer (Rajasthan),0.6207080154255848,0.623078430474004,0.002370415048419172,0,4,0.3145189497674349,10,505
Yadadri Bhuvanagiri (Telangana),Tarn Taran (Punjab),0.6035883429853836,0.6046349331150919,0.0010465901297083136,0,2,0.3144275674374484,587,487
Mandya (Karnataka),Dhamtari (Chhattisgarh),0.6775128018249553,0.6809055687695142,0.0033927669445589226,2,4,0.31441727700457434,271,115
Anuppur (Madhya Pradesh),Jhansi (Uttar Pradesh),0.5931223722355016,0.5943051263989492,0.0011827541634475969,4,6,0.3143986754896034,298,645
Gaya (Bihar),South West Garo Hills (Meghalaya),0.5471831695106131,0.5481054420246365,0.0009222725140234367,6,7,0.31439776807942454,78,397
Morigaon (Assam),Gadag (Karnataka),0.5773622017693061,0.577983474830983,0.0006212730616769191,4,7,0.3143808749946592,60,264
Bongaigaon (Assam),Pauri Garhwal (Uttarakhand),0.5717806394521604,0.5718034389962683,2.2799544107887648e-05,7,1,0.3143735154439887,39,603
Khordha (Odisha),The Dangs (Gujarat),0.6405908892956929,0.642118183977856,0.0015272946821631717,5,4,0.3142729859696138,450,169
Bharatpur (Rajasthan),Lower Subansiri (Arunachal Pradesh),0.5387857868003,0.5432199159722674,0.004434129171967394,6,1,0.31424243114668626,493,26
Junagadh (Gujarat),Barwani (Madhya Pradesh),0.6104244415494103,0.6113329411038655,0.0009084995544551555,5,4,0.3141871844969613,153,301
Surajpur (Chhattisgarh),Lunglei (Mizoram),0.5718091047711443,0.5732887556949391,0.001479650923794762,4,7,0.31403473822933636,131,406
Vaishali (Bihar),Tamenglong (Manipur),0.4899202118949717,0.4906191604561812,0.0006989485612095003,6,1,0.3139549228623216,106,388
Gadag (Karnataka),Pilibhit (Uttar Pradesh),0.577983474830983,0.581212656088848,0.003229181257864977,7,6,0.31389205553011024,264,666
Kolar (Karnataka),Charkhi Dadri (Haryana),0.6591595923385196,0.662268649942359,0.0031090576038393936,2,5,0.3137561933252313,269,174
Jammu (Jammu Kashmir),Pali (Rajasthan),0.6820757209092189,0.6861024453979033,0.004026724488684463,5,4,0.3137354997158187,212,513
Mandsaur (Madhya Pradesh),Udham Singh Nagar (Uttarakhand),0.6116717142689331,0.6134415624578261,0.0017698481888930306,4,2,0.31369232453863866,323,607
West Godavari (Andhra Pradesh),Datia (Madhya Pradesh),0.6194504564679654,0.620697032795475,0.0012465763275095743,0,4,0.31358703724153003,14,309
Ghazipur (Uttar Pradesh),Baksa (Assam),0.5536223653330554,0.5546789533264843,0.0010565879934288924,6,7,0.3135831262227906,637,36
Lakhisarai (Bihar),Senapati (Manipur),0.4894797025960093,0.4943998684805016,0.004920165884492289,6,1,0.31356349434291003,86,387
Tirunelveli (Tamil Nadu),Hanumangarh (Rajasthan),0.6703964716747624,0.6746479340392845,0.004251462364522118,3,4,0.3133410734437091,551,503
Gadag (Karnataka),North  District (Sikkim),0.577983474830983,0.5783870304215633,0.00040355559058025126,7,2,0.31324237211003464,264,522
Ratnagiri (Maharashtra),Thrissur (Kerala),0.595614688959889,0.5967346497432651,0.0011199607833760616,2,3,0.3129826275086275,373,292
Ganderbal (Jammu Kashmir),Lohardaga (Jharkhand),0.6156180406859235,0.6165784713759043,0.0009604306899807513,5,4,0.3129825661886943,211,240
Dimapur (Nagaland),Siwan (Bihar),0.5081114525870024,0.5116666545335719,0.0035552019465694418,1,6,0.31294149421764983,410,104
Tumkur (Karnataka),Nayagarh (Odisha),0.6511404979410191,0.6530852131797468,0.0019447152387276345,2,5,0.31289619819050896,276,455
Gadag (Karnataka),Jyotiba Phule Nagar (Uttar Pradesh),0.577983474830983,0.57842636425749,0.00044288942650705376,7,6,0.3128712753344531,264,646
Jangoan (Telangana),Komaram Bheem Asifabad (Telangana),0.5926687278242777,0.5945788386573799,0.0019101108331022187,0,4,0.3126329132260731,561,567
Mansa (Punjab),Baramula (Jammu Kashmir),0.5837607819510855,0.5860891053989866,0.002328323447901126,2,5,0.31260584884222364,478,209
Puri (Odisha),Tirunelveli (Tamil Nadu),0.6678777883726063,0.6703964716747624,0.0025186833021560995,5,3,0.31258764139478357,457,551
Burhanpur (Madhya Pradesh),Dharmapuri (Tamil Nadu),0.6947213392128421,0.7012743841955407,0.006553044982698597,4,2,0.31257483401475655,305,529
Tinsukia (Assam),Medak (Telangana),0.5510818379745783,0.554214999427319,0.0031331614527406737,7,0,0.31243713409763774,66,571
Rohtak (Haryana),Pudukkottai (Tamil Nadu),0.6432999282704613,0.6450037387232739,0.0017038104528125375,2,3,0.31236753777669646,190,540
Gwalior (Madhya Pradesh),Bhadrak (Odisha),0.6248120134884311,0.6285018118600061,0.003689798371575015,4,5,0.31234478572805546,314,437
Kendrapara (Odisha),Pathankot (Punjab),0.6033841852563524,0.6034135963955222,2.941113916976601e-05,5,2,0.3122555454895658,448,481
Rudraprayag (Uttarakhand),Ratlam (Madhya Pradesh),0.6709719991056451,0.6713953597362011,0.00042336063055603557,5,4,0.312231178186843,605,330
Khowai (Tripura),Banda (Uttar Pradesh),0.5359437239712328,0.5380403576105809,0.002096633639348089,7,6,0.31222945856285683,590,619
South Tripura (Tripura),Madhubani (Bihar),0.4785536542915121,0.4842742490002918,0.005720594708779725,7,6,0.31181608367127345,593,88
Dhalai (Tripura),Latehar (Jharkhand),0.5594850952562176,0.5596472793810376,0.00016218412482005284,7,6,0.31179159107375776,588,239
Mahabubnagar (Telangana),Satara (Maharashtra),0.6289530802046575,0.6299115993029096,0.0009585190982521752,0,2,0.3116765297939532,569,375
Lakhisarai (Bihar),Imphal East (Manipur),0.4894797025960093,0.4942096667997809,0.004729964203771586,6,7,0.31156773857565023,86,385
Jamtara (Jharkhand),East Garo Hills (Meghalaya),0.5375374071573068,0.5378665330400021,0.0003291258826952914,6,1,0.31141873182822644,236,391
Bhavnagar (Gujarat),Hyderabad (Telangana),0.5646549208695101,0.5669547946838788,0.0022998738143686914,7,0,0.3113545719863525,145,559
Yanam (Puducherry),Belgaum (Karnataka),0.6334743660746895,0.6363872598128987,0.0029128937382091324,3,5,0.3113184688140848,465,253
Krishnagiri (Tamil Nadu),Gadchiroli (Maharashtra),0.7001959065107234,0.7139386039552921,0.013742697444568686,2,5,0.311205034586423,535,355
Mahrajganj (Uttar Pradesh),Koch Bihar (West Bengal),0.6197937865340101,0.6214241379618881,0.0016303514278780407,4,5,0.3111174267363792,658,691
Mysore (Karnataka),Kulgam (Jammu Kashmir),0.6797090115153347,0.6803562664144548,0.0006472548991200977,2,5,0.3110838854280257,272,215
Srinagar (Jammu Kashmir),The Nilgiris (Tamil Nadu),0.7063140947199467,0.7259723273401781,0.019658232620231475,5,3,0.31101875339439655,224,546
Banka (Bihar),Sepahijala (Tripura),0.5177529632511803,0.5189066129456256,0.0011536496944453134,6,7,0.3110166973783682,72,592
Budaun (Uttar Pradesh),Faizabad (Uttar Pradesh),0.5260500529395137,0.5278389324405923,0.001788879501078644,6,7,0.31100437368588185,624,631
Nalgonda (Telangana),Purbi Singhbhum (Jharkhand),0.6146733360275944,0.616579225856088,0.001905889828493601,0,5,0.31085346228566757,574,244
Bongaigaon (Assam),Farrukhabad (Uttar Pradesh),0.5717806394521604,0.5742050588067394,0.002424419354579044,7,6,0.31074615534497196,39,632
Jalgaon (Maharashtra),Prakasam (Andhra Pradesh),0.5246538949473816,0.5272415241679326,0.002587629220551002,7,0,0.3106773382188654,358,9
Vaishali (Bihar),Senapati (Manipur),0.4899202118949717,0.4943998684805016,0.004479656585529901,6,1,0.31062458053627856,106,387
Dhule (Maharashtra),Lawngtlai (Mizoram),0.4960445576865314,0.4967239660613096,0.0006794083747782009,7,1,0.31062073332951734,354,405
Ashoknagar (Madhya Pradesh),Hugli (West Bengal),0.5963376316816799,0.5984410606319169,0.002103428950237074,4,5,0.310537226762887,299,689
Murshidabad (West Bengal),Moga (Punjab),0.5824404339686596,0.5842512014457824,0.0018107674771227211,5,2,0.3105151501182646,694,479
Etawah (Uttar Pradesh),Kohima (Nagaland),0.5991590993117487,0.5994527038038355,0.0002936044920868186,4,1,0.310507723710319,630,412
Puruliya (West Bengal),Banda (Uttar Pradesh),0.5347510946330346,0.5380403576105809,0.003289262977546281,7,6,0.31048852745426303,701,619
Bhadrak (Odisha),Bundi (Rajasthan),0.6285018118600061,0.6286168360136178,0.00011502415361175355,5,4,0.31047682135997595,437,496
Khagaria (Bihar),Phek (Nagaland),0.4545752283944576,0.4692135606060261,0.014638332211568517,6,1,0.3104509262148708,84,417
South Tripura (Tripura),Vaishali (Bihar),0.4785536542915121,0.4899202118949717,0.011366557603459615,7,6,0.31044418925548023,593,106
Kurnool (Andhra Pradesh),Aurangabad (Bihar),0.571122825156819,0.5722484621574054,0.0011256370005864325,0,6,0.3103722588033743,8,71
Purba Barddhaman (West Bengal),Jhansi (Uttar Pradesh),0.5940871147200499,0.5943051263989492,0.00021801167889923256,5,6,0.31035720219497914,699,645
Rudraprayag (Uttarakhand),Nagaur (Rajasthan),0.6709719991056451,0.6766719875593424,0.005699988453697347,5,4,0.31030766969183565,605,512
Jalpaiguri (West Bengal),Bikaner (Rajasthan),0.6469286912935668,0.6472063448984126,0.0002776536048457734,5,4,0.31027857234340034,690,495
Chamoli (Uttarakhand),Virudhunagar (Tamil Nadu),0.6547754728472361,0.6554314111620915,0.000655938314855331,5,3,0.310250537533888,598,556
Unakoti (Tripura),Bara Banki (Uttar Pradesh),0.4559023185494986,0.4597457585515782,0.00384344000207959,7,6,0.3101777946230758,594,620
Sepahijala (Tripura),Etah (Uttar Pradesh),0.5189066129456256,0.5222950252122243,0.003388412266598695,7,6,0.31011224933804543,592,629
Nainital (Uttarakhand),Kanpur Nagar (Uttar Pradesh),0.607182602777582,0.6079488918282793,0.0007662890506973108,2,7,0.3100091276691381,602,649
Washim (Maharashtra),Maldah (West Bengal),0.5926017436373497,0.592911623875736,0.0003098802383862953,7,5,0.3099561633979643,380,693
Jyotiba Phule Nagar (Uttar Pradesh),Devbhumi Dwarka (Gujarat),0.57842636425749,0.5810609731912736,0.0026346089337835332,6,7,0.30980611749403814,646,149
Nirmal (Telangana),Deoria (Uttar Pradesh),0.5830144302496455,0.5833881642400085,0.00037373399036300103,0,6,0.3097011273300858,575,628
Kangra (Himachal Pradesh),Mahabubnagar (Telangana),0.6274784395330102,0.6289530802046575,0.0014746406716472649,2,0,0.30964428623203777,197,569
Bijapur (Karnataka),Farrukhabad (Uttar Pradesh),0.574116659112425,0.5742050588067394,8.839969431440053e-05,7,6,0.30955552583040813,256,632
Jalna (Maharashtra),Prakasam (Andhra Pradesh),0.5228645559096242,0.5272415241679326,0.004376968258308356,7,0,0.3095159614672772,359,9
Moradabad (Uttar Pradesh),Ranga Reddy (Telangana),0.5790694030819229,0.5827242602756657,0.003654857193742811,4,0,0.30951575427151823,664,579
Purba Barddhaman (West Bengal),Gautam Buddha Nagar (Uttar Pradesh),0.5940871147200499,0.594192248636629,0.0001051339165790699,5,2,0.3092604660804198,699,635
Jajapur (Odisha),Dindori (Madhya Pradesh),0.5858190871219754,0.5881854868243642,0.002366399702388833,5,4,0.3092089311698296,444,312
South Tripura (Tripura),Peren (Nagaland),0.4785536542915121,0.4837855938453878,0.005231939553875686,7,1,0.3091643199594017,593,416
Narmada (Gujarat),Patan (Gujarat),0.6151391678079263,0.6162509988002122,0.001111830992285845,4,7,0.309106850652181,159,162
Banaskantha (Gujarat),Mahamaya Nagar (Uttar Pradesh),0.4963008550197879,0.5023440825138424,0.006043227494054559,7,6,0.3090043394720218,143,656
Mumbai (Maharashtra),Tiruvannamalai (Tamil Nadu),0.6942391974004617,0.6942683587562607,2.9161355799001143e-05,2,3,0.3089199272662887,362,553
Morena (Madhya Pradesh),Gautam Buddha Nagar (Uttar Pradesh),0.5940224825169502,0.594192248636629,0.00016976611967878252,7,2,0.3088997612157801,324,635
South Garo Hills (Meghalaya),Basti (Uttar Pradesh),0.5612785669142928,0.5619981972072905,0.0007196302929977083,7,6,0.3087877811588155,396,622
Longding (Arunachal Pradesh),Pakur (Jharkhand),0.477430213863294,0.478393435909428,0.0009632220461340268,1,6,0.30878239263033425,24,241
Sahibzada Ajit Singh Nagar (Punjab),Tehri Garhwal (Uttarakhand),0.6161397656930043,0.6165700819796852,0.0004303162866808874,2,4,0.3087467815671294,484,606
Basti (Uttar Pradesh),Balrampur (Chhattisgarh),0.5619981972072905,0.5631711276629844,0.001172930455693888,6,4,0.30871530801895464,622,109
Nayagarh (Odisha),Virudhunagar (Tamil Nadu),0.6530852131797468,0.6554314111620915,0.0023461979823447,5,3,0.30866997385301054,455,556
Tirunelveli (Tamil Nadu),Rudraprayag (Uttarakhand),0.6703964716747624,0.6709719991056451,0.0005755274308827385,3,5,0.3084977096382163,551,605
Reasi (Jammu Kashmir),Jayashankar Bhupalapally (Telangana),0.5946484721103774,0.5964416140723767,0.0017931419619993116,4,0,0.30841157753081905,221,562
Sivasagar (Assam),Uttar Dinajpur (West Bengal),0.5897811663907281,0.5920528413231617,0.0022716749324336316,7,5,0.30839247361384137,63,703
Shahid Bhagat Singh Nagar (Punjab),Jalpaiguri (West Bengal),0.6460531466291178,0.6469286912935668,0.0008755446644489462,2,5,0.30819094358681387,486,690
South East (NCT Delhi),Yanam (Puducherry),0.6327976205307947,0.6334743660746895,0.0006767455438948522,2,3,0.30817994985793806,429,465
Anantnag (Jammu Kashmir),Dausa (Rajasthan),0.6538426862441498,0.6560621205035196,0.002219434259369879,5,4,0.30816250560190594,206,499
Sahibganj (Jharkhand),Hojai (Assam),0.4915194029001076,0.4957589714435058,0.004239568543398187,6,7,0.3081012385432497,247,51
Dhar (Madhya Pradesh),Krishna (Andhra Pradesh),0.6367391697457714,0.6395760867528305,0.0028369170070591254,4,0,0.3080057820425748,311,7
Satna (Madhya Pradesh),Pathankot (Punjab),0.6000429984728318,0.6034135963955222,0.0033705979226903438,4,2,0.30792275806627045,333,481
Jodhpur (Rajasthan),Punch (Jammu Kashmir),0.6635177450603194,0.6651183483437413,0.0016006032834219308,4,5,0.30786018125644143,509,218
Jalandhar (Punjab),Hingoli (Maharashtra),0.6130699049484553,0.6145337772263525,0.001463872277897238,2,5,0.3078148534907515,475,357
Puducherry (Puducherry),Jamnagar (Gujarat),0.6904812405485269,0.691475160302485,0.000993919753958128,3,5,0.30778169134737693,464,152
Surguja (Chhattisgarh),Mokokchung (Nagaland),0.5889599782204821,0.5903416432795624,0.001381665059080328,4,1,0.307710619125842,132,414
Amritsar (Punjab),Sabarkantha (Gujarat),0.5777086174221775,0.5811770623719078,0.0034684449497303094,2,4,0.3077051369566961,466,165
South District (Sikkim),Haveri (Karnataka),0.6006029378417962,0.6035687630095949,0.0029658251677987524,2,5,0.3076890683534417,523,267
Namakkal (Tamil Nadu),Kaithal (Haryana),0.6502132158350205,0.6506589101834515,0.00044569434843100275,3,5,0.30755325530234257,538,181
Darjeeling (West Bengal),Bundi (Rajasthan),0.6277852307611654,0.6286168360136178,0.0008316052524524054,2,4,0.30753833005126957,687,496
Hamirpur (Himachal Pradesh),Baloda Bazar (Chhattisgarh),0.6099047333749509,0.6123529071017644,0.002448173726813496,2,4,0.30709143201600714,196,108
Uttar Bastar Kanker (Chhattisgarh),Porbandar (Gujarat),0.6822053866926029,0.6872467627338946,0.005041376041291734,4,5,0.3069970618025505,133,163
Ramgarh (Jharkhand),Sangareddy (Telangana),0.5745180989667685,0.5747444584857997,0.0002263595190311607,4,0,0.30691714595733843,245,580
Agra (Uttar Pradesh),Kurnool (Andhra Pradesh),0.5693897551156601,0.571122825156819,0.0017330700411588573,6,0,0.30678510135936793,609,8
Tirap (Arunachal Pradesh),Mahamaya Nagar (Uttar Pradesh),0.4994653936627229,0.5023440825138424,0.0028786888511195263,1,6,0.30677433136673754,31,656
Sabarkantha (Gujarat),Warangal Urban (Telangana),0.5811770623719078,0.5829968706114199,0.0018198082395121107,4,0,0.30668050655279566,165,586
West Kameng (Arunachal Pradesh),Jalgaon (Maharashtra),0.5179377912186482,0.5246538949473816,0.006716103728733325,1,7,0.3066734756545986,34,358
Firozpur (Punjab),Jangoan (Telangana),0.5910315228096771,0.5926687278242777,0.001637205014600629,2,0,0.3066051782097545,472,561
Thoothukkudi (Tamil Nadu),Champawat (Uttarakhand),0.66976112964725,0.6701354092117294,0.00037427956447944055,3,4,0.3064127858373269,549,599
Rajgarh (Madhya Pradesh),Aurangabad (Bihar),0.570085542097446,0.5722484621574054,0.002162920059959439,4,6,0.30639900970848155,329,71
Koriya (Chhattisgarh),Jhansi (Uttar Pradesh),0.5927426796634343,0.5943051263989492,0.0015624467355148663,4,6,0.3063832052359048,123,645
Jyotiba Phule Nagar (Uttar Pradesh),Murshidabad (West Bengal),0.57842636425749,0.5824404339686596,0.004014069711169577,6,5,0.30637573207206864,646,694
Bhadradri Kothagudem (Telangana),Thane (Maharashtra),0.6048108615457032,0.6060805519057342,0.001269690360030995,0,2,0.3063453342691342,558,378
Chikkaballapura (Karnataka),Bhiwani (Haryana),0.6497969279950385,0.6507866303457372,0.000989702350698729,2,4,0.3062436297536254,258,173
South Garo Hills (Meghalaya),Thoubal (Manipur),0.5612785669142928,0.563687279589779,0.0024087126754862576,7,1,0.30616060577732085,396,389
Senapati (Manipur),Bhagalpur (Bihar),0.4943998684805016,0.4992586742914566,0.004858805810954991,1,6,0.3060330891247894,387,74
Madhepura (Bihar),Mahesana (Gujarat),0.4827319548210683,0.4904047140915024,0.007672759270434093,6,7,0.3060234876767597,87,156
Kabeerdham (Chhattisgarh),Buldana (Maharashtra),0.6700124120226517,0.6704718516297394,0.00045943960708771936,4,5,0.30601409485160064,120,352
Virudhunagar (Tamil Nadu),Raisen (Madhya Pradesh),0.6554314111620915,0.6573568025912898,0.001925391429198342,3,4,0.30599455782471185,556,328
Nawada (Bihar),East Garo Hills (Meghalaya),0.5350840539913876,0.5378665330400021,0.0027824790486145057,6,1,0.30586243234191685,92,391
Mokokchung (Nagaland),Koriya (Chhattisgarh),0.5903416432795624,0.5927426796634343,0.0024010363838719018,1,4,0.3057839812964839,414,123
Thiruvarur (Tamil Nadu),Bargarh (Odisha),0.6652598045335716,0.6658288908547175,0.0005690863211459396,3,5,0.3056367785718959,548,435
Upper Siang (Arunachal Pradesh),South Tripura (Tripura),0.4733892492234017,0.4785536542915121,0.005164405068110389,1,7,0.30558550081897345,32,593
Morigaon (Assam),Pilibhit (Uttar Pradesh),0.5773622017693061,0.581212656088848,0.003850454319541896,4,6,0.3055399872590695,60,666
Tiruvannamalai (Tamil Nadu),Burhanpur (Madhya Pradesh),0.6942683587562607,0.6947213392128421,0.00045298045658137553,3,4,0.30552808877517723,553,305
Sheopur (Madhya Pradesh),Buxer (Bihar),0.5484446667520376,0.5507263030414423,0.002281636289404698,4,6,0.3054352367686413,338,76
Kamrup (Assam),Kra Daadi (Arunachal Pradesh),0.5018776441796813,0.5043966087170257,0.002518964537344459,7,1,0.3053785850794424,53,21
Ganderbal (Jammu Kashmir),Tehri Garhwal (Uttarakhand),0.6156180406859235,0.6165700819796852,0.0009520412937616962,5,4,0.30537126412804155,211,606
Sagar (Madhya Pradesh),Sangareddy (Telangana),0.5747277097960336,0.5747444584857997,1.6748689766088454e-05,4,0,0.305330366014276,332,580
Ariyalur (Tamil Nadu),Sonipat (Haryana),0.6426558125601188,0.643564758826162,0.000908946266043209,3,5,0.30527092209435613,525,192
Mahabubnagar (Telangana),Kodagu (Karnataka),0.6289530802046575,0.6315701594035719,0.002617079198914407,0,2,0.30514549562776294,569,268
Ribhoi (Meghalaya),Bharatpur (Rajasthan),0.5364926014562134,0.5387857868003,0.0022931853440866234,1,6,0.305135928161207,395,493
Kozhikode (Kerala),Dakshina Kannada (Karnataka),0.6576581655154256,0.6577802952461034,0.0001221297306778224,3,2,0.30508728904748494,287,261
Gir Somnath (Gujarat),East (NCT Delhi),0.632180124915268,0.6323810702518,0.0002009453365320324,7,2,0.3049920538468729,151,422
Palwal (Haryana),Mokokchung (Nagaland),0.589103959861114,0.5903416432795624,0.001237683418448432,4,1,0.3049836739455969,186,414
Dhanbad (Jharkhand),Puruliya (West Bengal),0.5316050793444621,0.5347510946330346,0.0031460152885725012,6,7,0.30495254370586533,229,701
Papum Pare (Arunachal Pradesh),Azamgarh (Uttar Pradesh),0.5086785538333242,0.5174877250457446,0.008809171212420419,1,7,0.3049183542638465,28,614
Koch Bihar (West Bengal),Mahisagar (Gujarat),0.6214241379618881,0.621732842440813,0.0003087044789248372,5,4,0.3049149976769139,691,157
Papum Pare (Arunachal Pradesh),Siwan (Bihar),0.5086785538333242,0.5116666545335719,0.0029881007002476867,1,6,0.304880851140094,28,104
Nalanda (Bihar),Jalgaon (Maharashtra),0.5188020120820503,0.5246538949473816,0.005851882865331226,6,7,0.3048748422869449,91,358
Deoria (Uttar Pradesh),Kapurthala (Punjab),0.5833881642400085,0.5837130637206458,0.00032489948063729734,6,2,0.30471692987150734,628,476
Rudraprayag (Uttarakhand),Shajapur (Madhya Pradesh),0.6709719991056451,0.6723226209445383,0.001350621838893229,5,4,0.30463022377232607,605,337
Hugli (West Bengal),Morbi (Gujarat),0.5984410606319169,0.5993121739167219,0.0008711132848049363,5,7,0.304628384014253,689,158
Sant Kabir Nagar (Uttar Pradesh),Sri Potti Sriramulu Nellore (Andhra Pradesh),0.5856732961486991,0.5888406206128463,0.0031673244641471365,4,0,0.30451548973260656,673,11
Sahibganj (Jharkhand),Lawngtlai (Mizoram),0.4915194029001076,0.4967239660613096,0.005204563161201992,6,1,0.30438633726310116,247,405
Mahesana (Gujarat),Supaul (Bihar),0.4904047140915024,0.4923175982408317,0.0019128841493293303,7,6,0.30429162731957227,156,105
Bangalore Rural (Karnataka),Kota (Rajasthan),0.6815763663272233,0.6893776919132789,0.0078013255860556185,2,5,0.3042686914101445,252,511
Ramanathapuram (Tamil Nadu),Ratlam (Madhya Pradesh),0.6699689901058209,0.6713953597362011,0.001426369630380231,3,4,0.3042370003562259,541,330
South Tripura (Tripura),East Khasi Hills (Meghalaya),0.4785536542915121,0.4814867384412738,0.0029330841497617333,7,1,0.30415425527191936,593,393
Cuddalore (Tamil Nadu),Dhar (Madhya Pradesh),0.6362685145095406,0.6367391697457714,0.0004706552362307992,3,4,0.3041044701047142,528,311
Baghpat (Uttar Pradesh),Botad (Gujarat),0.5902397335878773,0.5904277946160063,0.00018806102812896075,4,7,0.30392282855641845,615,146
Tapi (Gujarat),Krishna (Andhra Pradesh),0.6390642053517559,0.6395760867528305,0.0005118814010746098,5,0,0.30391585028600754,168,7
Umaria (Madhya Pradesh),Bellary (Karnataka),0.6169268510101494,0.6190115409469475,0.002084689936798112,4,5,0.3038266100475179,344,254
Jhalawar (Rajasthan),Pulwama (Jammu Kashmir),0.6591029291459779,0.6592939526135492,0.00019102346757127187,4,5,0.3038118410313365,507,217
Kurukshetra (Haryana),Rajsamand (Rajasthan),0.636060898683751,0.6362940658274208,0.00023316714366972136,2,4,0.3037482152172921,183,515
Nadia (West Bengal),Patiala (Punjab),0.5976291120545132,0.5977967283070281,0.00016761625251493495,5,2,0.3037466942023058,695,482
Muktsar (Punjab),Surajpur (Chhattisgarh),0.5710787043728279,0.5718091047711443,0.0007304003983163998,2,4,0.3037435860712133,480,131
Hanumangarh (Rajasthan),Mandya (Karnataka),0.6746479340392845,0.6775128018249553,0.002864867785670855,4,2,0.3037373698090281,503,271
Barpeta (Assam),Buxer (Bihar),0.5499646557508951,0.5507263030414423,0.0007616472905471738,7,6,0.3037168287677359,37,76
Mahabubabad (Telangana),Mokokchung (Nagaland),0.5882324003769902,0.5903416432795624,0.002109242902572195,0,1,0.3036409673171231,568,414
Tawang (Arunachal Pradesh),Gandhinagar (Gujarat),0.5501315805475238,0.5502123349037776,8.075435625387595e-05,1,7,0.30330348065024726,30,150
Arwal (Bihar),Lower Subansiri (Arunachal Pradesh),0.5406405398033195,0.5432199159722674,0.002579376168947878,6,1,0.3032719170517723,70,26
Anugul (Odisha),Chhota Udaipur (Gujarat),0.6186095414613355,0.6207035388215992,0.002093997360263722,5,4,0.3032595525176845,432,147
Bankura (West Bengal),Bulandshahr (Uttar Pradesh),0.555658414045892,0.5586653949255771,0.003006980879685095,7,4,0.3032436162543931,684,625
Satna (Madhya Pradesh),Meerut (Uttar Pradesh),0.6000429984728318,0.6029655093119133,0.0029225108390814603,4,2,0.30313537558970227,333,662
Golaghat (Assam),Pilibhit (Uttar Pradesh),0.5800115265110577,0.581212656088848,0.001201129577790283,7,6,0.30310655813337384,49,666
West Karbi Anglong (Assam),Bastar (Chhattisgarh),0.5255371627386545,0.5290143249667706,0.003477162228116115,1,6,0.3030026483780761,68,110
Bishnupur (Manipur),Kamrup (Assam),0.4995255315678477,0.5018776441796813,0.002352112611833601,1,7,0.3029896610468206,382,53
Kodagu (Karnataka),Gir Somnath (Gujarat),0.6315701594035719,0.632180124915268,0.00060996551169612,2,7,0.30291226066424615,268,151
Vikarabad (Telangana),Gandhinagar (Gujarat),0.5479012033304308,0.5502123349037776,0.0023111315733468363,0,7,0.3028706829360909,583,150
Ahmadnagar (Maharashtra),Churu (Rajasthan),0.6092011203568894,0.6118078092317436,0.0026066888748541572,5,4,0.3028092018756432,346,498
Firozpur (Punjab),Uttar Dinajpur (West Bengal),0.5910315228096771,0.5920528413231617,0.001021318513484637,2,5,0.30275040648665197,472,703
Firozabad (Uttar Pradesh),Jalgaon (Maharashtra),0.5217873282145864,0.5246538949473816,0.0028665667327951727,6,7,0.3026517186600092,634,358
Sri Potti Sriramulu Nellore (Andhra Pradesh),Mokokchung (Nagaland),0.5888406206128463,0.5903416432795624,0.0015010226667161453,0,1,0.3025616254000068,11,414
Raisen (Madhya Pradesh),Kolar (Karnataka),0.6573568025912898,0.6591595923385196,0.001802789747229805,4,2,0.3024889020333684,328,269
Purba Champaran (Bihar),Longleng (Nagaland),0.4290897701054852,0.4418840806834486,0.012794310577963375,6,1,0.30235106971620834,95,413
Koriya (Chhattisgarh),Gautam Buddha Nagar (Uttar Pradesh),0.5927426796634343,0.594192248636629,0.0014495689731947037,4,2,0.302329070342945,123,635
Supaul (Bihar),Tirap (Arunachal Pradesh),0.4923175982408317,0.4994653936627229,0.007147795421891201,6,1,0.30232606569532494,105,31
Longleng (Nagaland),Pashchim Champaran (Bihar),0.4418840806834486,0.4443335322913526,0.0024494516079039963,1,6,0.3023205491331469,413,93
West (NCT Delhi),Nizamabad (Telangana),0.5837111299401948,0.5845496519564554,0.0008385220162605567,2,0,0.3022711988518937,431,576
Surajpur (Chhattisgarh),Aurangabad (Bihar),0.5718091047711443,0.5722484621574054,0.00043935738626110776,4,6,0.302265128738954,131,71
West Kameng (Arunachal Pradesh),Nalanda (Bihar),0.5179377912186482,0.5188020120820503,0.0008642208634020987,1,6,0.30219562518363163,34,91
Bijnor (Uttar Pradesh),Ganderbal (Jammu Kashmir),0.6137070440685924,0.6156180406859235,0.0019109966173310733,4,5,0.3021692386525213,623,211
Komaram Bheem Asifabad (Telangana),Khammam (Telangana),0.5945788386573799,0.5953169286270836,0.0007380899697037036,4,0,0.3021404596088161,567,566
Sindhudurg (Maharashtra),Jajapur (Odisha),0.5840539847264032,0.5858190871219754,0.001765102395572149,2,5,0.30202042814453467,376,444
Palwal (Haryana),Ludhiana (Punjab),0.589103959861114,0.5911273712162664,0.0020234113551523825,4,2,0.3019907581755418,186,477
Durg (Chhattisgarh),Kabeerdham (Chhattisgarh),0.666493452848441,0.6700124120226517,0.003518959174210745,2,4,0.30198765004444894,116,120
Kokrajhar (Assam),Shahjahanpur (Uttar Pradesh),0.5510433848165688,0.5530996398862615,0.0020562550696927584,7,6,0.3018665948392537,57,675
Banda (Uttar Pradesh),Bilaspur (Chhattisgarh),0.5380403576105809,0.5416005733462879,0.003560215735706973,6,7,0.301862007796044,619,113
Bathinda (Punjab),Kra Daadi (Arunachal Pradesh),0.5030129093362417,0.5043966087170257,0.001383699380784087,2,1,0.3018437728270424,468,21
Anand (Gujarat),Raichur (Karnataka),0.5755256980640651,0.5764841057381199,0.0009584076740548619,7,6,0.30181991858462387,141,273
Sikar (Rajasthan),Karur (Tamil Nadu),0.6186150582125713,0.618621401264791,6.34305221969278e-06,4,3,0.3017122861826824,517,534
Kaimur (Bhabua) (Bihar),Kendrapara (Odisha),0.6024071008423451,0.6033841852563524,0.0009770844140073454,6,5,0.30170429839836566,82,448
Surat (Gujarat),Charkhi Dadri (Haryana),0.6619160801173338,0.662268649942359,0.0003525698250251841,2,5,0.30165244600813834,166,174
Longleng (Nagaland),Sitamarhi (Bihar),0.4418840806834486,0.458131370610397,0.016247289926948405,1,6,0.30161994034326867,413,103
Central (NCT Delhi),Saharanpur (Uttar Pradesh),0.6067907197888455,0.6080198646540442,0.0012291448651987613,2,4,0.3015675521280046,421,671
Jayashankar Bhupalapally (Telangana),Solapur (Maharashtra),0.5964416140723767,0.5974720665676315,0.0010304524952547967,0,2,0.3013890181162153,562,377
Baksa (Assam),Changlang (Arunachal Pradesh),0.5546789533264843,0.5558792580936791,0.001200304767194793,7,1,0.3013630846088563,36,17
Namakkal (Tamil Nadu),Bhiwani (Haryana),0.6502132158350205,0.6507866303457372,0.0005734145107167965,3,4,0.30135589819075803,538,173
Azamgarh (Uttar Pradesh),East Godavari (Andhra Pradesh),0.5174877250457446,0.5215152868899147,0.00402756184417008,7,0,0.3013296744961985,614,5
Morbi (Gujarat),Kolkata (West Bengal),0.5993121739167219,0.6000909016536673,0.0007787277369454282,7,2,0.3013209764605515,158,692
Sahibganj (Jharkhand),Udalguri (Assam),0.4915194029001076,0.4951517335090582,0.003632330608950629,6,7,0.3011953288385093,247,67
Ramanagara (Karnataka),Fatehabad (Haryana),0.6609584974779992,0.6630335729374737,0.002075075459474496,2,5,0.30102488494793267,274,176
Doda (Jammu Kashmir),Aurangabad (Maharashtra),0.5601382202342384,0.5621463260099421,0.0020081057757036502,1,7,0.30099986642771687,210,349
Aravali (Gujarat),Agra (Uttar Pradesh),0.5654584238956546,0.5693897551156601,0.003931331220005552,7,6,0.30095367744981344,142,609
Baran (Rajasthan),Chamba (Himachal Pradesh),0.6913837237022566,0.6941952885423471,0.002811564840090486,4,5,0.3009417338342052,491,195
Dungarpur (Rajasthan),Pulwama (Jammu Kashmir),0.6571541197225185,0.6592939526135492,0.002139832891030702,4,5,0.30086038599698794,501,217
Yadgir (Karnataka),Bijapur (Karnataka),0.5721075778301331,0.574116659112425,0.0020090812822919357,4,7,0.3007308422252211,279,256
New Delhi (NCT Delhi),Ernakulam (Kerala),0.6441602208672196,0.6464996536428517,0.0023394327756320887,2,3,0.3006292856349534,423,281
Puruliya (West Bengal),Nawada (Bihar),0.5347510946330346,0.5350840539913876,0.00033295935835297996,7,6,0.30060732375819954,701,92
North Tripura (Tripura),Ribhoi (Meghalaya),0.5336544757117031,0.5364926014562134,0.002838125744510256,7,1,0.30059065367308685,591,395
Sabarkantha (Gujarat),Ghaziabad (Uttar Pradesh),0.5811770623719078,0.5822205192258598,0.0010434568539520184,4,2,0.30058867497164365,165,636
Banswara (Rajasthan),Debagarh (Odisha),0.6315079571694711,0.6327405043885695,0.0012325472190984899,4,5,0.3005397198438556,490,439
Sabarkantha (Gujarat),Jagitial (Telangana),0.5811770623719078,0.583164001485113,0.001986939113205244,4,0,0.3005025428642465,165,560
Tawang (Arunachal Pradesh),Bokaro (Jharkhand),0.5501315805475238,0.5508386668623246,0.0007070863148008755,1,6,0.3005002806096648,30,226
Tinsukia (Assam),Mayurbhanj (Odisha),0.5510818379745783,0.5530306583911615,0.0019488204165831746,7,4,0.30039203994497393,66,453
Ahmedabad (Gujarat),Nagarkurnool (Telangana),0.6115122730563761,0.6127940827039419,0.0012818096475657459,7,0,0.3003697748481754,139,573
Baksa (Assam),Bulandshahr (Uttar Pradesh),0.5546789533264843,0.5586653949255771,0.003986441599092783,7,4,0.3003429009218452,36,625
Chamba (Himachal Pradesh),Krishnagiri (Tamil Nadu),0.6941952885423471,0.7001959065107234,0.006000617968376254,5,2,0.3002348221487774,195,535
Purba Medinipur (West Bengal),Sawai Madhopur (Rajasthan),0.5512445708507836,0.553035693677917,0.0017911228271334512,7,6,0.30021661904281627,700,516
Ludhiana (Punjab),Morena (Madhya Pradesh),0.5911273712162664,0.5940224825169502,0.0028951113006838725,2,7,0.30015179817247317,477,324
Etawah (Uttar Pradesh),Morbi (Gujarat),0.5991590993117487,0.5993121739167219,0.00015307460497315795,4,7,0.30011326821736056,630,158
Tinsukia (Assam),Shahjahanpur (Uttar Pradesh),0.5510818379745783,0.5530996398862615,0.0020178019116832147,7,6,0.30005637806647323,66,675
Baramula (Jammu Kashmir),Mahabubabad (Telangana),0.5860891053989866,0.5882324003769902,0.002143294978003585,5,0,0.300019855067268,209,568
Jhunjhunun (Rajasthan),Amravati (Maharashtra),0.6721154741779097,0.676065935631186,0.003950461453276266,4,5,0.30000711231268756,508,348
Cachar (Assam),Banka (Bihar),0.517274294156777,0.5177529632511803,0.00047866909440330563,7,6,0.29999602776891177,40,72
Korba (Chhattisgarh),South West Garo Hills (Meghalaya),0.5454456444396144,0.5481054420246365,0.0026597975850221056,1,7,0.2999492241338576,122,397
Betul (Madhya Pradesh),Ramanathapuram (Tamil Nadu),0.6669187972929591,0.6699689901058209,0.003050192812861785,4,3,0.29990583437465224,302,541
Adilabad (Telangana),Gurdaspur (Punjab),0.5651792934410328,0.5683227904888595,0.003143497047826682,0,2,0.2998831617127268,557,473
Dhanbad (Jharkhand),Saiha (Mizoram),0.5316050793444621,0.5356246320667303,0.0040195527222681715,6,1,0.29984146640161696,229,408
Yamunanagar (Haryana),Rajsamand (Rajasthan),0.6336475291191307,0.6362940658274208,0.0026465367082900704,2,4,0.2998281287392421,193,515
Rae Bareli (Uttar Pradesh),Biswanath (Assam),0.5560668937765123,0.5575263722900157,0.001459478513503365,6,4,0.2996697896548546,669,38
Mathura (Uttar Pradesh),West Kameng (Arunachal Pradesh),0.5099315572465476,0.5179377912186482,0.008006233972100651,6,1,0.29961119274365305,660,34
Madurai (Tamil Nadu),Pulwama (Jammu Kashmir),0.65904785506923,0.6592939526135492,0.000246097544319146,3,5,0.2996067477167797,536,217
Mahamaya Nagar (Uttar Pradesh),Bathinda (Punjab),0.5023440825138424,0.5030129093362417,0.0006688268223992155,6,2,0.2995892791248971,656,468
Banswara (Rajasthan),Gir Somnath (Gujarat),0.6315079571694711,0.632180124915268,0.0006721677457969255,4,7,0.29954492899190976,490,151
Churachandpur (Manipur),Udalguri (Assam),0.4906062791219083,0.4951517335090582,0.0045454543871499276,1,7,0.2994656076487155,384,67
Fatehabad (Haryana),Sivaganga (Tamil Nadu),0.6630335729374737,0.6652436140933278,0.0022100411558541033,5,3,0.29945236665048536,176,543
Uttar Dinajpur (West Bengal),Jashpur (Chhattisgarh),0.5920528413231617,0.594422859419927,0.0023700180967652917,5,4,0.29938328998947306,703,119
East Kameng (Arunachal Pradesh),South Tripura (Tripura),0.4767095042178913,0.4785536542915121,0.001844150073620765,1,7,0.299334286770106,19,593
Faridkot (Punjab),Tawang (Arunachal Pradesh),0.5493137797244805,0.5501315805475238,0.0008178008230432798,2,1,0.29908433702073867,469,30
Senapati (Manipur),Udalguri (Assam),0.4943998684805016,0.4951517335090582,0.0007518650285566197,1,7,0.2990249697292406,387,67
Neemuch (Madhya Pradesh),Chitradurga (Karnataka),0.6558120357989872,0.656190652951112,0.00037861715212483826,4,2,0.2989712619094995,326,260
Bangalore (Karnataka),Varanasi (Uttar Pradesh),0.6300811667553162,0.6303802089488186,0.0002990421935024079,2,4,0.2989583327338382,251,683
Purba Medinipur (West Bengal),Shahjahanpur (Uttar Pradesh),0.5512445708507836,0.5530996398862615,0.0018550690354779409,7,6,0.2989454803638448,700,675
Neemuch (Madhya Pradesh),Yavatmal (Maharashtra),0.6558120357989872,0.6577281938406109,0.0019161580416237056,4,5,0.29893611231812234,326,381
Lower Subansiri (Arunachal Pradesh),Nalbari (Assam),0.5432199159722674,0.545101444209938,0.0018815282376706266,1,7,0.2989232459744301,26,62
Zunheboto (Nagaland),Gonda (Uttar Pradesh),0.4676857353236694,0.4709809982053142,0.003295262881644778,1,6,0.2989098057440828,420,638
Amethi (Uttar Pradesh),Bhavnagar (Gujarat),0.564625514693985,0.5646549208695101,2.940617552504854e-05,6,7,0.2988358470759721,612,145
Baksa (Assam),Davanagere (Karnataka),0.5546789533264843,0.5585972364013564,0.003918283074872075,7,2,0.2988264511076588,36,262
Mahabubabad (Telangana),Sivasagar (Assam),0.5882324003769902,0.5897811663907281,0.001548766013737879,0,7,0.2987434987063893,568,63
Nalgonda (Telangana),Sahibzada Ajit Singh Nagar (Punjab),0.6146733360275944,0.6161397656930043,0.0014664296654098852,0,2,0.2987416027989227,574,484
Agra (Uttar Pradesh),Surajpur (Chhattisgarh),0.5693897551156601,0.5718091047711443,0.002419349655484182,6,4,0.2986779712949476,609,131
Vikarabad (Telangana),Faridkot (Punjab),0.5479012033304308,0.5493137797244805,0.0014125763940496805,0,2,0.2986515393065823,583,469
Amravati (Maharashtra),Rajnandgaon (Chhattisgarh),0.676065935631186,0.6776303631458038,0.0015644275146178277,5,4,0.29862840796285717,348,129
Nalanda (Bihar),Nagaon (Assam),0.5188020120820503,0.5222872233699014,0.0034852112878510644,6,7,0.29862230037701587,91,61
Aurangabad (Maharashtra),Suryapet (Telangana),0.5621463260099421,0.5637627059031259,0.0016163798931838613,7,0,0.2985336561109117,349,582
Khowai (Tripura),East Garo Hills (Meghalaya),0.5359437239712328,0.5378665330400021,0.0019228090687692934,7,1,0.2985319781044396,590,391
Chirang (Assam),Aurangabad (Bihar),0.5718955218842484,0.5722484621574054,0.0003529402731570208,4,6,0.2983578972930338,42,71
Raichur (Karnataka),Golaghat (Assam),0.5764841057381199,0.5800115265110577,0.0035274207729377727,6,7,0.2983007956454884,273,49
Sindhudurg (Maharashtra),Thiruvananthapuram (Kerala),0.5840539847264032,0.5866864716453845,0.002632486918981214,2,3,0.29825649344032,376,291
Ganjam (Odisha),Mandla (Madhya Pradesh),0.6241511160919777,0.62609748852888,0.0019463724369023216,5,4,0.2982422467174702,442,322
Amritsar (Punjab),Jyotiba Phule Nagar (Uttar Pradesh),0.5777086174221775,0.57842636425749,0.0007177468353125604,2,6,0.2979962829196493,466,646
Karaikal (Puducherry),Rajkot (Gujarat),0.6705526372558456,0.6758922319605024,0.005339594704656836,3,5,0.2979261099869293,462,164
Pashchimi Singhbhum (Jharkhand),Hailakandi (Assam),0.5194224895418925,0.5251338123791034,0.005711322837210875,6,7,0.29791812401446593,243,50
Kulgam (Jammu Kashmir),Bangalore Rural (Karnataka),0.6803562664144548,0.6815763663272233,0.001220099912768502,5,2,0.2978946101567892,215,252
Sambalpur (Odisha),Ajmer (Rajasthan),0.6656495882211882,0.6690956335432382,0.003446045322049951,5,4,0.29774522228330313,459,488
Rohtak (Haryana),Dakshin Dinajpur (West Bengal),0.6432999282704613,0.6451161454710429,0.0018162172005815602,2,5,0.2976610788833388,190,686
Nagaur (Rajasthan),Mysore (Karnataka),0.6766719875593424,0.6797090115153347,0.0030370239559922574,4,2,0.29756562238266404,512,272
Mahabubnagar (Telangana),Mahendragarh (Haryana),0.6289530802046575,0.6310822344912789,0.0021291542866214153,0,5,0.29756251425157143,569,184
Panchkula (Haryana),Nagaur (Rajasthan),0.6715595403797427,0.6766719875593424,0.005112447179599688,2,4,0.2972407473599551,187,512
Namakkal (Tamil Nadu),Nayagarh (Odisha),0.6502132158350205,0.6530852131797468,0.002871997344726318,3,5,0.2972335264774463,538,455
Kishtwar (Jammu Kashmir),Hamirpur (Uttar Pradesh),0.6377669555359491,0.6403719531105257,0.002604997574576662,5,4,0.29722828455112416,214,640
Patan (Gujarat),Lohardaga (Jharkhand),0.6162509988002122,0.6165784713759043,0.0003274725756921004,7,4,0.29717102849136784,162,240
Jajapur (Odisha),Dibrugarh (Assam),0.5858190871219754,0.5882560169811148,0.0024369298591394584,5,7,0.2970534580698133,444,46
Sonipat (Haryana),South (NCT Delhi),0.643564758826162,0.6451226074951321,0.0015578486689700188,5,2,0.29701246216776866,192,428
Aligarh (Uttar Pradesh),Kamareddy (Telangana),0.5650034088490047,0.5681268201562975,0.003123411307292767,6,0,0.29688274659264935,610,564
Sehore (Madhya Pradesh),Aurangabad (Maharashtra),0.5612584579715896,0.5621463260099421,0.0008878680383525017,4,7,0.296855199127972,334,349
Rewari (Haryana),Neemuch (Madhya Pradesh),0.651854115314847,0.6558120357989872,0.0039579204841401205,2,4,0.29665883774609036,189,326
Sri Potti Sriramulu Nellore (Andhra Pradesh),Palwal (Haryana),0.5888406206128463,0.589103959861114,0.00026333924826771327,0,4,0.2966461423811292,11,186
Dhamtari (Chhattisgarh),Viluppuram (Tamil Nadu),0.6809055687695142,0.6843302055253363,0.0034246367558220525,4,3,0.2965757822609356,115,555
Raisen (Madhya Pradesh),Madurai (Tamil Nadu),0.6573568025912898,0.65904785506923,0.0016910524779402136,4,3,0.2965600102737328,328,536
Jalna (Maharashtra),Chitrakoot (Uttar Pradesh),0.5228645559096242,0.5291994636069064,0.006334907697282177,7,6,0.2965114466911041,359,627
Kheda (Gujarat),West Kameng (Arunachal Pradesh),0.5127736217674782,0.5179377912186482,0.005164169451170042,7,1,0.29648849699600427,155,34
Lahul and Spiti (Himachal Pradesh),Dharmapuri (Tamil Nadu),0.6999303134548227,0.7012743841955407,0.001344070740717962,5,2,0.29639659575376526,200,529
Kishanganj (Bihar),Tuensang (Nagaland),0.4243495430433829,0.4247511371685928,0.0004015941252099031,6,1,0.2963892327260135,85,418
Vizianagaram (Andhra Pradesh),Varanasi (Uttar Pradesh),0.6299959250914997,0.6303802089488186,0.00038428385731892334,0,4,0.2963637772517001,13,683
Hapur (Uttar Pradesh),Mahabubnagar (Telangana),0.6271793364207714,0.6289530802046575,0.0017737437838860615,4,0,0.29634372171638007,641,569
Rajouri (Jammu Kashmir),Uttara Kannada (Karnataka),0.6312659493581732,0.6332133153387611,0.0019473659805879784,5,2,0.2963416092349287,219,278
Gir Somnath (Gujarat),Fatehgarh Sahib (Punjab),0.632180124915268,0.6335621696148377,0.0013820446995697067,7,2,0.29627634843951095,151,470
Nandurbar (Maharashtra),South West Garo Hills (Meghalaya),0.5462944547399126,0.5481054420246365,0.0018109872847239528,4,7,0.2962442654165528,366,397
Mancherial (Telangana),Doda (Jammu Kashmir),0.5576243074206787,0.5601382202342384,0.0025139128135597266,0,1,0.2962279143685145,570,210
Nagaon (Assam),Etah (Uttar Pradesh),0.5222872233699014,0.5222950252122243,7.801842322852082e-06,7,6,0.2961484501290767,61,629
Nagapattinam (Tamil Nadu),Harda (Madhya Pradesh),0.6782764307795313,0.6800441726218796,0.0017677418423482916,3,5,0.29612532228567323,537,315
Amritsar (Punjab),Gadag (Karnataka),0.5777086174221775,0.577983474830983,0.0002748574088055067,2,7,0.29607623378555215,466,264
Thiruvarur (Tamil Nadu),Betul (Madhya Pradesh),0.6652598045335716,0.6669187972929591,0.001658992759387523,3,4,0.2959345986028648,548,302
Erode (Tamil Nadu),Sirmaur (Himachal Pradesh),0.7154017619524314,0.7232282643379088,0.00782650238547733,3,5,0.2958958184632966,531,203
Nagaon (Assam),South West Khasi Hills (Meghalaya),0.5222872233699014,0.5267737765365229,0.004486553166621499,7,1,0.29586658938778093,61,398
Warangal Rural (Telangana),Chirang (Assam),0.570568881862589,0.5718955218842484,0.0013266400216593865,0,4,0.2958190107491777,585,42
Pratapgarh (Uttar Pradesh),Sambhal (Uttar Pradesh),0.5408407719956648,0.5446361487770857,0.003795376781420834,7,6,0.2958129591053422,667,672
Karur (Tamil Nadu),Ambala (Haryana),0.618621401264791,0.6194921540666987,0.000870752801907626,3,2,0.2957688004010782,534,172
Purbi Singhbhum (Jharkhand),Karur (Tamil Nadu),0.616579225856088,0.618621401264791,0.0020421754087029953,5,3,0.2957145023042084,244,534
Patiala (Punjab),Etawah (Uttar Pradesh),0.5977967283070281,0.5991590993117487,0.0013623710047205861,2,4,0.2956970996370368,482,630
Yadgir (Karnataka),Sangareddy (Telangana),0.5721075778301331,0.5747444584857997,0.0026368806556665847,4,0,0.29568492597485985,279,580
Kathua (Jammu Kashmir),Udaipur (Rajasthan),0.6766942917651279,0.6776798180299862,0.0009855262648583718,5,4,0.29568269383218304,213,520
Patan (Gujarat),Tehri Garhwal (Uttarakhand),0.6162509988002122,0.6165700819796852,0.0003190831794730453,7,4,0.2955948668449798,162,606
Sahibzada Ajit Singh Nagar (Punjab),Sikar (Rajasthan),0.6161397656930043,0.6186150582125713,0.0024752925195670183,2,4,0.29558087683585604,484,517
Bhojpur (Bihar),Kheda (Gujarat),0.5082801785610377,0.5127736217674782,0.004493443206440517,6,7,0.2955151648239348,75,155
East Godavari (Andhra Pradesh),Jalna (Maharashtra),0.5215152868899147,0.5228645559096242,0.0013492690197095536,0,7,0.29544866246391244,5,359
Puri (Odisha),Kabeerdham (Chhattisgarh),0.6678777883726063,0.6700124120226517,0.002134623650045464,5,4,0.2952796056692379,457,120
Mahasamund (Chhattisgarh),Durg (Chhattisgarh),0.6652297253092238,0.666493452848441,0.0012637275392172187,4,2,0.2952316266528606,124,116
Tirap (Arunachal Pradesh),Begusarai (Bihar),0.4994653936627229,0.4997559267440938,0.00029053308137089173,1,6,0.2952184116603353,31,73
Balrampur (Chhattisgarh),Kaushambi (Uttar Pradesh),0.5631711276629844,0.5641762441493862,0.0010051164864017803,4,6,0.2950344362803078,109,651
Kurnool (Andhra Pradesh),Bijapur (Karnataka),0.571122825156819,0.574116659112425,0.00299383395560604,0,7,0.29499076883660036,8,256
Agra (Uttar Pradesh),Chirang (Assam),0.5693897551156601,0.5718955218842484,0.002505766768588269,6,4,0.2947707398490274,609,42
Hoshangabad (Madhya Pradesh),Tawang (Arunachal Pradesh),0.5495965123174836,0.5501315805475238,0.0005350682300401255,7,1,0.2947365909261267,316,30
Sindhudurg (Maharashtra),Nizamabad (Telangana),0.5840539847264032,0.5845496519564554,0.0004956672300521214,2,0,0.29471825977225363,376,576
Debagarh (Odisha),Dewas (Madhya Pradesh),0.6327405043885695,0.6340693577033343,0.001328853314764733,5,4,0.294678893867312,439,310
Virudhunagar (Tamil Nadu),Leh(Ladakh) (Ladakh),0.6554314111620915,0.6562460253990136,0.0008146142369220843,3,5,0.29466122133433836,556,295
Maldah (West Bengal),Gautam Buddha Nagar (Uttar Pradesh),0.592911623875736,0.594192248636629,0.0012806247608929677,5,2,0.2945643267113328,693,635
Jehanabad (Bihar),Kamrup Metropolitan (Assam),0.5413493679082522,0.5423008528057629,0.0009514848975107348,6,7,0.29455811044914737,81,54
Sheopur (Madhya Pradesh),Barpeta (Assam),0.5484446667520376,0.5499646557508951,0.0015199889988575244,4,7,0.2944738257534766,338,37
Rohtas (Bihar),Bhadradri Kothagudem (Telangana),0.6041891557543503,0.6048108615457032,0.0006217057913529,6,0,0.2944668115932525,97,558
East Garo Hills (Meghalaya),Bilaspur (Chhattisgarh),0.5378665330400021,0.5416005733462879,0.0037340403062857686,1,7,0.2944651667248301,391,113
Chandel (Manipur),Gonda (Uttar Pradesh),0.4694935792804225,0.4709809982053142,0.0014874189248916814,1,6,0.29437800107579115,383,638
Viluppuram (Tamil Nadu),Nagpur (Maharashtra),0.6843302055253363,0.6912908903648683,0.00696068483953205,3,2,0.2942102437001556,555,364
Meerut (Uttar Pradesh),Yadadri Bhuvanagiri (Telangana),0.6029655093119133,0.6035883429853836,0.0006228336734702689,2,0,0.29416462896881557,662,587
Lower Subansiri (Arunachal Pradesh),Gaya (Bihar),0.5432199159722674,0.5471831695106131,0.003963253538345701,1,6,0.29401563503727945,26,78
Mahamaya Nagar (Uttar Pradesh),Kra Daadi (Arunachal Pradesh),0.5023440825138424,0.5043966087170257,0.0020525262031833025,6,1,0.2939955914015717,656,21
Satara (Maharashtra),Vizianagaram (Andhra Pradesh),0.6299115993029096,0.6299959250914997,8.432578859007833e-05,2,0,0.29379241150705027,375,13
Bhind (Madhya Pradesh),Srikakulam (Andhra Pradesh),0.6199374051710351,0.6207080154255848,0.0007706102545497195,7,0,0.2936479548408909,303,10
Dakshin Dinajpur (West Bengal),Bikaner (Rajasthan),0.6451161454710429,0.6472063448984126,0.0020901994273696545,5,4,0.29363045073003025,686,495
Una (Himachal Pradesh),Etawah (Uttar Pradesh),0.5961232444868116,0.5991590993117487,0.0030358548249370676,2,4,0.29344108790707496,205,630
Jayashankar Bhupalapally (Telangana),Hugli (West Bengal),0.5964416140723767,0.5984410606319169,0.0019994465595402078,0,5,0.29343973501312104,562,689
Rohtas (Bihar),Goalpara (Assam),0.6041891557543503,0.6050451423377915,0.000855986583441215,6,4,0.29327932025759207,97,48
Badgam (Jammu Kashmir),Panchkula (Haryana),0.6705047263195352,0.6715595403797427,0.0010548140602075762,5,2,0.29327452953591215,207,187
Serchhip (Mizoram),Khordha (Odisha),0.638643624697326,0.6405908892956929,0.0019472645983668047,7,5,0.29326560192966383,409,450
Kanpur Nagar (Uttar Pradesh),Junagadh (Gujarat),0.6079488918282793,0.6104244415494103,0.002475549721131065,7,5,0.29316962538615193,649,153
Botad (Gujarat),Anuppur (Madhya Pradesh),0.5904277946160063,0.5931223722355016,0.0026945776194953197,7,4,0.2931498109830639,146,298
Mirzapur (Uttar Pradesh),Sheopur (Madhya Pradesh),0.5451979966385901,0.5484446667520376,0.0032466701134474807,6,4,0.2929196880863987,663,338
Kamrup (Assam),Kanshiram Nagar (Uttar Pradesh),0.5018776441796813,0.5060999765066762,0.004222332326994871,7,6,0.29283947199549426,53,650
Bhagalpur (Bihar),Bathinda (Punjab),0.4992586742914566,0.5030129093362417,0.003754235044785059,6,2,0.2928301476022164,74,468
Sant Kabir Nagar (Uttar Pradesh),Mahabubabad (Telangana),0.5856732961486991,0.5882324003769902,0.002559104228291087,4,0,0.2927471236259118,673,568
Vikarabad (Telangana),Kodarma (Jharkhand),0.5479012033304308,0.550768549203547,0.0028673458731162116,0,6,0.29270950778906485,583,238
Bhind (Madhya Pradesh),Mahisagar (Gujarat),0.6199374051710351,0.621732842440813,0.001795437269777822,7,4,0.2925742456708853,303,157
Dadra & Nagar Haveli (Dadra Nagar Haveli Daman Diu),Kabeerdham (Chhattisgarh),0.6684957340399668,0.6700124120226517,0.0015166779826849552,5,4,0.2925562106245623,134,120
Pathankot (Punjab),Yadadri Bhuvanagiri (Telangana),0.6034135963955222,0.6035883429853836,0.00017474658986138536,2,0,0.29249378513936386,481,587
Gadchiroli (Maharashtra),Erode (Tamil Nadu),0.7139386039552921,0.7154017619524314,0.0014631579971393638,5,3,0.2924887273037208,355,531
Panipat (Haryana),Katni (Madhya Pradesh),0.6136054314641359,0.6137384114896133,0.00013298002547734722,2,4,0.2924794029104427,188,319
Darrang (Assam),Fatehpur (Uttar Pradesh),0.5314317022286554,0.534897099286504,0.0034653970578485405,7,6,0.292439689469765,43,633
South Andaman (Andaman Nicobar Islands),Namakkal (Tamil Nadu),0.6493700005635843,0.6502132158350205,0.0008432152714361596,2,3,0.2923571890163069,2,538
Raigarh (Chhattisgarh),Almora (Uttarakhand),0.6261577290737865,0.6285802830659845,0.002422553992197929,4,2,0.2923461744942686,127,596
Korba (Chhattisgarh),Sheikhpura (Bihar),0.5454456444396144,0.5480413996766647,0.0025957552370502457,1,6,0.29234544897164766,122,101
Dewas (Madhya Pradesh),Dehradun (Uttarakhand),0.6340693577033343,0.634393282867484,0.0003239251641496965,4,2,0.2923254106190593,310,600
Chamoli (Uttarakhand),Dindigul (Tamil Nadu),0.6547754728472361,0.6563707807486019,0.00159530790136575,5,3,0.29223680426907406,598,530
Jalandhar (Punjab),Bijnor (Uttar Pradesh),0.6130699049484553,0.6137070440685924,0.0006371391201371868,2,4,0.2921535232674104,475,623
Yavatmal (Maharashtra),Ramanagara (Karnataka),0.6577281938406109,0.6609584974779992,0.0032303036373882987,5,2,0.29209029840718626,381,274
Sirsa (Haryana),Tonk (Rajasthan),0.6180905332499609,0.6196361675267663,0.0015456342768054299,5,4,0.29199454362711863,191,519
Katni (Madhya Pradesh),Visakhapatnam (Andhra Pradesh),0.6137384114896133,0.6144943794279588,0.0007559679383455364,4,0,0.291895126945219,319,12
Valsad (Gujarat),Bemetara (Chhattisgarh),0.6613452449749101,0.66146788955964,0.0001226445847298807,2,4,0.29188269442084847,171,111
Bageshwar (Uttarakhand),Shimoga (Karnataka),0.6399951868637811,0.6410490550646011,0.0010538682008199851,4,2,0.29180277857563697,597,275
Kangra (Himachal Pradesh),Vizianagaram (Andhra Pradesh),0.6274784395330102,0.6299959250914997,0.0025174855584895184,2,0,0.2917601679451348,197,13
Deoria (Uttar Pradesh),West (NCT Delhi),0.5833881642400085,0.5837111299401948,0.0003229657001863062,6,2,0.2917415115169806,628,431
Golaghat (Assam),Murshidabad (West Bengal),0.5800115265110577,0.5824404339686596,0.0024289074576019365,7,5,0.2916941641187638,49,694
Medak (Telangana),Baksa (Assam),0.554214999427319,0.5546789533264843,0.0004639538991653147,0,7,0.2916429468852132,571,36
Biswanath (Assam),Rewa (Madhya Pradesh),0.5575263722900157,0.5585230867517468,0.0009967144617311074,4,6,0.2915789455681035,38,331
Vadodara (Gujarat),Yadadri Bhuvanagiri (Telangana),0.6011030397164948,0.6035883429853836,0.002485303268888739,2,0,0.2913382002250188,170,587
Yavatmal (Maharashtra),Kolar (Karnataka),0.6577281938406109,0.6591595923385196,0.0014313984979087424,5,2,0.29130768278580144,381,269
Gaya (Bihar),Jorhat (Assam),0.5471831695106131,0.5472981929659047,0.0001150234552915741,6,7,0.2913044564697427,78,52
Sivaganga (Tamil Nadu),Dadra & Nagar Haveli (Dadra Nagar Haveli Daman Diu),0.6652436140933278,0.6684957340399668,0.003252119946638987,3,5,0.29105787110829984,543,134
Kendrapara (Odisha),Dhaulpur (Rajasthan),0.6033841852563524,0.6038876459255225,0.0005034606691700638,5,6,0.29102822917314525,448,500
Bilaspur (Chhattisgarh),Mirzapur (Uttar Pradesh),0.5416005733462879,0.5451979966385901,0.003597423292302282,7,6,0.2908841672913896,113,663
Bankura (West Bengal),Rampur (Uttar Pradesh),0.555658414045892,0.5565235730510867,0.0008651590051946823,7,6,0.29087680098665425,684,670
Jalaun (Uttar Pradesh),Botad (Gujarat),0.5889928583982545,0.5904277946160063,0.0014349362177517033,6,7,0.2906801387396133,643,146
Hugli (West Bengal),Satna (Madhya Pradesh),0.5984410606319169,0.6000429984728318,0.001601937840914891,5,4,0.2906604713051412,689,333
Moradabad (Uttar Pradesh),West Garo Hills (Meghalaya),0.5790694030819229,0.5814512549573052,0.0023818518753823126,4,7,0.2906171605137439,664,399
Bathinda (Punjab),Muzaffarpur (Bihar),0.5030129093362417,0.5033766928836564,0.00036378354741473107,2,6,0.2904837193480432,468,90
Hanumangarh (Rajasthan),Rajkot (Gujarat),0.6746479340392845,0.6758922319605024,0.0012442979212179406,4,5,0.2904712868236725,503,164
Panipat (Haryana),Mungeli (Chhattisgarh),0.6136054314641359,0.6157970188732744,0.0021915874091384957,2,4,0.2904681786925798,188,125
Charkhi Dadri (Haryana),Chamarajanagar (Karnataka),0.662268649942359,0.6631766507698592,0.0009080008275001994,5,2,0.2904650705614875,174,257
Thiruvarur (Tamil Nadu),Balaghat (Madhya Pradesh),0.6652598045335716,0.667670099686371,0.0024102951527994465,3,4,0.29043660990797593,548,300
Bhadrak (Odisha),Kachchh (Gujarat),0.6285018118600061,0.6308309931297915,0.0023291812697854297,5,4,0.290391370978461,437,154
Sahibganj (Jharkhand),Banaskantha (Gujarat),0.4915194029001076,0.4963008550197879,0.004781452119680285,6,7,0.2903836614252271,247,143
Surendranagar (Gujarat),Aligarh (Uttar Pradesh),0.5634328485029255,0.5650034088490047,0.001570560346079164,7,6,0.2903595181937626,167,610
Mainpuri (Uttar Pradesh),Muktsar (Punjab),0.568895289905888,0.5710787043728279,0.002183414466939926,6,2,0.2903207795265268,659,480
Pauri Garhwal (Uttarakhand),Lunglei (Mizoram),0.5718034389962683,0.5732887556949391,0.0014853166986708022,1,7,0.29027471155083107,603,406
Pune (Maharashtra),Pauri Garhwal (Uttarakhand),0.5695950670503351,0.5718034389962683,0.002208371945933152,2,1,0.2900709013718599,371,603
Amreli (Gujarat),Bhadrak (Odisha),0.6277640591299071,0.6285018118600061,0.0007377527300990172,7,5,0.2900592750732429,140,437
Baloda Bazar (Chhattisgarh),Panipat (Haryana),0.6123529071017644,0.6136054314641359,0.0012525243623715543,4,2,0.2900530588110575,108,188
Dhule (Maharashtra),Bhagalpur (Bihar),0.4960445576865314,0.4992586742914566,0.00321411660492521,7,6,0.2900140565581283,354,74
Patan (Gujarat),Saraikela-Kharsawan (Jharkhand),0.6162509988002122,0.616462481401611,0.0002114826013988047,7,4,0.2899056596450044,162,248
Koppal (Karnataka),North  District (Sikkim),0.576640610517683,0.5783870304215633,0.0017464199038802475,4,2,0.28989448353601505,270,522
Cuttack (Odisha),Ahmedabad (Gujarat),0.6101285564233092,0.6115122730563761,0.0013837166330669115,5,7,0.2898901189895414,438,139
Visakhapatnam (Andhra Pradesh),Mungeli (Chhattisgarh),0.6144943794279588,0.6157970188732744,0.001302639445315612,0,4,0.2898839027273561,12,125
Mau (Uttar Pradesh),Sonitpur (Assam),0.5644118617753939,0.567253099795637,0.002841238020243053,7,4,0.28983744085525776,661,64
Sabarkantha (Gujarat),Daman (Dadra Nagar Haveli Daman Diu),0.5811770623719078,0.5812241237161601,4.7061344252252724e-05,4,7,0.2898195275376074,165,135
Nandurbar (Maharashtra),Faridkot (Punjab),0.5462944547399126,0.5493137797244805,0.003019324984567917,4,2,0.2898133112754221,366,469
Pilibhit (Uttar Pradesh),Murshidabad (West Bengal),0.581212656088848,0.5824404339686596,0.0012277778798116534,6,5,0.2897623778222155,666,694
Tehri Garhwal (Uttarakhand),West Godavari (Andhra Pradesh),0.6165700819796852,0.6194504564679654,0.0028803744882801574,4,0,0.2897147466436546,606,14
Udhampur (Jammu Kashmir),Barwani (Madhya Pradesh),0.607742250818872,0.6113329411038655,0.0035906902849934808,5,4,0.2896968641323721,225,301
Shupiyan (Jammu Kashmir),Krishnagiri (Tamil Nadu),0.6974771003573876,0.7001959065107234,0.002718806153335751,5,2,0.2894796232797229,223,535
Hailakandi (Assam),Hazaribagh (Jharkhand),0.5251338123791034,0.5290502917949998,0.003916479415896457,7,6,0.2894369883350352,50,235
Aurangabad (Bihar),Sangareddy (Telangana),0.5722484621574054,0.5747444584857997,0.0024959963283942566,6,0,0.28939197513171433,71,580
Agra (Uttar Pradesh),Warangal Rural (Telangana),0.5693897551156601,0.570568881862589,0.0011791267469288824,6,0,0.28937412317338346,609,585
Wanaparthy (Telangana),Ahmedabad (Gujarat),0.6096012702500649,0.6115122730563761,0.0019110028063111795,0,7,0.2893607483646422,584,139
Jaunpur (Uttar Pradesh),Pathankot (Punjab),0.6020142215498994,0.6034135963955222,0.0013993748456228028,6,2,0.2892312803516891,644,481
Mahasamund (Chhattisgarh),Sivaganga (Tamil Nadu),0.6652297253092238,0.6652436140933278,1.388878410402139e-05,4,3,0.2892296397458772,124,543
Dharmapuri (Tamil Nadu),Gadchiroli (Maharashtra),0.7012743841955407,0.7139386039552921,0.012664219759751405,2,5,0.28919630024577186,529,355
Nadia (West Bengal),Morbi (Gujarat),0.5976291120545132,0.5993121739167219,0.001683061862208679,5,7,0.2891911357242383,695,158
Bhavnagar (Gujarat),North West (NCT Delhi),0.5646549208695101,0.5674274907317932,0.0027725698622831363,7,2,0.2891460113338935,145,426
Dakshina Kannada (Karnataka),Pulwama (Jammu Kashmir),0.6577802952461034,0.6592939526135492,0.0015136573674457976,2,5,0.289015704845242,261,217
Amreli (Gujarat),Almora (Uttarakhand),0.6277640591299071,0.6285802830659845,0.0008162239360773871,7,2,0.288979351944299,140,596
Kozhikode (Kerala),Ramanagara (Karnataka),0.6576581655154256,0.6609584974779992,0.0033003319625736216,3,2,0.28859469534666693,287,274
Tiruppur (Tamil Nadu),Mumbai (Maharashtra),0.6940689441761417,0.6942391974004617,0.0001702532243199606,3,2,0.28845298818232523,552,362
West Tripura (Tripura),Haora (West Bengal),0.5954541872001088,0.5975916174702169,0.002137430270108154,5,2,0.28830386807790104,595,688
Khammam (Telangana),Ratnagiri (Maharashtra),0.5953169286270836,0.595614688959889,0.0002977603328053746,0,2,0.28829785949434816,566,373
Hojai (Assam),Lawngtlai (Mizoram),0.4957589714435058,0.4967239660613096,0.0009649946178038049,7,1,0.2882315186371843,51,405
Ambedkar Nagar (Uttar Pradesh),Biswanath (Assam),0.5531140838949603,0.5575263722900157,0.004412288395055364,7,4,0.2882157898245845,611,38
Theni (Tamil Nadu),Champawat (Uttarakhand),0.6665377207232718,0.6701354092117294,0.003597688488457651,3,4,0.2882140988079893,545,599
Tiruchirappalli (Tamil Nadu),Kulgam (Jammu Kashmir),0.6777059851640614,0.6803562664144548,0.0026502812503933493,3,5,0.2882134236846731,550,215
Kamareddy (Telangana),Muzaffarnagar (Uttar Pradesh),0.5681268201562975,0.5689726169262657,0.0008457967699682101,0,4,0.28820069710074564,564,665
Baksa (Assam),Rae Bareli (Uttar Pradesh),0.5546789533264843,0.5560668937765123,0.0013879404500279913,7,6,0.2881923117348579,36,669
Khordha (Odisha),Gariyaband (Chhattisgarh),0.6405908892956929,0.6435378299529959,0.0029469406573030543,5,4,0.28796813501016816,450,117
Bhojpur (Bihar),Papum Pare (Arunachal Pradesh),0.5082801785610377,0.5086785538333242,0.0003983752722864775,6,1,0.28794871304974046,75,28
Dhamtari (Chhattisgarh),Jharsuguda (Odisha),0.6809055687695142,0.6819979172247891,0.0010923484552748386,4,5,0.28785667927606906,115,445
Salem (Tamil Nadu),Hoshiarpur (Punjab),0.6400386946519365,0.6403501064554179,0.0003114118034813762,3,2,0.28779875752906114,542,474
West (NCT Delhi),Thiruvananthapuram (Kerala),0.5837111299401948,0.5866864716453845,0.002975341705189649,2,3,0.28778356625231905,431,291
Medchal-Malkajgiri (Telangana),Bagalkot (Karnataka),0.5867265015754589,0.5887594565885141,0.0020329550130552265,2,4,0.2877724017628246,572,250
Mamit (Mizoram),Rajanna Sircilla (Telangana),0.6054204224032614,0.6062464932280808,0.000826070824819336,7,0,0.2877507972123589,407,578
Siddipet (Telangana),Raichur (Karnataka),0.576072279100407,0.5764841057381199,0.0004118266377128865,0,6,0.2875933943116332,581,273
Mayurbhanj (Odisha),Baksa (Assam),0.5530306583911615,0.5546789533264843,0.0016482949353228138,4,7,0.28741494035587045,453,36
Khandwa (East Nimar) (Madhya Pradesh),Tiruchirappalli (Tamil Nadu),0.6775453920011983,0.6777059851640614,0.00016059316286309855,4,3,0.2872761031484861,320,550
Vizianagaram (Andhra Pradesh),Kodagu (Karnataka),0.6299959250914997,0.6315701594035719,0.0015742343120721536,0,2,0.28726137734086,13,268
Bhagalpur (Bihar),Kra Daadi (Arunachal Pradesh),0.4992586742914566,0.5043966087170257,0.005137934425569146,6,1,0.287236459878891,74,21
Dewas (Madhya Pradesh),North (NCT Delhi),0.6340693577033343,0.6379119657253207,0.003842608021986438,4,2,0.2872147029612432,310,424
Seoni (Madhya Pradesh),Kargil (Ladakh),0.6639191862913322,0.6663023673043793,0.002383181013047131,4,5,0.2872091293116229,335,294
Moradabad (Uttar Pradesh),Ghaziabad (Uttar Pradesh),0.5790694030819229,0.5822205192258598,0.0031511161439369273,4,2,0.28714721964040146,664,636
Charkhi Dadri (Haryana),Hassan (Karnataka),0.662268649942359,0.6633537371246797,0.0010850871823206987,5,2,0.2870455468775409,174,266
Barwani (Madhya Pradesh),Nagarkurnool (Telangana),0.6113329411038655,0.6127940827039419,0.0014611416000763766,4,0,0.2869656310323295,301,573
Jodhpur (Rajasthan),Sambalpur (Odisha),0.6635177450603194,0.6656495882211882,0.002131843160868896,4,5,0.28691862573647264,509,459
Gulbarga (Karnataka),Nirmal (Telangana),0.5829106810601363,0.5830144302496455,0.00010374918950917245,7,0,0.2868550145129672,265,575
Firozpur (Punjab),Koriya (Chhattisgarh),0.5910315228096771,0.5927426796634343,0.001711156853757223,2,4,0.2867330306130923,472,123
Mandya (Karnataka),Kulgam (Jammu Kashmir),0.6775128018249553,0.6803562664144548,0.002843464589499467,2,5,0.28673147685722833,271,215
Papum Pare (Arunachal Pradesh),Mathura (Uttar Pradesh),0.5086785538333242,0.5099315572465476,0.0012530034132234302,1,6,0.28672978388869164,28,660
Siddharthnagar (Uttar Pradesh),Pratapgarh (Uttar Pradesh),0.5375449361791741,0.5408407719956648,0.003295835816490733,6,7,0.286562110145447,678,667
Bargarh (Odisha),Durg (Chhattisgarh),0.6658288908547175,0.666493452848441,0.0006645619937234448,5,2,0.2864674871745022,435,116
Kanniyakumari (Tamil Nadu),Rudraprayag (Uttarakhand),0.6701520400566364,0.6709719991056451,0.0008199590490086672,3,5,0.28640879512417905,533,605
Raipur (Chhattisgarh),Hassan (Karnataka),0.6611237696697893,0.6633537371246797,0.002229967454890458,4,2,0.28611826460215867,128,266
Belgaum (Karnataka),Dhar (Madhya Pradesh),0.6363872598128987,0.6367391697457714,0.0003519099328727071,5,4,0.28607293725423333,253,311
Thoothukkudi (Tamil Nadu),Buldana (Maharashtra),0.66976112964725,0.6704718516297394,0.0007107219824894484,3,5,0.28605745895537404,549,352
Mirzapur (Uttar Pradesh),Korba (Chhattisgarh),0.5451979966385901,0.5454456444396144,0.0002476478010242644,6,1,0.2860236846830924,663,122
Khowai (Tripura),Ribhoi (Meghalaya),0.5359437239712328,0.5364926014562134,0.0005488774849805589,7,1,0.28597342985700785,590,395
Sahibzada Ajit Singh Nagar (Punjab),Sirsa (Haryana),0.6161397656930043,0.6180905332499609,0.0019507675569565563,2,5,0.2859600189233975,484,191
Purba Barddhaman (West Bengal),Reasi (Jammu Kashmir),0.5940871147200499,0.5946484721103774,0.0005613573903274771,5,4,0.28580807520826007,699,221
Jehanabad (Bihar),Bilaspur (Chhattisgarh),0.5413493679082522,0.5416005733462879,0.0002512054380356954,6,7,0.2857381891008665,81,113
Tikamgarh (Madhya Pradesh),Chitradurga (Karnataka),0.6547055535052939,0.656190652951112,0.0014850994458180944,4,2,0.28562792301817974,342,260
Seoni (Madhya Pradesh),Punch (Jammu Kashmir),0.6639191862913322,0.6651183483437413,0.0011991620524091084,4,5,0.28552147101330705,335,218
Karur (Tamil Nadu),Bhind (Madhya Pradesh),0.618621401264791,0.6199374051710351,0.0013160039062440898,3,7,0.285494473231245,534,303
Ramanagara (Karnataka),Raipur (Chhattisgarh),0.6609584974779992,0.6611237696697893,0.0001652721917900779,2,4,0.2854873903798148,274,128
Kolhapur (Maharashtra),Gwalior (Madhya Pradesh),0.6220221056822799,0.6248120134884311,0.0027899078061511817,3,4,0.28530383943193965,360,314
Bareilly (Uttar Pradesh),Golaghat (Assam),0.5779731761991597,0.5800115265110577,0.0020383503118980295,6,7,0.285303567086972,621,49
Darjeeling (West Bengal),Y.S.R. (Andhra Pradesh),0.6277852307611654,0.6285320769238938,0.000746846162728354,2,0,0.2852866205051623,687,15
Adilabad (Telangana),Muzaffarnagar (Uttar Pradesh),0.5651792934410328,0.5689726169262657,0.003793323485232869,0,4,0.28528093084072825,557,665
Bandipore (Jammu Kashmir),Mandsaur (Madhya Pradesh),0.6093950728107065,0.6116717142689331,0.0022766414582265915,5,4,0.28522419839020463,208,323
Khargone (West Nimar) (Madhya Pradesh),Tumkur (Karnataka),0.6500240629798173,0.6511404979410191,0.0011164349612018398,4,2,0.2850879804825766,321,276
Muzaffarpur (Bihar),Kra Daadi (Arunachal Pradesh),0.5033766928836564,0.5043966087170257,0.0010199158333693559,6,1,0.2848900316247178,90,21
Cuttack (Odisha),Nagarkurnool (Telangana),0.6101285564233092,0.6127940827039419,0.0026655262806326574,5,0,0.2848838153625325,438,573
Una (Himachal Pradesh),Thrissur (Kerala),0.5961232444868116,0.5967346497432651,0.0006114052564534234,2,3,0.284845831212561,205,292
Bageshwar (Uttarakhand),Salem (Tamil Nadu),0.6399951868637811,0.6400386946519365,4.3507788155427995e-05,4,3,0.2847914669929501,597,542
Vaishali (Bihar),Udalguri (Assam),0.4899202118949717,0.4951517335090582,0.005231521614086521,6,7,0.2847692236480059,106,67
North  District (Sikkim),Daman (Dadra Nagar Haveli Daman Diu),0.5783870304215633,0.5812241237161601,0.002837093294596804,2,7,0.2847517166922067,522,135
Jaipur (Rajasthan),Barmer (Rajasthan),0.6920365442344102,0.6927151750740909,0.0006786308396806717,5,4,0.28472709180320127,504,492
Karur (Tamil Nadu),Koch Bihar (West Bengal),0.618621401264791,0.6214241379618881,0.0028027366970970746,3,5,0.28471155114773816,534,691
Thane (Maharashtra),Udhampur (Jammu Kashmir),0.6060805519057342,0.607742250818872,0.0016616989131378324,2,5,0.2847043441240234,378,225
Kota (Rajasthan),Tiruppur (Tamil Nadu),0.6893776919132789,0.6940689441761417,0.004691252262862822,5,3,0.2846750455265876,511,552
Balod (Chhattisgarh),Chandrapur (Maharashtra),0.6930503463140847,0.6988029527251705,0.00575260641108577,4,5,0.2846223109092485,107,353
Chhindwara (Madhya Pradesh),Champhai (Mizoram),0.6452823017755954,0.6485637777845585,0.0032814760089631134,4,7,0.28454929982427823,307,403
Durg (Chhattisgarh),Balaghat (Madhya Pradesh),0.666493452848441,0.667670099686371,0.001176646837930062,2,4,0.2843794552425202,116,300
Tirap (Arunachal Pradesh),Muzaffarpur (Bihar),0.4994653936627229,0.5033766928836564,0.003911299220933473,1,6,0.2843648884450721,31,90
Gaya (Bihar),Faridkot (Punjab),0.5471831695106131,0.5493137797244805,0.002130610213867401,6,2,0.2842134072899112,78,469
Imphal West (Manipur),Khowai (Tripura),0.5315794318075068,0.5359437239712328,0.004364292163726025,2,7,0.2842102991588189,386,590
West Kameng (Arunachal Pradesh),Firozabad (Uttar Pradesh),0.5179377912186482,0.5217873282145864,0.003849536995938152,1,6,0.2841428816170268,34,634
Dimapur (Nagaland),Bhojpur (Bihar),0.5081114525870024,0.5082801785610377,0.00016872597403527756,1,6,0.28413349144469946,410,75
Osmanabad (Maharashtra),Dausa (Rajasthan),0.6523655238848746,0.6560621205035196,0.003696596618645076,5,4,0.28406935536283967,368,499
Banaskantha (Gujarat),Mewat (Haryana),0.4963008550197879,0.5027390367000252,0.006438181680237298,7,6,0.28405319188258976,143,185
Peren (Nagaland),Lakhisarai (Bihar),0.4837855938453878,0.4894797025960093,0.00569410875062154,1,6,0.28395800448413544,416,86
Firozpur (Punjab),Morena (Madhya Pradesh),0.5910315228096771,0.5940224825169502,0.002990959707273144,2,7,0.28392980566432907,472,324
Jayashankar Bhupalapally (Telangana),Ranchi (Jharkhand),0.5964416140723767,0.5981788579122136,0.0017372438398368661,0,4,0.28386237794024705,562,246
Komaram Bheem Asifabad (Telangana),Solapur (Maharashtra),0.5945788386573799,0.5974720665676315,0.0028932279102515945,4,2,0.2838164358800649,567,377
Kushinagar (Uttar Pradesh),Muktsar (Punjab),0.5706893182748405,0.5710787043728279,0.00038938609798744306,6,2,0.28374323661191814,653,480
Papum Pare (Arunachal Pradesh),Kheda (Gujarat),0.5086785538333242,0.5127736217674782,0.00409506793415404,1,7,0.28360708814104285,28,155
Cuddalore (Tamil Nadu),Akola (Maharashtra),0.6362685145095406,0.636782435808657,0.0005139212991164266,3,5,0.2835739717317683,528,347
Sheopur (Madhya Pradesh),Tinsukia (Assam),0.5484446667520376,0.5510818379745783,0.002637171222540702,4,7,0.2835421352647034,338,66
Jalandhar (Punjab),Nalgonda (Telangana),0.6130699049484553,0.6146733360275944,0.0016034310791391837,2,0,0.28352197005244106,475,574
Anugul (Odisha),Mahrajganj (Uttar Pradesh),0.6186095414613355,0.6197937865340101,0.0011842450726745612,5,4,0.2834947117027231,432,658
Sambalpur (Odisha),Durg (Chhattisgarh),0.6656495882211882,0.666493452848441,0.0008438646272527217,5,2,0.2833951585737662,459,116
Krishna (Andhra Pradesh),Ariyalur (Tamil Nadu),0.6395760867528305,0.6426558125601188,0.003079725807288325,0,3,0.28338005939577393,7,525
Kapurthala (Punjab),Sant Kabir Nagar (Uttar Pradesh),0.5837130637206458,0.5856732961486991,0.001960232428053321,2,4,0.2832326602297208,476,673
Maldah (West Bengal),Jhansi (Uttar Pradesh),0.592911623875736,0.5943051263989492,0.0013935025232131304,5,6,0.2832131284564177,693,645
Panna (Madhya Pradesh),Nashik (Maharashtra),0.5303739551013725,0.5339820340030678,0.003608078901695233,6,7,0.28320468704988744,327,367
Prayagraj (Uttar Pradesh),Puruliya (West Bengal),0.5304601415871453,0.5347510946330346,0.004290953045889334,6,7,0.28306577828241786,668,701
Baghpat (Uttar Pradesh),Uttar Dinajpur (West Bengal),0.5902397335878773,0.5920528413231617,0.001813107735284425,4,5,0.2830508888364383,615,703
Hingoli (Maharashtra),Nalgonda (Telangana),0.6145337772263525,0.6146733360275944,0.00013955880124194575,5,0,0.2830479634905564,357,574
Surguja (Chhattisgarh),Gorakhpur (Uttar Pradesh),0.5889599782204821,0.5908708384969082,0.001910860276426174,4,7,0.2830091619209155,132,639
Jyotiba Phule Nagar (Uttar Pradesh),Sabarkantha (Gujarat),0.57842636425749,0.5811770623719078,0.002750698114417749,6,4,0.2830018899169017,646,165
Nayagarh (Odisha),Bhilwara (Rajasthan),0.6530852131797468,0.6554087422902692,0.002323529110522471,5,4,0.28296794332014047,455,494
Sultanpur (Uttar Pradesh),Ramgarh (Jharkhand),0.5729014577031063,0.5745180989667685,0.001616641263662233,7,4,0.2829247220368115,681,245
Warangal Rural (Telangana),Bongaigaon (Assam),0.570568881862589,0.5717806394521604,0.0012117575895713717,0,7,0.2828850236690402,585,39
Siddipet (Telangana),Moradabad (Uttar Pradesh),0.576072279100407,0.5790694030819229,0.002997123981515859,0,4,0.2828051078238283,581,664
Nalbari (Assam),Sheikhpura (Bihar),0.545101444209938,0.5480413996766647,0.0029399554667266514,7,6,0.28273756026867525,62,101
Jayashankar Bhupalapally (Telangana),Patiala (Punjab),0.5964416140723767,0.5977967283070281,0.0013551142346514,0,2,0.2826346561840667,562,482
Yanam (Puducherry),Dewas (Madhya Pradesh),0.6334743660746895,0.6340693577033343,0.0005949916286447365,3,4,0.282623519215756,465,310
Etah (Uttar Pradesh),Jalna (Maharashtra),0.5222950252122243,0.5228645559096242,0.0005695306973999559,6,7,0.28255510613955787,629,359
Jagitial (Telangana),Deoria (Uttar Pradesh),0.583164001485113,0.5833881642400085,0.00022416275489545168,0,6,0.2825468034712908,560,628
Charkhi Dadri (Haryana),Vellore (Tamil Nadu),0.662268649942359,0.6635099147076206,0.0012412647652615405,5,3,0.2823713391557501,174,554
Tamenglong (Manipur),Udalguri (Assam),0.4906191604561812,0.4951517335090582,0.00453257305287702,1,7,0.28233335028189693,388,67
Rajouri (Jammu Kashmir),Banswara (Rajasthan),0.6312659493581732,0.6315079571694711,0.00024200781129790627,5,4,0.28231939649037185,219,490
Longleng (Nagaland),Unakoti (Tripura),0.4418840806834486,0.4559023185494986,0.014018237866049998,1,7,0.2822340871343653,413,594
Tumkur (Karnataka),Chamoli (Uttarakhand),0.6511404979410191,0.6547754728472361,0.0036349749062170034,2,5,0.28212226722683653,276,598
Bongaigaon (Assam),Yadgir (Karnataka),0.5717806394521604,0.5721075778301331,0.00032693837797270753,7,4,0.2821171754468784,39,279
Botad (Gujarat),Shivpuri (Madhya Pradesh),0.5904277946160063,0.5935356273826384,0.0031078327666321792,7,4,0.2820047538123069,146,339
Gurgaon (Haryana),Datia (Madhya Pradesh),0.6181459008413983,0.620697032795475,0.0025511319540766353,7,4,0.28195311114313526,177,309
Jaipur (Rajasthan),Tiruppur (Tamil Nadu),0.6920365442344102,0.6940689441761417,0.002032399941731544,5,3,0.2819442829888561,504,552
Hamirpur (Uttar Pradesh),Baudh (Odisha),0.6403719531105257,0.6432621961861913,0.002890243075665544,4,5,0.28191838581412165,640,436
Bikaner (Rajasthan),Dharwad (Karnataka),0.6472063448984126,0.6487172414165195,0.0015108965181069856,4,2,0.28184703481968754,495,263
Cuttack (Odisha),Mandsaur (Madhya Pradesh),0.6101285564233092,0.6116717142689331,0.001543157845623866,5,4,0.281795750857586,438,323
Ratlam (Madhya Pradesh),Panchkula (Haryana),0.6713953597362011,0.6715595403797427,0.00016418064354162265,4,2,0.28179390023991024,330,187
Dumka (Jharkhand),Cachar (Assam),0.5125131045123854,0.517274294156777,0.004761189644391539,6,7,0.2816618167261198,230,40
Patiala (Punjab),Kohima (Nagaland),0.5977967283070281,0.5994527038038355,0.0016559754968074047,2,1,0.28165257931036675,482,412
Viluppuram (Tamil Nadu),Jhajjar (Haryana),0.6843302055253363,0.6874648675448902,0.0031346620195539243,3,5,0.2815489506699348,555,179
Dungarpur (Rajasthan),Yavatmal (Maharashtra),0.6571541197225185,0.6577281938406109,0.0005740741180924047,4,5,0.2815083671215938,501,381
Purba Barddhaman (West Bengal),Lakhimpur (Assam),0.5940871147200499,0.5951017091141261,0.0010145943940761404,5,4,0.28150667130871765,699,58
Bhavnagar (Gujarat),Aligarh (Uttar Pradesh),0.5646549208695101,0.5650034088490047,0.00034848797949460497,7,6,0.28133537339618875,145,610
Rae Bareli (Uttar Pradesh),Paschim Barddhaman (West Bengal),0.5560668937765123,0.5581318329199485,0.0020649391434361952,6,7,0.281323108774718,669,697
Rampur (Uttar Pradesh),Lucknow (Uttar Pradesh),0.5565235730510867,0.5596752806475477,0.0031517075964609953,6,7,0.28097706247598464,670,655
Jehanabad (Bihar),Korba (Chhattisgarh),0.5413493679082522,0.5454456444396144,0.004096276531362242,6,1,0.2808777064925693,81,122
Vadodara (Gujarat),Birbhum (West Bengal),0.6011030397164948,0.6032778223476298,0.0021747826311350194,2,5,0.28086758318899163,170,685
Jogulamba Gadwal (Telangana),Jaunpur (Uttar Pradesh),0.5991838182749398,0.6020142215498994,0.0028304032749595365,0,6,0.2808447912041739,563,644
Raigarh (Chhattisgarh),Satara (Maharashtra),0.6261577290737865,0.6299115993029096,0.003753870229123102,4,2,0.2807814510815948,127,375
Ranchi (Jharkhand),Rupnagar (Punjab),0.5981788579122136,0.5994548640198827,0.001276006107669092,4,2,0.2806835621074264,246,483
Coimbatore (Tamil Nadu),Jhajjar (Haryana),0.6833960409683376,0.6874648675448902,0.004068826576552609,3,5,0.2806560583619203,527,179
Tawang (Arunachal Pradesh),Buxer (Bihar),0.5501315805475238,0.5507263030414423,0.0005947224939185647,1,6,0.28062472752226353,30,76
Wanaparthy (Telangana),Barwani (Madhya Pradesh),0.6096012702500649,0.6113329411038655,0.0017316708538005487,0,4,0.2805354872837741,584,301
North  & Middle Andaman (Andaman Nicobar Islands),Baleshwar (Odisha),0.6045210868167618,0.6053449012511959,0.0008238144344341336,2,5,0.28052383644417483,1,434
Lohit (Arunachal Pradesh),Warangal Rural (Telangana),0.5676374043618468,0.570568881862589,0.0029314775007421856,1,0,0.280501128234769,23,585
Mahoba (Uttar Pradesh),Sri Potti Sriramulu Nellore (Andhra Pradesh),0.5878582680893597,0.5888406206128463,0.0009823525234865516,4,0,0.28046198616791324,657,11
Baleshwar (Odisha),Mamit (Mizoram),0.6053449012511959,0.6054204224032614,7.552115206554966e-05,5,7,0.2803725474622579,434,407
Porbandar (Gujarat),Puducherry (Puducherry),0.6872467627338946,0.6904812405485269,0.003234477814632264,5,3,0.2803516239986427,163,464
Tonk (Rajasthan),Koch Bihar (West Bengal),0.6196361675267663,0.6214241379618881,0.0017879704351217995,4,5,0.27990899485095466,519,691
Muzaffarpur (Bihar),Papum Pare (Arunachal Pradesh),0.5033766928836564,0.5086785538333242,0.00530186094966778,6,1,0.27987751173552367,90,28
Bellary (Karnataka),Bhind (Madhya Pradesh),0.6190115409469475,0.6199374051710351,0.0009258642240875803,5,7,0.2798712954733382,254,303
Nalanda (Bihar),Sepahijala (Tripura),0.5188020120820503,0.5189066129456256,0.00010460086357522158,6,7,0.27979263673969873,91,592
Kendrapara (Odisha),Tarn Taran (Punjab),0.6033841852563524,0.6046349331150919,0.001250747858739465,5,2,0.2797909116728361,448,487
Kendrapara (Odisha),Rohtas (Bihar),0.6033841852563524,0.6041891557543503,0.0008049704979978811,5,6,0.27977968726659297,448,97
Pithoragarh (Uttarakhand),Ajmer (Rajasthan),0.6663413048928165,0.6690956335432382,0.002754328650421689,5,4,0.27974475747975197,604,488
Chittoor (Andhra Pradesh),Agar Malwa (Madhya Pradesh),0.6219657140314667,0.6234978310036305,0.0015321169721638217,0,4,0.2797021393896366,4,296
Deoria (Uttar Pradesh),Moga (Punjab),0.5833881642400085,0.5842512014457824,0.0008630372057738533,6,2,0.2796512097515366,628,479
Deoria (Uttar Pradesh),Jajapur (Odisha),0.5833881642400085,0.5858190871219754,0.0024309228819668904,6,5,0.2795659974612559,628,444
Korba (Chhattisgarh),Faridkot (Punjab),0.5454456444396144,0.5493137797244805,0.00386813528486607,1,2,0.27953919956812,122,469
South West Garo Hills (Meghalaya),Bokaro (Jharkhand),0.5481054420246365,0.5508386668623246,0.0027332248376881196,7,6,0.27951275949472165,397,226
Chamarajanagar (Karnataka),Kasaragod (Kerala),0.6631766507698592,0.6639031527136265,0.0007265019437673326,2,3,0.27947355259496004,257,284
Tarn Taran (Punjab),Baleshwar (Odisha),0.6046349331150919,0.6053449012511959,0.0007099681361040222,2,5,0.27946239185400124,487,434
Pauri Garhwal (Uttarakhand),Bijapur (Karnataka),0.5718034389962683,0.574116659112425,0.0023132201161567556,1,7,0.2794071614955778,603,256
Nuapada (Odisha),Fatehabad (Haryana),0.6621088080422652,0.6630335729374737,0.0009247648952084297,4,5,0.2793498288158174,456,176
Hyderabad (Telangana),Muzaffarnagar (Uttar Pradesh),0.5669547946838788,0.5689726169262657,0.002017822242386891,0,4,0.2793215059788364,559,665
Jhansi (Uttar Pradesh),Komaram Bheem Asifabad (Telangana),0.5943051263989492,0.5945788386573799,0.0002737122584307583,6,4,0.2792608542502128,645,567
Hailakandi (Assam),West Karbi Anglong (Assam),0.5251338123791034,0.5255371627386545,0.0004033503595510801,7,1,0.2790843563626616,50,68
Sehore (Madhya Pradesh),South Garo Hills (Meghalaya),0.5612584579715896,0.5612785669142928,2.010894270321195e-05,4,7,0.27891900447688045,334,396
Champawat (Uttarakhand),Tirunelveli (Tamil Nadu),0.6701354092117294,0.6703964716747624,0.0002610624630329239,4,3,0.2787826593881023,599,551
Anantnag (Jammu Kashmir),Bhilwara (Rajasthan),0.6538426862441498,0.6554087422902692,0.0015660560461194795,5,4,0.2786135033044008,206,494
Nuapada (Odisha),Charkhi Dadri (Haryana),0.6621088080422652,0.662268649942359,0.0001598419000937712,4,5,0.27840538125386743,456,174
Udham Singh Nagar (Uttarakhand),Ganderbal (Jammu Kashmir),0.6134415624578261,0.6156180406859235,0.0021764782280974115,2,5,0.27838095413257874,607,211
Bastar (Chhattisgarh),Kurung Kumey (Arunachal Pradesh),0.5290143249667706,0.5302289963683796,0.0012146714016090243,6,1,0.2783676887830767,110,22
Saharanpur (Uttar Pradesh),Cuttack (Odisha),0.6080198646540442,0.6101285564233092,0.002108691769264981,4,5,0.2783612321246387,671,438
Rampur (Uttar Pradesh),Davanagere (Karnataka),0.5565235730510867,0.5585972364013564,0.0020736633502697055,6,2,0.2783406828792466,670,262
Khowai (Tripura),Jamtara (Jharkhand),0.5359437239712328,0.5375374071573068,0.001593683186074002,7,6,0.2783249711969154,590,236
Perambalur (Tamil Nadu),Balangir (Odisha),0.6944526665930258,0.703682755123121,0.009230088530095104,3,5,0.2782504361147321,539,433
Viluppuram (Tamil Nadu),Jamnagar (Gujarat),0.6843302055253363,0.691475160302485,0.007144954777148715,3,5,0.27822178903657835,555,152
Raichur (Karnataka),Moradabad (Uttar Pradesh),0.5764841057381199,0.5790694030819229,0.0025852973438029725,6,4,0.278219698551638,273,664
Nandurbar (Maharashtra),Hardwar (Uttarakhand),0.5462944547399126,0.5495372676159836,0.0032428128760710884,4,2,0.2782129510088758,366,601
Virudhunagar (Tamil Nadu),Neemuch (Madhya Pradesh),0.6554314111620915,0.6558120357989872,0.0003806246368956989,3,4,0.278204259206713,556,326
Bargarh (Odisha),Ajmer (Rajasthan),0.6658288908547175,0.6690956335432382,0.003266742688520674,5,4,0.27819876515741304,435,488
Mon (Nagaland),Lakhisarai (Bihar),0.4807412993248657,0.4894797025960093,0.008738403271143613,1,6,0.27818686031371903,415,86
Gadag (Karnataka),Ghaziabad (Uttar Pradesh),0.577983474830983,0.5822205192258598,0.004237044394876821,7,2,0.27802508988876184,264,636
Faizabad (Uttar Pradesh),Chitrakoot (Uttar Pradesh),0.5278389324405923,0.5291994636069064,0.0013605311663140718,7,6,0.27801427989986194,631,627
Jehanabad (Bihar),Lower Subansiri (Arunachal Pradesh),0.5413493679082522,0.5432199159722674,0.0018705480640152095,6,1,0.2779564135872019,81,26
Bhavnagar (Gujarat),Sonitpur (Assam),0.5646549208695101,0.567253099795637,0.002598178926126904,7,4,0.2779035850907719,145,64
Begusarai (Bihar),Bathinda (Punjab),0.4997559267440938,0.5030129093362417,0.00325698259214785,6,2,0.27788182817312324,73,468
Baleshwar (Odisha),Thanjavur (Tamil Nadu),0.6053449012511959,0.6071338954044341,0.0017889941532381881,5,3,0.27787250377984585,434,544
Kannauj (Uttar Pradesh),Morigaon (Assam),0.5773254205592606,0.5773622017693061,3.678121004546675e-05,6,4,0.2778461878218055,647,60
Ernakulam (Kerala),South West (NCT Delhi),0.6464996536428517,0.6474000645815928,0.0009004109387411585,3,2,0.27778786428930324,281,430
Tiruvannamalai (Tamil Nadu),Shupiyan (Jammu Kashmir),0.6942683587562607,0.6974771003573876,0.003208741601126941,3,5,0.2777085982360575,553,223
Tapi (Gujarat),Shimoga (Karnataka),0.6390642053517559,0.6410490550646011,0.0019848497128451825,5,2,0.27770645582723696,168,275
Puri (Odisha),Ramanathapuram (Tamil Nadu),0.6678777883726063,0.6699689901058209,0.0020912017332146426,5,3,0.2776971314339588,457,541
Nalgonda (Telangana),Ganderbal (Jammu Kashmir),0.6146733360275944,0.6156180406859235,0.0009447046583290764,0,5,0.2775804291735067,574,211
Dadra & Nagar Haveli (Dadra Nagar Haveli Daman Diu),Tirunelveli (Tamil Nadu),0.6684957340399668,0.6703964716747624,0.0019007376347955907,5,3,0.2775576304915165,134,551
Kokrajhar (Assam),Sawai Madhopur (Rajasthan),0.5510433848165688,0.553035693677917,0.0019923088613482687,7,6,0.27755171608580015,57,516
Lalitpur (Uttar Pradesh),Mahoba (Uttar Pradesh),0.5843267584302546,0.5878582680893597,0.003531509659105092,6,4,0.2775341916124426,654,657
Medak (Telangana),Paschim Barddhaman (West Bengal),0.554214999427319,0.5581318329199485,0.003916833492629501,0,7,0.2774994053533301,571,697
Tuensang (Nagaland),Pashchim Champaran (Bihar),0.4247511371685928,0.4443335322913526,0.019582395122759777,1,6,0.2772841291154483,418,93
Jalaun (Uttar Pradesh),Firozpur (Punjab),0.5889928583982545,0.5910315228096771,0.0020386644114225305,6,2,0.27727401985219247,643,472
Darjeeling (West Bengal),Bhadrak (Odisha),0.6277852307611654,0.6285018118600061,0.0007165810988406518,2,5,0.27719898757613226,687,437
Fazilka (Punjab),Kamareddy (Telangana),0.564729868314826,0.5681268201562975,0.003396951841471485,2,0,0.2771098207779732,471,564
Cuddalore (Tamil Nadu),Rajsamand (Rajasthan),0.6362685145095406,0.6362940658274208,2.555131788017917e-05,3,4,0.27704420535945085,528,515
Kamrup (Assam),Chatra (Jharkhand),0.5018776441796813,0.5063817365684526,0.0045040923887713635,7,6,0.277042264016801,53,227
Mainpuri (Uttar Pradesh),Bongaigaon (Assam),0.568895289905888,0.5717806394521604,0.0028853495462723977,6,7,0.277018961231033,659,39
Baudh (Odisha),Gariyaband (Chhattisgarh),0.6432621961861913,0.6435378299529959,0.00027563376680461715,5,4,0.27688654984993455,436,117
Dimapur (Nagaland),Kheda (Gujarat),0.5081114525870024,0.5127736217674782,0.004662169180475795,1,7,0.2768762160641919,410,155
Kodarma (Jharkhand),Kokrajhar (Assam),0.550768549203547,0.5510433848165688,0.0002748356130217733,6,7,0.27676131499897855,238,57
West District (Sikkim),Ganjam (Odisha),0.6232654278072491,0.6241511160919777,0.0008856882847285696,2,5,0.2767571267337282,524,442
Burhanpur (Madhya Pradesh),Lahul and Spiti (Himachal Pradesh),0.6947213392128421,0.6999303134548227,0.005208974241980635,4,5,0.27675432528260574,305,200
Ahmedabad (Gujarat),Sangli (Maharashtra),0.6115122730563761,0.6115229397631894,1.066670681326709e-05,7,2,0.27664133985045924,139,374
Dadra & Nagar Haveli (Dadra Nagar Haveli Daman Diu),Champawat (Uttarakhand),0.6684957340399668,0.6701354092117294,0.0016396751717626667,5,4,0.27655878151061886,134,599
Samba (Jammu Kashmir),South Andaman (Andaman Nicobar Islands),0.6480853208768629,0.6493700005635843,0.0012846796867214128,5,2,0.27654371141039724,222,2
Muktsar (Punjab),Chirang (Assam),0.5710787043728279,0.5718955218842484,0.0008168175114204868,2,4,0.2765303124521199,480,42
Aurangabad (Bihar),Anand (Gujarat),0.5722484621574054,0.5755256980640651,0.0032772359066596257,6,7,0.2764796408275574,71,141
Mumbai (Maharashtra),Perambalur (Tamil Nadu),0.6942391974004617,0.6944526665930258,0.00021346919256415298,2,3,0.27639672676448723,362,539
Moradabad (Uttar Pradesh),Daman (Dadra Nagar Haveli Daman Diu),0.5790694030819229,0.5812241237161601,0.0021547206342371616,4,7,0.27637807220636523,664,135
Firozpur (Punjab),Purba Barddhaman (West Bengal),0.5910315228096771,0.5940871147200499,0.003055591910372857,2,5,0.2763749640752725,472,699
Dhar (Madhya Pradesh),Raigarh (Maharashtra),0.6367391697457714,0.6389432563970624,0.002204086651291015,4,2,0.2763147878444825,311,372
Anantapur (Andhra Pradesh),Agar Malwa (Madhya Pradesh),0.6223885849222722,0.6234978310036305,0.0011092460813583171,0,4,0.2762795075745976,3,296
Sirsa (Haryana),Karur (Tamil Nadu),0.6180905332499609,0.618621401264791,0.0005308680148301548,5,3,0.2762324292671092,191,534
Korba (Chhattisgarh),Damoh (Madhya Pradesh),0.5454456444396144,0.5469188509812621,0.0014732065416477313,1,4,0.27621217489324057,122,308
Hingoli (Maharashtra),Sahibzada Ajit Singh Nagar (Punjab),0.6145337772263525,0.6161397656930043,0.001605988466651831,5,2,0.2761955643269994,357,484
Alirajpur (Madhya Pradesh),Dhaulpur (Rajasthan),0.6036400618582448,0.6038876459255225,0.0002475840672776508,4,6,0.276173271485716,297,500
Sheopur (Madhya Pradesh),Kokrajhar (Assam),0.5484446667520376,0.5510433848165688,0.002598718064531158,4,7,0.2761213589938587,338,57
Doda (Jammu Kashmir),South Garo Hills (Meghalaya),0.5601382202342384,0.5612785669142928,0.0011403466800543605,1,7,0.2759945108937874,210,396
Champawat (Uttarakhand),Kanniyakumari (Tamil Nadu),0.6701354092117294,0.6701520400566364,1.663084490699518e-05,4,3,0.27595511709231557,599,533
Gopalganj (Bihar),East Garo Hills (Meghalaya),0.5362337537959717,0.5378665330400021,0.00163277924403038,6,1,0.2759390299374391,79,391
Farrukhabad (Uttar Pradesh),Koppal (Karnataka),0.5742050588067394,0.576640610517683,0.002435551710943562,6,4,0.27586664985940523,632,270
Tumkur (Karnataka),Anantnag (Jammu Kashmir),0.6511404979410191,0.6538426862441498,0.002702188303130626,2,5,0.27579262568982665,276,206
Hardwar (Uttarakhand),Purba Medinipur (West Bengal),0.5495372676159836,0.5512445708507836,0.0017073032347999506,2,7,0.27578136371677087,601,700
Ganjam (Odisha),Kangra (Himachal Pradesh),0.6241511160919777,0.6274784395330102,0.0033273234410324815,5,2,0.27575734402595087,442,197
Vizianagaram (Andhra Pradesh),East (NCT Delhi),0.6299959250914997,0.6323810702518,0.002385145160300306,0,2,0.27570924536275987,13,422
Puri (Odisha),Karaikal (Puducherry),0.6678777883726063,0.6705526372558456,0.0026748488832393225,5,3,0.2756952316093737,457,462
Khandwa (East Nimar) (Madhya Pradesh),Mysore (Karnataka),0.6775453920011983,0.6797090115153347,0.00216361951413635,4,2,0.2756122076330696,320,272
Baksa (Assam),Rewa (Madhya Pradesh),0.5546789533264843,0.5585230867517468,0.0038441334252624637,7,6,0.2755866940565412,36,331
Sivaganga (Tamil Nadu),Bargarh (Odisha),0.6652436140933278,0.6658288908547175,0.0005852767613897525,3,5,0.27553229178785743,543,435
Bhiwani (Haryana),Tumkur (Karnataka),0.6507866303457372,0.6511404979410191,0.00035386759528188705,4,2,0.2755260755256722,173,276
Faridkot (Punjab),Buxer (Bihar),0.5493137797244805,0.5507263030414423,0.0014125233169618445,2,6,0.2754217278104812,469,76
Kannauj (Uttar Pradesh),Golaghat (Assam),0.5773254205592606,0.5800115265110577,0.0026861059517970798,6,7,0.2754127586961098,647,49
Sant Ravidas Nagar (Bhadohi) (Uttar Pradesh),Bharuch (Gujarat),0.5326946214173487,0.5327067347321826,1.2113314833861466e-05,6,7,0.2754031026024223,674,144
Kaimur (Bhabua) (Bihar),Birbhum (West Bengal),0.6024071008423451,0.6032778223476298,0.0008707215052847772,6,5,0.2753921028283325,82,685
Amethi (Uttar Pradesh),Sonitpur (Assam),0.564625514693985,0.567253099795637,0.0026275851016519525,6,4,0.2753172015457644,612,64
Balaghat (Madhya Pradesh),Dadra & Nagar Haveli (Dadra Nagar Haveli Daman Diu),0.667670099686371,0.6684957340399668,0.0008256343535957278,4,5,0.2749480158226335,300,134
Udupi (Karnataka),Akola (Maharashtra),0.6354611671951724,0.636782435808657,0.001321268613484583,2,5,0.27483412519548267,277,347
Bhiwani (Haryana),Chamoli (Uttarakhand),0.6507866303457372,0.6547754728472361,0.00398884250149889,4,5,0.27483335478233567,173,598
Daman (Dadra Nagar Haveli Daman Diu),Nirmal (Telangana),0.5812241237161601,0.5830144302496455,0.0017903065334854418,7,0,0.2748242042730991,135,575
Dhar (Madhya Pradesh),Salem (Tamil Nadu),0.6367391697457714,0.6400386946519365,0.003299524906165141,4,3,0.27478507600111735,311,542
Shajapur (Madhya Pradesh),Mandya (Karnataka),0.6723226209445383,0.6775128018249553,0.005190180880417006,4,2,0.2746865113693495,337,271
South West (NCT Delhi),Namakkal (Tamil Nadu),0.6474000645815928,0.6502132158350205,0.002813151253427626,2,3,0.2746608261502679,430,538
Kota (Rajasthan),Baran (Rajasthan),0.6893776919132789,0.6913837237022566,0.0020060317889777357,5,4,0.2746178885299266,511,491
Panchkula (Haryana),Mahe (Puducherry),0.6715595403797427,0.6756286015987577,0.004069061219014958,2,3,0.2745122860981666,187,463
Nizamabad (Telangana),Mahoba (Uttar Pradesh),0.5845496519564554,0.5878582680893597,0.0033086161329043406,0,4,0.27446541262027,576,657
Uttara Kannada (Karnataka),Yanam (Puducherry),0.6332133153387611,0.6334743660746895,0.0002610507359284142,2,3,0.274460543108279,278,465
Tuensang (Nagaland),Katihar (Bihar),0.4247511371685928,0.4397450339020589,0.014993896733466072,1,6,0.27438626344132133,418,83
Siddipet (Telangana),Koppal (Karnataka),0.576072279100407,0.576640610517683,0.000568331417275969,0,4,0.2743606317263172,581,270
Mandla (Madhya Pradesh),Bhadrak (Odisha),0.62609748852888,0.6285018118600061,0.002404323331126057,4,5,0.27430034898989186,322,437
Panchkula (Haryana),Shajapur (Madhya Pradesh),0.6715595403797427,0.6723226209445383,0.0007630805647955707,2,4,0.27419294582539333,187,337
Seoni (Madhya Pradesh),Bargarh (Odisha),0.6639191862913322,0.6658288908547175,0.0019097045633853504,4,5,0.27417650711351615,335,435
Chikkaballapura (Karnataka),Jind (Haryana),0.6497969279950385,0.650275788085538,0.00047886009049946665,2,5,0.27410845166631115,258,180
Bangalore Rural (Karnataka),Viluppuram (Tamil Nadu),0.6815763663272233,0.6843302055253363,0.002753839198113006,2,3,0.27406102717690195,252,555
Imphal West (Manipur),Nashik (Maharashtra),0.5315794318075068,0.5339820340030678,0.0024026021955609878,2,7,0.273996273566085,386,367
Patiala (Punjab),Ranchi (Jharkhand),0.5977967283070281,0.5981788579122136,0.0003821296051854661,2,4,0.2739791924823278,482,246
Nandurbar (Maharashtra),Vikarabad (Telangana),0.5462944547399126,0.5479012033304308,0.0016067485905182366,4,0,0.2739548362380724,366,583
Meerut (Uttar Pradesh),Dhaulpur (Rajasthan),0.6029655093119133,0.6038876459255225,0.0009221366136091813,2,6,0.27391687686079425,662,500
Lohardaga (Jharkhand),Bellary (Karnataka),0.6165784713759043,0.6190115409469475,0.002433069571043278,4,5,0.2739112523748085,240,254
Ariyalur (Tamil Nadu),Dakshin Dinajpur (West Bengal),0.6426558125601188,0.6451161454710429,0.002460332910924068,3,5,0.2738799292407702,525,686
Ranchi (Jharkhand),Kohima (Nagaland),0.5981788579122136,0.5994527038038355,0.0012738458916219386,4,1,0.27384465114788137,246,412
Jodhpur (Rajasthan),Bargarh (Odisha),0.6635177450603194,0.6658288908547175,0.002311145794398173,4,5,0.2738239441169389,509,435
Debagarh (Odisha),Karauli (Rajasthan),0.6327405043885695,0.6333875236079991,0.0006470192194295565,5,4,0.27364055174024865,439,510
Mancherial (Telangana),Paschim Barddhaman (West Bengal),0.5576243074206787,0.5581318329199485,0.0005075254992698008,0,7,0.2736196322017618,570,697
Kaimur (Bhabua) (Bihar),Meerut (Uttar Pradesh),0.6024071008423451,0.6029655093119133,0.0005584084695682279,6,2,0.2736165240706693,82,662
Panchkula (Haryana),Hanumangarh (Rajasthan),0.6715595403797427,0.6746479340392845,0.0030883936595417216,2,4,0.27361030780848417,187,503
Ramanathapuram (Tamil Nadu),Rudraprayag (Uttarakhand),0.6699689901058209,0.6709719991056451,0.0010030089998241953,3,5,0.27360719967739155,541,605
Sivaganga (Tamil Nadu),Balaghat (Madhya Pradesh),0.6652436140933278,0.667670099686371,0.0024264855930432594,3,4,0.2734442598558754,543,300
Gwalior (Madhya Pradesh),Kangra (Himachal Pradesh),0.6248120134884311,0.6274784395330102,0.0026664260445791177,4,2,0.27342043789489107,314,197
Kanpur Dehat (Uttar Pradesh),Pratapgarh (Uttar Pradesh),0.5391235386623688,0.5408407719956648,0.0017172333332959866,6,7,0.2734140741081453,648,667
Jalaun (Uttar Pradesh),Panchmahal (Gujarat),0.5889928583982545,0.5913536277689985,0.0023607693707439203,6,4,0.27336970609284406,643,161
Nashik (Maharashtra),Gopalganj (Bihar),0.5339820340030678,0.5362337537959717,0.00225171979290395,7,6,0.27333457642858894,367,79
Ranga Reddy (Telangana),Deoria (Uttar Pradesh),0.5827242602756657,0.5833881642400085,0.0006639039643427935,0,6,0.27329375255872934,579,628
Rajanna Sircilla (Telangana),Kolasib (Mizoram),0.6062464932280808,0.607309295112654,0.0010628018845731946,0,7,0.2732905276127515,578,404
Nagpur (Maharashtra),Kinnaur (Himachal Pradesh),0.6912908903648683,0.6916795685066438,0.0003886781417754559,2,5,0.2732530542934959,364,198
Mahisagar (Gujarat),Jagatsinghapur (Odisha),0.621732842440813,0.6233386321425246,0.0016057897017116574,4,5,0.27324439027854897,157,443
Palghar (Maharashtra),Ujjain (Madhya Pradesh),0.6592991943540649,0.6629486614307127,0.0036494670766478166,5,4,0.27320134529367185,369,343
Hojai (Assam),Begusarai (Bihar),0.4957589714435058,0.4997559267440938,0.003996955300588023,7,6,0.27308169288007406,51,73
Sonipat (Haryana),Shahid Bhagat Singh Nagar (Punjab),0.643564758826162,0.6460531466291178,0.0024883878029557938,5,2,0.27306702192977594,192,486
Jalpaiguri (West Bengal),Champhai (Mizoram),0.6469286912935668,0.6485637777845585,0.001635086490991755,5,7,0.27303535623653796,690,403
Tiruppur (Tamil Nadu),Lahul and Spiti (Himachal Pradesh),0.6940689441761417,0.6999303134548227,0.005861369278680972,3,5,0.2729723589473251,552,200
Bankura (West Bengal),Biswanath (Assam),0.555658414045892,0.5575263722900157,0.0018679582441236686,7,4,0.27284287475838453,684,38
Mau (Uttar Pradesh),Adilabad (Telangana),0.5644118617753939,0.5651792934410328,0.0007674316656388624,7,0,0.27279560870090247,661,557
Kamrup Metropolitan (Assam),Lower Subansiri (Arunachal Pradesh),0.5423008528057629,0.5432199159722674,0.0009190631665044746,7,1,0.272668531930502,54,26
Kendrapara (Odisha),North  & Middle Andaman (Andaman Nicobar Islands),0.6033841852563524,0.6045210868167618,0.0011369015604093535,5,2,0.2725407314922625,448,1
Morena (Madhya Pradesh),Komaram Bheem Asifabad (Telangana),0.5940224825169502,0.5945788386573799,0.0005563561404297035,7,4,0.27251545546106315,324,567
Moga (Punjab),Mahabubabad (Telangana),0.5842512014457824,0.5882324003769902,0.003981198931207852,2,0,0.272318280497435,479,568
Begusarai (Bihar),Kra Daadi (Arunachal Pradesh),0.4997559267440938,0.5043966087170257,0.004640681972931937,6,1,0.2722881404497979,73,21
Bhopal (Madhya Pradesh),Chamoli (Uttarakhand),0.6521475048191842,0.6547754728472361,0.0026279680280519857,2,5,0.27218957581803016,304,598
Buldana (Maharashtra),Ratlam (Madhya Pradesh),0.6704718516297394,0.6713953597362011,0.0009235081064616901,5,4,0.27204050841924754,352,330
Bandipore (Jammu Kashmir),Churu (Rajasthan),0.6093950728107065,0.6118078092317436,0.0024127364210371205,5,4,0.27203285225869944,208,498
Lower Subansiri (Arunachal Pradesh),Nandurbar (Maharashtra),0.5432199159722674,0.5462944547399126,0.003074538767645185,1,4,0.27201393915537353,26,366
Ajmer (Rajasthan),Rudraprayag (Uttarakhand),0.6690956335432382,0.6709719991056451,0.0018763655624068898,4,5,0.27192739593483584,488,605
Purba Barddhaman (West Bengal),Jashpur (Chhattisgarh),0.5940871147200499,0.594422859419927,0.0003357446998770719,5,4,0.27179273719175645,699,119
Morbi (Gujarat),Satna (Madhya Pradesh),0.5993121739167219,0.6000429984728318,0.0007308245561099547,7,4,0.27169764822238895,158,333
Karaikal (Puducherry),Rudraprayag (Uttarakhand),0.6705526372558456,0.6709719991056451,0.0004193618497995155,3,5,0.27160529985280646,462,605
Kodarma (Jharkhand),Ambedkar Nagar (Uttar Pradesh),0.550768549203547,0.5531140838949603,0.002345534691413298,6,7,0.2715279014067344,238,611
Nagarkurnool (Telangana),Panipat (Haryana),0.6127940827039419,0.6136054314641359,0.0008113487601940639,0,2,0.2714358568268075,573,188
Jhajjar (Haryana),Nagpur (Maharashtra),0.6874648675448902,0.6912908903648683,0.0038260228199781254,5,2,0.271412374727405,179,364
Hamirpur (Himachal Pradesh),Cuttack (Odisha),0.6099047333749509,0.6101285564233092,0.00022382304835832922,2,5,0.2714082405002395,196,438
Kachchh (Gujarat),East (NCT Delhi),0.6308309931297915,0.6323810702518,0.0015500771220084975,4,2,0.27138750351963814,154,422
Guntur (Andhra Pradesh),Ahmadnagar (Maharashtra),0.6065078687009482,0.6092011203568894,0.0026932516559412534,0,5,0.27138365807423803,6,346
Panchmahal (Gujarat),Gautam Buddha Nagar (Uttar Pradesh),0.5913536277689985,0.594192248636629,0.002838620867630537,4,2,0.2713717685793562,161,635
Peddapalli (Telangana),Kolkata (West Bengal),0.5984637429472833,0.6000909016536673,0.0016271587063839688,0,2,0.2713443985140216,577,692
Ajmer (Rajasthan),Tirunelveli (Tamil Nadu),0.6690956335432382,0.6703964716747624,0.0013008381315241513,4,3,0.27129827342367735,488,551
Rohtas (Bihar),Thane (Maharashtra),0.6041891557543503,0.6060805519057342,0.001891396151383895,6,2,0.27126003362647255,97,378
Kalahandi (Odisha),Kaithal (Haryana),0.6499282685267391,0.6506589101834515,0.0007306416567123275,4,5,0.2712579805314087,446,181
Imphal East (Manipur),Tirap (Arunachal Pradesh),0.4942096667997809,0.4994653936627229,0.005255726862942012,7,1,0.2712098656805828,385,31
Koch Bihar (West Bengal),West District (Sikkim),0.6214241379618881,0.6232654278072491,0.0018412898453610271,5,2,0.27119017997128403,691,524
Dimapur (Nagaland),Mathura (Uttar Pradesh),0.5081114525870024,0.5099315572465476,0.0018201046595451853,1,6,0.2711699607175033,410,660
Uttar Bastar Kanker (Chhattisgarh),Kota (Rajasthan),0.6822053866926029,0.6893776919132789,0.007172305220676023,4,5,0.2711040478638871,133,511
Arwal (Bihar),Pratapgarh (Uttar Pradesh),0.5406405398033195,0.5408407719956648,0.00020023219234532874,6,7,0.27110094923433853,70,667
Dhule (Maharashtra),Bishnupur (Manipur),0.4960445576865314,0.4995255315678477,0.003480973881316296,7,1,0.27089315348082643,354,382
Sahibzada Ajit Singh Nagar (Punjab),Purbi Singhbhum (Jharkhand),0.6161397656930043,0.616579225856088,0.0004394601630837158,2,5,0.27078749261413193,484,244
Pithoragarh (Uttarakhand),Thoothukkudi (Tamil Nadu),0.6663413048928165,0.66976112964725,0.003419824754433476,5,3,0.2707719519586693,604,549
Tapi (Gujarat),Salem (Tamil Nadu),0.6390642053517559,0.6400386946519365,0.0009744893001806254,5,3,0.2706951442445501,168,542
Subarnapur (Odisha),Krishnagiri (Tamil Nadu),0.6944345022927537,0.7001959065107234,0.005761404217969668,5,2,0.27068892798236455,460,535
Sabarkantha (Gujarat),West Garo Hills (Meghalaya),0.5811770623719078,0.5814512549573052,0.00027419258539740365,4,7,0.27064323630844367,165,399
Bhopal (Madhya Pradesh),Nayagarh (Odisha),0.6521475048191842,0.6530852131797468,0.0009377083605626169,2,5,0.2706090121371527,304,455
Baghpat (Uttar Pradesh),Ludhiana (Punjab),0.5902397335878773,0.5911273712162664,0.0008876376283890597,4,2,0.27055749203964224,615,477
Sabarkantha (Gujarat),Nirmal (Telangana),0.5811770623719078,0.5830144302496455,0.0018373678777376945,4,0,0.27053842068521883,165,575
Sheikhpura (Bihar),Faridkot (Punjab),0.5480413996766647,0.5493137797244805,0.0012723800478158243,6,2,0.2704941711643411,101,469
Karnal (Haryana),The Nilgiris (Tamil Nadu),0.720114871613868,0.7259723273401781,0.0058574557263101346,5,3,0.27046607386229216,182,546
Bhadrak (Odisha),Varanasi (Uttar Pradesh),0.6285018118600061,0.6303802089488186,0.0018783970888125445,5,4,0.27043363979126633,437,683
Nalbari (Assam),Vikarabad (Telangana),0.545101444209938,0.5479012033304308,0.002799759120492795,7,0,0.27038003871834543,62,583
Sonipat (Haryana),Pudukkottai (Tamil Nadu),0.643564758826162,0.6450037387232739,0.0014389798971118362,5,3,0.2702364075531024,192,540
Hugli (West Bengal),Peddapalli (Telangana),0.5984410606319169,0.5984637429472833,2.2682315366395756e-05,5,0,0.2701907841245378,689,577
Krishnagiri (Tamil Nadu),Mandi (Himachal Pradesh),0.7001959065107234,0.7049913264960624,0.0047954199853390556,2,5,0.27018456786235256,535,201
Hazaribagh (Jharkhand),Darrang (Assam),0.5290502917949998,0.5314317022286554,0.002381410433655584,6,7,0.27015936931178086,235,43
Mumbai (Maharashtra),Chandrapur (Maharashtra),0.6942391974004617,0.6988029527251705,0.0045637553247087626,2,5,0.2701168428519676,362,353
Gorakhpur (Uttar Pradesh),Shivpuri (Madhya Pradesh),0.5908708384969082,0.5935356273826384,0.002664788885730185,7,4,0.27005321913203023,639,339
Patna (Bihar),Imphal East (Manipur),0.4883729469882428,0.4942096667997809,0.005836719811538105,6,7,0.2700422858782028,94,385
Vaishali (Bihar),Imphal East (Manipur),0.4899202118949717,0.4942096667997809,0.004289454904809198,6,7,0.26994482032671696,106,385
Sirsa (Haryana),Ambala (Haryana),0.6180905332499609,0.6194921540666987,0.0014016208167377808,5,2,0.26991295954485367,191,172
Bhavnagar (Gujarat),Chandauli (Uttar Pradesh),0.5646549208695101,0.5661051006235265,0.0014501797540164008,7,6,0.26983029656134705,145,626
Jalaun (Uttar Pradesh),Uttar Dinajpur (West Bengal),0.5889928583982545,0.5920528413231617,0.0030599829249071675,6,5,0.26980819901963315,643,703
Hardoi (Uttar Pradesh),Darrang (Assam),0.5299301064663668,0.5314317022286554,0.0015015957622885878,6,7,0.2697486477353963,642,43
Dhule (Maharashtra),Tirap (Arunachal Pradesh),0.4960445576865314,0.4994653936627229,0.0034208359761915275,7,1,0.2696484005945934,354,31
West Garo Hills (Meghalaya),Deoria (Uttar Pradesh),0.5814512549573052,0.5833881642400085,0.0019369092827032919,7,6,0.2694757668574119,399,628
Alwar (Rajasthan),Vikarabad (Telangana),0.5440057676076354,0.5479012033304308,0.0038954357227953817,6,0,0.269440460206705,489,583
Siddipet (Telangana),Amritsar (Punjab),0.576072279100407,0.5777086174221775,0.0016363383217704586,0,2,0.26937541729940817,581,466
Latehar (Jharkhand),Dahod (Gujarat),0.5596472793810376,0.5610139470745242,0.0013666676934865896,6,4,0.2693576884858862,239,148
Kabeerdham (Chhattisgarh),Badgam (Jammu Kashmir),0.6700124120226517,0.6705047263195352,0.000492314296883456,4,5,0.2693512199682154,120,207
Bijapur (Karnataka),Sangareddy (Telangana),0.574116659112425,0.5747444584857997,0.000627799373374649,7,0,0.26911346872595976,256,580
Kullu (Himachal Pradesh),Dharmapuri (Tamil Nadu),0.7007952233880164,0.7012743841955407,0.0004791608075243037,5,2,0.26905108162192,199,529
Tirunelveli (Tamil Nadu),Badgam (Jammu Kashmir),0.6703964716747624,0.6705047263195352,0.00010825464477282054,3,5,0.26904888282454525,551,207
Hamirpur (Himachal Pradesh),Junagadh (Gujarat),0.6099047333749509,0.6104244415494103,0.0005197081744594545,2,5,0.26898410394527417,196,153
North West (NCT Delhi),Muzaffarnagar (Uttar Pradesh),0.5674274907317932,0.5689726169262657,0.001545126194472446,2,4,0.26885929237257367,426,665
Shimoga (Karnataka),Pudukkottai (Tamil Nadu),0.6410490550646011,0.6450037387232739,0.003954683658672797,2,3,0.26885307611038856,275,540
West Kameng (Arunachal Pradesh),Sepahijala (Tripura),0.5179377912186482,0.5189066129456256,0.0009688217269773203,1,7,0.2688437517171107,34,592
Idukki (Kerala),Faridabad (Haryana),0.6251358583987333,0.6280220129038697,0.002886154505136407,3,2,0.2687946639700747,282,175
Rudraprayag (Uttarakhand),Panchkula (Haryana),0.6709719991056451,0.6715595403797427,0.0005875412740976582,5,2,0.2687669440029914,605,187
Neemuch (Madhya Pradesh),Leh(Ladakh) (Ladakh),0.6558120357989872,0.6562460253990136,0.0004339896000263854,4,5,0.26872152372895086,326,295
North East (NCT Delhi),West Godavari (Andhra Pradesh),0.6172840239674537,0.6194504564679654,0.002166432500511628,2,0,0.26866870670507587,425,14
Aravali (Gujarat),Kamareddy (Telangana),0.5654584238956546,0.5681268201562975,0.002668396260642858,7,0,0.26861332857475306,142,564
Dewas (Madhya Pradesh),Udupi (Karnataka),0.6340693577033343,0.6354611671951724,0.0013918094918381474,4,2,0.2685650040695253,310,277
Sawai Madhopur (Rajasthan),Bankura (West Bengal),0.553035693677917,0.555658414045892,0.002622720367974951,6,7,0.26837980543535533,516,684
Nirmal (Telangana),Kapurthala (Punjab),0.5830144302496455,0.5837130637206458,0.0006986334710002984,0,2,0.2683707806521725,575,476
Gaya (Bihar),Vikarabad (Telangana),0.5471831695106131,0.5479012033304308,0.0007180338198177205,6,0,0.26835493225256146,78,583
Burhanpur (Madhya Pradesh),Kullu (Himachal Pradesh),0.6947213392128421,0.7007952233880164,0.006073884175174293,4,5,0.2683248834278297,305,199
Bastar (Chhattisgarh),Siang (Arunachal Pradesh),0.5290143249667706,0.5304785600492571,0.001464235082486498,6,1,0.26829756019626494,110,29
Kamrup (Assam),Jamui (Bihar),0.5018776441796813,0.5053219792037914,0.0034443350241101234,7,6,0.2682444851063896,53,80
Ujjain (Madhya Pradesh),Sivaganga (Tamil Nadu),0.6629486614307127,0.6652436140933278,0.002294952662615035,4,3,0.2682352373644996,343,543
Yadadri Bhuvanagiri (Telangana),Thane (Maharashtra),0.6035883429853836,0.6060805519057342,0.002492208920350625,0,2,0.2682223962797048,587,378
Serchhip (Mizoram),Bageshwar (Uttarakhand),0.638643624697326,0.6399951868637811,0.0013515621664550448,7,4,0.2682096313543078,409,597
Kinnaur (Himachal Pradesh),Burhanpur (Madhya Pradesh),0.6916795685066438,0.6947213392128421,0.0030417707061982657,5,4,0.26819203790322477,198,305
Dhaulpur (Rajasthan),Shamli (Uttar Pradesh),0.6038876459255225,0.6064288339470234,0.0025411880215009397,6,4,0.2681539361383237,500,676
Lalitpur (Uttar Pradesh),Jajapur (Odisha),0.5843267584302546,0.5858190871219754,0.001492328691720779,6,5,0.26806746430319817,654,444
Botad (Gujarat),Ludhiana (Punjab),0.5904277946160063,0.5911273712162664,0.0006995766002600989,7,2,0.2680101982980023,146,477
Changlang (Arunachal Pradesh),Dima Hasao (Assam),0.5558792580936791,0.5589918485953556,0.003112590501676449,1,7,0.26790154802020283,17,47
Jorhat (Assam),Faridkot (Punjab),0.5472981929659047,0.5493137797244805,0.002015586758575827,7,2,0.26786611278801287,52,469
South Goa (Goa),Kinnaur (Himachal Pradesh),0.6915133614509863,0.6916795685066438,0.00016620705565750793,3,5,0.26758631969431973,138,198
Fazilka (Punjab),Adilabad (Telangana),0.564729868314826,0.5651792934410328,0.00044942512620682606,2,0,0.26744417778837937,471,557
Hamirpur (Uttar Pradesh),Hisar (Haryana),0.6403719531105257,0.642955556093696,0.0025836029831702856,4,5,0.26736237049888084,640,178
Agar Malwa (Madhya Pradesh),Darjeeling (West Bengal),0.6234978310036305,0.6277852307611654,0.004287399757534893,4,2,0.2673178542426857,296,687
Dhubri (Assam),Lower Subansiri (Arunachal Pradesh),0.5412058523242063,0.5432199159722674,0.002014063648061115,6,1,0.2673104325279618,45,26
Uttarkashi (Uttarakhand),Dharwad (Karnataka),0.6463798219687574,0.6487172414165195,0.0023374194477621124,4,2,0.26718016405992895,608,263
Murshidabad (West Bengal),Sindhudurg (Maharashtra),0.5824404339686596,0.5840539847264032,0.0016135507577436092,5,2,0.26710957260799484,694,376
Sheikhpura (Bihar),Barpeta (Assam),0.5480413996766647,0.5499646557508951,0.001923256074230495,6,7,0.26708970040706886,101,37
Chhindwara (Madhya Pradesh),Shahid Bhagat Singh Nagar (Punjab),0.6452823017755954,0.6460531466291178,0.0007708448535224122,4,2,0.2670000274385571,307,486
Moradabad (Uttar Pradesh),Pilibhit (Uttar Pradesh),0.5790694030819229,0.581212656088848,0.0021432530069250832,4,6,0.26697149783521934,664,666
Dahod (Gujarat),South Salmara Mancachar (Assam),0.5610139470745242,0.562707176413988,0.0016932293394638087,4,6,0.26697117343909005,148,65
Pali (Rajasthan),Gondiya (Maharashtra),0.6861024453979033,0.6887376840464717,0.0026352386485684054,4,5,0.26696018323277326,513,356
Sirsa (Haryana),West Godavari (Andhra Pradesh),0.6180905332499609,0.6194504564679654,0.0013599232180044885,5,0,0.2669279839999227,191,14
Sikar (Rajasthan),Ambala (Haryana),0.6186150582125713,0.6194921540666987,0.0008770958541273188,4,2,0.26685219597463566,517,172
Ajmer (Rajasthan),Ramanathapuram (Tamil Nadu),0.6690956335432382,0.6699689901058209,0.0008733565625826945,4,3,0.26683588016711934,488,541
Ratlam (Madhya Pradesh),Kathua (Jammu Kashmir),0.6713953597362011,0.6766942917651279,0.005298932028926728,4,5,0.26679660320270837,330,213
Sangareddy (Telangana),Amritsar (Punjab),0.5747444584857997,0.5777086174221775,0.002964158936377803,0,2,0.2667953081664356,580,466
Sambhal (Uttar Pradesh),Nandurbar (Maharashtra),0.5446361487770857,0.5462944547399126,0.0016583059628269003,6,4,0.2667827050957902,672,366
Harda (Madhya Pradesh),Dhamtari (Chhattisgarh),0.6800441726218796,0.6809055687695142,0.0008613961476346965,5,4,0.26672717050091876,315,115
Hingoli (Maharashtra),Lohardaga (Jharkhand),0.6145337772263525,0.6165784713759043,0.0020446941495517734,5,4,0.2666508437534766,357,240
Auraiya (Uttar Pradesh),Ahmadnagar (Maharashtra),0.6072041356512282,0.6092011203568894,0.001996984705661231,4,5,0.26659899622579764,613,346
Imphal East (Manipur),Bhagalpur (Bihar),0.4942096667997809,0.4992586742914566,0.005049007491675694,7,6,0.2665315129049559,385,74
Dhamtari (Chhattisgarh),Porbandar (Gujarat),0.6809055687695142,0.6872467627338946,0.006341193964380376,4,5,0.26651286411840025,115,163
Maldah (West Bengal),Reasi (Jammu Kashmir),0.592911623875736,0.5946484721103774,0.001736848234641375,5,4,0.2664918844726667,693,221
Godda (Jharkhand),Kheda (Gujarat),0.5107224686960662,0.5127736217674782,0.002051153071412015,6,7,0.2664443935909097,233,155
Balod (Chhattisgarh),Shupiyan (Jammu Kashmir),0.6930503463140847,0.6974771003573876,0.0044267540433029495,4,5,0.26642274017425227,107,223
Sabarkantha (Gujarat),Pilibhit (Uttar Pradesh),0.5811770623719078,0.581212656088848,3.5593716940174325e-05,4,6,0.26638853566704856,165,666
Harda (Madhya Pradesh),Uttar Bastar Kanker (Chhattisgarh),0.6800441726218796,0.6822053866926029,0.0021612140707233385,5,4,0.2663482176519355,315,133
Chirang (Assam),Majuli (Assam),0.5718955218842484,0.5744798316089352,0.0025843097246868174,4,7,0.26624732597303,42,59
Vikarabad (Telangana),Buxer (Bihar),0.5479012033304308,0.5507263030414423,0.002825099711011525,0,6,0.26619552142588543,583,76
Yavatmal (Maharashtra),Bemetara (Chhattisgarh),0.6577281938406109,0.66146788955964,0.0037396957190291014,5,4,0.26594908489910135,381,111
Mumbai Suburban (Maharashtra),Malappuram (Kerala),0.6075239297541122,0.6104726497390263,0.0029487199849140833,2,3,0.26589241120425977,363,288
Jalandhar (Punjab),Bidar (Karnataka),0.6130699049484553,0.6136199347128892,0.000550029764433968,2,4,0.26579048806248384,475,255
Ranga Reddy (Telangana),Mansa (Punjab),0.5827242602756657,0.5837607819510855,0.0010365216754197881,0,2,0.2656795162242631,579,478
Bhiwani (Haryana),Bhopal (Madhya Pradesh),0.6507866303457372,0.6521475048191842,0.0013608744734469047,4,2,0.26559338411686584,173,304
Srikakulam (Andhra Pradesh),Mahisagar (Gujarat),0.6207080154255848,0.621732842440813,0.0010248270152281025,0,4,0.26544909308190545,10,157
Birbhum (West Bengal),Tarn Taran (Punjab),0.6032778223476298,0.6046349331150919,0.001357110767462033,5,2,0.265436660557535,685,487
Hassan (Karnataka),Sambalpur (Odisha),0.6633537371246797,0.6656495882211882,0.002295851096508539,2,5,0.26543044429534945,266,459
Ujjain (Madhya Pradesh),Punch (Jammu Kashmir),0.6629486614307127,0.6651183483437413,0.0021696869130285457,4,5,0.26528466813227947,343,218
West District (Sikkim),Janjgir - Champa (Chhattisgarh),0.6232654278072491,0.6241594031066753,0.0008939752994261418,2,4,0.2652080537524013,524,118
Dewas (Madhya Pradesh),Kishtwar (Jammu Kashmir),0.6340693577033343,0.6377669555359491,0.0036975978326148073,4,5,0.26498839004348973,310,214
Ambala (Haryana),Chittoor (Andhra Pradesh),0.6194921540666987,0.6219657140314667,0.0024735599647680573,2,0,0.26496119281090247,172,4
Dhule (Maharashtra),Mahamaya Nagar (Uttar Pradesh),0.4960445576865314,0.5023440825138424,0.006299524827311054,7,6,0.26488454851481463,354,656
Nagaur (Rajasthan),Kathua (Jammu Kashmir),0.6766719875593424,0.6766942917651279,2.2304205785417253e-05,4,5,0.26487309470770104,512,213
Daman (Dadra Nagar Haveli Daman Diu),Jagitial (Telangana),0.5812241237161601,0.583164001485113,0.0019398777689529911,7,0,0.26480956557934954,135,560
Pathankot (Punjab),Bhadradri Kothagudem (Telangana),0.6034135963955222,0.6048108615457032,0.0013972651501810152,2,0,0.2647016819291888,481,558
Kanpur Nagar (Uttar Pradesh),Cuttack (Odisha),0.6079488918282793,0.6101285564233092,0.00217966459502994,7,5,0.2645798757916368,649,438
Surat (Gujarat),Jodhpur (Rajasthan),0.6619160801173338,0.6635177450603194,0.0016016649429855256,2,4,0.2645556189214138,166,509
Fazilka (Punjab),Chandauli (Uttar Pradesh),0.564729868314826,0.5661051006235265,0.0013752323087005136,2,6,0.26454515373583387,471,626
Bandipore (Jammu Kashmir),Ahmedabad (Gujarat),0.6093950728107065,0.6115122730563761,0.002117200245669637,5,7,0.26448854178415016,208,139
Koppal (Karnataka),Bareilly (Uttar Pradesh),0.576640610517683,0.5779731761991597,0.0013325656814766607,4,6,0.26448095464094623,270,621
Buldana (Maharashtra),Shajapur (Madhya Pradesh),0.6704718516297394,0.6723226209445383,0.0018507693147988835,5,4,0.2644395540047306,352,337
Baran (Rajasthan),Jamnagar (Gujarat),0.6913837237022566,0.691475160302485,9.14366002283673e-05,4,5,0.2644198654825901,491,152
Aligarh (Uttar Pradesh),Adilabad (Telangana),0.5650034088490047,0.5651792934410328,0.00017588459202810824,6,0,0.26436045699666944,610,557
Hugli (West Bengal),Kohima (Nagaland),0.5984410606319169,0.5994527038038355,0.001011643171918597,5,1,0.2642672940750074,689,412
Janjgir - Champa (Chhattisgarh),Kangra (Himachal Pradesh),0.6241594031066753,0.6274784395330102,0.0033190364263349093,4,2,0.26420827104462397,118,197
Yavatmal (Maharashtra),Raipur (Chhattisgarh),0.6577281938406109,0.6611237696697893,0.0033955758291783766,5,4,0.2642033841532081,381,128
Jamnagar (Gujarat),Balod (Chhattisgarh),0.691475160302485,0.6930503463140847,0.0015751860115996719,5,4,0.2641726521264123,152,107
Saran (Bihar),Mahesana (Gujarat),0.4840342345249289,0.4904047140915024,0.006370479566573495,6,7,0.2641433193564507,100,156
Gandhinagar (Gujarat),Buxer (Bihar),0.5502123349037776,0.5507263030414423,0.0005139681376646887,7,6,0.2641204284251261,150,76
Haveri (Karnataka),Thane (Maharashtra),0.6035687630095949,0.6060805519057342,0.002511788896139233,5,2,0.2640501357808568,267,378
Muktsar (Punjab),Aurangabad (Bihar),0.5710787043728279,0.5722484621574054,0.0011697577845775076,2,6,0.26402179084793154,480,71
Krishna (Andhra Pradesh),Hoshiarpur (Punjab),0.6395760867528305,0.6403501064554179,0.0007740197025873918,0,2,0.26393597929644136,7,474
Kulgam (Jammu Kashmir),Dhamtari (Chhattisgarh),0.6803562664144548,0.6809055687695142,0.0005493023550594556,5,4,0.2639123479030424,215,115
Durg (Chhattisgarh),Ajmer (Rajasthan),0.666493452848441,0.6690956335432382,0.0026021806947972292,2,4,0.26386291148598373,116,488
The Dangs (Gujarat),Ariyalur (Tamil Nadu),0.642118183977856,0.6426558125601188,0.0005376285822628057,4,3,0.2637523565250399,169,525
Korba (Chhattisgarh),Vikarabad (Telangana),0.5454456444396144,0.5479012033304308,0.0024555588908163895,1,0,0.2636807245307703,122,583
Sagar (Madhya Pradesh),Anand (Gujarat),0.5747277097960336,0.5755256980640651,0.0007979882680314576,4,7,0.26365076058794923,332,141
West Garo Hills (Meghalaya),Murshidabad (West Bengal),0.5814512549573052,0.5824404339686596,0.000989179011354424,7,5,0.2635434135731823,399,694
Kulgam (Jammu Kashmir),Uttar Bastar Kanker (Chhattisgarh),0.6803562664144548,0.6822053866926029,0.0018491202781480975,5,4,0.26353339505405915,215,133
Jaunpur (Uttar Pradesh),Yadadri Bhuvanagiri (Telangana),0.6020142215498994,0.6035883429853836,0.0015741214354841881,6,0,0.2635146765781614,644,587
Rae Bareli (Uttar Pradesh),Singrauli (Madhya Pradesh),0.5560668937765123,0.5587882810878021,0.0027213873112897913,6,4,0.2634873543484426,669,341
Idukki (Kerala),Bhadrak (Odisha),0.6251358583987333,0.6285018118600061,0.003365953461272775,3,5,0.2634261693843133,282,437
Shimoga (Karnataka),Ariyalur (Tamil Nadu),0.6410490550646011,0.6426558125601188,0.0016067574955177522,2,3,0.2634249495017037,275,525
Fatehabad (Haryana),Mahasamund (Chhattisgarh),0.6630335729374737,0.6652297253092238,0.002196152371750082,5,4,0.2633919370732295,176,124
Botad (Gujarat),Uttar Dinajpur (West Bengal),0.5904277946160063,0.5920528413231617,0.0016250467071554642,7,5,0.2632687127803406,146,703
Puruliya (West Bengal),East Garo Hills (Meghalaya),0.5347510946330346,0.5378665330400021,0.0031154384069674856,7,1,0.2632165421338678,701,391
Raisen (Madhya Pradesh),Dakshina Kannada (Karnataka),0.6573568025912898,0.6577802952461034,0.000423492654813562,4,2,0.263093340434454,328,261
Kheda (Gujarat),Nalanda (Bihar),0.5127736217674782,0.5188020120820503,0.006028390314572141,7,6,0.2630729606779718,155,91
Firozpur (Punjab),Panchmahal (Gujarat),0.5910315228096771,0.5913536277689985,0.00032210495932138983,2,4,0.2629077093296952,472,161
Yadadri Bhuvanagiri (Telangana),Mamit (Mizoram),0.6035883429853836,0.6054204224032614,0.0018320794178778854,0,7,0.2628844080353558,587,407
Sivasagar (Assam),Mokokchung (Nagaland),0.5897811663907281,0.5903416432795624,0.0005604768888343159,7,1,0.2628074568731506,63,414
Chamoli (Uttarakhand),Kozhikode (Kerala),0.6547754728472361,0.6576581655154256,0.0028826926681894127,5,3,0.2626353324722096,598,287
Nagapattinam (Tamil Nadu),Dhamtari (Chhattisgarh),0.6782764307795313,0.6809055687695142,0.002629137989982988,3,4,0.26259429762864783,537,115
Shivpuri (Madhya Pradesh),Jhansi (Uttar Pradesh),0.5935356273826384,0.5943051263989492,0.0007694990163107374,4,6,0.2625850778205628,339,645
Washim (Maharashtra),Koriya (Chhattisgarh),0.5926017436373497,0.5927426796634343,0.00014093602608455935,7,4,0.26252991224574695,380,123
Khandwa (East Nimar) (Madhya Pradesh),Bangalore Rural (Karnataka),0.6775453920011983,0.6815763663272233,0.00403097432602495,4,2,0.2624229323618331,320,252
Ranga Reddy (Telangana),Sindhudurg (Maharashtra),0.5827242602756657,0.5840539847264032,0.001329724450737535,0,2,0.26241749061117536,579,376
Sawai Madhopur (Rajasthan),Baksa (Assam),0.553035693677917,0.5546789533264843,0.0016432596485672635,6,7,0.26236625473104114,516,36
Madurai (Tamil Nadu),Raipur (Chhattisgarh),0.65904785506923,0.6611237696697893,0.0020759146005592255,3,4,0.26236371559589416,536,128
South District (Sikkim),Yadadri Bhuvanagiri (Telangana),0.6006029378417962,0.6035883429853836,0.0029854051435873608,2,0,0.26214388632248686,523,587
Bareilly (Uttar Pradesh),Sabarkantha (Gujarat),0.5779731761991597,0.5811770623719078,0.0032038861727481383,6,4,0.2621230032233698,621,165
Surajpur (Chhattisgarh),Bijapur (Karnataka),0.5718091047711443,0.574116659112425,0.0023075543412807153,4,7,0.26186367029883895,131,256
Chennai (Tamil Nadu),Amravati (Maharashtra),0.6741965221076976,0.676065935631186,0.0018694135234883502,3,5,0.2618360104002198,526,348
Firozpur (Punjab),Maldah (West Bengal),0.5910315228096771,0.592911623875736,0.001880101066058959,2,5,0.26167882470618553,472,693
Kodagu (Karnataka),Narsimhapur (Madhya Pradesh),0.6315701594035719,0.6329645571513869,0.0013943977478150238,2,4,0.2616599656578788,268,325
Malappuram (Kerala),Jalandhar (Punjab),0.6104726497390263,0.6130699049484553,0.0025972552094289947,3,2,0.2615624549440613,288,475
Mumbai (Maharashtra),Bhandara (Maharashtra),0.6942391974004617,0.6991432110848701,0.004904013684408404,2,5,0.26153466797741276,362,350
Kanpur Nagar (Uttar Pradesh),Sangli (Maharashtra),0.6079488918282793,0.6115229397631894,0.0035740479349101184,7,2,0.26150570724043426,649,374
Baran (Rajasthan),Jaipur (Rajasthan),0.6913837237022566,0.6920365442344102,0.0006528205321535419,4,5,0.2614539648043273,491,504
Shajapur (Madhya Pradesh),Rajkot (Gujarat),0.6723226209445383,0.6758922319605024,0.0035696110159640915,4,5,0.26142042838399393,337,164
Mokokchung (Nagaland),Ludhiana (Punjab),0.5903416432795624,0.5911273712162664,0.0007857279367039505,1,2,0.2612637048246633,414,477
Bankura (West Bengal),Rae Bareli (Uttar Pradesh),0.555658414045892,0.5560668937765123,0.00040847973062030363,7,6,0.26125564848029786,684,669
Koppal (Karnataka),Amritsar (Punjab),0.576640610517683,0.5777086174221775,0.0010680069044944895,4,2,0.2612186362105494,270,466
Nanded (Maharashtra),Mokokchung (Nagaland),0.5901558199784941,0.5903416432795624,0.0001858233010683108,7,1,0.261130177727424,365,414
Kanpur Nagar (Uttar Pradesh),Saharanpur (Uttar Pradesh),0.6079488918282793,0.6080198646540442,7.097282576495889e-05,7,4,0.26111683670087776,649,671
Panipat (Haryana),Vidisha (Madhya Pradesh),0.6136054314641359,0.6137415459848065,0.0001361145206705272,2,4,0.2610084166335642,188,345
Raigarh (Chhattisgarh),Amreli (Gujarat),0.6261577290737865,0.6277640591299071,0.0016063300561205418,4,7,0.260906486298785,127,140
Yanam (Puducherry),Kurukshetra (Haryana),0.6334743660746895,0.636060898683751,0.002586532609061498,3,2,0.26081498827453947,465,183
Krishna (Andhra Pradesh),Hisar (Haryana),0.6395760867528305,0.642955556093696,0.0033794693408655263,0,5,0.26067010446616135,7,178
Chamarajanagar (Karnataka),Thiruvarur (Tamil Nadu),0.6631766507698592,0.6652598045335716,0.0020831537637123754,2,3,0.260638837145665,257,548
Gir Somnath (Gujarat),Debagarh (Odisha),0.632180124915268,0.6327405043885695,0.0005603794733015643,7,5,0.26060572927641273,151,439
Vidisha (Madhya Pradesh),Visakhapatnam (Andhra Pradesh),0.6137415459848065,0.6144943794279588,0.0007528334431523565,4,0,0.2604241406683405,345,12
Koppal (Karnataka),Paschim Medinipur (West Bengal),0.576640610517683,0.5801951726448785,0.0035545621271955152,4,7,0.26035354921640663,270,698
Aligarh (Uttar Pradesh),Gurdaspur (Punjab),0.5650034088490047,0.5683227904888595,0.0033193816398547904,6,2,0.2603535492164065,610,473
Bokaro (Jharkhand),Tinsukia (Assam),0.5508386668623246,0.5510818379745783,0.0002431711122536928,6,7,0.260325325560801,226,66
Pauri Garhwal (Uttarakhand),Sultanpur (Uttar Pradesh),0.5718034389962683,0.5729014577031063,0.001098018706838011,1,7,0.26017111676293525,603,681
Betul (Madhya Pradesh),Dadra & Nagar Haveli (Dadra Nagar Haveli Daman Diu),0.6669187972929591,0.6684957340399668,0.0015769367470076512,4,5,0.25984297283420954,302,134
Kaimur (Bhabua) (Bihar),Alirajpur (Madhya Pradesh),0.6024071008423451,0.6036400618582448,0.0012329610158997584,6,4,0.2597898537524606,82,297
Pathanamthitta (Kerala),Kolkata (West Bengal),0.5994602522678962,0.6000909016536673,0.0006306493857710649,3,2,0.25968907135502906,290,692
Bid (Maharashtra),Damoh (Madhya Pradesh),0.5435947093180402,0.5469188509812621,0.0033241416632219245,7,4,0.2596887883610298,351,308
Warangal Urban (Telangana),Sindhudurg (Maharashtra),0.5829968706114199,0.5840539847264032,0.0010571141149833263,0,2,0.2595898774532023,586,376
Meerut (Uttar Pradesh),Kendrapara (Odisha),0.6029655093119133,0.6033841852563524,0.0004186759444391175,2,5,0.2595279732042033,662,448
Thanjavur (Tamil Nadu),Mumbai Suburban (Maharashtra),0.6071338954044341,0.6075239297541122,0.00039003434967810335,3,2,0.2594298057978533,544,363
Kalahandi (Odisha),Rewari (Haryana),0.6499282685267391,0.651854115314847,0.001925846788107921,4,2,0.25935869597331296,446,189
Sultanpur (Uttar Pradesh),Farrukhabad (Uttar Pradesh),0.5729014577031063,0.5742050588067394,0.0013036011036331452,7,6,0.2592292842063738,681,632
Shajapur (Madhya Pradesh),Kathua (Jammu Kashmir),0.6723226209445383,0.6766942917651279,0.004371670820589535,4,5,0.25919564878819146,337,213
Sheikhpura (Bihar),Gandhinagar (Gujarat),0.5480413996766647,0.5502123349037776,0.00217093522711298,6,7,0.25919287177898603,101,150
Tuensang (Nagaland),Purba Champaran (Bihar),0.4247511371685928,0.4290897701054852,0.004338632936892406,1,6,0.2591928069236711,418,95
Meerut (Uttar Pradesh),Bhadradri Kothagudem (Telangana),0.6029655093119133,0.6048108615457032,0.0018453522337898987,2,0,0.2591719302181224,662,558
Chamoli (Uttarakhand),Chitradurga (Karnataka),0.6547754728472361,0.656190652951112,0.0014151801038758682,5,2,0.2591694566304956,598,260
Jagatsinghapur (Odisha),Amreli (Gujarat),0.6233386321425246,0.6277640591299071,0.004425426987382464,5,7,0.2591665270889687,443,140
Suryapet (Telangana),Bhavnagar (Gujarat),0.5637627059031259,0.5646549208695101,0.0008922149663841417,0,7,0.2590957570474691,582,145
Koppal (Karnataka),Golaghat (Assam),0.576640610517683,0.5800115265110577,0.00337091599337469,4,7,0.2590879867076067,270,49
Bijapur (Karnataka),Sidhi (Madhya Pradesh),0.574116659112425,0.5766409144948892,0.0025242553824641467,7,4,0.25900651680897935,256,340
Kendujhar (Odisha),Karimganj (Assam),0.563255100777122,0.5634455590931304,0.00019045831600839058,4,7,0.25896784939899237,449,56
Khammam (Telangana),Ranchi (Jharkhand),0.5953169286270836,0.5981788579122136,0.0028619292851299605,0,4,0.25893508041949426,566,246
Jagatsinghapur (Odisha),Gwalior (Madhya Pradesh),0.6233386321425246,0.6248120134884311,0.001473381345906466,5,4,0.2589234928326749,443,314
Senapati (Manipur),Hojai (Assam),0.4943998684805016,0.4957589714435058,0.0013591029630041773,1,7,0.2588384642551867,387,51
Badgam (Jammu Kashmir),Hanumangarh (Rajasthan),0.6705047263195352,0.6746479340392845,0.004143207719749298,5,4,0.2588001913845935,207,503
Rayagada (Odisha),Birbhum (West Bengal),0.5997608321426621,0.6032778223476298,0.0035169902049677626,4,5,0.258779148068504,458,685
Burhanpur (Madhya Pradesh),Indore (Madhya Pradesh),0.6947213392128421,0.6989253175521543,0.0042039783393121866,4,5,0.2587190851051664,305,317
Faridkot (Punjab),Bokaro (Jharkhand),0.5493137797244805,0.5508386668623246,0.0015248871378441553,2,6,0.25863870680532774,469,226
Sant Kabir Nagar (Uttar Pradesh),Sangrur (Punjab),0.5856732961486991,0.5878076622903983,0.002134366141699151,4,2,0.258595424785136,673,485
Akola (Maharashtra),Raigarh (Maharashtra),0.636782435808657,0.6389432563970624,0.0021608205884053877,5,2,0.25854292244967414,347,372
Hamirpur (Himachal Pradesh),Ahmedabad (Gujarat),0.6099047333749509,0.6115122730563761,0.0016075396814252407,2,7,0.2584160245815703,196,139
Chittoor (Andhra Pradesh),Kolhapur (Maharashtra),0.6219657140314667,0.6220221056822799,5.63916508131701e-05,0,3,0.25839143326273073,4,360
Hanumangarh (Rajasthan),Tiruchirappalli (Tamil Nadu),0.6746479340392845,0.6777059851640614,0.0030580511247769726,4,3,0.25838540333282234,503,550
Mokokchung (Nagaland),Maldah (West Bengal),0.5903416432795624,0.592911623875736,0.0025699805961736377,1,5,0.25835773014426655,414,693
Jagitial (Telangana),Kapurthala (Punjab),0.583164001485113,0.5837130637206458,0.000549062235532749,0,2,0.25835614195842294,560,476
Sivaganga (Tamil Nadu),Betul (Madhya Pradesh),0.6652436140933278,0.6669187972929591,0.001675183199631336,3,4,0.2583392168674514,543,302
Botad (Gujarat),Panchmahal (Gujarat),0.5904277946160063,0.5913536277689985,0.000925833152992217,7,4,0.2583080373155162,146,161
Jhunjhunun (Rajasthan),Mandya (Karnataka),0.6721154741779097,0.6775128018249553,0.005397327647045591,4,2,0.258181437856123,508,271
Aligarh (Uttar Pradesh),Aravali (Gujarat),0.5650034088490047,0.5654584238956546,0.0004550150466499092,6,7,0.25814485251026176,610,142
Dadra & Nagar Haveli (Dadra Nagar Haveli Daman Diu),Ramanathapuram (Tamil Nadu),0.6684957340399668,0.6699689901058209,0.0014732560658541338,5,3,0.2581109256481383,134,541
Dumka (Jharkhand),Kheda (Gujarat),0.5125131045123854,0.5127736217674782,0.0002605172550927959,6,7,0.25809946933181566,230,155
Tehri Garhwal (Uttarakhand),Gurgaon (Haryana),0.6165700819796852,0.6181459008413983,0.0015758188617130964,4,7,0.2580808205452598,606,177
Sagar (Madhya Pradesh),Bareilly (Uttar Pradesh),0.5747277097960336,0.5779731761991597,0.0032454664031260627,4,6,0.2580725180427582,332,621
Rajnandgaon (Chhattisgarh),Kulgam (Jammu Kashmir),0.6776303631458038,0.6803562664144548,0.0027259032686509643,4,5,0.2580166280176994,129,215
Panipat (Haryana),Ganderbal (Jammu Kashmir),0.6136054314641359,0.6156180406859235,0.002012609221787587,2,5,0.2577782972825237,188,211
Adilabad (Telangana),Aravali (Gujarat),0.5651792934410328,0.5654584238956546,0.00027913045462180097,0,7,0.2577611571644124,557,142
Jalpaiguri (West Bengal),Dharwad (Karnataka),0.6469286912935668,0.6487172414165195,0.001788550122952759,5,2,0.25775804903331967,690,263
Anand (Gujarat),Bareilly (Uttar Pradesh),0.5755256980640651,0.5779731761991597,0.002447478135094605,7,6,0.2577019270289242,141,621
Bangalore Rural (Karnataka),Coimbatore (Tamil Nadu),0.6815763663272233,0.6833960409683376,0.0018196746411143216,2,3,0.25769749997135205,252,527
Ahmadnagar (Maharashtra),Malappuram (Kerala),0.6092011203568894,0.6104726497390263,0.0012715293821368157,5,3,0.2576873237637203,346,288
Debagarh (Odisha),Malkangiri (Odisha),0.6327405043885695,0.6329132713385566,0.00017276694998702435,5,4,0.257679967988911,439,452
Nayagarh (Odisha),Chitradurga (Karnataka),0.6530852131797468,0.656190652951112,0.003105439771365237,5,2,0.2575888929496182,455,260
Narsimhapur (Madhya Pradesh),Yamunanagar (Haryana),0.6329645571513869,0.6336475291191307,0.0006829719677438062,4,2,0.2575857848185257,325,193
Bageshwar (Uttarakhand),Hoshiarpur (Punjab),0.6399951868637811,0.6403501064554179,0.0003549195916368042,4,2,0.257462173578911,597,474
Namakkal (Tamil Nadu),Bhopal (Madhya Pradesh),0.6502132158350205,0.6521475048191842,0.0019342889841637012,3,2,0.25734810160917354,538,304
Chittaurgarh (Rajasthan),Anantnag (Jammu Kashmir),0.6521896624993094,0.6538426862441498,0.0016530237448403318,4,5,0.25733049662742713,497,206
North (NCT Delhi),Krishna (Andhra Pradesh),0.6379119657253207,0.6395760867528305,0.0016641210275097906,2,0,0.25724853804957604,424,7
Lakhimpur (Assam),West Tripura (Tripura),0.5951017091141261,0.5954541872001088,0.00035247808598271035,4,5,0.2572285198623028,58,595
Sepahijala (Tripura),Karbi Anglong (Assam),0.5189066129456256,0.5215994636543398,0.0026928507087142783,7,1,0.2571625278810063,592,55
Champawat (Uttarakhand),Badgam (Jammu Kashmir),0.6701354092117294,0.6705047263195352,0.00036931710780574445,4,5,0.25715618620073677,599,207
Warangal Urban (Telangana),Deoria (Uttar Pradesh),0.5829968706114199,0.5833881642400085,0.00039129362858858485,0,6,0.2570170495087646,586,628
Churu (Rajasthan),Panipat (Haryana),0.6118078092317436,0.6136054314641359,0.0017976222323923263,4,2,0.25692780927027503,498,188
Bhadrak (Odisha),Vizianagaram (Andhra Pradesh),0.6285018118600061,0.6299959250914997,0.0014941132314936212,5,0,0.2568385690317856,437,13
Morigaon (Assam),Bareilly (Uttar Pradesh),0.5773622017693061,0.5779731761991597,0.0006109744298535835,4,6,0.25683257264488096,60,621
Saran (Bihar),Tamenglong (Manipur),0.4840342345249289,0.4906191604561812,0.006584925931252317,6,1,0.2568021396038641,100,388
Bageshwar (Uttarakhand),Ariyalur (Tamil Nadu),0.6399951868637811,0.6426558125601188,0.0026606256963377373,4,3,0.2567924989014966,597,525
Changlang (Arunachal Pradesh),Dhalai (Tripura),0.5558792580936791,0.5594850952562176,0.0036058371625384833,1,7,0.25671546066017514,17,588
Vadodara (Gujarat),Kendrapara (Odisha),0.6011030397164948,0.6033841852563524,0.0022811455398575875,2,5,0.2567015444604065,170,448
Karur (Tamil Nadu),Bellary (Karnataka),0.618621401264791,0.6190115409469475,0.0003901396821565095,3,5,0.25661286720814347,534,254
Ernakulam (Kerala),South Andaman (Andaman Nicobar Islands),0.6464996536428517,0.6493700005635843,0.002870346920732625,3,2,0.2564599622528072,281,2
Sidhi (Madhya Pradesh),Gadag (Karnataka),0.5766409144948892,0.577983474830983,0.001342560336093812,4,7,0.25642344915026294,340,264
Nalbari (Assam),Mirzapur (Uttar Pradesh),0.545101444209938,0.5451979966385901,9.655242865214131e-05,7,6,0.2563643363531131,62,663
Solapur (Maharashtra),Kohima (Nagaland),0.5974720665676315,0.5994527038038355,0.001980637236204008,2,1,0.2563180109719131,377,412
Tamenglong (Manipur),Dhule (Maharashtra),0.4906191604561812,0.4960445576865314,0.005425397230350182,1,7,0.2562574011976543,388,354
Uttar Bastar Kanker (Chhattisgarh),Viluppuram (Tamil Nadu),0.6822053866926029,0.6843302055253363,0.0021248188327334105,4,3,0.2562480768043762,133,555
Davanagere (Karnataka),Sehore (Madhya Pradesh),0.5585972364013564,0.5612584579715896,0.0026612215702331854,2,4,0.2562449686732835,262,334
Chikkaballapura (Karnataka),Khargone (West Nimar) (Madhya Pradesh),0.6497969279950385,0.6500240629798173,0.00022713498477877625,2,4,0.25623971624811553,258,321
Pudukkottai (Tamil Nadu),Bikaner (Rajasthan),0.6450037387232739,0.6472063448984126,0.002202606175138677,3,4,0.25605698649974057,540,495
Bikaner (Rajasthan),Samba (Jammu Kashmir),0.6472063448984126,0.6480853208768629,0.0008789759784503248,4,5,0.2560483203047306,495,222
Durg (Chhattisgarh),Dadra & Nagar Haveli (Dadra Nagar Haveli Daman Diu),0.666493452848441,0.6684957340399668,0.00200228119152579,2,5,0.2560254844917963,116,134
Mahasamund (Chhattisgarh),Puri (Odisha),0.6652297253092238,0.6678777883726063,0.0026480630633824997,4,5,0.25601287200773026,124,457
South Twenty Four Parganas (West Bengal),Yamunanagar (Haryana),0.6329090682557573,0.6336475291191307,0.0007384608633733691,5,2,0.2559990048754629,702,193
Saharanpur (Uttar Pradesh),Bandipore (Jammu Kashmir),0.6080198646540442,0.6093950728107065,0.0013752081566622554,4,5,0.25577361976916424,671,208
Buxer (Bihar),Purba Medinipur (West Bengal),0.5507263030414423,0.5512445708507836,0.0005182678093412774,6,7,0.25566099033583917,76,700
Tiruchirappalli (Tamil Nadu),Uttar Bastar Kanker (Chhattisgarh),0.6777059851640614,0.6822053866926029,0.004499401528541447,3,4,0.2556606927080596,550,133
Pratapgarh (Uttar Pradesh),Sonbhadra (Uttar Pradesh),0.5408407719956648,0.5417565046860109,0.0009157326903460605,7,6,0.25553815859074724,667,680
Amreli (Gujarat),Bundi (Rajasthan),0.6277640591299071,0.6286168360136178,0.0008527768837107708,7,4,0.2555008610176358,140,496
Krishnagiri (Tamil Nadu),Srinagar (Jammu Kashmir),0.7001959065107234,0.7063140947199467,0.006118188209223274,2,5,0.2554745155329462,535,224
Anuppur (Madhya Pradesh),Morena (Madhya Pradesh),0.5931223722355016,0.5940224825169502,0.0009001102814486517,4,7,0.2554183139324022,298,324
Purbi Singhbhum (Jharkhand),Umaria (Madhya Pradesh),0.616579225856088,0.6169268510101494,0.0003476251540613928,5,4,0.25540000365509674,244,344
Gonda (Uttar Pradesh),Mon (Nagaland),0.4709809982053142,0.4807412993248657,0.009760301119551507,6,1,0.2553052437324022,638,415
Muzaffarnagar (Uttar Pradesh),Kurnool (Andhra Pradesh),0.5689726169262657,0.571122825156819,0.002150208230553341,4,0,0.25529422692791254,665,8
North East (NCT Delhi),Sikar (Rajasthan),0.6172840239674537,0.6186150582125713,0.0013310342451176016,2,4,0.25524868095763,425,517
Sitapur (Uttar Pradesh),Darrang (Assam),0.5284076577028505,0.5314317022286554,0.0030240445258049586,6,7,0.255141748604799,679,43
Solapur (Maharashtra),Etawah (Uttar Pradesh),0.5974720665676315,0.5991590993117487,0.0016870327441171895,2,4,0.25493327838711893,377,630
Jalpaiguri (West Bengal),Chikmagalur (Karnataka),0.6469286912935668,0.6499623524725815,0.0030336611790147128,5,2,0.2549196931835045,690,259
Chitradurga (Karnataka),Raisen (Madhya Pradesh),0.656190652951112,0.6573568025912898,0.0011661496401778049,2,4,0.2549134769213195,260,328
Pali (Rajasthan),Bilaspur (Himachal Pradesh),0.6861024453979033,0.6884515394877236,0.002349094089820314,4,5,0.2549033561729406,513,194
Ariyalur (Tamil Nadu),Gariyaband (Chhattisgarh),0.6426558125601188,0.6435378299529959,0.0008820173928770769,3,4,0.25481617766646847,525,117
Subarnapur (Odisha),Dharmapuri (Tamil Nadu),0.6944345022927537,0.7012743841955407,0.006839881902786948,5,2,0.2547474289687106,460,529
Biswanath (Assam),Dima Hasao (Assam),0.5575263722900157,0.5589918485953556,0.0014654763053398856,4,7,0.25473566381320195,38,47
Sirmaur (Himachal Pradesh),The Nilgiris (Tamil Nadu),0.7232282643379088,0.7259723273401781,0.00274406300226937,5,3,0.25462761126794053,203,546
Satara (Maharashtra),Gir Somnath (Gujarat),0.6299115993029096,0.632180124915268,0.002268525612358352,2,7,0.25456075042785636,375,151
Panchmahal (Gujarat),Washim (Maharashtra),0.5913536277689985,0.5926017436373497,0.0012481158683512739,4,7,0.25445946469285874,161,380
Chirang (Assam),Sangareddy (Telangana),0.5718955218842484,0.5747444584857997,0.0028489366015512774,4,0,0.25441844119458523,42,580
Hoshiarpur (Punjab),Sonipat (Haryana),0.6403501064554179,0.643564758826162,0.003214652370744142,2,5,0.25430233665928503,474,192
Dharmapuri (Tamil Nadu),Mandi (Himachal Pradesh),0.7012743841955407,0.7049913264960624,0.003716942300521775,2,5,0.25424306884869863,529,201
Meerut (Uttar Pradesh),Birbhum (West Bengal),0.6029655093119133,0.6032778223476298,0.00031231303571654934,2,5,0.25408012902718224,662,685
Yavatmal (Maharashtra),Valsad (Gujarat),0.6577281938406109,0.6613452449749101,0.0036170511342992206,5,2,0.2540491632567683,381,171
Imphal East (Manipur),Begusarai (Bihar),0.4942096667997809,0.4997559267440938,0.0055462599443129035,7,6,0.2540392817272552,385,73
Namakkal (Tamil Nadu),Osmanabad (Maharashtra),0.6502132158350205,0.6523655238848746,0.0021523080498541125,3,5,0.25396727016138254,538,368
Wayanad (Kerala),Theni (Tamil Nadu),0.664723622448249,0.6665377207232718,0.0018140982750227685,2,3,0.2539202973367588,293,545
Dausa (Rajasthan),Yavatmal (Maharashtra),0.6560621205035196,0.6577281938406109,0.001666073337091234,4,5,0.25386224972110977,499,381
Vadodara (Gujarat),Jaunpur (Uttar Pradesh),0.6011030397164948,0.6020142215498994,0.0009111818334045507,2,6,0.25385701989745557,170,644
Washim (Maharashtra),Anuppur (Madhya Pradesh),0.5926017436373497,0.5931223722355016,0.0005206285981518288,7,4,0.25384999164802025,380,298
West District (Sikkim),Raigarh (Chhattisgarh),0.6232654278072491,0.6261577290737865,0.0028923012665373893,2,4,0.25379750215334296,524,127
Aravali (Gujarat),Gurdaspur (Punjab),0.5654584238956546,0.5683227904888595,0.002864366593204881,7,2,0.2537542493841495,142,473
Chirang (Assam),Bijapur (Karnataka),0.5718955218842484,0.574116659112425,0.0022211372281766284,4,7,0.2536620364159565,42,256
Ganjam (Odisha),Amreli (Gujarat),0.6241511160919777,0.6277640591299071,0.0036129430379293614,5,7,0.2535864795756261,442,140
North Goa (Goa),Hassan (Karnataka),0.6617161312607145,0.6633537371246797,0.0016376058639652191,3,2,0.25358483481877764,137,266
Fazilka (Punjab),Hyderabad (Telangana),0.564729868314826,0.5669547946838788,0.0022249263690528043,2,0,0.25350942557217665,471,559
Birbhum (West Bengal),Rohtas (Bihar),0.6032778223476298,0.6041891557543503,0.0009113334067204493,5,6,0.2534674916965598,685,97
Pulwama (Jammu Kashmir),Valsad (Gujarat),0.6592939526135492,0.6613452449749101,0.0020512923613609235,5,2,0.2534570968079474,217,171
North East (NCT Delhi),Bellary (Karnataka),0.6172840239674537,0.6190115409469475,0.001727516979493804,2,5,0.25333940490682416,425,254
Patna (Bihar),Mahesana (Gujarat),0.4883729469882428,0.4904047140915024,0.002031767103259585,6,7,0.2532813692608964,94,156
Sangrur (Punjab),Mahoba (Uttar Pradesh),0.5878076622903983,0.5878582680893597,5.060579896143391e-05,2,4,0.25321724099602366,485,657
Jagatsinghapur (Odisha),Mandla (Madhya Pradesh),0.6233386321425246,0.62609748852888,0.002758856386355424,5,4,0.253047975821061,443,322
Adilabad (Telangana),North West (NCT Delhi),0.5651792934410328,0.5674274907317932,0.002248197290760423,0,2,0.25299422589347675,557,426
Panchkula (Haryana),Rajkot (Gujarat),0.6715595403797427,0.6758922319605024,0.004332691580759662,2,5,0.25295841437243793,187,164
Bid (Maharashtra),Sambhal (Uttar Pradesh),0.5435947093180402,0.5446361487770857,0.0010414394590454457,7,6,0.2529024662573637,351,672
Almora (Uttarakhand),Mahendragarh (Haryana),0.6285802830659845,0.6310822344912789,0.002501951425294413,2,5,0.2528188343774085,596,184
Raigarh (Chhattisgarh),Kangra (Himachal Pradesh),0.6261577290737865,0.6274784395330102,0.0013207104592236618,4,2,0.2527977194455656,127,197
Pithoragarh (Uttarakhand),Theni (Tamil Nadu),0.6663413048928165,0.6665377207232718,0.00019641583045526545,5,3,0.25257326492933174,604,545
Dharmapuri (Tamil Nadu),Karnal (Haryana),0.7012743841955407,0.720114871613868,0.018840487418327334,2,5,0.25255031316446586,529,182
Narsimhapur (Madhya Pradesh),Kurukshetra (Haryana),0.6329645571513869,0.636060898683751,0.003096341532364155,4,2,0.25249334908411936,325,183
North East (NCT Delhi),Karur (Tamil Nadu),0.6172840239674537,0.618621401264791,0.0013373772973372944,2,3,0.25230346697420447,425,534
Purbi Singhbhum (Jharkhand),Ambala (Haryana),0.616579225856088,0.6194921540666987,0.0029129282106106213,5,2,0.252145699293181,244,172
Barmer (Rajasthan),Chamba (Himachal Pradesh),0.6927151750740909,0.6941952885423471,0.0014801134682562722,4,5,0.2520213327337467,492,195
North  District (Sikkim),Golaghat (Assam),0.5783870304215633,0.5800115265110577,0.0016244960894944427,2,7,0.2519768593200112,522,49
Gajapati (Odisha),Kishtwar (Jammu Kashmir),0.6347405200786133,0.6377669555359491,0.00302643545733583,4,5,0.2519729277307944,441,214
Sidhi (Madhya Pradesh),Paschim Medinipur (West Bengal),0.5766409144948892,0.5801951726448785,0.003554258149989331,4,7,0.25191045531202183,340,698
Moradabad (Uttar Pradesh),Paschim Medinipur (West Bengal),0.5790694030819229,0.5801951726448785,0.0011257695629556252,4,7,0.25190907311889554,664,698
Bundi (Rajasthan),Mahendragarh (Haryana),0.6286168360136178,0.6310822344912789,0.0024653984776610294,4,5,0.2518884118481096,496,184
Siddipet (Telangana),Gadag (Karnataka),0.576072279100407,0.577983474830983,0.0019111957305759653,0,7,0.25184703093549476,581,264
Jalaun (Uttar Pradesh),Mokokchung (Nagaland),0.5889928583982545,0.5903416432795624,0.0013487848813078518,6,1,0.2518052695472058,643,414
Dakshina Kannada (Karnataka),Raipur (Chhattisgarh),0.6577802952461034,0.6611237696697893,0.003343474423685877,2,4,0.2517726727243565,261,128
Sirsa (Haryana),Sikar (Rajasthan),0.6180905332499609,0.6186150582125713,0.000524524962610462,5,4,0.2517566275969356,191,517
Purbi Singhbhum (Jharkhand),West Godavari (Andhra Pradesh),0.616579225856088,0.6194504564679654,0.002871230611877329,5,0,0.2517554576906571,244,14
Yavatmal (Maharashtra),Madurai (Tamil Nadu),0.6577281938406109,0.65904785506923,0.0013196612286191511,5,3,0.2517505707061309,381,536
Porbandar (Gujarat),Baran (Rajasthan),0.6872467627338946,0.6913837237022566,0.0041369609683620245,5,4,0.2517461332973794,163,491
Balaghat (Madhya Pradesh),Badgam (Jammu Kashmir),0.667670099686371,0.6705047263195352,0.002834626633164139,4,5,0.25174302516628666,300,207
The Dangs (Gujarat),Pudukkottai (Tamil Nadu),0.642118183977856,0.6450037387232739,0.002885554745417851,4,3,0.25168200337894187,169,540
Bellary (Karnataka),Mahisagar (Gujarat),0.6190115409469475,0.621732842440813,0.0027213014938654023,5,4,0.2516724337143528,254,157
Lakhisarai (Bihar),Mahesana (Gujarat),0.4894797025960093,0.4904047140915024,0.0009250114954930666,6,7,0.25163904510867646,86,156
Ariyalur (Tamil Nadu),Latur (Maharashtra),0.6426558125601188,0.6445148808948394,0.0018590683347206038,3,5,0.251605248077142,525,361
Vellore (Tamil Nadu),Wayanad (Kerala),0.6635099147076206,0.664723622448249,0.0012137077406284558,3,2,0.2515689261980564,554,293
Amreli (Gujarat),Satara (Maharashtra),0.6277640591299071,0.6299115993029096,0.00214754017300256,7,2,0.2514631404575115,140,375
Kathua (Jammu Kashmir),Dhamtari (Chhattisgarh),0.6766942917651279,0.6809055687695142,0.004211277004386393,5,4,0.2513349950889071,213,115
Ambala (Haryana),Kolhapur (Maharashtra),0.6194921540666987,0.6220221056822799,0.0025299516155812274,2,3,0.2513191703885686,172,360
Jehanabad (Bihar),Nalbari (Assam),0.5413493679082522,0.545101444209938,0.003752076301685836,6,7,0.25121835816259,81,62
Jajapur (Odisha),Mahoba (Uttar Pradesh),0.5858190871219754,0.5878582680893597,0.002039180967384313,5,4,0.2512038584021702,444,657
Dindigul (Tamil Nadu),Palghar (Maharashtra),0.6563707807486019,0.6592991943540649,0.0029284136054630316,3,5,0.25115871856574234,530,369
Hingoli (Maharashtra),Saraikela-Kharsawan (Jharkhand),0.6145337772263525,0.616462481401611,0.0019287041752584777,5,4,0.2511201498914074,357,248
Visakhapatnam (Andhra Pradesh),Ganderbal (Jammu Kashmir),0.6144943794279588,0.6156180406859235,0.0011236612579647032,0,5,0.2511084132669332,12,211
Surat (Gujarat),Fatehabad (Haryana),0.6619160801173338,0.6630335729374737,0.0011174928201398426,2,5,0.25106950896257296,166,176
Virudhunagar (Tamil Nadu),Kupwara (Jammu Kashmir),0.6554314111620915,0.6559997641877434,0.0005683530256519465,3,5,0.2510487671518876,556,216
Ghaziabad (Uttar Pradesh),Deoria (Uttar Pradesh),0.5822205192258598,0.5833881642400085,0.0011676450141486772,2,6,0.2509252179276126,636,628
Deoria (Uttar Pradesh),Nizamabad (Telangana),0.5833881642400085,0.5845496519564554,0.0011614877164468629,6,0,0.2509252179276126,628,576
Raipur (Chhattisgarh),Chamarajanagar (Karnataka),0.6611237696697893,0.6631766507698592,0.0020528811000699587,4,2,0.2505225288809832,128,257
Deoria (Uttar Pradesh),Mansa (Punjab),0.5833881642400085,0.5837607819510855,0.0003726177110769946,6,2,0.2505152734644319,628,478
Damoh (Madhya Pradesh),Gaya (Bihar),0.5469188509812621,0.5471831695106131,0.0002643185293509376,4,6,0.25050552029402984,308,78
Cuttack (Odisha),Sangli (Maharashtra),0.6101285564233092,0.6115229397631894,0.0013943833398801786,5,2,0.25049410005222583,438,374
Chittaurgarh (Rajasthan),Nayagarh (Odisha),0.6521896624993094,0.6530852131797468,0.0008955506804373403,4,5,0.2502586815007808,497,455
Gwalior (Madhya Pradesh),Darjeeling (West Bengal),0.6248120134884311,0.6277852307611654,0.002973217272734363,4,2,0.2501673051651764,314,687
Vizianagaram (Andhra Pradesh),Rajouri (Jammu Kashmir),0.6299959250914997,0.6312659493581732,0.0012700242666734418,0,5,0.24991112142543487,13,219
Sawai Madhopur (Rajasthan),Ambedkar Nagar (Uttar Pradesh),0.553035693677917,0.5531140838949603,7.8390217043256e-05,6,7,0.24969467285728872,516,611
Jagitial (Telangana),Baramula (Jammu Kashmir),0.583164001485113,0.5860891053989866,0.0029251039138735724,0,5,0.24961561571768742,560,209
Visakhapatnam (Andhra Pradesh),Sahibzada Ajit Singh Nagar (Punjab),0.6144943794279588,0.6161397656930043,0.001645386265045512,0,2,0.2495929465718652,12,484
Aravali (Gujarat),Muzaffarnagar (Uttar Pradesh),0.5654584238956546,0.5689726169262657,0.003514193030611068,7,4,0.24946280301835805,142,665
Jogulamba Gadwal (Telangana),Morbi (Gujarat),0.5991838182749398,0.5993121739167219,0.00012835564178204084,0,7,0.24943853845193248,563,158
Tiruvannamalai (Tamil Nadu),Bhandara (Maharashtra),0.6942683587562607,0.6991432110848701,0.0048748523286094025,3,5,0.24943541912068223,553,350
Kangra (Himachal Pradesh),Amreli (Gujarat),0.6274784395330102,0.6277640591299071,0.00028561959689688,2,7,0.24943089689559605,197,140
Junagadh (Gujarat),Baloda Bazar (Chhattisgarh),0.6104244415494103,0.6123529071017644,0.0019284655523540417,5,4,0.24940281317429847,153,108
Warangal Urban (Telangana),Mansa (Punjab),0.5829968706114199,0.5837607819510855,0.0007639113396655794,0,2,0.24940281317429835,586,478
Mandya (Karnataka),Khandwa (East Nimar) (Madhya Pradesh),0.6775128018249553,0.6775453920011983,3.2590176243019187e-05,2,4,0.2493623175119587,271,320
Barpeta (Assam),Kodarma (Jharkhand),0.5499646557508951,0.550768549203547,0.0008038934526518604,7,6,0.24935137904351773,37,238
Surajpur (Chhattisgarh),Majuli (Assam),0.5718091047711443,0.5744798316089352,0.0026707268377909044,4,7,0.24932028973357645,131,59
Vikarabad (Telangana),Sheikhpura (Bihar),0.5479012033304308,0.5480413996766647,0.00014019634623385624,0,6,0.24915995750757025,583,101
Purbi Singhbhum (Jharkhand),Tonk (Rajasthan),0.616579225856088,0.6196361675267663,0.0030569416706782704,5,4,0.2491560725411667,244,519
Kathua (Jammu Kashmir),Rajnandgaon (Chhattisgarh),0.6766942917651279,0.6776303631458038,0.0009360713806759735,5,4,0.24915374124538525,213,129
Rajnandgaon (Chhattisgarh),Tiruchirappalli (Tamil Nadu),0.6776303631458038,0.6777059851640614,7.562201825761505e-05,4,3,0.24915063311429253,129,550
Morena (Madhya Pradesh),Reasi (Jammu Kashmir),0.5940224825169502,0.5946484721103774,0.0006259895934271897,7,4,0.24911720601751075,324,221
Hingoli (Maharashtra),Narmada (Gujarat),0.6145337772263525,0.6151391678079263,0.0006053905815738281,5,4,0.24909247418672886,357,159
Faridabad (Haryana),Kachchh (Gujarat),0.6280220129038697,0.6308309931297915,0.0028089802259217977,2,4,0.2486701683842153,175,154
Shahjahanpur (Uttar Pradesh),Ambedkar Nagar (Uttar Pradesh),0.5530996398862615,0.5531140838949603,1.4444008698766275e-05,6,7,0.2484235341783172,675,611
Nagarkurnool (Telangana),Udham Singh Nagar (Uttarakhand),0.6127940827039419,0.6134415624578261,0.0006474797538842392,0,2,0.24823593739327643,573,607
Medchal-Malkajgiri (Telangana),Mahabubabad (Telangana),0.5867265015754589,0.5882324003769902,0.0015058988015312913,2,0,0.24785640129595876,572,568
Narsimhapur (Madhya Pradesh),Fatehgarh Sahib (Punjab),0.6329645571513869,0.6335621696148377,0.0005976124634508029,4,2,0.24779281438401224,325,470
Perambalur (Tamil Nadu),Indore (Madhya Pradesh),0.6944526665930258,0.6989253175521543,0.00447265095912841,3,5,0.2475978105926928,539,317
Jajapur (Odisha),Bagalkot (Karnataka),0.5858190871219754,0.5887594565885141,0.0029403694665387503,5,4,0.2475010347166362,444,250
Rajsamand (Rajasthan),Raigarh (Maharashtra),0.6362940658274208,0.6389432563970624,0.002649190569641635,4,2,0.24739469708752826,515,372
Guntur (Andhra Pradesh),Saharanpur (Uttar Pradesh),0.6065078687009482,0.6080198646540442,0.0015119959530960347,0,4,0.2472687244153225,6,671
Jind (Haryana),Chittaurgarh (Rajasthan),0.650275788085538,0.6521896624993094,0.0019138744137714436,5,4,0.2472584934233029,180,497
Wayanad (Kerala),Sivaganga (Tamil Nadu),0.664723622448249,0.6652436140933278,0.0005199916450787656,2,3,0.24725400181042356,293,543
Sheopur (Madhya Pradesh),Kodarma (Jharkhand),0.5484446667520376,0.550768549203547,0.0023238824515093848,4,6,0.24706836245717412,338,238
Durg (Chhattisgarh),Puri (Odisha),0.666493452848441,0.6678777883726063,0.001384335524165281,2,5,0.24706570931340277,116,457
Pithoragarh (Uttarakhand),Betul (Madhya Pradesh),0.6663413048928165,0.6669187972929591,0.0005774924001425985,5,4,0.2470504570735383,604,302
Gondiya (Maharashtra),South Goa (Goa),0.6887376840464717,0.6915133614509863,0.002775677404514565,5,3,0.2470316335788278,356,138
Azamgarh (Uttar Pradesh),Nalanda (Bihar),0.5174877250457446,0.5188020120820503,0.0013142870363057613,7,6,0.24695833604250866,614,91
Aravali (Gujarat),Chandauli (Uttar Pradesh),0.5654584238956546,0.5661051006235265,0.0006466767278718866,7,6,0.24663977567542006,142,626
Buldana (Maharashtra),Karaikal (Puducherry),0.6704718516297394,0.6705526372558456,8.078562610613904e-05,5,3,0.2465966231569856,352,462
East Garo Hills (Meghalaya),Bharatpur (Rajasthan),0.5378665330400021,0.5387857868003,0.000919253760297889,1,6,0.2465426873539141,391,493
Kurukshetra (Haryana),Tapi (Gujarat),0.636060898683751,0.6390642053517559,0.003003306668004857,2,5,0.24626160399500913,183,168
Nagarkurnool (Telangana),Bidar (Karnataka),0.6127940827039419,0.6136199347128892,0.0008258520089473587,0,4,0.24610993373924217,573,255
Kulgam (Jammu Kashmir),Viluppuram (Tamil Nadu),0.6803562664144548,0.6843302055253363,0.003973939110881508,5,3,0.24602761885225294,215,555
Faizabad (Uttar Pradesh),Hazaribagh (Jharkhand),0.5278389324405923,0.5290502917949998,0.0012113593544075263,7,6,0.24577653365740992,631,235
Rudraprayag (Uttarakhand),Hanumangarh (Rajasthan),0.6709719991056451,0.6746479340392845,0.00367593493363938,5,4,0.24568628543526938,605,503
Mokokchung (Nagaland),Gorakhpur (Uttar Pradesh),0.5903416432795624,0.5908708384969082,0.0005291952173458458,1,7,0.24560126435872148,414,639
East (NCT Delhi),Yanam (Puducherry),0.6323810702518,0.6334743660746895,0.0010932958228895284,2,3,0.24557546040058076,422,465
Gaya (Bihar),Hoshangabad (Madhya Pradesh),0.5471831695106131,0.5495965123174836,0.0024133428068705554,6,7,0.24543635521917972,78,316
Fatehgarh Sahib (Punjab),Belgaum (Karnataka),0.6335621696148377,0.6363872598128987,0.0028250901980609866,2,5,0.2451127383055997,470,253
Nagapattinam (Tamil Nadu),Jharsuguda (Odisha),0.6782764307795313,0.6819979172247891,0.0037214864452578267,3,5,0.24487853539642485,537,445
Botad (Gujarat),Jangoan (Telangana),0.5904277946160063,0.5926687278242777,0.002240933208271456,7,0,0.24475578802297038,146,561
Bongaigaon (Assam),Aurangabad (Bihar),0.5717806394521604,0.5722484621574054,0.00046782270524503566,7,6,0.24464211149960197,39,71
Mahasamund (Chhattisgarh),Sambalpur (Odisha),0.6652297253092238,0.6656495882211882,0.000419862911964497,4,5,0.24460679119521322,124,459
Nizamabad (Telangana),Medchal-Malkajgiri (Telangana),0.5845496519564554,0.5867265015754589,0.0021768496190035513,0,2,0.24452025314806347,576,572
Central (NCT Delhi),Ahmadnagar (Maharashtra),0.6067907197888455,0.6092011203568894,0.00241040056804398,2,5,0.24450129044124214,421,346
Bareilly (Uttar Pradesh),Devbhumi Dwarka (Gujarat),0.5779731761991597,0.5810609731912736,0.0030877969921139226,6,7,0.24448534862999644,621,149
Rajkot (Gujarat),Nagapattinam (Tamil Nadu),0.6758922319605024,0.6782764307795313,0.0023841988190288488,5,3,0.24445615961359973,164,537
Kushinagar (Uttar Pradesh),Surajpur (Chhattisgarh),0.5706893182748405,0.5718091047711443,0.0011197864963038429,6,4,0.24444555226274767,653,131
Nanded (Maharashtra),Panchmahal (Gujarat),0.5901558199784941,0.5913536277689985,0.0011978077905043794,7,4,0.2443995270357019,365,161
Gurdaspur (Punjab),Warangal Rural (Telangana),0.5683227904888595,0.570568881862589,0.002246091373729553,2,0,0.24436324801477005,473,585
Nalanda (Bihar),Jalna (Maharashtra),0.5188020120820503,0.5228645559096242,0.004062543827573872,6,7,0.24436229214907207,91,359
Darrang (Assam),Dhanbad (Jharkhand),0.5314317022286554,0.5316050793444621,0.00017337711580667214,7,6,0.24435078314409653,43,229
Panchkula (Haryana),Khandwa (East Nimar) (Madhya Pradesh),0.6715595403797427,0.6775453920011983,0.005985851621455596,2,4,0.24413970730400042,187,320
Srinagar (Jammu Kashmir),Erode (Tamil Nadu),0.7063140947199467,0.7154017619524314,0.009087667232484775,5,3,0.2441167004991835,224,531
Firozabad (Uttar Pradesh),Jalna (Maharashtra),0.5217873282145864,0.5228645559096242,0.001077227695037819,6,7,0.24396152817694827,634,359
Ramanathapuram (Tamil Nadu),Champawat (Uttarakhand),0.6699689901058209,0.6701354092117294,0.00016641910590853293,3,4,0.24389214942727755,541,599
Faridabad (Haryana),Y.S.R. (Andhra Pradesh),0.6280220129038697,0.6285320769238938,0.0005100640200240703,2,0,0.24386092999579706,175,15
Mayurbhanj (Odisha),Changlang (Arunachal Pradesh),0.5530306583911615,0.5558792580936791,0.002848599702517607,4,1,0.24384395775539364,453,17
Hugli (West Bengal),Kolkata (West Bengal),0.5984410606319169,0.6000909016536673,0.0016498410217503645,5,2,0.243815341713158,689,692
Raisen (Madhya Pradesh),Pulwama (Jammu Kashmir),0.6573568025912898,0.6592939526135492,0.0019371500222593596,4,5,0.2437887921805778,328,217
Kachchh (Gujarat),South Twenty Four Parganas (West Bengal),0.6308309931297915,0.6329090682557573,0.002078075125965806,4,5,0.24374982493167263,154,702
Birbhum (West Bengal),Dhaulpur (Rajasthan),0.6032778223476298,0.6038876459255225,0.000609823577892632,5,6,0.24364278049966914,685,500
Lunglei (Mizoram),Sangareddy (Telangana),0.5732887556949391,0.5747444584857997,0.0014557027908606024,7,0,0.24359974695396613,406,580
Gorakhpur (Uttar Pradesh),Anuppur (Madhya Pradesh),0.5908708384969082,0.5931223722355016,0.0022515337385933254,7,4,0.24346197970156458,639,298
Jind (Haryana),Tumkur (Karnataka),0.650275788085538,0.6511404979410191,0.0008647098554811494,5,2,0.24339089743835796,180,276
Mansa (Punjab),Nizamabad (Telangana),0.5837607819510855,0.5845496519564554,0.0007888700053698683,2,0,0.24331098159314635,478,576
Kiphire (Nagaland),Khagaria (Bihar),0.4370504109712254,0.4545752283944576,0.017524817423232197,1,6,0.2432923032828339,411,84
Mathura (Uttar Pradesh),Azamgarh (Uttar Pradesh),0.5099315572465476,0.5174877250457446,0.007556167799196989,6,7,0.24325565028644971,660,614
Jagitial (Telangana),Mansa (Punjab),0.583164001485113,0.5837607819510855,0.0005967804659724463,0,2,0.24322484948574918,560,478
Koriya (Chhattisgarh),Morena (Madhya Pradesh),0.5927426796634343,0.5940224825169502,0.0012798028535159212,4,7,0.24319128773967447,123,324
West District (Sikkim),Jagatsinghapur (Odisha),0.6232654278072491,0.6233386321425246,7.320433527546744e-05,2,5,0.24314493364053713,524,443
Navsari (Gujarat),Uttar Bastar Kanker (Chhattisgarh),0.6797431504391672,0.6822053866926029,0.002462236253435668,5,4,0.24305569340204736,160,133
Hapur (Uttar Pradesh),Faridabad (Haryana),0.6271793364207714,0.6280220129038697,0.0008426764830983258,4,2,0.24288405500050964,641,175
Visakhapatnam (Andhra Pradesh),Lohardaga (Jharkhand),0.6144943794279588,0.6165784713759043,0.0020840919479454545,0,4,0.24287815371293636,12,240
Jhansi (Uttar Pradesh),Ashoknagar (Madhya Pradesh),0.5943051263989492,0.5963376316816799,0.00203250528273069,6,4,0.24283997821406927,645,299
Baramula (Jammu Kashmir),Sri Potti Sriramulu Nellore (Andhra Pradesh),0.5860891053989866,0.5888406206128463,0.0027515152138596344,5,0,0.24269205748886946,209,11
Bellary (Karnataka),Datia (Madhya Pradesh),0.6190115409469475,0.620697032795475,0.0016854918485273984,5,4,0.24263746538943287,254,309
Gadag (Karnataka),Moradabad (Uttar Pradesh),0.577983474830983,0.5790694030819229,0.0010859282509398938,7,4,0.24247333517549952,264,664
Bongaigaon (Assam),Chhatarpur (Madhya Pradesh),0.5717806394521604,0.5731641908146796,0.0013835513625192197,7,6,0.24247124469055925,39,306
Sheohar (Bihar),Kheda (Gujarat),0.50769094255354,0.5127736217674782,0.005082679213938235,6,7,0.2424185773821836,102,155
Mahendragarh (Haryana),Kodagu (Karnataka),0.6310822344912789,0.6315701594035719,0.00048792491229299184,5,2,0.2423982831646091,184,268
Peren (Nagaland),Vaishali (Bihar),0.4837855938453878,0.4899202118949717,0.006134618049583929,1,6,0.24239366720171124,416,106
Kheda (Gujarat),Banka (Bihar),0.5127736217674782,0.5177529632511803,0.004979341483702049,7,6,0.24238239934576244,155,72
Munger (Bihar),Ballia (Uttar Pradesh),0.5370959275601832,0.5396262939504938,0.0025303663903105678,7,6,0.24234888331951154,89,617
Kamrup (Assam),Bathinda (Punjab),0.5018776441796813,0.5030129093362417,0.0011352651565603722,7,2,0.24231201942093328,53,468
Udalguri (Assam),Tirap (Arunachal Pradesh),0.4951517335090582,0.4994653936627229,0.004313660153664689,7,1,0.24230992893599312,67,31
Nadia (West Bengal),Kohima (Nagaland),0.5976291120545132,0.5994527038038355,0.0018235917493223397,5,1,0.24214181260565137,695,412
Nagapattinam (Tamil Nadu),Navsari (Gujarat),0.6782764307795313,0.6797431504391672,0.0014667196596359622,3,5,0.24194312472481494,537,160
Champawat (Uttarakhand),Karaikal (Puducherry),0.6701354092117294,0.6705526372558456,0.0004172280441161469,4,3,0.24189024960269245,599,462
Mahabubabad (Telangana),Nanded (Maharashtra),0.5882324003769902,0.5901558199784941,0.001923419601503884,0,7,0.2418560090193952,568,365
Lahul and Spiti (Himachal Pradesh),Krishnagiri (Tamil Nadu),0.6999303134548227,0.7001959065107234,0.0002655930559006814,5,2,0.24183016264217494,200,535
Bangalore Rural (Karnataka),Jammu (Jammu Kashmir),0.6815763663272233,0.6820757209092189,0.0004993545819955703,2,5,0.24182569895969258,252,212
Sheikhpura (Bihar),Hoshangabad (Madhya Pradesh),0.5480413996766647,0.5495965123174836,0.0015551126408189786,6,7,0.2418087928870508,101,316
Raigarh (Maharashtra),Bageshwar (Uttarakhand),0.6389432563970624,0.6399951868637811,0.001051930466718698,2,4,0.24171487725680585,372,597
Pithoragarh (Uttarakhand),Balaghat (Madhya Pradesh),0.6663413048928165,0.667670099686371,0.001328794793554522,5,4,0.2415524683786494,604,300
Satara (Maharashtra),Mahendragarh (Haryana),0.6299115993029096,0.6310822344912789,0.00117063518836924,2,5,0.24154882930419685,375,184
Purba Barddhaman (West Bengal),Una (Himachal Pradesh),0.5940871147200499,0.5961232444868116,0.0020361297667617073,5,2,0.24150901166162303,699,205
Ahmedabad (Gujarat),Jalandhar (Punjab),0.6115122730563761,0.6130699049484553,0.0015576318920791365,7,2,0.24136234594669104,139,475
Ariyalur (Tamil Nadu),Baudh (Odisha),0.6426558125601188,0.6432621961861913,0.0006063836260724598,3,5,0.24124147200708368,525,436
Tehri Garhwal (Uttarakhand),Anugul (Odisha),0.6165700819796852,0.6186095414613355,0.0020394594816502964,4,5,0.2411911710787309,606,432
Yavatmal (Maharashtra),Dakshina Kannada (Karnataka),0.6577281938406109,0.6577802952461034,5.210140549249953e-05,5,2,0.2411595278345932,381,261
Gorakhpur (Uttar Pradesh),Jangoan (Telangana),0.5908708384969082,0.5926687278242777,0.0017978893273694618,7,0,0.24115857447141487,639,561
Agra (Uttar Pradesh),Bongaigaon (Assam),0.5693897551156601,0.5717806394521604,0.002390884336500254,6,7,0.24105495405559557,609,39
Lunglei (Mizoram),Siddipet (Telangana),0.5732887556949391,0.576072279100407,0.002783523405467947,7,0,0.24101963782099356,406,581
Kargil (Ladakh),Balaghat (Madhya Pradesh),0.6663023673043793,0.667670099686371,0.0013677323819917264,5,4,0.24101192992687426,294,300
Kolkata (West Bengal),Haveri (Karnataka),0.6000909016536673,0.6035687630095949,0.0034778613559276472,2,5,0.2409263588066613,692,267
Rewari (Haryana),Virudhunagar (Tamil Nadu),0.651854115314847,0.6554314111620915,0.0035772958472444216,2,3,0.2406958035732285,189,556
Janjgir - Champa (Chhattisgarh),Amreli (Gujarat),0.6241594031066753,0.6277640591299071,0.0036046560232317892,4,7,0.24063867369593994,118,140
Chirang (Assam),Chhatarpur (Madhya Pradesh),0.5718955218842484,0.5731641908146796,0.0012686689304312049,4,6,0.24058756290853744,42,306
Uttarkashi (Uttarakhand),Samba (Jammu Kashmir),0.6463798219687574,0.6480853208768629,0.0017054989081054517,4,5,0.2405556497196356,608,222
Bellary (Karnataka),Ambala (Haryana),0.6190115409469475,0.6194921540666987,0.00048061311975111654,5,2,0.2404991044254119,254,172
Jalor (Rajasthan),Anantnag (Jammu Kashmir),0.650813399697259,0.6538426862441498,0.0030292865468907193,4,5,0.24047262574333106,506,206
Yamunanagar (Haryana),Akola (Maharashtra),0.6336475291191307,0.636782435808657,0.003134906689526318,2,5,0.24044388407039413,193,347
Nanded (Maharashtra),Jangoan (Telangana),0.5901558199784941,0.5926687278242777,0.0025129078457836185,7,0,0.24040839602499153,365,561
Kohima (Nagaland),Vadodara (Gujarat),0.5994527038038355,0.6011030397164948,0.0016503359126592843,1,2,0.24035789485841996,412,170
Sivaganga (Tamil Nadu),Durg (Chhattisgarh),0.6652436140933278,0.666493452848441,0.0012498387551131973,3,2,0.2403571187511656,543,116
Anugul (Odisha),Datia (Madhya Pradesh),0.6186095414613355,0.620697032795475,0.0020874913341394352,5,4,0.24022536703627395,432,309
Ratnagiri (Maharashtra),Ranchi (Jharkhand),0.595614688959889,0.5981788579122136,0.002564168952324586,2,4,0.24022121124939982,373,246
Daman (Dadra Nagar Haveli Daman Diu),Deoria (Uttar Pradesh),0.5812241237161601,0.5833881642400085,0.002164040523848443,7,6,0.24015607049357635,135,628
Kokrajhar (Assam),Mayurbhanj (Odisha),0.5510433848165688,0.5530306583911615,0.0019872735745927184,7,4,0.24006993838617952,57,453
Aravali (Gujarat),Sonitpur (Assam),0.5654584238956546,0.567253099795637,0.0017946758999823897,7,4,0.24006285215962575,142,64
Darrang (Assam),Nawada (Bihar),0.5314317022286554,0.5350840539913876,0.0036523517627321533,7,6,0.24000556319643074,43,92
Jhajjar (Haryana),South Goa (Goa),0.6874648675448902,0.6915133614509863,0.004048493906096073,5,3,0.2399713737544118,179,138
East Garo Hills (Meghalaya),Dhubri (Assam),0.5378665330400021,0.5412058523242063,0.0033393192842041675,1,6,0.23996665829993802,391,45
Udham Singh Nagar (Uttarakhand),Katni (Madhya Pradesh),0.6134415624578261,0.6137384114896133,0.0002968490317871719,2,4,0.23989456604029225,607,319
Fatehabad (Haryana),Chamarajanagar (Karnataka),0.6630335729374737,0.6631766507698592,0.00014307783238554084,5,2,0.23988213351592214,176,257
Chitradurga (Karnataka),Yavatmal (Maharashtra),0.656190652951112,0.6577281938406109,0.0015375408894988674,2,5,0.23968226207441018,260,381
Dhar (Madhya Pradesh),Tapi (Gujarat),0.6367391697457714,0.6390642053517559,0.0023250356059845156,4,5,0.2395987778314702,311,168
Ambedkar Nagar (Uttar Pradesh),Rampur (Uttar Pradesh),0.5531140838949603,0.5565235730510867,0.0034094891561263774,7,6,0.23956392857851222,611,670
Dhule (Maharashtra),Begusarai (Bihar),0.4960445576865314,0.4997559267440938,0.003711369057562419,7,6,0.23947508270978773,354,73
Shamli (Uttar Pradesh),Guntur (Andhra Pradesh),0.6064288339470234,0.6065078687009482,7.903475392478931e-05,4,0,0.2394606873343389,676,6
Puducherry (Puducherry),Jaipur (Rajasthan),0.6904812405485269,0.6920365442344102,0.0015553036858833025,3,5,0.23944497350471622,464,504
Chirang (Assam),Lunglei (Mizoram),0.5718955218842484,0.5732887556949391,0.001393233810690675,4,7,0.2393707322056814,42,406
Punch (Jammu Kashmir),Balaghat (Madhya Pradesh),0.6651183483437413,0.667670099686371,0.002551751342629749,5,4,0.2393242716285584,218,300
Kaimur (Bhabua) (Bihar),Haveri (Karnataka),0.6024071008423451,0.6035687630095949,0.0011616621672498884,6,5,0.23931339820616093,82,267
Botad (Gujarat),Koriya (Chhattisgarh),0.5904277946160063,0.5927426796634343,0.0023148850474280502,7,4,0.23930474163345017,146,123
Burhanpur (Madhya Pradesh),Krishnagiri (Tamil Nadu),0.6947213392128421,0.7001959065107234,0.0054745672978813165,4,2,0.23928006622904074,305,535
Senapati (Manipur),Dhule (Maharashtra),0.4943998684805016,0.4960445576865314,0.0016446892060297813,1,7,0.23927416361400494,387,354
Champawat (Uttarakhand),Panchkula (Haryana),0.6701354092117294,0.6715595403797427,0.0014241311680133206,4,2,0.2390518937528774,599,187
Nanded (Maharashtra),Ludhiana (Punjab),0.5901558199784941,0.5911273712162664,0.0009715512377722613,7,2,0.2389459215433089,365,477
Pudukkottai (Tamil Nadu),Dakshin Dinajpur (West Bengal),0.6450037387232739,0.6451161454710429,0.00011240674776902271,3,5,0.23884541469951648,540,686
Morbi (Gujarat),Rupnagar (Punjab),0.5993121739167219,0.5994548640198827,0.0001426901031608141,7,2,0.238831439424869,158,483
Ranchi (Jharkhand),Hugli (West Bengal),0.5981788579122136,0.5984410606319169,0.00026220271970334164,4,5,0.23870848469072076,246,689
Ramanathapuram (Tamil Nadu),Badgam (Jammu Kashmir),0.6699689901058209,0.6705047263195352,0.0005357362137142774,3,5,0.23870833033825622,541,207
Mysore (Karnataka),Pali (Rajasthan),0.6797090115153347,0.6861024453979033,0.006393433882568633,2,4,0.23855064176395813,272,513
Nainital (Uttarakhand),Cuttack (Odisha),0.607182602777582,0.6101285564233092,0.0029459536457272506,2,5,0.2385415791488139,602,438
Paschim Medinipur (West Bengal),Sabarkantha (Gujarat),0.5801951726448785,0.5811770623719078,0.0009818897270292837,7,4,0.23846761778765335,698,165
West Kameng (Arunachal Pradesh),Gomati (Tripura),0.5179377912186482,0.5204900628753547,0.002552271656706462,1,7,0.23836146743581765,34,589
Sagar (Madhya Pradesh),Kannauj (Uttar Pradesh),0.5747277097960336,0.5773254205592606,0.0025977107632270124,4,6,0.2383512999325264,332,647
Bhopal (Madhya Pradesh),Kupwara (Jammu Kashmir),0.6521475048191842,0.6559997641877434,0.003852259368559263,2,5,0.23835121567369388,304,216
Jind (Haryana),Jalor (Rajasthan),0.650275788085538,0.650813399697259,0.0005376116117210561,5,4,0.2382767937439957,180,506
Dhanbad (Jharkhand),Bharuch (Gujarat),0.5316050793444621,0.5327067347321826,0.001101655387720446,6,7,0.2382517001071785,229,144
Faridabad (Haryana),Vizianagaram (Andhra Pradesh),0.6280220129038697,0.6299959250914997,0.001973912187629989,2,0,0.23811587416800684,175,13
Parbhani (Maharashtra),Bhagalpur (Bihar),0.4984159730877444,0.4992586742914566,0.000842701203712215,7,6,0.23803226743121372,370,74
Charaideo (Assam),Chirang (Assam),0.571223461969406,0.5718955218842484,0.0006720599148424267,7,4,0.23799433897856748,41,42
Muzaffarnagar (Uttar Pradesh),Warangal Rural (Telangana),0.5689726169262657,0.570568881862589,0.001596264936323366,4,0,0.23788324874192807,665,585
Barpeta (Assam),Bokaro (Jharkhand),0.5499646557508951,0.5508386668623246,0.0008740111114294846,7,6,0.2378376154192362,37,226
Panipat (Haryana),Bijnor (Uttar Pradesh),0.6136054314641359,0.6137070440685924,0.00010161260445651354,2,4,0.23781585850158815,188,623
Chamba (Himachal Pradesh),Burhanpur (Madhya Pradesh),0.6941952885423471,0.6947213392128421,0.0005260506704949375,5,4,0.23765297146016606,195,305
Vizianagaram (Andhra Pradesh),Kachchh (Gujarat),0.6299959250914997,0.6308309931297915,0.0008350680382918085,0,4,0.23761841617756363,13,154
Baloda Bazar (Chhattisgarh),Udham Singh Nagar (Uttarakhand),0.6123529071017644,0.6134415624578261,0.0010886553560617296,4,2,0.237468221940907,108,607
Alwar (Rajasthan),Jorhat (Assam),0.5440057676076354,0.5472981929659047,0.0032924253582692353,6,7,0.23746504921222145,489,52
Bangalore Rural (Karnataka),Pali (Rajasthan),0.6815763663272233,0.6861024453979033,0.004526079070680034,2,4,0.23744991403530497,252,513
Jammu (Jammu Kashmir),Viluppuram (Tamil Nadu),0.6820757209092189,0.6843302055253363,0.002254484616117436,5,3,0.2374238075146876,212,555
Akola (Maharashtra),North (NCT Delhi),0.636782435808657,0.6379119657253207,0.0011295299166637074,5,2,0.23736291456462177,347,424
Mokokchung (Nagaland),Firozpur (Punjab),0.5903416432795624,0.5910315228096771,0.0006898795301146787,1,2,0.23728324902200415,414,472
Bijnor (Uttar Pradesh),Visakhapatnam (Andhra Pradesh),0.6137070440685924,0.6144943794279588,0.0007873353593663701,4,0,0.23723158253636445,623,12
The Dangs (Gujarat),Hisar (Haryana),0.642118183977856,0.642955556093696,0.0008373721158400071,4,5,0.2372073261853056,169,178
Sant Kabir Nagar (Uttar Pradesh),Jajapur (Odisha),0.5856732961486991,0.5858190871219754,0.00014579097327627188,4,5,0.2371896344886807,673,444
Mahisagar (Gujarat),Ganjam (Odisha),0.621732842440813,0.6241511160919777,0.0024182736511647596,4,5,0.2370841321874278,157,442
Tiruchirappalli (Tamil Nadu),Jammu (Jammu Kashmir),0.6777059851640614,0.6820757209092189,0.0043697357451574215,3,5,0.23702420048069056,550,212
Kupwara (Jammu Kashmir),Dausa (Rajasthan),0.6559997641877434,0.6560621205035196,6.235631577622414e-05,5,4,0.23696696995198774,216,499
Ahmadnagar (Maharashtra),Hamirpur (Himachal Pradesh),0.6092011203568894,0.6099047333749509,0.0007036130180614331,5,2,0.2367217426221262,346,196
Churu (Rajasthan),Udham Singh Nagar (Uttarakhand),0.6118078092317436,0.6134415624578261,0.0016337532260825016,4,2,0.23670261500221812,498,607
Mandya (Karnataka),Harda (Madhya Pradesh),0.6775128018249553,0.6800441726218796,0.002531370796924226,2,5,0.23668569270345508,271,315
Fatehabad (Haryana),Jodhpur (Rajasthan),0.6630335729374737,0.6635177450603194,0.000484172122845683,5,4,0.23666934914206378,176,509
East Garo Hills (Meghalaya),Jehanabad (Bihar),0.5378665330400021,0.5413493679082522,0.003482834868250073,1,6,0.23663761228741814,391,81
Rajnandgaon (Chhattisgarh),Navsari (Gujarat),0.6776303631458038,0.6797431504391672,0.002112787293363394,4,5,0.2365456338082803,129,160
Faridabad (Haryana),Mahabubnagar (Telangana),0.6280220129038697,0.6289530802046575,0.0009310673007877357,2,0,0.2365165793616274,175,569
Fatehabad (Haryana),Hassan (Karnataka),0.6630335729374737,0.6633537371246797,0.0003201641872060401,5,2,0.23646260983197553,176,266
Amreli (Gujarat),Varanasi (Uttar Pradesh),0.6277640591299071,0.6303802089488186,0.0026161498189115617,7,4,0.2364168261549336,140,683
Gir Somnath (Gujarat),Karauli (Rajasthan),0.632180124915268,0.6333875236079991,0.0012073986927311209,7,4,0.236391417655611,151,510
Sivaganga (Tamil Nadu),Puri (Odisha),0.6652436140933278,0.6678777883726063,0.0026341742792784784,3,5,0.236130513926758,543,457
Baleshwar (Odisha),Shamli (Uttar Pradesh),0.6053449012511959,0.6064288339470234,0.0010839326958275164,5,4,0.2361135701351793,434,676
Nagpur (Maharashtra),Tiruvannamalai (Tamil Nadu),0.6912908903648683,0.6942683587562607,0.002977468391392346,2,3,0.23591700342154343,364,553
Mancherial (Telangana),Lucknow (Uttar Pradesh),0.5576243074206787,0.5596752806475477,0.0020509732268689795,0,7,0.2357554441009841,570,655
Kokrajhar (Assam),Palamu (Jharkhand),0.5510433848165688,0.5525409638784444,0.0014975790618756424,7,6,0.23572541876782022,57,242
Davanagere (Karnataka),Bulandshahr (Uttar Pradesh),0.5585972364013564,0.5586653949255771,6.815852422070723e-05,2,4,0.23572471843851328,262,625
South West (NCT Delhi),North Twenty Four Parganas (West Bengal),0.6474000645815928,0.6495079996058462,0.002107935024253327,2,5,0.23571539404523567,430,696
Tiruchirappalli (Tamil Nadu),Harda (Madhya Pradesh),0.6777059851640614,0.6800441726218796,0.0023381874578181083,3,5,0.2356652914374454,550,315
Auraiya (Uttar Pradesh),Cuttack (Odisha),0.6072041356512282,0.6101285564233092,0.0029244207720809934,4,5,0.23562363186444302,613,438
Vaishali (Bihar),Mahesana (Gujarat),0.4899202118949717,0.4904047140915024,0.0004845021965306784,6,7,0.23549609738309168,106,156
Purbi Singhbhum (Jharkhand),Gurgaon (Haryana),0.616579225856088,0.6181459008413983,0.001566674985310268,5,7,0.23537462900821882,244,177
Junagadh (Gujarat),Ahmedabad (Gujarat),0.6104244415494103,0.6115122730563761,0.0010878315069657862,5,7,0.23529754884460674,153,139
Sirsa (Haryana),Gurgaon (Haryana),0.6180905332499609,0.6181459008413983,5.536759143742742e-05,5,7,0.2352940579015279,191,177
Farrukhabad (Uttar Pradesh),Sagar (Madhya Pradesh),0.5742050588067394,0.5747277097960336,0.00052265098929416,6,4,0.2352602178938746,632,332
Chandauli (Uttar Pradesh),Muzaffarnagar (Uttar Pradesh),0.5661051006235265,0.5689726169262657,0.0028675163027391815,6,4,0.23523900710505696,626,665
Bareilly (Uttar Pradesh),Moradabad (Uttar Pradesh),0.5779731761991597,0.5790694030819229,0.0010962268827632293,6,4,0.23523782977081859,621,664
Rae Bareli (Uttar Pradesh),Bulandshahr (Uttar Pradesh),0.5560668937765123,0.5586653949255771,0.0025985011490647913,6,4,0.23505826895390736,669,625
Madhubani (Bihar),Mahesana (Gujarat),0.4842742490002918,0.4904047140915024,0.0061304650912105685,6,7,0.23502497604559758,88,156
Rajkot (Gujarat),Nagaur (Rajasthan),0.6758922319605024,0.6766719875593424,0.0007797555988400262,5,4,0.23496507012740242,164,512
Dharwad (Karnataka),Bhiwani (Haryana),0.6487172414165195,0.6507866303457372,0.002069388929217708,2,4,0.23479280591260865,263,173
Cuttack (Odisha),Churu (Rajasthan),0.6101285564233092,0.6118078092317436,0.001679252808434395,5,4,0.23473349193257542,438,498
Kodagu (Karnataka),South Twenty Four Parganas (West Bengal),0.6315701594035719,0.6329090682557573,0.0013389088521854609,2,5,0.2347097819363042,268,702
Vaishali (Bihar),Hojai (Assam),0.4899202118949717,0.4957589714435058,0.005838759548534078,6,7,0.23451058363793092,106,51
Shimoga (Karnataka),Hisar (Haryana),0.6410490550646011,0.642955556093696,0.0019065010290949536,2,5,0.23446071000739077,275,178
Jalandhar (Punjab),Visakhapatnam (Andhra Pradesh),0.6130699049484553,0.6144943794279588,0.0014244744795035569,2,0,0.23437331382538357,475,12
Sri Potti Sriramulu Nellore (Andhra Pradesh),Gorakhpur (Uttar Pradesh),0.5888406206128463,0.5908708384969082,0.002030217884061991,0,7,0.23432860583588927,11,639
Chamba (Himachal Pradesh),Perambalur (Tamil Nadu),0.6941952885423471,0.6944526665930258,0.0002573780506787138,5,3,0.23429466205478167,195,539
Darjeeling (West Bengal),Varanasi (Uttar Pradesh),0.6277852307611654,0.6303802089488186,0.0025949781876531963,2,4,0.23422725427253482,687,683
Rohtas (Bihar),Tarn Taran (Punjab),0.6041891557543503,0.6046349331150919,0.0004457773607415838,6,2,0.2341871507497355,97,487
Purbi Singhbhum (Jharkhand),Sikar (Rajasthan),0.616579225856088,0.6186150582125713,0.0020358323564833025,5,4,0.23412715897533687,244,517
Harda (Madhya Pradesh),Pali (Rajasthan),0.6800441726218796,0.6861024453979033,0.0060582727760237765,5,4,0.23407902531316993,315,513
Sultanpur (Uttar Pradesh),Chhatarpur (Madhya Pradesh),0.5729014577031063,0.5731641908146796,0.00026273311157332113,7,6,0.2340393898215749,681,306
Ghazipur (Uttar Pradesh),Bankura (West Bengal),0.5536223653330554,0.555658414045892,0.00203604871283658,6,7,0.23393449754483725,637,684
Amritsar (Punjab),Daman (Dadra Nagar Haveli Daman Diu),0.5777086174221775,0.5812241237161601,0.003515506293982562,2,7,0.2339080120892874,466,135
Darjeeling (West Bengal),Kachchh (Gujarat),0.6277852307611654,0.6308309931297915,0.0030457623686260815,2,4,0.2338867588993021,687,154
Mahoba (Uttar Pradesh),Mahabubabad (Telangana),0.5878582680893597,0.5882324003769902,0.000374132287630502,4,0,0.23381516698351046,657,568
Balrampur (Chhattisgarh),Karimganj (Assam),0.5631711276629844,0.5634455590931304,0.0002744314301460493,4,7,0.2336439010410018,109,56
Erode (Tamil Nadu),Karnal (Haryana),0.7154017619524314,0.720114871613868,0.004713109661436565,3,5,0.23351564532850644,531,182
Jind (Haryana),Bhopal (Madhya Pradesh),0.650275788085538,0.6521475048191842,0.001871716733646167,5,2,0.23345820602955158,180,304
Uttar Bastar Kanker (Chhattisgarh),Gondiya (Maharashtra),0.6822053866926029,0.6887376840464717,0.006532297353868843,4,5,0.23337246031414555,133,356
Jharsuguda (Odisha),Uttar Bastar Kanker (Chhattisgarh),0.6819979172247891,0.6822053866926029,0.00020746946781380338,5,4,0.23333702173819704,445,133
Haveri (Karnataka),Yadadri Bhuvanagiri (Telangana),0.6035687630095949,0.6035883429853836,1.9579975788608373e-05,5,0,0.2330712025792535,267,587
Azamgarh (Uttar Pradesh),Firozabad (Uttar Pradesh),0.5174877250457446,0.5217873282145864,0.004299603168841815,7,6,0.23300810673306402,614,634
Pathankot (Punjab),Rohtas (Bihar),0.6034135963955222,0.6041891557543503,0.0007755593588281151,2,6,0.23297108764451435,481,97
Jhajjar (Haryana),Puducherry (Puducherry),0.6874648675448902,0.6904812405485269,0.003016373003636663,5,3,0.23296006217172494,179,464
Nagaur (Rajasthan),Navsari (Gujarat),0.6766719875593424,0.6797431504391672,0.0030711628798247848,4,5,0.23263144867321922,512,160
Mysore (Karnataka),Harda (Madhya Pradesh),0.6797090115153347,0.6800441726218796,0.00033516110654485676,2,5,0.23254494229020295,272,315
Anantnag (Jammu Kashmir),Chitradurga (Karnataka),0.6538426862441498,0.656190652951112,0.0023479667069622456,5,2,0.23246525341986862,206,260
Jajapur (Odisha),Gumla (Jharkhand),0.5858190871219754,0.5889571828866778,0.0031380957647023644,5,4,0.23240997564852,444,234
Hoshiarpur (Punjab),Khordha (Odisha),0.6403501064554179,0.6405908892956929,0.00024078284027495567,2,5,0.23240620300355497,474,450
Thanjavur (Tamil Nadu),Ahmadnagar (Maharashtra),0.6071338954044341,0.6092011203568894,0.002067224952455371,3,5,0.23226313201222498,544,346
Hoshangabad (Madhya Pradesh),Kodarma (Jharkhand),0.5495965123174836,0.550768549203547,0.0011720368860633767,7,6,0.23213801634292813,316,238
Agra (Uttar Pradesh),Muktsar (Punjab),0.5693897551156601,0.5710787043728279,0.0016889492571677822,6,2,0.2320824850952517,609,480
Chikmagalur (Karnataka),Bhiwani (Haryana),0.6499623524725815,0.6507866303457372,0.0008242778731557543,2,4,0.23195445006279347,259,173
Purba Medinipur (West Bengal),Ghazipur (Uttar Pradesh),0.5512445708507836,0.5536223653330554,0.0023777944822718222,7,6,0.23188447643494742,700,637
Ranchi (Jharkhand),Peddapalli (Telangana),0.5981788579122136,0.5984637429472833,0.0002848850350697374,4,0,0.2317915102412773,246,577
Fatehabad (Haryana),Vellore (Tamil Nadu),0.6630335729374737,0.6635099147076206,0.00047634177014688195,5,3,0.2317884021101847,176,554
Kishanganj (Bihar),Kiphire (Nagaland),0.4243495430433829,0.4370504109712254,0.012700867927842474,6,1,0.2317450524348941,85,411
Nizamabad (Telangana),Bagalkot (Karnataka),0.5845496519564554,0.5887594565885141,0.004209804632058778,0,4,0.23171159439606537,576,250
Ratnagiri (Maharashtra),Peddapalli (Telangana),0.595614688959889,0.5984637429472833,0.0028490539873943233,2,0,0.23170848626497265,373,577
Amritsar (Punjab),Moradabad (Uttar Pradesh),0.5777086174221775,0.5790694030819229,0.0013607856597454004,2,4,0.23164100294413148,466,664
South Twenty Four Parganas (West Bengal),Fatehgarh Sahib (Punjab),0.6329090682557573,0.6335621696148377,0.0006531013590803658,5,2,0.2316254622886681,702,470
Kheda (Gujarat),East Godavari (Andhra Pradesh),0.5127736217674782,0.5215152868899147,0.00874166512243646,7,0,0.23154865457454887,155,5
Uttar Dinajpur (West Bengal),Jhansi (Uttar Pradesh),0.5920528413231617,0.5943051263989492,0.0022522850757874524,5,6,0.23135427694674177,703,645
Tiruvannamalai (Tamil Nadu),Indore (Madhya Pradesh),0.6942683587562607,0.6989253175521543,0.004656958795893562,3,5,0.23132419829817374,553,317
Kulgam (Jammu Kashmir),Pali (Rajasthan),0.6803562664144548,0.6861024453979033,0.0057461789834485355,5,4,0.23126420271529358,215,513
Harda (Madhya Pradesh),Viluppuram (Tamil Nadu),0.6800441726218796,0.6843302055253363,0.004286032903456749,5,3,0.231216998012304,315,555
Anand (Gujarat),Koppal (Karnataka),0.5755256980640651,0.576640610517683,0.0011149124536179444,7,4,0.23121595763348268,141,270
Ratlam (Madhya Pradesh),Rajkot (Gujarat),0.6713953597362011,0.6758922319605024,0.004496872224301285,4,5,0.23084025103447492,330,164
Kurnool (Andhra Pradesh),Bongaigaon (Assam),0.571122825156819,0.5717806394521604,0.0006578142953413968,0,7,0.23071841481150446,8,39
Balod (Chhattisgarh),Perambalur (Tamil Nadu),0.6930503463140847,0.6944526665930258,0.0014023202789411604,4,3,0.23070287415604107,107,539
Jaunpur (Uttar Pradesh),Kendrapara (Odisha),0.6020142215498994,0.6033841852563524,0.0013699637064530368,6,5,0.23058845954783963,644,448
Kinnaur (Himachal Pradesh),Tiruppur (Tamil Nadu),0.6916795685066438,0.6940689441761417,0.0023893756694979285,5,3,0.23053380118586064,198,552
Patiala (Punjab),Morbi (Gujarat),0.5977967283070281,0.5993121739167219,0.001515445609693744,2,7,0.23044033013927184,482,158
Khammam (Telangana),Solapur (Maharashtra),0.5953169286270836,0.5974720665676315,0.002155137940547891,0,2,0.2303958681339071,566,377
Mumbai Suburban (Maharashtra),Ahmadnagar (Maharashtra),0.6075239297541122,0.6092011203568894,0.0016771906027772676,2,5,0.2303925351684718,363,346
Dhaulpur (Rajasthan),Baleshwar (Odisha),0.6038876459255225,0.6053449012511959,0.0014572553256734233,6,5,0.23026672895814304,500,434
Jamnagar (Gujarat),Perambalur (Tamil Nadu),0.691475160302485,0.6944526665930258,0.0029775062905408323,5,3,0.23006181638297063,152,539
Bilaspur (Chhattisgarh),Lower Subansiri (Arunachal Pradesh),0.5416005733462879,0.5432199159722674,0.001619342625979514,7,1,0.22984881561258497,113,26
Bhandara (Maharashtra),Krishnagiri (Tamil Nadu),0.6991432110848701,0.7001959065107234,0.0010526954258532895,5,2,0.22969784935249093,350,535
Parbhani (Maharashtra),Muzaffarpur (Bihar),0.4984159730877444,0.5033766928836564,0.004960719795912005,7,6,0.22967472510742087,370,90
Gautam Buddha Nagar (Uttar Pradesh),Jhansi (Uttar Pradesh),0.594192248636629,0.5943051263989492,0.00011287776232016267,2,6,0.22963910311954627,635,645
Nanded (Maharashtra),Koriya (Chhattisgarh),0.5901558199784941,0.5927426796634343,0.0025868596849402126,7,4,0.22959399216647403,365,123
Bangalore Rural (Karnataka),Gondiya (Maharashtra),0.6815763663272233,0.6887376840464717,0.007161317719248439,2,5,0.2295727609539256,252,356
North Twenty Four Parganas (West Bengal),Namakkal (Tamil Nadu),0.6495079996058462,0.6502132158350205,0.0007052162291742992,5,3,0.2295099205417116,696,538
Vikarabad (Telangana),Hoshangabad (Madhya Pradesh),0.5479012033304308,0.5495965123174836,0.0016953089870528348,0,7,0.229451271336721,583,316
Udham Singh Nagar (Uttarakhand),Vidisha (Madhya Pradesh),0.6134415624578261,0.6137415459848065,0.0002999835269803519,2,4,0.22940182144164833,607,345
Hyderabad (Telangana),Pune (Maharashtra),0.5669547946838788,0.5695950670503351,0.0026402723664563643,0,2,0.22926419088324895,559,371
Singrauli (Madhya Pradesh),Latehar (Jharkhand),0.5587882810878021,0.5596472793810376,0.0008589982932355467,4,6,0.22922009731660542,341,239
Kathua (Jammu Kashmir),Khandwa (East Nimar) (Madhya Pradesh),0.6766942917651279,0.6775453920011983,0.00085110023607049,5,4,0.22914241026679855,213,320
Varanasi (Uttar Pradesh),South East (NCT Delhi),0.6303802089488186,0.6327976205307947,0.002417411581976059,4,2,0.22913439348296516,683,429
Bagalkot (Karnataka),Jalaun (Uttar Pradesh),0.5887594565885141,0.5889928583982545,0.0002334018097404078,4,6,0.22887020125426805,250,643
Nayagarh (Odisha),Tikamgarh (Madhya Pradesh),0.6530852131797468,0.6547055535052939,0.0016203403255471427,5,4,0.22883394389592476,455,342
Charkhi Dadri (Haryana),Jodhpur (Rajasthan),0.662268649942359,0.6635177450603194,0.0012490951179603416,5,4,0.2287154096467655,174,509
Viluppuram (Tamil Nadu),Porbandar (Gujarat),0.6843302055253363,0.6872467627338946,0.0029165572085583236,3,5,0.22869328428801705,555,163
Durg (Chhattisgarh),Theni (Tamil Nadu),0.666493452848441,0.6665377207232718,4.426787483080563e-05,2,3,0.2286500145294491,116,545
Guna (Madhya Pradesh),Baudh (Odisha),0.6425255792124699,0.6432621961861913,0.0007366169737214046,4,5,0.2285665580832279,313,436
Muktsar (Punjab),Bongaigaon (Assam),0.5710787043728279,0.5717806394521604,0.0007019350793324719,2,7,0.22848805505331793,480,39
Shivpuri (Madhya Pradesh),Purba Barddhaman (West Bengal),0.5935356273826384,0.5940871147200499,0.0005514873374115048,4,5,0.2280473303842176,339,699
Surguja (Chhattisgarh),Sivasagar (Assam),0.5889599782204821,0.5897811663907281,0.0008211881702460122,4,7,0.2279965548485458,132,63
Ratlam (Madhya Pradesh),Mandya (Karnataka),0.6713953597362011,0.6775128018249553,0.006117442088754199,4,2,0.22794187109000164,330,271
Wanaparthy (Telangana),Junagadh (Gujarat),0.6096012702500649,0.6104244415494103,0.0008231712993453932,0,5,0.227830408974503,584,153
Tirap (Arunachal Pradesh),Kamrup (Assam),0.4994653936627229,0.5018776441796813,0.0024122505169583697,1,7,0.2278167344123549,31,53
South District (Sikkim),Kendrapara (Odisha),0.6006029378417962,0.6033841852563524,0.0027812474145562094,2,5,0.22778460246101428,523,448
Harda (Madhya Pradesh),Bangalore Rural (Karnataka),0.6800441726218796,0.6815763663272233,0.0015321937053437429,5,2,0.22778264582037577,315,252
Janjgir - Champa (Chhattisgarh),Darjeeling (West Bengal),0.6241594031066753,0.6277852307611654,0.0036258276544901547,4,2,0.22777838619882929,118,687
Central (NCT Delhi),Thanjavur (Tamil Nadu),0.6067907197888455,0.6071338954044341,0.000343175615588609,2,3,0.2277512009829783,421,544
Jalgaon (Maharashtra),Hazaribagh (Jharkhand),0.5246538949473816,0.5290502917949998,0.004396396847618278,7,6,0.2276869212776214,358,235
Raigarh (Maharashtra),Tapi (Gujarat),0.6389432563970624,0.6390642053517559,0.00012094895469350053,2,5,0.22761855450840585,372,168
Mahabubabad (Telangana),Bagalkot (Karnataka),0.5882324003769902,0.5887594565885141,0.0005270562115239352,0,4,0.22756122371273357,568,250
Kohima (Nagaland),South District (Sikkim),0.5994527038038355,0.6006029378417962,0.0011502340379606624,1,2,0.22754418982445968,412,523
Kushinagar (Uttar Pradesh),Chirang (Assam),0.5706893182748405,0.5718955218842484,0.0012062036094079298,6,4,0.2275185160232941,653,42
Salem (Tamil Nadu),Hisar (Haryana),0.6400386946519365,0.642955556093696,0.0029168614417595107,3,5,0.2274493984247039,542,178
Amreli (Gujarat),Vizianagaram (Andhra Pradesh),0.6277640591299071,0.6299959250914997,0.0022318659615926384,7,0,0.2273311666494806,140,13
Barnala (Punjab),Bulandshahr (Uttar Pradesh),0.554954896489869,0.5586653949255771,0.0037104984357081428,2,4,0.22714489142658612,467,625
Baghpat (Uttar Pradesh),Mokokchung (Nagaland),0.5902397335878773,0.5903416432795624,0.00010190969168510922,4,1,0.22706349259863068,615,414
Parbhani (Maharashtra),Mahamaya Nagar (Uttar Pradesh),0.4984159730877444,0.5023440825138424,0.003928109426098059,7,6,0.22657124851010757,370,656
Panchkula (Haryana),Jhunjhunun (Rajasthan),0.6715595403797427,0.6721154741779097,0.0005559337981669854,2,4,0.2265690839715826,187,508
Rohtas (Bihar),Baleshwar (Odisha),0.6041891557543503,0.6053449012511959,0.001155745496845606,6,5,0.2265244444148432,97,434
Botad (Gujarat),Maldah (West Bengal),0.5904277946160063,0.592911623875736,0.002483829259729786,7,5,0.22651301723749206,146,693
Nandurbar (Maharashtra),Jorhat (Assam),0.5462944547399126,0.5472981929659047,0.0010037382259920902,4,7,0.2265031413680071,366,52
Ghaziabad (Uttar Pradesh),Nirmal (Telangana),0.5822205192258598,0.5830144302496455,0.0007939110237856761,2,0,0.22649619650358754,636,575
Lohit (Arunachal Pradesh),Kamareddy (Telangana),0.5676374043618468,0.5681268201562975,0.0004894157944506095,1,0,0.22646978446541988,23,564
Faridkot (Punjab),Hoshangabad (Madhya Pradesh),0.5493137797244805,0.5495965123174836,0.00028273259300315434,2,7,0.22637319486383833,469,316
Jaunpur (Uttar Pradesh),Birbhum (West Bengal),0.6020142215498994,0.6032778223476298,0.0012636007977304686,6,5,0.22633780211418064,644,685
Kota (Rajasthan),Puducherry (Puducherry),0.6893776919132789,0.6904812405485269,0.001103548635247975,5,3,0.22628104977911695,511,464
Mahabubnagar (Telangana),Gir Somnath (Gujarat),0.6289530802046575,0.632180124915268,0.003227044710610527,0,7,0.22619782251795173,569,151
Yamunanagar (Haryana),Dewas (Madhya Pradesh),0.6336475291191307,0.6340693577033343,0.0004218285842035874,2,4,0.22598674343829778,193,310
Narsimhapur (Madhya Pradesh),Udupi (Karnataka),0.6329645571513869,0.6354611671951724,0.002496610043785541,4,2,0.22590473466743477,325,277
Rewa (Madhya Pradesh),Dahod (Gujarat),0.5585230867517468,0.5610139470745242,0.002490860322777455,6,4,0.22583956549939327,331,148
Kinnaur (Himachal Pradesh),Perambalur (Tamil Nadu),0.6916795685066438,0.6944526665930258,0.002773098086382042,5,3,0.2256453887908758,198,539
Yadgir (Karnataka),Aurangabad (Bihar),0.5721075778301331,0.5722484621574054,0.00014088432727232814,4,6,0.225564160667598,279,71
Patan (Gujarat),Purbi Singhbhum (Jharkhand),0.6162509988002122,0.616579225856088,0.00032822705587587375,7,5,0.2253071501212254,162,244
Nadia (West Bengal),Rupnagar (Punjab),0.5976291120545132,0.5994548640198827,0.0018257519653694931,5,2,0.22515424165777864,695,483
Neemuch (Madhya Pradesh),Kupwara (Jammu Kashmir),0.6558120357989872,0.6559997641877434,0.00018772838875624753,4,5,0.22510906954650012,326,216
Sikar (Rajasthan),West Godavari (Andhra Pradesh),0.6186150582125713,0.6194504564679654,0.0008353982553940265,4,0,0.22509577344486442,517,14
Peddapalli (Telangana),Morbi (Gujarat),0.5984637429472833,0.5993121739167219,0.0008484309694385406,0,7,0.22502928647171322,577,158
Firozabad (Uttar Pradesh),Faizabad (Uttar Pradesh),0.5217873282145864,0.5278389324405923,0.006051604226005924,6,7,0.22499083376769582,634,631
Saharanpur (Uttar Pradesh),Wanaparthy (Telangana),0.6080198646540442,0.6096012702500649,0.001581405596020713,4,0,0.22486200037851667,671,584
South Goa (Goa),Mumbai (Maharashtra),0.6915133614509863,0.6942391974004617,0.002725835949475397,3,2,0.22479789787771698,138,362
Bathinda (Punjab),Dimapur (Nagaland),0.5030129093362417,0.5081114525870024,0.005098543250760756,2,1,0.22478468379151517,468,410
Rajsamand (Rajasthan),Belgaum (Karnataka),0.6362940658274208,0.6363872598128987,9.319398547791291e-05,4,5,0.22478019865859022,515,253
Indore (Madhya Pradesh),Dharmapuri (Tamil Nadu),0.6989253175521543,0.7012743841955407,0.0023490666433864105,5,2,0.224733326094899,317,529
Vizianagaram (Andhra Pradesh),Mahendragarh (Haryana),0.6299959250914997,0.6310822344912789,0.0010863093997791617,0,5,0.22466987503146074,13,184
Mysore (Karnataka),Viluppuram (Tamil Nadu),0.6797090115153347,0.6843302055253363,0.004621194010001606,2,3,0.2246209809114661,272,555
Nandurbar (Maharashtra),Gaya (Bihar),0.5462944547399126,0.5471831695106131,0.0008887147707005161,4,6,0.22461141731796225,366,78
Buldana (Maharashtra),Panchkula (Haryana),0.6704718516297394,0.6715595403797427,0.0010876887500033128,5,2,0.22452625097351953,352,187
Tamenglong (Manipur),Parbhani (Maharashtra),0.4906191604561812,0.4984159730877444,0.007796812631563177,1,7,0.22452154660814982,388,370
Surajpur (Chhattisgarh),Sultanpur (Uttar Pradesh),0.5718091047711443,0.5729014577031063,0.0010923529319619707,4,7,0.22426028932732434,131,681
Satna (Madhya Pradesh),Kendrapara (Odisha),0.6000429984728318,0.6033841852563524,0.0033411867835205777,4,5,0.22419450790803125,333,448
Khargone (West Nimar) (Madhya Pradesh),Nayagarh (Odisha),0.6500240629798173,0.6530852131797468,0.0030611501999294743,4,5,0.22413285267788652,321,455
Shahdara (NCT Delhi),Krishna (Andhra Pradesh),0.637989054951261,0.6395760867528305,0.001587031801569494,2,0,0.22403678564890095,427,7
Surajpur (Chhattisgarh),Chhatarpur (Madhya Pradesh),0.5718091047711443,0.5731641908146796,0.0013550860435352918,4,6,0.22387391265180395,131,306
Bhadradri Kothagudem (Telangana),Shamli (Uttar Pradesh),0.6048108615457032,0.6064288339470234,0.0016179724013202224,0,4,0.22378080281184443,558,676
Jagatsinghapur (Odisha),Darjeeling (West Bengal),0.6233386321425246,0.6277852307611654,0.004446598618640829,5,2,0.2237776946807517,443,687
Gurgaon (Haryana),Bellary (Karnataka),0.6181459008413983,0.6190115409469475,0.0008656401055492369,7,5,0.22372803414044973,177,254
Uttar Dinajpur (West Bengal),Shivpuri (Madhya Pradesh),0.5920528413231617,0.5935356273826384,0.001482786059476715,5,4,0.2236353946874436,703,339
Kapurthala (Punjab),Nizamabad (Telangana),0.5837130637206458,0.5845496519564554,0.0008365882358095655,2,0,0.2235649084002579,476,576
Kolar (Karnataka),North Goa (Goa),0.6591595923385196,0.6617161312607145,0.002556538922194873,2,3,0.22352169439258618,269,137
Upper Subansiri (Arunachal Pradesh),South Tripura (Tripura),0.4762594880756459,0.4785536542915121,0.0022941662158662,1,7,0.2234800442780378,33,593
Chitrakoot (Uttar Pradesh),Darrang (Assam),0.5291994636069064,0.5314317022286554,0.0022322386217490386,6,7,0.22347182707673252,627,43
Devbhumi Dwarka (Gujarat),Murshidabad (West Bengal),0.5810609731912736,0.5824404339686596,0.0013794607773860434,7,5,0.22328576708511005,149,694
Udaipur (Rajasthan),Navsari (Gujarat),0.6776798180299862,0.6797431504391672,0.0020633324091809957,4,5,0.22327955082292494,520,160
Varanasi (Uttar Pradesh),South Twenty Four Parganas (West Bengal),0.6303802089488186,0.6329090682557573,0.002528859306938691,4,5,0.2232611124909098,683,702
Peren (Nagaland),Mahesana (Gujarat),0.4837855938453878,0.4904047140915024,0.006619120246114607,1,7,0.22323874026339846,416,156
Perambalur (Tamil Nadu),Shupiyan (Jammu Kashmir),0.6944526665930258,0.6974771003573876,0.003024433764361789,3,5,0.22321497493832188,539,223
Kiphire (Nagaland),Katihar (Bihar),0.4370504109712254,0.4397450339020589,0.0026946229308335012,1,6,0.22318000966766194,411,83
Hardwar (Uttarakhand),Buxer (Bihar),0.5495372676159836,0.5507263030414423,0.0011890354254586732,2,6,0.22314953639392465,601,76
Nalgonda (Telangana),Patan (Gujarat),0.6146733360275944,0.6162509988002122,0.0015776627726177272,0,7,0.22303358702510423,574,162
Tarn Taran (Punjab),Rajanna Sircilla (Telangana),0.6046349331150919,0.6062464932280808,0.0016115601129889079,2,0,0.22300666711639838,487,578
Shahdol (Madhya Pradesh),Hingoli (Maharashtra),0.613022289944981,0.6145337772263525,0.0015114872813715152,4,5,0.22292488764385898,336,357
Ganjam (Odisha),Janjgir - Champa (Chhattisgarh),0.6241511160919777,0.6241594031066753,8.287014697572204e-06,5,4,0.22277519070291274,442,118
Cuttack (Odisha),Shahdol (Madhya Pradesh),0.6101285564233092,0.613022289944981,0.0028937335216717708,5,4,0.22264681055079055,438,336
Ujjain (Madhya Pradesh),Vellore (Tamil Nadu),0.6629486614307127,0.6635099147076206,0.0005612532769078138,4,3,0.2225575496970204,343,554
Datia (Madhya Pradesh),Koch Bihar (West Bengal),0.620697032795475,0.6214241379618881,0.0007271051664131667,4,5,0.222384737019295,309,691
Bundi (Rajasthan),Vizianagaram (Andhra Pradesh),0.6286168360136178,0.6299959250914997,0.0013790890778818676,4,0,0.22228015497617848,496,13
Amravati (Maharashtra),Mandya (Karnataka),0.676065935631186,0.6775128018249553,0.001446866193769325,5,2,0.22227547842803463,348,271
Anantnag (Jammu Kashmir),Virudhunagar (Tamil Nadu),0.6538426862441498,0.6554314111620915,0.0015887249179417084,5,3,0.22225335186574546,206,556
Chandel (Manipur),South Tripura (Tripura),0.4694935792804225,0.4785536542915121,0.009060075011089574,1,7,0.2222095635242446,383,593
Vaishali (Bihar),Dhule (Maharashtra),0.4899202118949717,0.4960445576865314,0.006124345791559682,6,7,0.22218282560444574,106,354
Katni (Madhya Pradesh),Patan (Gujarat),0.6137384114896133,0.6162509988002122,0.0025125873105988905,4,7,0.22216280289767976,319,162
Davanagere (Karnataka),Doda (Jammu Kashmir),0.5585972364013564,0.5601382202342384,0.0015409838328820369,2,1,0.22213125613515078,262,210
Baghpat (Uttar Pradesh),Maldah (West Bengal),0.5902397335878773,0.592911623875736,0.002671890287858747,4,5,0.22204083505294508,615,693
Mungeli (Chhattisgarh),Purbi Singhbhum (Jharkhand),0.6157970188732744,0.616579225856088,0.0007822069828136158,4,5,0.2218405973804916,125,244
West Godavari (Andhra Pradesh),Ambala (Haryana),0.6194504564679654,0.6194921540666987,4.1697598733292374e-05,0,2,0.22182866564541548,14,172
Khammam (Telangana),Haora (West Bengal),0.5953169286270836,0.5975916174702169,0.00227468884313331,0,2,0.22144369895094873,566,688
Sangrur (Punjab),Palwal (Haryana),0.5878076622903983,0.589103959861114,0.0012962975707156987,2,4,0.2214436989509484,485,186
Bhind (Madhya Pradesh),Chhota Udaipur (Gujarat),0.6199374051710351,0.6207035388215992,0.0007661336505641048,7,4,0.22135392398697123,303,147
Uttar Bastar Kanker (Chhattisgarh),Bilaspur (Himachal Pradesh),0.6822053866926029,0.6884515394877236,0.006246152795120752,4,5,0.22131563325431286,133,194
Purba Medinipur (West Bengal),Palamu (Jharkhand),0.5512445708507836,0.5525409638784444,0.0012963930276608249,7,6,0.2213055980214474,700,242
Debagarh (Odisha),Narsimhapur (Madhya Pradesh),0.6327405043885695,0.6329645571513869,0.00022405276281733943,5,4,0.2212875478232883,439,325
Narmada (Gujarat),Purbi Singhbhum (Jharkhand),0.6151391678079263,0.616579225856088,0.0014400580481617187,4,5,0.22128697539161768,159,244
Kota (Rajasthan),Balod (Chhattisgarh),0.6893776919132789,0.6930503463140847,0.003672654400805775,5,4,0.22110538678354574,511,107
Puducherry (Puducherry),Kinnaur (Himachal Pradesh),0.6904812405485269,0.6916795685066438,0.0011983279581169182,3,5,0.22089865168108658,464,198
Rajkot (Gujarat),Tiruchirappalli (Tamil Nadu),0.6758922319605024,0.6777059851640614,0.001813753203559032,5,3,0.2208732714166174,164,550
Raichur (Karnataka),Gadag (Karnataka),0.5764841057381199,0.577983474830983,0.0014993690928630787,6,7,0.22082126096655794,273,264
Kaithal (Haryana),Bhopal (Madhya Pradesh),0.6506589101834515,0.6521475048191842,0.0014885946357326985,5,2,0.22071618108874358,181,304
Bandipore (Jammu Kashmir),Wanaparthy (Telangana),0.6093950728107065,0.6096012702500649,0.00020619743935845758,5,0,0.22066324369253754,208,584
Moradabad (Uttar Pradesh),Devbhumi Dwarka (Gujarat),0.5790694030819229,0.5810609731912736,0.0019915701093506932,4,7,0.22049773987256677,664,149
Saharanpur (Uttar Pradesh),Ahmedabad (Gujarat),0.6080198646540442,0.6115122730563761,0.0034924084023318924,4,7,0.2204443031042026,671,139
Belgaum (Karnataka),North (NCT Delhi),0.6363872598128987,0.6379119657253207,0.001524705912422042,5,2,0.2204206546886588,253,424
Munger (Bihar),East Garo Hills (Meghalaya),0.5370959275601832,0.5378665330400021,0.0007706054798188866,7,1,0.2203245459464629,89,391
Jaipur (Rajasthan),Tiruvannamalai (Tamil Nadu),0.6920365442344102,0.6942683587562607,0.002231814521850506,5,3,0.22030272696591507,504,553
Amethi (Uttar Pradesh),Aravali (Gujarat),0.564625514693985,0.5654584238956546,0.0008329092016695627,6,7,0.22029068767596405,612,142
Kathua (Jammu Kashmir),Tiruchirappalli (Tamil Nadu),0.6766942917651279,0.6777059851640614,0.0010116933989335886,5,3,0.22027311602543376,213,550
North West (NCT Delhi),Warangal Rural (Telangana),0.5674274907317932,0.570568881862589,0.003141391130795812,2,0,0.22008509218285288,426,585
Ranga Reddy (Telangana),West (NCT Delhi),0.5827242602756657,0.5837111299401948,0.0009868696645290997,0,2,0.22000012290526516,579,431
Nagapattinam (Tamil Nadu),Mysore (Karnataka),0.6782764307795313,0.6797090115153347,0.0014325807358034348,3,2,0.21985691900788618,537,272
Gariyaband (Chhattisgarh),Pudukkottai (Tamil Nadu),0.6435378299529959,0.6450037387232739,0.0014659087702779683,4,3,0.21978166312521474,117,540
Dehradun (Uttarakhand),Akola (Maharashtra),0.634393282867484,0.636782435808657,0.002389152941173034,2,5,0.21972483441846563,600,347
Surendranagar (Gujarat),Suryapet (Telangana),0.5634328485029255,0.5637627059031259,0.0003298574002004173,7,0,0.21968776292418435,167,582
Coimbatore (Tamil Nadu),Gondiya (Maharashtra),0.6833960409683376,0.6887376840464717,0.005341643078134117,3,5,0.21950630849487707,527,356
Hisar (Haryana),Chhindwara (Madhya Pradesh),0.642955556093696,0.6452823017755954,0.0023267456818993892,5,4,0.2193861743446417,178,307
Burhanpur (Madhya Pradesh),Balangir (Odisha),0.6947213392128421,0.703682755123121,0.00896141591027888,4,5,0.21927264304266203,305,433
Belgaum (Karnataka),Bageshwar (Uttarakhand),0.6363872598128987,0.6399951868637811,0.00360792705088242,5,4,0.21910037882786781,253,597
Tapi (Gujarat),Ariyalur (Tamil Nadu),0.6390642053517559,0.6426558125601188,0.0035916072083629347,5,3,0.21908968351901764,168,525
Kasaragod (Kerala),Durg (Chhattisgarh),0.6639031527136265,0.666493452848441,0.0025903001348144272,3,2,0.21904335082470994,284,116
Subarnapur (Odisha),Perambalur (Tamil Nadu),0.6944345022927537,0.6944526665930258,1.8164300272127676e-05,5,3,0.218985697785962,460,539
Bidar (Karnataka),Ganderbal (Jammu Kashmir),0.6136199347128892,0.6156180406859235,0.001998105973034292,4,5,0.21898467891526646,255,211
East Garo Hills (Meghalaya),Ballia (Uttar Pradesh),0.5378665330400021,0.5396262939504938,0.0017597609104916812,1,6,0.21898441410924713,391,617
Bhojpur (Bihar),Azamgarh (Uttar Pradesh),0.5082801785610377,0.5174877250457446,0.009207546484706897,6,7,0.21891058902070437,75,614
Bemetara (Chhattisgarh),Charkhi Dadri (Haryana),0.66146788955964,0.662268649942359,0.0008007603827190346,4,5,0.21885447739797353,111,174
Kathua (Jammu Kashmir),Mandya (Karnataka),0.6766942917651279,0.6775128018249553,0.0008185100598274708,5,2,0.21884065371475514,213,271
Tehri Garhwal (Uttarakhand),Bellary (Karnataka),0.6165700819796852,0.6190115409469475,0.0024414589672623332,4,5,0.21876517479155744,606,254
Mirzapur (Uttar Pradesh),Jorhat (Assam),0.5451979966385901,0.5472981929659047,0.0021001963273145074,6,7,0.21872118068394714,663,52
Chhindwara (Madhya Pradesh),Dharwad (Karnataka),0.6452823017755954,0.6487172414165195,0.0034349396409241173,4,2,0.2186883670774381,307,263
Tinsukia (Assam),Palamu (Jharkhand),0.5510818379745783,0.5525409638784444,0.0014591259038660986,7,6,0.21865349327863182,66,242
Viluppuram (Tamil Nadu),Pali (Rajasthan),0.6843302055253363,0.6861024453979033,0.0017722398725670274,3,4,0.21863113251258226,555,513
Lalitpur (Uttar Pradesh),Sant Kabir Nagar (Uttar Pradesh),0.5843267584302546,0.5856732961486991,0.001346537718444507,6,4,0.21860223497004122,654,673
Anantnag (Jammu Kashmir),Neemuch (Madhya Pradesh),0.6538426862441498,0.6558120357989872,0.0019693495548374074,5,4,0.21835587497050502,206,326
Aurangabad (Bihar),Bijapur (Karnataka),0.5722484621574054,0.574116659112425,0.0018681969550196076,6,7,0.21835461254101812,71,256
Nizamabad (Telangana),Baramula (Jammu Kashmir),0.5845496519564554,0.5860891053989866,0.0015394534425312578,0,5,0.21827644030481824,576,209
Banaskantha (Gujarat),Begusarai (Bihar),0.4963008550197879,0.4997559267440938,0.003455071724305925,7,6,0.21824137842709257,143,73
Kaithal (Haryana),Chittaurgarh (Rajasthan),0.6506589101834515,0.6521896624993094,0.001530752315857975,5,4,0.21816335679256948,181,497
Nizamabad (Telangana),Sangrur (Punjab),0.5845496519564554,0.5878076622903983,0.0032580103339429067,0,2,0.218005006216898,576,485
Charkhi Dadri (Haryana),Kasaragod (Kerala),0.662268649942359,0.6639031527136265,0.001634502771267532,5,3,0.2179349350285127,174,284
Fatehgarh Sahib (Punjab),Dewas (Madhya Pradesh),0.6335621696148377,0.6340693577033343,0.0005071880884965907,2,4,0.21782303358681188,470,310
Nanded (Maharashtra),Baghpat (Uttar Pradesh),0.5901558199784941,0.5902397335878773,8.391360938320158e-05,7,4,0.21773414135685254,365,615
Seoni (Madhya Pradesh),Sambalpur (Odisha),0.6639191862913322,0.6656495882211882,0.0017304019298560736,4,5,0.21771270243718055,335,459
Kamareddy (Telangana),Muktsar (Punjab),0.5681268201562975,0.5710787043728279,0.002951884216530476,0,2,0.21760647063485428,564,480
Shahdara (NCT Delhi),Khordha (Odisha),0.637989054951261,0.6405908892956929,0.0026018343444318415,2,5,0.21760283912329503,427,450
North (NCT Delhi),Khordha (Odisha),0.6379119657253207,0.6405908892956929,0.002678923570372138,2,5,0.21760283912329503,424,450
Viluppuram (Tamil Nadu),Bilaspur (Himachal Pradesh),0.6843302055253363,0.6884515394877236,0.004121333962387341,3,5,0.217557833817283,555,194
Chittaurgarh (Rajasthan),Kupwara (Jammu Kashmir),0.6521896624993094,0.6559997641877434,0.0038101016884339867,4,5,0.21748637549784447,497,216
Cuddalore (Tamil Nadu),Tapi (Gujarat),0.6362685145095406,0.6390642053517559,0.002795690842215315,3,5,0.21741734959807318,528,168
Palghar (Maharashtra),North Goa (Goa),0.6592991943540649,0.6617161312607145,0.0024169369066495694,5,3,0.21738650795132936,369,137
Ganderbal (Jammu Kashmir),Patan (Gujarat),0.6156180406859235,0.6162509988002122,0.0006329581142886509,5,7,0.21731183626982048,211,162
Udham Singh Nagar (Uttarakhand),Hingoli (Maharashtra),0.6134415624578261,0.6145337772263525,0.0010922147685263894,2,5,0.21722211283424958,607,357
Buldana (Maharashtra),Hanumangarh (Rajasthan),0.6704718516297394,0.6746479340392845,0.004176082409545034,5,4,0.2171996432350527,352,503
Hugli (West Bengal),Rupnagar (Punjab),0.5984410606319169,0.5994548640198827,0.0010138033879657504,5,2,0.2171569228002781,689,483
Raipur (Chhattisgarh),Fatehabad (Haryana),0.6611237696697893,0.6630335729374737,0.0019098032676844179,4,5,0.21713016592929502,128,176
Purba Barddhaman (West Bengal),Ashoknagar (Madhya Pradesh),0.5940871147200499,0.5963376316816799,0.0022505169616299225,5,4,0.2171178498056052,699,299
Moradabad (Uttar Pradesh),Murshidabad (West Bengal),0.5790694030819229,0.5824404339686596,0.0033710308867367367,4,5,0.21706735445059727,664,694
Rohtak (Haryana),Chhindwara (Madhya Pradesh),0.6432999282704613,0.6452823017755954,0.001982373505134083,2,4,0.21691448560411086,190,307
Baghpat (Uttar Pradesh),Firozpur (Punjab),0.5902397335878773,0.5910315228096771,0.0007917892217997879,4,2,0.21678038746242728,615,472
Narsimhapur (Madhya Pradesh),Uttara Kannada (Karnataka),0.6329645571513869,0.6332133153387611,0.0002487581873742428,4,2,0.2166833591217604,325,278
Chikmagalur (Karnataka),Namakkal (Tamil Nadu),0.6499623524725815,0.6502132158350205,0.0002508633624389578,2,3,0.21668251068256772,259,538
Valsad (Gujarat),Ujjain (Madhya Pradesh),0.6613452449749101,0.6629486614307127,0.001603416455802642,2,4,0.2166590245370597,171,343
Ghazipur (Uttar Pradesh),Paschim Barddhaman (West Bengal),0.5536223653330554,0.5581318329199485,0.004509467586893079,6,7,0.2165390680867999,637,697
Hassan (Karnataka),Kasaragod (Kerala),0.6633537371246797,0.6639031527136265,0.0005494155889468333,2,3,0.21651493576520098,266,284
Akola (Maharashtra),Shahdara (NCT Delhi),0.636782435808657,0.637989054951261,0.001206619142604004,5,2,0.2164253986205314,347,427
Junagadh (Gujarat),Churu (Rajasthan),0.6104244415494103,0.6118078092317436,0.0013833676823332697,5,4,0.21627756363351602,153,498
Udupi (Karnataka),Belgaum (Karnataka),0.6354611671951724,0.6363872598128987,0.0009260926177262485,2,5,0.2162600679384845,277,253
Hoshangabad (Madhya Pradesh),Bokaro (Jharkhand),0.5495965123174836,0.5508386668623246,0.001242154544841001,7,6,0.21625315242294452,316,226
Raipur (Chhattisgarh),Valsad (Gujarat),0.6611237696697893,0.6613452449749101,0.000221475305120844,4,2,0.2162140646870619,128,171
Viluppuram (Tamil Nadu),Kota (Rajasthan),0.6843302055253363,0.6893776919132789,0.005047486387942612,3,5,0.21618912604248175,555,511
Tiruppur (Tamil Nadu),Bhandara (Maharashtra),0.6940689441761417,0.6991432110848701,0.005074266908728364,3,5,0.21609230759217612,552,350
Hoshangabad (Madhya Pradesh),Buxer (Bihar),0.5495965123174836,0.5507263030414423,0.0011297907239586902,7,6,0.21580197208260649,316,76
Jalpaiguri (West Bengal),Kalahandi (Odisha),0.6469286912935668,0.6499282685267391,0.002999577233172346,5,4,0.21577271836532175,690,446
Khordha (Odisha),New Delhi (NCT Delhi),0.6405908892956929,0.6441602208672196,0.0035693315715267238,5,2,0.2157669872513186,450,423
Champhai (Mizoram),South Andaman (Andaman Nicobar Islands),0.6485637777845585,0.6493700005635843,0.0008062227790257559,7,2,0.21550751222478104,403,2
Nagpur (Maharashtra),Tiruppur (Tamil Nadu),0.6912908903648683,0.6940689441761417,0.0027780538112733844,2,3,0.21545006433757996,364,552
Banda (Uttar Pradesh),Pratapgarh (Uttar Pradesh),0.5380403576105809,0.5408407719956648,0.002800414385083938,6,7,0.21538687816145183,619,667
Tapi (Gujarat),The Dangs (Gujarat),0.6390642053517559,0.642118183977856,0.003053978626100129,5,4,0.21528325375695778,168,169
Visakhapatnam (Andhra Pradesh),Tehri Garhwal (Uttarakhand),0.6144943794279588,0.6165700819796852,0.0020757025517263994,0,4,0.2152626271313065,12,606
Nanded (Maharashtra),Firozpur (Punjab),0.5901558199784941,0.5910315228096771,0.0008757028311829895,7,2,0.21518134260374622,365,472
Tiruchirappalli (Tamil Nadu),Dhamtari (Chhattisgarh),0.6777059851640614,0.6809055687695142,0.003199583605452805,3,4,0.21517649502390934,550,115
South Twenty Four Parganas (West Bengal),Uttara Kannada (Karnataka),0.6329090682557573,0.6332133153387611,0.00030424708300380576,5,2,0.21509657917869762,702,278
Darrang (Assam),Sant Ravidas Nagar (Bhadohi) (Uttar Pradesh),0.5314317022286554,0.5326946214173487,0.0012629191886932567,7,6,0.2150446365133194,43,674
Ghaziabad (Uttar Pradesh),Jagitial (Telangana),0.5822205192258598,0.583164001485113,0.0009434822592532255,2,0,0.21503307165397811,636,560
Damoh (Madhya Pradesh),South West Garo Hills (Meghalaya),0.5469188509812621,0.5481054420246365,0.0011865910433743743,4,7,0.21499318685416025,308,397
Salem (Tamil Nadu),Rohtak (Haryana),0.6400386946519365,0.6432999282704613,0.003261233618524817,3,2,0.214962127520529,542,190
Kra Daadi (Arunachal Pradesh),Mathura (Uttar Pradesh),0.5043966087170257,0.5099315572465476,0.005534948529521855,1,6,0.21493674748827396,21,660
Rayagada (Odisha),Kaimur (Bhabua) (Bihar),0.5997608321426621,0.6024071008423451,0.0026462686996829854,4,6,0.21491055844172652,458,82
Dhamtari (Chhattisgarh),Gondiya (Maharashtra),0.6809055687695142,0.6887376840464717,0.007832115276957485,4,5,0.2147456461911471,115,356
Hisar (Haryana),Gariyaband (Chhattisgarh),0.642955556093696,0.6435378299529959,0.0005822738592998755,5,4,0.21468178893501366,178,117
Jagatsinghapur (Odisha),Janjgir - Champa (Chhattisgarh),0.6233386321425246,0.6241594031066753,0.0008207709641506744,5,4,0.2146227595402872,443,118
Daman (Dadra Nagar Haveli Daman Diu),Ghaziabad (Uttar Pradesh),0.5812241237161601,0.5822205192258598,0.0009963955096997656,7,2,0.2145730225750926,135,636
Ramgarh (Jharkhand),Raichur (Karnataka),0.5745180989667685,0.5764841057381199,0.001966006771351392,4,6,0.21451851947565892,245,273
Kinnaur (Himachal Pradesh),Balod (Chhattisgarh),0.6916795685066438,0.6930503463140847,0.0013707778074408816,5,4,0.2145123032134737,198,107
Raigarh (Maharashtra),Salem (Tamil Nadu),0.6389432563970624,0.6400386946519365,0.001095438254874126,2,3,0.21446559374759344,372,542
Palwal (Haryana),Firozpur (Punjab),0.589103959861114,0.5910315228096771,0.0019275629485631107,4,2,0.21443238736826165,186,472
Gopalganj (Bihar),Munger (Bihar),0.5362337537959717,0.5370959275601832,0.0008621737642114935,6,7,0.21430954646028,79,89
Kolar (Karnataka),Pulwama (Jammu Kashmir),0.6591595923385196,0.6592939526135492,0.00013436027502955472,2,5,0.2142231983125894,269,217
Latur (Maharashtra),Uttarkashi (Uttarakhand),0.6445148808948394,0.6463798219687574,0.0018649410739179917,5,4,0.21408475080758116,361,608
Haora (West Bengal),Peddapalli (Telangana),0.5975916174702169,0.5984637429472833,0.0008721254770663878,2,0,0.21401415935564694,688,577
Perambalur (Tamil Nadu),Bhandara (Maharashtra),0.6944526665930258,0.6991432110848701,0.004690544491844251,3,5,0.2140074653634677,539,350
Kaithal (Haryana),Jalor (Rajasthan),0.6506589101834515,0.650813399697259,0.00015448951380758746,5,4,0.2139381920899146,181,506
Nirmal (Telangana),Moga (Punjab),0.5830144302496455,0.5842512014457824,0.0012367711961368544,0,2,0.2138534799728487,575,479
Saharanpur (Uttar Pradesh),Ahmadnagar (Maharashtra),0.6080198646540442,0.6092011203568894,0.0011812557028452186,4,5,0.2138171656725894,671,346
Jamnagar (Gujarat),Tiruvannamalai (Tamil Nadu),0.691475160302485,0.6942683587562607,0.0027931984537756804,5,3,0.21378820408845156,152,553
Bharuch (Gujarat),Gopalganj (Bihar),0.5327067347321826,0.5362337537959717,0.0035270190637891607,7,6,0.2136221410039304,144,79
Dindigul (Tamil Nadu),Kolar (Karnataka),0.6563707807486019,0.6591595923385196,0.002788811589917728,3,2,0.21359359542557554,530,269
Samba (Jammu Kashmir),Chikmagalur (Karnataka),0.6480853208768629,0.6499623524725815,0.0018770315957186146,5,2,0.21357591639495255,222,259
Diu (Dadra Nagar Haveli Daman Diu),The Nilgiris (Tamil Nadu),0.7204340634940339,0.7259723273401781,0.005538263846144198,5,3,0.21351521104100601,136,546
Uttara Kannada (Karnataka),Thiruvallur (Tamil Nadu),0.6332133153387611,0.6333530290858472,0.00013971374708610096,2,3,0.21349540146455437,278,547
Jaunpur (Uttar Pradesh),Meerut (Uttar Pradesh),0.6020142215498994,0.6029655093119133,0.0009512877620139193,6,2,0.21347710723548863,644,662
Sant Kabir Nagar (Uttar Pradesh),Baramula (Jammu Kashmir),0.5856732961486991,0.5860891053989866,0.00041580925028750215,4,5,0.2134485321769788,673,209
Kamrup (Assam),Giridih (Jharkhand),0.5018776441796813,0.5067539041017933,0.004876259922112047,7,6,0.21343742778439428,53,232
Purba Barddhaman (West Bengal),Ratnagiri (Maharashtra),0.5940871147200499,0.595614688959889,0.001527574239839069,5,2,0.21337221536555656,699,373
Kurukshetra (Haryana),Akola (Maharashtra),0.636060898683751,0.636782435808657,0.0007215371249059688,2,5,0.21333450690204314,183,347
Moga (Punjab),Sant Kabir Nagar (Uttar Pradesh),0.5842512014457824,0.5856732961486991,0.0014220947029167652,2,4,0.2132651712360285,479,673
Nirmal (Telangana),Mansa (Punjab),0.5830144302496455,0.5837607819510855,0.0007463517014399956,0,2,0.21326072730672152,575,478
Durg (Chhattisgarh),Champawat (Uttarakhand),0.666493452848441,0.6701354092117294,0.0036419563632884566,2,4,0.21326072730672152,116,599
Khandwa (East Nimar) (Madhya Pradesh),Navsari (Gujarat),0.6775453920011983,0.6797431504391672,0.0021977584379688775,4,5,0.21315307580795895,320,160
Nagpur (Maharashtra),South Goa (Goa),0.6912908903648683,0.6915133614509863,0.00022247108611794797,2,3,0.21307030128776921,364,138
Baudh (Odisha),Pratapgarh (Rajasthan),0.6432621961861913,0.6452100364707526,0.0019478402845612974,5,4,0.2130511524503197,436,514
Morbi (Gujarat),Vadodara (Gujarat),0.5993121739167219,0.6011030397164948,0.001790865799772945,7,2,0.21303898935327908,158,170
Rajkot (Gujarat),Khandwa (East Nimar) (Madhya Pradesh),0.6758922319605024,0.6775453920011983,0.0016531600406959335,5,4,0.21301165537780797,164,320
Mandya (Karnataka),Nagapattinam (Tamil Nadu),0.6775128018249553,0.6782764307795313,0.0007636289545759345,2,3,0.21300049365108642,271,537
Sagar (Madhya Pradesh),Raichur (Karnataka),0.5747277097960336,0.5764841057381199,0.0017563959420863196,4,6,0.21293173953259648,332,273
Khargone (West Nimar) (Madhya Pradesh),Jind (Haryana),0.6500240629798173,0.650275788085538,0.0002517251057206904,4,5,0.2129051940228157,321,180
Fatehgarh Sahib (Punjab),Cuddalore (Tamil Nadu),0.6335621696148377,0.6362685145095406,0.0027063448947028945,2,3,0.21289943828731595,470,528
Amreli (Gujarat),Darjeeling (West Bengal),0.6277640591299071,0.6277852307611654,2.117163125836541e-05,7,2,0.21287154391765895,140,687
Thane (Maharashtra),Thanjavur (Tamil Nadu),0.6060805519057342,0.6071338954044341,0.001053343498699899,2,3,0.21265182902558283,378,544
Varanasi (Uttar Pradesh),East (NCT Delhi),0.6303802089488186,0.6323810702518,0.0020008613029813827,4,2,0.21251972778216632,683,422
Gondiya (Maharashtra),Nagpur (Maharashtra),0.6887376840464717,0.6912908903648683,0.002553206318396617,5,2,0.21238010763036708,356,364
Jammu (Jammu Kashmir),Coimbatore (Tamil Nadu),0.6820757209092189,0.6833960409683376,0.0013203200591187514,5,3,0.21232047399712572,212,527
Maldah (West Bengal),Shivpuri (Madhya Pradesh),0.592911623875736,0.5935356273826384,0.000624003506902393,5,4,0.21217022239693661,693,339
Unakoti (Tripura),Chandel (Manipur),0.4559023185494986,0.4694935792804225,0.013591260730923926,7,1,0.21210771603173684,594,383
Kiphire (Nagaland),Pashchim Champaran (Bihar),0.4370504109712254,0.4443335322913526,0.007283121320127206,1,6,0.21210331193918652,411,93
Bhagalpur (Bihar),Kamrup (Assam),0.4992586742914566,0.5018776441796813,0.002618969888224687,6,7,0.212091869807542,74,53
Udaipur (Rajasthan),Jharsuguda (Odisha),0.6776798180299862,0.6819979172247891,0.00431809919480286,4,5,0.2120806647890233,520,445
Peren (Nagaland),Patna (Bihar),0.4837855938453878,0.4883729469882428,0.004587353142855022,1,6,0.21201225953106184,416,94
Haveri (Karnataka),Dhaulpur (Rajasthan),0.6035687630095949,0.6038876459255225,0.0003188829159275208,5,6,0.2119771540796811,267,500
Tirunelveli (Tamil Nadu),Jhunjhunun (Rajasthan),0.6703964716747624,0.6721154741779097,0.0017190025031473821,3,4,0.21193272314813277,551,508
Bandipore (Jammu Kashmir),Barwani (Madhya Pradesh),0.6093950728107065,0.6113329411038655,0.0019378682931590063,5,4,0.2117569713399633,208,301
Lahul and Spiti (Himachal Pradesh),Erode (Tamil Nadu),0.6999303134548227,0.7154017619524314,0.01547144849760873,5,3,0.21174401293428674,200,531
Pulwama (Jammu Kashmir),Surat (Gujarat),0.6592939526135492,0.6619160801173338,0.0026221275037846548,5,2,0.21172506875301528,217,166
Reasi (Jammu Kashmir),Solapur (Maharashtra),0.5946484721103774,0.5974720665676315,0.0028235944572541083,4,2,0.21167759345394238,221,377
Prayagraj (Uttar Pradesh),Darrang (Assam),0.5304601415871453,0.5314317022286554,0.0009715606415101607,6,7,0.2116157884360953,668,43
Haora (West Bengal),Kohima (Nagaland),0.5975916174702169,0.5994527038038355,0.001861086333618589,2,1,0.21152772475211323,688,412
Wardha (Maharashtra),The Nilgiris (Tamil Nadu),0.7220455970216009,0.7259723273401781,0.003926730318577265,5,3,0.21150795273778195,379,546
Shimoga (Karnataka),Latur (Maharashtra),0.6410490550646011,0.6445148808948394,0.003465825830238356,2,5,0.21146965524157707,275,361
Dharwad (Karnataka),Kaithal (Haryana),0.6487172414165195,0.6506589101834515,0.0019416687669319144,2,5,0.21141848455779044,263,181
Nashik (Maharashtra),Nawada (Bihar),0.5339820340030678,0.5350840539913876,0.0011020199883198245,7,6,0.21133982328338397,367,92
Tiruvannamalai (Tamil Nadu),Lahul and Spiti (Himachal Pradesh),0.6942683587562607,0.6999303134548227,0.005661954698562011,3,5,0.21133080292438405,553,200
Sonipat (Haryana),Uttarkashi (Uttarakhand),0.643564758826162,0.6463798219687574,0.0028150631425953865,5,4,0.21117269537473937,192,608
Kinnaur (Himachal Pradesh),Tiruvannamalai (Tamil Nadu),0.6916795685066438,0.6942683587562607,0.00258879024961689,5,3,0.21102104710019332,198,553
Puruliya (West Bengal),Siddharthnagar (Uttar Pradesh),0.5347510946330346,0.5375449361791741,0.002793841546139486,7,6,0.21095403381176314,701,678
Chandrapur (Maharashtra),Dharmapuri (Tamil Nadu),0.6988029527251705,0.7012743841955407,0.002471431470370211,5,2,0.21079884967412527,353,529
Patiala (Punjab),Hugli (West Bengal),0.5977967283070281,0.5984410606319169,0.0006443323248888078,2,5,0.21045255317517952,482,689
Devbhumi Dwarka (Gujarat),Sabarkantha (Gujarat),0.5810609731912736,0.5811770623719078,0.0001160891806342157,7,4,0.2104515408349536,149,165
Saharanpur (Uttar Pradesh),Junagadh (Gujarat),0.6080198646540442,0.6104244415494103,0.002404576895366106,4,5,0.21017932903773345,671,153
Y.S.R. (Andhra Pradesh),Varanasi (Uttar Pradesh),0.6285320769238938,0.6303802089488186,0.0018481320249248423,0,4,0.21012850603435057,15,683
Cuddalore (Tamil Nadu),North (NCT Delhi),0.6362685145095406,0.6379119657253207,0.001643451215780134,3,2,0.2099656749495925,528,424
Raigarh (Chhattisgarh),Darjeeling (West Bengal),0.6261577290737865,0.6277852307611654,0.0016275016873789072,4,2,0.20983498736059014,127,687
Botad (Gujarat),Firozpur (Punjab),0.5904277946160063,0.5910315228096771,0.0006037281936708272,7,2,0.20973049918295483,146,472
Gurgaon (Haryana),West Godavari (Andhra Pradesh),0.6181459008413983,0.6194504564679654,0.001304555626567061,7,0,0.20972827547519818,177,14
Kodarma (Jharkhand),Purba Medinipur (West Bengal),0.550768549203547,0.5512445708507836,0.0004760216472365908,6,7,0.20954420612740327,238,700
Suryapet (Telangana),Fazilka (Punjab),0.5637627059031259,0.564729868314826,0.0009671624117000288,0,2,0.20950289145537238,582,471
Kendrapara (Odisha),Goalpara (Assam),0.6033841852563524,0.6050451423377915,0.0016609570814390962,5,4,0.20943198696981025,448,48
Baudh (Odisha),Chhindwara (Madhya Pradesh),0.6432621961861913,0.6452823017755954,0.002020105589404131,5,4,0.20938764377620112,436,307
Pali (Rajasthan),Jamnagar (Gujarat),0.6861024453979033,0.691475160302485,0.005372714904581688,4,5,0.20936944278727143,513,152
Tirunelveli (Tamil Nadu),Panchkula (Haryana),0.6703964716747624,0.6715595403797427,0.0011630687049803967,3,2,0.2093066781097418,551,187
Barnala (Punjab),Paschim Barddhaman (West Bengal),0.554954896489869,0.5581318329199485,0.0031769364300795466,2,7,0.20928711902301744,467,697
Rajkot (Gujarat),Mandya (Karnataka),0.6758922319605024,0.6775128018249553,0.0016205698644529143,5,2,0.20921329381521891,164,271
Ganjam (Odisha),Faridabad (Haryana),0.6241511160919777,0.6280220129038697,0.0038708968118920106,5,2,0.2087094392755896,442,175
Bhandara (Maharashtra),Dharmapuri (Tamil Nadu),0.6991432110848701,0.7012743841955407,0.00213117311067057,5,2,0.20870819008452918,350,529
Bokaro (Jharkhand),Kokrajhar (Assam),0.5508386668623246,0.5510433848165688,0.00020471795424414907,6,7,0.2085704319621267,226,57
Tirunelveli (Tamil Nadu),Buldana (Maharashtra),0.6703964716747624,0.6704718516297394,7.537995497708394e-05,3,5,0.2085178773381458,551,352
North Goa (Goa),Surat (Gujarat),0.6617161312607145,0.6619160801173338,0.00019994885661933637,3,2,0.20848070713730826,137,166
Pithoragarh (Uttarakhand),Ramanathapuram (Tamil Nadu),0.6663413048928165,0.6699689901058209,0.0036276852130043835,5,3,0.20825131554861998,604,541
Tumkur (Karnataka),Osmanabad (Maharashtra),0.6511404979410191,0.6523655238848746,0.001225025943855429,2,5,0.20821768751956948,276,368
Moga (Punjab),Mahoba (Uttar Pradesh),0.5842512014457824,0.5878582680893597,0.00360706664357735,2,4,0.2078869874469162,479,657
Changlang (Arunachal Pradesh),Biswanath (Assam),0.5558792580936791,0.5575263722900157,0.0016471141963365632,1,4,0.2077627623448545,17,38
Tiruchirappalli (Tamil Nadu),Jharsuguda (Odisha),0.6777059851640614,0.6819979172247891,0.0042919320607276434,3,5,0.20763536719291154,550,445
Bhilwara (Rajasthan),Kupwara (Jammu Kashmir),0.6554087422902692,0.6559997641877434,0.0005910218974741754,4,5,0.20741796765448262,494,216
Jharsuguda (Odisha),Viluppuram (Tamil Nadu),0.6819979172247891,0.6843302055253363,0.002332288300547214,5,3,0.2074104004336219,445,555
Munger (Bihar),Bharatpur (Rajasthan),0.5370959275601832,0.5387857868003,0.0016898592401167756,7,6,0.20733494367817829,89,493
Chirang (Assam),Sultanpur (Uttar Pradesh),0.5718955218842484,0.5729014577031063,0.0010059358188578837,4,7,0.20733325308787076,42,681
North (NCT Delhi),Salem (Tamil Nadu),0.6379119657253207,0.6400386946519365,0.0021267289266158063,2,3,0.20733267045449544,424,542
Gurdaspur (Punjab),Muzaffarnagar (Uttar Pradesh),0.5683227904888595,0.5689726169262657,0.0006498264374061868,2,4,0.20714745210930358,473,665
Raigarh (Maharashtra),Ariyalur (Tamil Nadu),0.6389432563970624,0.6426558125601188,0.003712556163056435,2,3,0.20708276361817224,372,525
Nagapattinam (Tamil Nadu),Jammu (Jammu Kashmir),0.6782764307795313,0.6820757209092189,0.0037992901296876047,3,5,0.20680870497135662,537,212
Chamoli (Uttarakhand),Raisen (Madhya Pradesh),0.6547754728472361,0.6573568025912898,0.002581329744053673,5,4,0.20679114167492146,598,328
Bangalore Rural (Karnataka),Jhajjar (Haryana),0.6815763663272233,0.6874648675448902,0.0058885012176669305,2,5,0.20674755958186153,252,179
Dhubri (Assam),Nalbari (Assam),0.5412058523242063,0.545101444209938,0.0038955918857317418,6,7,0.20668295845593754,45,62
Nagapattinam (Tamil Nadu),Bangalore Rural (Karnataka),0.6782764307795313,0.6815763663272233,0.0032999355476920345,3,2,0.2066676437366497,537,252
Nanded (Maharashtra),Uttar Dinajpur (West Bengal),0.5901558199784941,0.5920528413231617,0.0018970213446676265,7,5,0.2066645356055571,365,703
Lucknow (Uttar Pradesh),Sehore (Madhya Pradesh),0.5596752806475477,0.5612584579715896,0.0015831773240418956,7,4,0.20648916325967026,655,334
Lucknow (Uttar Pradesh),Basti (Uttar Pradesh),0.5596752806475477,0.5619981972072905,0.002322916559742816,7,6,0.2064149371019655,655,622
Udaipur (Rajasthan),Kulgam (Jammu Kashmir),0.6776798180299862,0.6803562664144548,0.002676448384468566,4,5,0.20640643077516907,520,215
Imphal East (Manipur),Bishnupur (Manipur),0.4942096667997809,0.4995255315678477,0.00531586476806678,7,1,0.20638455810866324,385,382
Chamba (Himachal Pradesh),Tiruvannamalai (Tamil Nadu),0.6941952885423471,0.6942683587562607,7.307021391356194e-05,5,3,0.20633243970033943,195,553
Agar Malwa (Madhya Pradesh),Amreli (Gujarat),0.6234978310036305,0.6277640591299071,0.004266228126276528,4,7,0.20632939253384752,296,140
The Dangs (Gujarat),Dakshin Dinajpur (West Bengal),0.642118183977856,0.6451161454710429,0.0029979614931868737,4,5,0.20624257176767447,169,686
Nashik (Maharashtra),East Garo Hills (Meghalaya),0.5339820340030678,0.5378665330400021,0.00388449903693433,7,1,0.20624009133075683,367,391
North  District (Sikkim),West Garo Hills (Meghalaya),0.5783870304215633,0.5814512549573052,0.003064224535741955,2,7,0.20599852496188586,522,399
Sangareddy (Telangana),Koppal (Karnataka),0.5747444584857997,0.576640610517683,0.0018961520318833136,0,4,0.20591731981881667,580,270
Pali (Rajasthan),Jhajjar (Haryana),0.6861024453979033,0.6874648675448902,0.001362422146986897,4,5,0.20581043336573002,513,179
Bhopal (Madhya Pradesh),Anantnag (Jammu Kashmir),0.6521475048191842,0.6538426862441498,0.0016951814249656083,2,5,0.2056926778042648,304,206
Uttar Bastar Kanker (Chhattisgarh),Ganganagar (Rajasthan),0.6822053866926029,0.6905297833774895,0.008324396684886604,4,5,0.20568584967530468,133,502
Koppal (Karnataka),Jyotiba Phule Nagar (Uttar Pradesh),0.576640610517683,0.57842636425749,0.00178575373980705,4,6,0.20560612345715912,270,646
Hanumangarh (Rajasthan),Kathua (Jammu Kashmir),0.6746479340392845,0.6766942917651279,0.002046357725843384,4,5,0.20556017665106985,503,213
Gondiya (Maharashtra),Puducherry (Puducherry),0.6887376840464717,0.6904812405485269,0.0017435565020551547,5,3,0.2054355274853532,356,464
Jagatsinghapur (Odisha),Idukki (Kerala),0.6233386321425246,0.6251358583987333,0.001797226256208706,5,3,0.20540982026918075,443,282
Sirohi (Rajasthan),Punch (Jammu Kashmir),0.6623625246811813,0.6651183483437413,0.0027558236625599974,4,5,0.2053137613329933,518,218
Mau (Uttar Pradesh),Amethi (Uttar Pradesh),0.5644118617753939,0.564625514693985,0.0002136529185911007,7,6,0.20525623613947397,661,612
Jamtara (Jharkhand),Pratapgarh (Uttar Pradesh),0.5375374071573068,0.5408407719956648,0.003303364838358025,6,7,0.20512161898483314,236,667
Barpeta (Assam),Palamu (Jharkhand),0.5499646557508951,0.5525409638784444,0.002576308127549276,7,6,0.20510060257574647,37,242
Haveri (Karnataka),Rohtas (Bihar),0.6035687630095949,0.6041891557543503,0.0006203927447553381,5,6,0.2050510855079729,267,97
North West (NCT Delhi),Agra (Uttar Pradesh),0.5674274907317932,0.5693897551156601,0.0019622643838669296,2,6,0.20500701000244487,426,609
Rohtak (Haryana),Uttarkashi (Uttarakhand),0.6432999282704613,0.6463798219687574,0.003079893698296088,2,4,0.2049978398172827,190,608
Ganjam (Odisha),Raigarh (Chhattisgarh),0.6241511160919777,0.6261577290737865,0.0020066129818088196,5,4,0.2048317918646736,442,127
Akola (Maharashtra),Bageshwar (Uttarakhand),0.636782435808657,0.6399951868637811,0.0032127510551240857,5,4,0.20475231788216824,347,597
East Siang (Arunachal Pradesh),South Tripura (Tripura),0.4729730539279279,0.4785536542915121,0.005580600363584209,1,7,0.20467988377783297,20,593
Kalahandi (Odisha),Jind (Haryana),0.6499282685267391,0.650275788085538,0.0003475195587988589,4,5,0.2046592955787837,446,180
Shahdara (NCT Delhi),Salem (Tamil Nadu),0.637989054951261,0.6400386946519365,0.0020496397006755096,2,3,0.20451268055762784,427,542
Baudh (Odisha),Pudukkottai (Tamil Nadu),0.6432621961861913,0.6450037387232739,0.0017415425370825854,5,3,0.20441373579409694,436,540
Madurai (Tamil Nadu),Palghar (Maharashtra),0.65904785506923,0.6592991943540649,0.000251339284834895,3,5,0.2043230165906964,536,369
Azamgarh (Uttar Pradesh),Etah (Uttar Pradesh),0.5174877250457446,0.5222950252122243,0.004807300166479678,7,6,0.20431473491777608,614,629
Badgam (Jammu Kashmir),Jhunjhunun (Rajasthan),0.6705047263195352,0.6721154741779097,0.0016107478583745616,5,4,0.2042404612752255,207,508
Haora (West Bengal),Hugli (West Bengal),0.5975916174702169,0.5984410606319169,0.000849443161699992,2,5,0.20421605923684172,688,689
Barmer (Rajasthan),Subarnapur (Odisha),0.6927151750740909,0.6944345022927537,0.0017193272186628583,4,5,0.20418242578738977,492,460
Solan (Himachal Pradesh),Erode (Tamil Nadu),0.7016433403797537,0.7154017619524314,0.013758421572677704,5,3,0.204164491923145,204,531
Ujjain (Madhya Pradesh),Hassan (Karnataka),0.6629486614307127,0.6633537371246797,0.00040507569396697196,4,2,0.20406315756993304,343,266
Gorakhpur (Uttar Pradesh),Ludhiana (Punjab),0.5908708384969082,0.5911273712162664,0.0002565327193581046,7,2,0.20401709275709212,639,477
Alwar (Rajasthan),Nalbari (Assam),0.5440057676076354,0.545101444209938,0.0010956766023025866,6,7,0.20397330917523687,489,62
Ballia (Uttar Pradesh),Pratapgarh (Uttar Pradesh),0.5396262939504938,0.5408407719956648,0.0012144780451710524,6,7,0.20396971305692285,617,667
Gorakhpur (Uttar Pradesh),Panchmahal (Gujarat),0.5908708384969082,0.5913536277689985,0.0004827892720902227,7,4,0.20394857767574892,639,161
Jagitial (Telangana),Moga (Punjab),0.583164001485113,0.5842512014457824,0.001087199960669305,0,2,0.20383884127909913,560,479
Bhiwani (Haryana),Anantnag (Jammu Kashmir),0.6507866303457372,0.6538426862441498,0.003056055898412513,4,5,0.20382307162464963,173,206
Durg (Chhattisgarh),Thoothukkudi (Tamil Nadu),0.666493452848441,0.66976112964725,0.003267676798809016,2,3,0.20360280757281157,116,549
Siddipet (Telangana),North  District (Sikkim),0.576072279100407,0.5783870304215633,0.0023147513211562165,0,2,0.2034975632734103,581,522
Medchal-Malkajgiri (Telangana),Sri Potti Sriramulu Nellore (Andhra Pradesh),0.5867265015754589,0.5888406206128463,0.002114119037387341,2,0,0.2033758541105914,572,11
Siwan (Bihar),Azamgarh (Uttar Pradesh),0.5116666545335719,0.5174877250457446,0.005821070512172732,6,7,0.20329575047119453,104,614
Jagatsinghapur (Odisha),Raigarh (Chhattisgarh),0.6233386321425246,0.6261577290737865,0.002819096931261922,5,4,0.20321220794122885,443,127
Palghar (Maharashtra),Ramanagara (Karnataka),0.6592991943540649,0.6609584974779992,0.0016593031239342526,5,2,0.20311465253506278,369,274
Peddapalli (Telangana),Rupnagar (Punjab),0.5984637429472833,0.5994548640198827,0.0009911210725993547,0,2,0.20297275324379815,577,483
Chittoor (Andhra Pradesh),Ganjam (Odisha),0.6219657140314667,0.6241511160919777,0.002185402060510988,0,5,0.20286063495963136,4,442
Hardwar (Uttarakhand),Bokaro (Jharkhand),0.5495372676159836,0.5508386668623246,0.001301399246340984,2,6,0.20284509611580548,601,226
Viluppuram (Tamil Nadu),Ganganagar (Rajasthan),0.6843302055253363,0.6905297833774895,0.006199577852153193,3,5,0.20282336632882647,555,502
Balod (Chhattisgarh),Tiruvannamalai (Tamil Nadu),0.6930503463140847,0.6942683587562607,0.0012180124421760086,4,3,0.20274065180159884,107,553
Sehore (Madhya Pradesh),Surendranagar (Gujarat),0.5612584579715896,0.5634328485029255,0.0021743905313359457,4,7,0.2027302523667026,334,167
Gaya (Bihar),Sheopur (Madhya Pradesh),0.5471831695106131,0.5484446667520376,0.0012614972414245473,6,4,0.20271485941774398,78,338
Dharwad (Karnataka),Jind (Haryana),0.6487172414165195,0.650275788085538,0.0015585466690184457,2,5,0.2026576278252944,263,180
Navsari (Gujarat),Dhamtari (Chhattisgarh),0.6797431504391672,0.6809055687695142,0.001162418330347026,5,4,0.20257149571789712,160,115
Haora (West Bengal),Ranchi (Jharkhand),0.5975916174702169,0.5981788579122136,0.0005872404419966504,2,4,0.2025463163720989,688,246
Solapur (Maharashtra),Nadia (West Bengal),0.5974720665676315,0.5976291120545132,0.00015704548688166842,2,5,0.20248847174159257,377,695
Samastipur (Bihar),Kheda (Gujarat),0.507707206375643,0.5127736217674782,0.005066415391835166,6,7,0.2024148118578969,99,155
Dahod (Gujarat),Karimganj (Assam),0.5610139470745242,0.5634455590931304,0.0024316120186061996,4,7,0.2024029882345511,148,56
Kolar (Karnataka),Palghar (Maharashtra),0.6591595923385196,0.6592991943540649,0.00013960201554530371,2,5,0.20233203691367796,269,369
Balod (Chhattisgarh),Bhandara (Maharashtra),0.6930503463140847,0.6991432110848701,0.006092864770785411,4,5,0.2023224237889838,107,350
Udham Singh Nagar (Uttarakhand),Nalgonda (Telangana),0.6134415624578261,0.6146733360275944,0.0012317735697683352,2,0,0.20215836932451725,607,574
Saraikela-Kharsawan (Jharkhand),Purbi Singhbhum (Jharkhand),0.616462481401611,0.616579225856088,0.00011674445447706905,4,5,0.20208578438444108,248,244
Valsad (Gujarat),Fatehabad (Haryana),0.6613452449749101,0.6630335729374737,0.0016883279625635739,2,5,0.20195263380301764,171,176
Ranga Reddy (Telangana),Kapurthala (Punjab),0.5827242602756657,0.5837130637206458,0.0009888034449800909,0,2,0.20186919136345705,579,476
Mahasamund (Chhattisgarh),Bargarh (Odisha),0.6652297253092238,0.6658288908547175,0.0005991655454937739,4,5,0.2018627803890547,124,435
Baran (Rajasthan),Subarnapur (Odisha),0.6913837237022566,0.6944345022927537,0.003050778590497072,4,5,0.2016487729277331,491,460
Yanam (Puducherry),Udupi (Karnataka),0.6334743660746895,0.6354611671951724,0.001986801120482884,3,2,0.2013655581880603,465,277
Tiruppur (Tamil Nadu),Indore (Madhya Pradesh),0.6940689441761417,0.6989253175521543,0.004856373376012524,3,5,0.2013090892884588,552,317
Churachandpur (Manipur),Imphal East (Manipur),0.4906062791219083,0.4942096667997809,0.003603387677872605,1,7,0.2012617608835814,384,385
Bhavnagar (Gujarat),Fazilka (Punjab),0.5646549208695101,0.564729868314826,7.494744531588715e-05,7,2,0.20124274670304432,145,471
Nadia (West Bengal),Ranchi (Jharkhand),0.5976291120545132,0.5981788579122136,0.0005497458577004011,5,4,0.20120998167281384,695,246
Jharsuguda (Odisha),Pali (Rajasthan),0.6819979172247891,0.6861024453979033,0.004104528173114241,5,4,0.20106782939943146,445,513
Balod (Chhattisgarh),Subarnapur (Odisha),0.6930503463140847,0.6944345022927537,0.0013841559786690327,4,5,0.20094581312209903,107,460
Karimnagar (Telangana),Tawang (Arunachal Pradesh),0.5475981040418536,0.5501315805475238,0.0025334765056701514,0,1,0.20078332247935052,565,30
Raigarh (Maharashtra),Khordha (Odisha),0.6389432563970624,0.6405908892956929,0.0016476328986304578,2,5,0.20060490345880422,372,450
Bagalkot (Karnataka),Sri Potti Sriramulu Nellore (Andhra Pradesh),0.5887594565885141,0.5888406206128463,8.116402433211434e-05,4,0,0.20055868628128726,250,11
Kupwara (Jammu Kashmir),Dungarpur (Rajasthan),0.6559997641877434,0.6571541197225185,0.0011543555347750534,5,4,0.20048968004810008,216,501
Rudraprayag (Uttarakhand),Jhunjhunun (Rajasthan),0.6709719991056451,0.6721154741779097,0.0011434750722646436,5,4,0.20048019613537166,605,508
Mungeli (Chhattisgarh),Patan (Gujarat),0.6157970188732744,0.6162509988002122,0.00045397992693774203,4,7,0.20040043980961042,125,162
Gwalior (Madhya Pradesh),Faridabad (Haryana),0.6248120134884311,0.6280220129038697,0.003209999415438647,4,2,0.2002927310244807,314,175
Thiruvarur (Tamil Nadu),Durg (Chhattisgarh),0.6652598045335716,0.666493452848441,0.0012336483148693844,3,2,0.2002086353754149,548,116
Palamu (Jharkhand),Ambedkar Nagar (Uttar Pradesh),0.5525409638784444,0.5531140838949603,0.0005731200165158823,6,7,0.20012781410746383,242,611
Jalaun (Uttar Pradesh),Baghpat (Uttar Pradesh),0.5889928583982545,0.5902397335878773,0.0012468751896227426,6,4,0.19997001659843883,643,615
Mahabubnagar (Telangana),Varanasi (Uttar Pradesh),0.6289530802046575,0.6303802089488186,0.0014271287441611769,0,4,0.19988458222452765,569,683
Chikmagalur (Karnataka),Jind (Haryana),0.6499623524725815,0.650275788085538,0.0003134356129564919,2,5,0.19981927197547922,259,180
Karaikal (Puducherry),Panchkula (Haryana),0.6705526372558456,0.6715595403797427,0.0010069031238971737,3,2,0.19974915968939277,462,187
Paschim Barddhaman (West Bengal),Doda (Jammu Kashmir),0.5581318329199485,0.5601382202342384,0.0020063873142899258,7,1,0.19948002387785396,697,210
Rajnandgaon (Chhattisgarh),Jharsuguda (Odisha),0.6776303631458038,0.6819979172247891,0.0043675540789852585,4,5,0.1993961830910137,129,445
Bilaspur (Chhattisgarh),Nandurbar (Maharashtra),0.5416005733462879,0.5462944547399126,0.004693881393624699,7,4,0.19918806370139341,113,366
East Godavari (Andhra Pradesh),Jalgaon (Maharashtra),0.5215152868899147,0.5246538949473816,0.0031386080574669073,0,7,0.19901914725475733,5,358
Erode (Tamil Nadu),Wardha (Maharashtra),0.7154017619524314,0.7220455970216009,0.006643835069169435,3,5,0.19885223903094423,531,379
Kathua (Jammu Kashmir),Nagapattinam (Tamil Nadu),0.6766942917651279,0.6782764307795313,0.0015821390144034053,5,3,0.1988316147058633,213,537
Haora (West Bengal),Nadia (West Bengal),0.5975916174702169,0.5976291120545132,3.74945842962493e-05,2,5,0.19866055901322754,688,695
Basti (Uttar Pradesh),Surendranagar (Gujarat),0.5619981972072905,0.5634328485029255,0.0014346512956350255,6,7,0.1984406862388105,622,167
Munger (Bihar),Arwal (Bihar),0.5370959275601832,0.5406405398033195,0.0035446122431362914,7,6,0.19840786437830327,89,70
Navsari (Gujarat),Viluppuram (Tamil Nadu),0.6797431504391672,0.6843302055253363,0.004587055086169078,5,3,0.19838775638338313,160,555
Jaipur (Rajasthan),Burhanpur (Madhya Pradesh),0.6920365442344102,0.6947213392128421,0.0026847949784318814,5,4,0.19816520243028818,504,305
Anand (Gujarat),Siddipet (Telangana),0.5755256980640651,0.576072279100407,0.0005465810363419754,7,0,0.19799274449678128,141,581
Betul (Madhya Pradesh),Puri (Odisha),0.6669187972929591,0.6678777883726063,0.0009589910796471424,4,5,0.19788402693811902,302,457
Satna (Madhya Pradesh),Birbhum (West Bengal),0.6000429984728318,0.6032778223476298,0.0032348238747980096,4,5,0.19788231233799808,333,685
Anand (Gujarat),Amritsar (Punjab),0.5755256980640651,0.5777086174221775,0.002182919358112434,7,2,0.19774894365691753,141,466
Faizabad (Uttar Pradesh),Prayagraj (Uttar Pradesh),0.5278389324405923,0.5304601415871453,0.0026212091465529497,7,6,0.19763896435782813,631,668
Bid (Maharashtra),Korba (Chhattisgarh),0.5435947093180402,0.5454456444396144,0.0018509351215741932,7,1,0.19744379819022895,351,122
Palghar (Maharashtra),Raipur (Chhattisgarh),0.6592991943540649,0.6611237696697893,0.0018245753157243305,5,4,0.19722882629393246,369,128
Uttar Dinajpur (West Bengal),Anuppur (Madhya Pradesh),0.5920528413231617,0.5931223722355016,0.0010695309123398555,5,4,0.19704415525697794,703,298
Rajsamand (Rajasthan),Kishtwar (Jammu Kashmir),0.6362940658274208,0.6377669555359491,0.0014728897085283243,4,5,0.19678296077748225,515,214
Hassan (Karnataka),Thiruvarur (Tamil Nadu),0.6633537371246797,0.6652598045335716,0.001906067408891876,2,3,0.1966282824923397,266,548
Bidar (Karnataka),Nalgonda (Telangana),0.6136199347128892,0.6146733360275944,0.0010534013147052157,4,0,0.1965720125063274,255,574
Bankura (West Bengal),Rewa (Madhya Pradesh),0.555658414045892,0.5585230867517468,0.002864672705854776,7,6,0.19653109605485025,684,331
Belgaum (Karnataka),Krishna (Andhra Pradesh),0.6363872598128987,0.6395760867528305,0.0031888269399318325,5,0,0.19636894515422332,253,7
Ambala (Haryana),Kancheepuram (Tamil Nadu),0.6194921540666987,0.6208746671920773,0.001382513125378626,2,3,0.19633857221728634,172,532
Patiala (Punjab),Peddapalli (Telangana),0.5977967283070281,0.5984637429472833,0.0006670146402552035,2,0,0.19626838361869958,482,577
Chhatarpur (Madhya Pradesh),Bijapur (Karnataka),0.5731641908146796,0.574116659112425,0.0009524682977454235,6,7,0.1962368084700168,306,256
Ballia (Uttar Pradesh),Bilaspur (Chhattisgarh),0.5396262939504938,0.5416005733462879,0.0019742793957940874,6,7,0.19620776511499283,617,113
Jamnagar (Gujarat),Tiruppur (Tamil Nadu),0.691475160302485,0.6940689441761417,0.0025937838736567187,5,3,0.19616654327151323,152,552
Muzaffarnagar (Uttar Pradesh),Bongaigaon (Assam),0.5689726169262657,0.5717806394521604,0.0028080225258947378,4,7,0.19616356577600047,665,39
Sangareddy (Telangana),Raichur (Karnataka),0.5747444584857997,0.5764841057381199,0.001739647252320231,0,6,0.19607353111350478,580,273
Nayagarh (Odisha),Neemuch (Madhya Pradesh),0.6530852131797468,0.6558120357989872,0.002726822619240399,5,4,0.19600328503391684,455,326
Etah (Uttar Pradesh),Faizabad (Uttar Pradesh),0.5222950252122243,0.5278389324405923,0.005543907228368061,6,7,0.1959722959109107,629,631
Tumkur (Karnataka),Virudhunagar (Tamil Nadu),0.6511404979410191,0.6554314111620915,0.004290913221072334,2,3,0.1959691427327277,276,556
Kangra (Himachal Pradesh),Bhadrak (Odisha),0.6274784395330102,0.6285018118600061,0.0010233723269958972,2,5,0.19590782069589163,197,437
Mahrajganj (Uttar Pradesh),Bhind (Madhya Pradesh),0.6197937865340101,0.6199374051710351,0.00014361863702505584,4,7,0.1958649842873511,658,303
Krishnagiri (Tamil Nadu),Kullu (Himachal Pradesh),0.7001959065107234,0.7007952233880164,0.0005993168772929769,2,5,0.19575631383620418,535,199
Puruliya (West Bengal),Jamtara (Jharkhand),0.5347510946330346,0.5375374071573068,0.0027863125242721942,7,6,0.19558459686656382,701,236
Bilaspur (Chhattisgarh),Korba (Chhattisgarh),0.5416005733462879,0.5454456444396144,0.0038450710933265464,7,1,0.1954831049840886,113,122
Latur (Maharashtra),South (NCT Delhi),0.6445148808948394,0.6451226074951321,0.000607726600292624,5,2,0.1954529958597958,361,428
Valsad (Gujarat),Charkhi Dadri (Haryana),0.6613452449749101,0.662268649942359,0.0009234049674489153,2,5,0.19531111220629693,171,174
Bankura (West Bengal),Singrauli (Madhya Pradesh),0.555658414045892,0.5587882810878021,0.003129867041910095,7,4,0.19530200704795686,684,341
Idukki (Kerala),Almora (Uttarakhand),0.6251358583987333,0.6285802830659845,0.0034444246672511447,3,2,0.1952720339441213,282,596
Ujjain (Madhya Pradesh),Chamarajanagar (Karnataka),0.6629486614307127,0.6631766507698592,0.00022798933914647268,4,2,0.1952562103715919,343,257
Karimnagar (Telangana),Hardwar (Uttarakhand),0.5475981040418536,0.5495372676159836,0.0019391635741300428,0,2,0.19514817238478077,565,601
South Andaman (Andaman Nicobar Islands),North Twenty Four Parganas (West Bengal),0.6493700005635843,0.6495079996058462,0.00013799904226186044,2,5,0.19506514840847622,2,696
Mahendragarh (Haryana),Narsimhapur (Madhya Pradesh),0.6310822344912789,0.6329645571513869,0.0018823226601080156,5,4,0.1950378610340714,184,325
Bundi (Rajasthan),Rajouri (Jammu Kashmir),0.6286168360136178,0.6312659493581732,0.0026491133445553094,4,5,0.1948149788922433,496,219
Anugul (Odisha),Tonk (Rajasthan),0.6186095414613355,0.6196361675267663,0.0010266260654308024,5,4,0.19469499303797777,432,519
Panipat (Haryana),Bidar (Karnataka),0.6136054314641359,0.6136199347128892,1.4503248753294784e-05,2,4,0.1945631367595837,188,255
Daman (Dadra Nagar Haveli Daman Diu),Ranga Reddy (Telangana),0.5812241237161601,0.5827242602756657,0.0015001365595056493,7,0,0.1945566799368646,135,579
Purba Champaran (Bihar),Kiphire (Nagaland),0.4290897701054852,0.4370504109712254,0.007960640865740165,6,1,0.1945486266325517,95,411
Bharatpur (Rajasthan),Pratapgarh (Uttar Pradesh),0.5387857868003,0.5408407719956648,0.0020549851953648446,6,7,0.19451506128700286,493,667
Jaipur (Rajasthan),Perambalur (Tamil Nadu),0.6920365442344102,0.6944526665930258,0.0024161223586156577,5,3,0.19439643613886792,504,539
Dhanbad (Jharkhand),Nashik (Maharashtra),0.5316050793444621,0.5339820340030678,0.0023769546586056567,6,7,0.1943851863806605,229,367
The Nilgiris (Tamil Nadu),Shimla (Himachal Pradesh),0.7259723273401781,0.7260626531242378,9.032578405965275e-05,3,5,0.19424387601911375,546,202
Wayanad (Kerala),Thiruvarur (Tamil Nadu),0.664723622448249,0.6652598045335716,0.0005361820853225785,2,3,0.19420867141923104,293,548
Yamunanagar (Haryana),Belgaum (Karnataka),0.6336475291191307,0.6363872598128987,0.0027397306937679833,2,5,0.1941697384639507,193,253
Solapur (Maharashtra),Hugli (West Bengal),0.5974720665676315,0.5984410606319169,0.0009689940642854111,2,5,0.19401609273677078,377,689
Yanam (Puducherry),Dehradun (Uttarakhand),0.6334743660746895,0.634393282867484,0.0009189167927944331,3,2,0.19397451836151042,465,600
Solapur (Maharashtra),Morbi (Gujarat),0.5974720665676315,0.5993121739167219,0.0018401073490903475,2,7,0.1939730393161343,377,158
Hojai (Assam),Tirap (Arunachal Pradesh),0.4957589714435058,0.4994653936627229,0.0037064222192171314,7,1,0.19394339192952192,51,31
Sangareddy (Telangana),Anand (Gujarat),0.5747444584857997,0.5755256980640651,0.0007812395782653692,0,7,0.1938998672412029,580,141
Bhind (Madhya Pradesh),Koch Bihar (West Bengal),0.6199374051710351,0.6214241379618881,0.0014867327908529848,7,5,0.19364809251111637,303,691
Dhamtari (Chhattisgarh),Bilaspur (Himachal Pradesh),0.6809055687695142,0.6884515394877236,0.007545970718209394,4,5,0.19358734401901778,115,194
Chikkaballapura (Karnataka),Kaithal (Haryana),0.6497969279950385,0.6506589101834515,0.0008619821884129353,2,5,0.19347836846541366,258,181
Gir Somnath (Gujarat),South Twenty Four Parganas (West Bengal),0.632180124915268,0.6329090682557573,0.0007289433404893408,7,5,0.19321943145660053,151,702
North Twenty Four Parganas (West Bengal),Bhiwani (Haryana),0.6495079996058462,0.6507866303457372,0.0012786307398910957,5,4,0.19315328655991265,696,173
Palwal (Haryana),Botad (Gujarat),0.589103959861114,0.5904277946160063,0.0013238347548922835,4,7,0.19312881949274885,186,146
Aurangabad (Bihar),Sultanpur (Uttar Pradesh),0.5722484621574054,0.5729014577031063,0.0006529955457008629,6,7,0.19312524036100376,71,681
Rampur (Uttar Pradesh),Paschim Barddhaman (West Bengal),0.5565235730510867,0.5581318329199485,0.0016082598688618166,6,7,0.19310448406725855,670,697
Bongaigaon (Assam),Surajpur (Chhattisgarh),0.5717806394521604,0.5718091047711443,2.84653189839279e-05,7,4,0.19268469777405073,39,131
Tehri Garhwal (Uttarakhand),Karur (Tamil Nadu),0.6165700819796852,0.618621401264791,0.0020513192851058237,4,3,0.19263880430909097,606,534
Murshidabad (West Bengal),Deoria (Uttar Pradesh),0.5824404339686596,0.5833881642400085,0.0009477302713488678,5,6,0.19263739269238445,694,628
Ramanathapuram (Tamil Nadu),Jhunjhunun (Rajasthan),0.6699689901058209,0.6721154741779097,0.002146484072088839,3,4,0.1924860183047546,541,508
Korba (Chhattisgarh),Hardwar (Uttarakhand),0.5454456444396144,0.5495372676159836,0.004091623176369241,1,2,0.19248518888085242,122,601
Rajkot (Gujarat),Mysore (Karnataka),0.6758922319605024,0.6797090115153347,0.0038167795548322836,5,2,0.19244260309812544,164,272
Prayagraj (Uttar Pradesh),Bharuch (Gujarat),0.5304601415871453,0.5327067347321826,0.002246593145037279,6,7,0.19238948398866662,668,144
Pulwama (Jammu Kashmir),Ujjain (Madhya Pradesh),0.6592939526135492,0.6629486614307127,0.0036547088171635655,5,4,0.19232699276786602,217,343
Rewari (Haryana),Chamoli (Uttarakhand),0.651854115314847,0.6547754728472361,0.0029213575323890906,2,5,0.19227259000498947,189,598
Bhandara (Maharashtra),Erode (Tamil Nadu),0.6991432110848701,0.7154017619524314,0.01625855086756134,5,3,0.19212523785370306,350,531
Virudhunagar (Tamil Nadu),Dakshina Kannada (Karnataka),0.6554314111620915,0.6577802952461034,0.002348884084011904,3,2,0.1920956289889335,556,261
Surat (Gujarat),Ujjain (Madhya Pradesh),0.6619160801173338,0.6629486614307127,0.0010325813133789108,2,4,0.19208968777038166,166,343
Chhindwara (Madhya Pradesh),Samba (Jammu Kashmir),0.6452823017755954,0.6480853208768629,0.0028030191012674566,4,5,0.19206385273714477,307,222
Sikar (Rajasthan),Srikakulam (Andhra Pradesh),0.6186150582125713,0.6207080154255848,0.002092957213013502,4,0,0.19190825959798086,517,10
Dhemaji (Assam),North  & Middle Andaman (Andaman Nicobar Islands),0.6028882074374831,0.6045210868167618,0.0016328793792786955,4,2,0.1918171918714422,44,1
Anuppur (Madhya Pradesh),Purba Barddhaman (West Bengal),0.5931223722355016,0.5940871147200499,0.0009647424845483643,4,5,0.1917802367517243,298,699
Chamarajanagar (Karnataka),Sivaganga (Tamil Nadu),0.6631766507698592,0.6652436140933278,0.0020669633234685625,2,3,0.191780017699833,257,543
Bhadrak (Odisha),Almora (Uttarakhand),0.6285018118600061,0.6285802830659845,7.847120597836987e-05,5,2,0.19165595672113434,437,596
Hardwar (Uttarakhand),Hoshangabad (Madhya Pradesh),0.5495372676159836,0.5495965123174836,5.9244701499983066e-05,2,7,0.19163527907731648,601,316
Kaithal (Haryana),Rewari (Haryana),0.6506589101834515,0.651854115314847,0.0011952051313955936,5,2,0.19150185463033065,181,189
Solapur (Maharashtra),Peddapalli (Telangana),0.5974720665676315,0.5984637429472833,0.0009916763796518069,2,0,0.19140276905780196,377,577
Una (Himachal Pradesh),Nadia (West Bengal),0.5961232444868116,0.5976291120545132,0.0015058675677015465,2,5,0.19132760860173786,205,695
Ganjam (Odisha),Gwalior (Madhya Pradesh),0.6241511160919777,0.6248120134884311,0.0006608973964533638,5,4,0.19126926803453692,442,314
Darjeeling (West Bengal),Vizianagaram (Andhra Pradesh),0.6277852307611654,0.6299959250914997,0.002210694330334273,2,0,0.19118693984322666,687,13
Ghaziabad (Uttar Pradesh),Ranga Reddy (Telangana),0.5822205192258598,0.5827242602756657,0.0005037410498058836,2,0,0.19095443701731196,636,579
Belgaum (Karnataka),Shahdara (NCT Delhi),0.6363872598128987,0.637989054951261,0.0016017951383623386,5,2,0.1909508174952852,253,427
Raipur (Chhattisgarh),Charkhi Dadri (Haryana),0.6611237696697893,0.662268649942359,0.0011448802725697593,4,5,0.19072008225314951,128,174
Panchkula (Haryana),Amravati (Maharashtra),0.6715595403797427,0.676065935631186,0.0045063952514432515,2,5,0.1906631245434942,187,348
Uttar Bastar Kanker (Chhattisgarh),Jhajjar (Haryana),0.6822053866926029,0.6874648675448902,0.005259480852287335,4,5,0.19044010758108842,133,179
Samba (Jammu Kashmir),Chikkaballapura (Karnataka),0.6480853208768629,0.6497969279950385,0.0017116071181756398,5,2,0.19009509743880637,222,258
Junagadh (Gujarat),Nagarkurnool (Telangana),0.6104244415494103,0.6127940827039419,0.002369641154531532,5,0,0.19008029805620663,153,573
Bhavnagar (Gujarat),Kamareddy (Telangana),0.5646549208695101,0.5681268201562975,0.003471899286787372,7,0,0.190068169174745,145,564
Jaipur (Rajasthan),Balod (Chhattisgarh),0.6920365442344102,0.6930503463140847,0.0010138020796744973,5,4,0.18999512891965564,504,107
Una (Himachal Pradesh),Ranchi (Jharkhand),0.5961232444868116,0.5981788579122136,0.0020556134254019476,2,4,0.18989799617053804,205,246
Punch (Jammu Kashmir),Betul (Madhya Pradesh),0.6651183483437413,0.6669187972929591,0.0018004489492178255,5,4,0.18962614445355863,218,302
Fazilka (Punjab),Aravali (Gujarat),0.564729868314826,0.5654584238956546,0.000728555580828627,2,7,0.18956668418864686,471,142
Kullu (Himachal Pradesh),Erode (Tamil Nadu),0.7007952233880164,0.7154017619524314,0.014606538564415072,5,3,0.1895575927925478,199,531
Dhar (Madhya Pradesh),Kishtwar (Jammu Kashmir),0.6367391697457714,0.6377669555359491,0.0010277857901777043,4,5,0.1894597377839975,311,214
Murshidabad (West Bengal),Mansa (Punjab),0.5824404339686596,0.5837607819510855,0.0013203479824258624,5,2,0.1893178452569122,694,478
Jorhat (Assam),Hardwar (Uttarakhand),0.5472981929659047,0.5495372676159836,0.002239074650078998,7,2,0.18920077110812716,52,601
Amravati (Maharashtra),Mysore (Karnataka),0.676065935631186,0.6797090115153347,0.0036430758841486943,5,2,0.1891334346274421,348,272
Dewas (Madhya Pradesh),Kurukshetra (Haryana),0.6340693577033343,0.636060898683751,0.0019915409804167616,4,2,0.18893010146030703,310,183
Bageshwar (Uttarakhand),Rohtak (Haryana),0.6399951868637811,0.6432999282704613,0.003304741406680245,4,2,0.1888041607436225,597,190
Sri Potti Sriramulu Nellore (Andhra Pradesh),Nanded (Maharashtra),0.5888406206128463,0.5901558199784941,0.0013151993656478345,0,7,0.18871212679013177,11,365
South Twenty Four Parganas (West Bengal),Narsimhapur (Madhya Pradesh),0.6329090682557573,0.6329645571513869,5.548889562956294e-05,5,4,0.1881107059392006,702,325
Perambalur (Tamil Nadu),Solan (Himachal Pradesh),0.6944526665930258,0.7016433403797537,0.007190673786727886,3,5,0.1878973350930233,539,204
Ahmedabad (Gujarat),Udham Singh Nagar (Uttarakhand),0.6115122730563761,0.6134415624578261,0.001929289401449985,7,2,0.1877831963652713,139,607
Chittoor (Andhra Pradesh),Gwalior (Madhya Pradesh),0.6219657140314667,0.6248120134884311,0.002846299456964352,0,4,0.18761802219691698,4,314
Tiruppur (Tamil Nadu),Chandrapur (Maharashtra),0.6940689441761417,0.6988029527251705,0.004734008549028723,3,5,0.1873746128676851,552,353
Subarnapur (Odisha),Burhanpur (Madhya Pradesh),0.6944345022927537,0.6947213392128421,0.0002868369200883514,5,4,0.1872602236583194,460,305
Visakhapatnam (Andhra Pradesh),Hingoli (Maharashtra),0.6144943794279588,0.6145337772263525,3.939779839368107e-05,0,5,0.18724913450809466,12,357
North Twenty Four Parganas (West Bengal),Chikkaballapura (Karnataka),0.6495079996058462,0.6497969279950385,0.00028892838919236663,5,2,0.18722048893165244,696,258
Rohtak (Haryana),Latur (Maharashtra),0.6432999282704613,0.6445148808948394,0.0012149526243780961,2,5,0.18721674683955147,190,361
Ambedkar Nagar (Uttar Pradesh),Rae Bareli (Uttar Pradesh),0.5531140838949603,0.5560668937765123,0.0029528098815519987,7,6,0.1871673866734469,611,669
Yadgir (Karnataka),Chhatarpur (Madhya Pradesh),0.5721075778301331,0.5731641908146796,0.0010566129845465122,4,6,0.1871513676169576,279,306
Kamrup (Assam),Mahamaya Nagar (Uttar Pradesh),0.5018776441796813,0.5023440825138424,0.00046643833416115665,7,6,0.18696236176422837,53,656
Bellary (Karnataka),West Godavari (Andhra Pradesh),0.6190115409469475,0.6194504564679654,0.00043891552101782416,5,0,0.186860822422109,254,14
Kodagu (Karnataka),Yanam (Puducherry),0.6315701594035719,0.6334743660746895,0.0019042066711176808,2,3,0.18669822925381935,268,465
Balaghat (Madhya Pradesh),Buldana (Maharashtra),0.667670099686371,0.6704718516297394,0.0028017519433684024,4,5,0.1865438645968459,300,352
Erode (Tamil Nadu),Diu (Dadra Nagar Haveli Daman Diu),0.7154017619524314,0.7204340634940339,0.005032301541602502,3,5,0.18654237188285738,531,136
Thiruvallur (Tamil Nadu),Udupi (Karnataka),0.6333530290858472,0.6354611671951724,0.002108138109325197,3,2,0.18640172666188815,547,277
Gorakhpur (Uttar Pradesh),Uttar Dinajpur (West Bengal),0.5908708384969082,0.5920528413231617,0.0011820028262534699,7,5,0.18629168453683997,639,703
Bid (Maharashtra),Mirzapur (Uttar Pradesh),0.5435947093180402,0.5451979966385901,0.0016032873205499287,7,6,0.18628841667528473,351,663
Warangal Rural (Telangana),Muktsar (Punjab),0.570568881862589,0.5710787043728279,0.0005098225102388998,0,2,0.18615063868671888,585,480
Badgam (Jammu Kashmir),Shajapur (Madhya Pradesh),0.6705047263195352,0.6723226209445383,0.001817894625003147,5,4,0.1861318528464162,207,337
Buldana (Maharashtra),Jhunjhunun (Rajasthan),0.6704718516297394,0.6721154741779097,0.0016436225481702982,5,4,0.18604073292253354,352,508
Fazilka (Punjab),Aligarh (Uttar Pradesh),0.564729868314826,0.5650034088490047,0.0002735405341787178,2,6,0.1860146202416162,471,610
Bulandshahr (Uttar Pradesh),Lucknow (Uttar Pradesh),0.5586653949255771,0.5596752806475477,0.0010098857219705826,4,7,0.18596891302490004,625,655
Panna (Madhya Pradesh),Puruliya (West Bengal),0.5303739551013725,0.5347510946330346,0.004377139531662078,6,7,0.18587153047905636,327,701
The Dangs (Gujarat),Baudh (Odisha),0.642118183977856,0.6432621961861913,0.0011440122083352655,4,5,0.18583366569834414,169,436
Kurukshetra (Haryana),Belgaum (Karnataka),0.636060898683751,0.6363872598128987,0.00032636112914763427,2,5,0.18575766577653197,183,253
Tikamgarh (Madhya Pradesh),Kupwara (Jammu Kashmir),0.6547055535052939,0.6559997641877434,0.0012942106824495037,4,5,0.18557865832534065,342,216
Mahoba (Uttar Pradesh),Nanded (Maharashtra),0.5878582680893597,0.5901558199784941,0.002297551889134386,4,7,0.18543864657968245,657,365
Ganganagar (Rajasthan),Baran (Rajasthan),0.6905297833774895,0.6913837237022566,0.0008539403247671551,5,4,0.1852888835047093,502,491
Dehradun (Uttarakhand),Belgaum (Karnataka),0.634393282867484,0.6363872598128987,0.0019939769454146994,2,5,0.185277899482714,600,253
Bulandshahr (Uttar Pradesh),Doda (Jammu Kashmir),0.5586653949255771,0.5601382202342384,0.0014728253086613297,4,1,0.18524412716371597,625,210
Udham Singh Nagar (Uttarakhand),Bijnor (Uttar Pradesh),0.6134415624578261,0.6137070440685924,0.00026548161076633825,2,4,0.18523102163143768,607,623
Thiruvallur (Tamil Nadu),Kurukshetra (Haryana),0.6333530290858472,0.636060898683751,0.0027078695979038114,3,2,0.18494572863659686,547,183
Gorakhpur (Uttar Pradesh),Koriya (Chhattisgarh),0.5908708384969082,0.5927426796634343,0.001871841166526056,7,4,0.18494528199368288,639,123
Sirsa (Haryana),Bhind (Madhya Pradesh),0.6180905332499609,0.6199374051710351,0.0018468719210742446,5,7,0.18492927800451286,191,303
Hyderabad (Telangana),Gurdaspur (Punjab),0.5669547946838788,0.5683227904888595,0.001367995804980704,0,2,0.18465306226411365,559,473
Ahmadnagar (Maharashtra),Ahmedabad (Gujarat),0.6092011203568894,0.6115122730563761,0.002311152699486674,5,7,0.18456993795209453,346,139
Gomati (Tripura),Karbi Anglong (Assam),0.5204900628753547,0.5215994636543398,0.0011094007789851368,7,1,0.1845499901746394,589,55
Muktsar (Punjab),Kurnool (Andhra Pradesh),0.5710787043728279,0.571122825156819,4.412078399107511e-05,2,0,0.1844760455515557,480,8
Akola (Maharashtra),Salem (Tamil Nadu),0.636782435808657,0.6400386946519365,0.0032562588432795136,5,3,0.18440467431497215,347,542
Hingoli (Maharashtra),Patan (Gujarat),0.6145337772263525,0.6162509988002122,0.001717221573859673,5,7,0.184342348306584,357,162
Gwalior (Madhya Pradesh),Amreli (Gujarat),0.6248120134884311,0.6277640591299071,0.0029520456414759977,4,7,0.18426010074565718,314,140
Rajnandgaon (Chhattisgarh),Harda (Madhya Pradesh),0.6776303631458038,0.6800441726218796,0.0024138094760757234,4,5,0.18405932471020692,129,315
Tiruvannamalai (Tamil Nadu),Kullu (Himachal Pradesh),0.6942683587562607,0.7007952233880164,0.006526864631755669,3,5,0.18398528879253878,553,199
Valsad (Gujarat),North Goa (Goa),0.6613452449749101,0.6617161312607145,0.00037088628580439487,2,3,0.1839113703706302,171,137
Kachchh (Gujarat),Mahendragarh (Haryana),0.6308309931297915,0.6310822344912789,0.0002512413614873532,4,5,0.18379474898552095,154,184
Hyderabad (Telangana),North West (NCT Delhi),0.5669547946838788,0.5674274907317932,0.00047269604791444486,0,2,0.1837830694650452,559,426
South Twenty Four Parganas (West Bengal),Dewas (Madhya Pradesh),0.6329090682557573,0.6340693577033343,0.0011602894475769565,5,4,0.18373667521245812,702,310
Yamunanagar (Haryana),Cuddalore (Tamil Nadu),0.6336475291191307,0.6362685145095406,0.002620985390409891,2,3,0.1837147587248844,193,528
Daman (Dadra Nagar Haveli Daman Diu),West (NCT Delhi),0.5812241237161601,0.5837111299401948,0.002487006224034749,7,2,0.1833497426152071,135,431
Maldah (West Bengal),Anuppur (Madhya Pradesh),0.592911623875736,0.5931223722355016,0.00021074835976553352,5,4,0.18314385846489534,693,298
Panipat (Haryana),Nalgonda (Telangana),0.6136054314641359,0.6146733360275944,0.0010679045634585105,2,0,0.18309932708170595,188,574
Bijapur (Karnataka),Raichur (Karnataka),0.574116659112425,0.5764841057381199,0.00236744662569488,7,6,0.18306729713962652,256,273
Panchmahal (Gujarat),Purba Barddhaman (West Bengal),0.5913536277689985,0.5940871147200499,0.002733486951051467,4,5,0.18266004199366087,161,699
Sikar (Rajasthan),Bhind (Madhya Pradesh),0.6186150582125713,0.6199374051710351,0.0013223469584637826,4,7,0.1826324133172582,517,303
Pathankot (Punjab),Haveri (Karnataka),0.6034135963955222,0.6035687630095949,0.000155166614072777,2,5,0.1825247301388669,481,267
Kaithal (Haryana),Tumkur (Karnataka),0.6506589101834515,0.6511404979410191,0.0004815877575676808,5,2,0.18247588753250554,181,276
Osmanabad (Maharashtra),Virudhunagar (Tamil Nadu),0.6523655238848746,0.6554314111620915,0.0030658872772169055,5,3,0.1823895576505301,368,556
Lower Subansiri (Arunachal Pradesh),Jorhat (Assam),0.5432199159722674,0.5472981929659047,0.004078276993637275,1,7,0.18232144480824986,26,52
Barnala (Punjab),Mancherial (Telangana),0.554954896489869,0.5576243074206787,0.002669410930809746,2,0,0.18230985598827232,467,570
Shivpuri (Madhya Pradesh),Morena (Madhya Pradesh),0.5935356273826384,0.5940224825169502,0.00048685513431179217,4,7,0.18218072990548378,339,324
Dhaulpur (Rajasthan),Goalpara (Assam),0.6038876459255225,0.6050451423377915,0.0011574964122690323,6,4,0.18212724773593164,500,48
Amreli (Gujarat),Y.S.R. (Andhra Pradesh),0.6277640591299071,0.6285320769238938,0.0007680177939867194,7,0,0.18211559500593122,140,15
Udalguri (Assam),Lawngtlai (Mizoram),0.4951517335090582,0.4967239660613096,0.0015722325522513625,7,1,0.18205058824619652,67,405
Junagadh (Gujarat),Jalandhar (Punjab),0.6104244415494103,0.6130699049484553,0.0026454633990449228,5,2,0.18172561011662325,153,475
Sonipat (Haryana),New Delhi (NCT Delhi),0.643564758826162,0.6441602208672196,0.0005954620410575373,5,2,0.1817129333157239,192,423
Khordha (Odisha),Rohtak (Haryana),0.6405908892956929,0.6432999282704613,0.002709038974768485,5,2,0.1816145956134806,450,190
Tehri Garhwal (Uttarakhand),Sirsa (Haryana),0.6165700819796852,0.6180905332499609,0.001520451270275669,4,5,0.1815952569683308,606,191
Dakshina Kannada (Karnataka),Palghar (Maharashtra),0.6577802952461034,0.6592991943540649,0.0015188991079615466,2,5,0.18120722904461328,261,369
Vadodara (Gujarat),Haveri (Karnataka),0.6011030397164948,0.6035687630095949,0.0024657232931001305,2,5,0.18118616065128357,170,267
Hingoli (Maharashtra),Mungeli (Chhattisgarh),0.6145337772263525,0.6157970188732744,0.001263241646921931,5,4,0.1808757955658502,357,125
Muzaffarnagar (Uttar Pradesh),Muktsar (Punjab),0.5689726169262657,0.5710787043728279,0.002106087446562266,4,2,0.1805916106637963,665,480
Sambalpur (Odisha),Betul (Madhya Pradesh),0.6656495882211882,0.6669187972929591,0.0012692090717708604,5,4,0.18055852946695117,459,302
Anantapur (Andhra Pradesh),Gwalior (Madhya Pradesh),0.6223885849222722,0.6248120134884311,0.0024234285661588473,0,4,0.18054585277507534,3,314
Cuddalore (Tamil Nadu),Shahdara (NCT Delhi),0.6362685145095406,0.637989054951261,0.0017205404417204306,3,2,0.1804958377562189,528,427
Ajmer (Rajasthan),Buldana (Maharashtra),0.6690956335432382,0.6704718516297394,0.0013762180865012352,4,5,0.1804907386330326,488,352
Amravati (Maharashtra),Tiruchirappalli (Tamil Nadu),0.676065935631186,0.6777059851640614,0.0016400495328754428,5,3,0.1803388064988693,348,550
Y.S.R. (Andhra Pradesh),Kachchh (Gujarat),0.6285320769238938,0.6308309931297915,0.0022989162058977275,0,4,0.180026337653989,15,154
Cuttack (Odisha),Baloda Bazar (Chhattisgarh),0.6101285564233092,0.6123529071017644,0.002224350678455167,5,4,0.17989013910108476,438,108
Bijnor (Uttar Pradesh),Hingoli (Maharashtra),0.6137070440685924,0.6145337772263525,0.0008267331577600512,4,5,0.17979506587515875,623,357
Morbi (Gujarat),Jaunpur (Uttar Pradesh),0.5993121739167219,0.6020142215498994,0.0027020476331774956,7,6,0.17975025537462663,158,644
Nalbari (Assam),Nandurbar (Maharashtra),0.545101444209938,0.5462944547399126,0.0011930105299745586,7,4,0.17958261863268332,62,366
Wayanad (Kerala),Pithoragarh (Uttarakhand),0.664723622448249,0.6663413048928165,0.001617682444567503,2,5,0.1793967748431513,293,604
Champawat (Uttarakhand),Buldana (Maharashtra),0.6701354092117294,0.6704718516297394,0.00033644241801000785,4,5,0.17937289892907615,599,352
Sonipat (Haryana),Chhindwara (Madhya Pradesh),0.643564758826162,0.6452823017755954,0.0017175429494333816,5,4,0.17933702190931222,192,307
Devbhumi Dwarka (Gujarat),Nirmal (Telangana),0.5810609731912736,0.5830144302496455,0.00195345705837191,7,0,0.17929280547852366,149,575
Indore (Madhya Pradesh),Erode (Tamil Nadu),0.6989253175521543,0.7154017619524314,0.01647644440027718,5,3,0.17926883923426595,317,531
Sri Potti Sriramulu Nellore (Andhra Pradesh),Firozpur (Punjab),0.5888406206128463,0.5910315228096771,0.002190902196830824,0,2,0.17923252356634212,11,472
Bhavnagar (Gujarat),Adilabad (Telangana),0.5646549208695101,0.5651792934410328,0.0005243725715227132,7,0,0.17921599776440433,145,557
Ujjain (Madhya Pradesh),Fatehabad (Haryana),0.6629486614307127,0.6630335729374737,8.491150676093184e-05,4,5,0.1790756929030884,343,176
Kanpur Nagar (Uttar Pradesh),Ahmadnagar (Maharashtra),0.6079488918282793,0.6092011203568894,0.0012522285286101775,7,5,0.17906449590669032,649,346
Sirsa (Haryana),Datia (Madhya Pradesh),0.6180905332499609,0.620697032795475,0.0026064995455140627,5,4,0.1790491086675805,191,309
Bijapur (Karnataka),Ramgarh (Jharkhand),0.574116659112425,0.5745180989667685,0.0004014398543434883,7,4,0.1788876413867253,256,245
New Delhi (NCT Delhi),Latur (Maharashtra),0.6441602208672196,0.6445148808948394,0.0003546600276198575,2,5,0.17880087788288213,423,361
Shahid Bhagat Singh Nagar (Punjab),North Twenty Four Parganas (West Bengal),0.6460531466291178,0.6495079996058462,0.0034548529767283176,2,5,0.17876766209227601,486,696
Arwal (Bihar),Bid (Maharashtra),0.5406405398033195,0.5435947093180402,0.002954169514720717,6,7,0.1786224401854833,70,351
Mansa (Punjab),Sant Kabir Nagar (Uttar Pradesh),0.5837607819510855,0.5856732961486991,0.001912514197613624,2,4,0.17860015029829157,478,673
Navsari (Gujarat),Pali (Rajasthan),0.6797431504391672,0.6861024453979033,0.006359294958736106,5,4,0.178363434914192,160,513
Panipat (Haryana),Hingoli (Maharashtra),0.6136054314641359,0.6145337772263525,0.0009283457622165647,2,5,0.17830159347601748,188,357
Hamirpur (Himachal Pradesh),Malappuram (Kerala),0.6099047333749509,0.6104726497390263,0.0005679163640753826,2,3,0.17828012785815517,196,288
Perambalur (Tamil Nadu),Kullu (Himachal Pradesh),0.6944526665930258,0.7007952233880164,0.006342556794990517,3,5,0.17789351695122235,539,199
Jhunjhunun (Rajasthan),Rajkot (Gujarat),0.6721154741779097,0.6758922319605024,0.003776757782592677,4,5,0.17770602553546078,508,164
Ambedkar Nagar (Uttar Pradesh),Ghazipur (Uttar Pradesh),0.5531140838949603,0.5536223653330554,0.0005082814380951151,7,6,0.17769596770189916,611,637
Pithoragarh (Uttarakhand),Durg (Chhattisgarh),0.6663413048928165,0.666493452848441,0.00015214795562445982,5,2,0.17761989342806395,604,116
Varanasi (Uttar Pradesh),Gir Somnath (Gujarat),0.6303802089488186,0.632180124915268,0.0017999159664493503,4,7,0.17754561738089042,683,151
Kohima (Nagaland),Kolkata (West Bengal),0.5994527038038355,0.6000909016536673,0.0006381978498317675,1,2,0.1775368694517594,412,692
Haora (West Bengal),Morbi (Gujarat),0.5975916174702169,0.5993121739167219,0.0017205564465049283,2,7,0.17742048606320154,688,158
Kasaragod (Kerala),Pithoragarh (Uttarakhand),0.6639031527136265,0.6663413048928165,0.0024381521791899674,3,5,0.1773742646365598,284,604
Baghpat (Uttar Pradesh),Gorakhpur (Uttar Pradesh),0.5902397335878773,0.5908708384969082,0.0006311049090309551,4,7,0.17728319199689957,615,639
West Tripura (Tripura),Ranchi (Jharkhand),0.5954541872001088,0.5981788579122136,0.002724670712104804,5,4,0.17712466527214643,595,246
Kolar (Karnataka),Raipur (Chhattisgarh),0.6591595923385196,0.6611237696697893,0.0019641773312696342,2,4,0.17698016619170387,269,128
Tiruvannamalai (Tamil Nadu),Subarnapur (Odisha),0.6942683587562607,0.6944345022927537,0.00016614353649302416,3,5,0.1767865455339266,553,460
Jalaun (Uttar Pradesh),Nanded (Maharashtra),0.5889928583982545,0.5901558199784941,0.001162961580239541,6,7,0.176705895273995,643,365
Rewari (Haryana),Anantnag (Jammu Kashmir),0.651854115314847,0.6538426862441498,0.001988570929302713,2,5,0.17647835134585188,189,206
Amreli (Gujarat),Faridabad (Haryana),0.6277640591299071,0.6280220129038697,0.0002579537739626492,7,2,0.17630319002518569,140,175
Auraiya (Uttar Pradesh),Kanpur Nagar (Uttar Pradesh),0.6072041356512282,0.6079488918282793,0.0007447561770510536,4,7,0.17614675248181477,613,649
Hassan (Karnataka),Sivaganga (Tamil Nadu),0.6633537371246797,0.6652436140933278,0.0018898769686480632,2,3,0.17612950533957794,266,543
Pratapgarh (Uttar Pradesh),Jehanabad (Bihar),0.5408407719956648,0.5413493679082522,0.0005085959125873396,7,6,0.17591241735119562,667,81
Mungeli (Chhattisgarh),Sirsa (Haryana),0.6157970188732744,0.6180905332499609,0.0022935143766864563,4,5,0.17586909593781153,125,191
Baramula (Jammu Kashmir),Bagalkot (Karnataka),0.5860891053989866,0.5887594565885141,0.00267035118952752,5,4,0.17577590659871706,209,250
Bongaigaon (Assam),Chirang (Assam),0.5717806394521604,0.5718955218842484,0.00011488243208801485,7,4,0.17575766153459715,39,42
Paschim Barddhaman (West Bengal),Bulandshahr (Uttar Pradesh),0.5581318329199485,0.5586653949255771,0.0005335620056285961,7,4,0.17563392074788947,697,625
Charaideo (Assam),Surajpur (Chhattisgarh),0.571223461969406,0.5718091047711443,0.0005856428017383397,7,4,0.17551682784197065,41,131
Kamrup (Assam),Muzaffarpur (Bihar),0.5018776441796813,0.5033766928836564,0.0014990487039751033,7,6,0.1754887540704299,53,90
Mainpuri (Uttar Pradesh),Muzaffarnagar (Uttar Pradesh),0.568895289905888,0.5689726169262657,7.732702037765993e-05,6,4,0.1754612700441477,659,665
Kurukshetra (Haryana),Cuddalore (Tamil Nadu),0.636060898683751,0.6362685145095406,0.00020761582578954219,2,3,0.17530268603746568,183,528
Morena (Madhya Pradesh),Jhansi (Uttar Pradesh),0.5940224825169502,0.5943051263989492,0.0002826438819989452,7,6,0.17507925688789472,324,645
Ranchi (Jharkhand),Morbi (Gujarat),0.5981788579122136,0.5993121739167219,0.001133316004508278,4,7,0.1750341000568178,246,158
South East (NCT Delhi),Thiruvallur (Tamil Nadu),0.6327976205307947,0.6333530290858472,0.0005554085550525389,2,3,0.1750212327210901,429,547
Latur (Maharashtra),Pudukkottai (Tamil Nadu),0.6445148808948394,0.6450037387232739,0.0004888578284344414,5,3,0.17494136926867254,361,540
Raisen (Madhya Pradesh),Palghar (Maharashtra),0.6573568025912898,0.6592991943540649,0.0019423917627751086,4,5,0.17485834529236832,328,369
Dehradun (Uttarakhand),Cuddalore (Tamil Nadu),0.634393282867484,0.6362685145095406,0.0018752316420566073,2,3,0.17482291974364772,600,528
Raipur (Chhattisgarh),Surat (Gujarat),0.6611237696697893,0.6619160801173338,0.0007923104475445752,4,2,0.17448203663212974,128,166
Krishnagiri (Tamil Nadu),Karnal (Haryana),0.7001959065107234,0.720114871613868,0.019918965103144615,2,5,0.1744384985528854,535,182
Vikarabad (Telangana),Tawang (Arunachal Pradesh),0.5479012033304308,0.5501315805475238,0.0022303772170929603,0,1,0.17416299932766216,583,30
Sabarkantha (Gujarat),Gulbarga (Karnataka),0.5811770623719078,0.5829106810601363,0.001733618688228522,4,7,0.17413970551979735,165,265
Anantapur (Andhra Pradesh),Ganjam (Odisha),0.6223885849222722,0.6241511160919777,0.0017625311697054835,0,5,0.17396257000489923,3,442
Sangrur (Punjab),Sri Potti Sriramulu Nellore (Andhra Pradesh),0.5878076622903983,0.5888406206128463,0.0010329583224479855,2,0,0.17383754507359794,485,11
Paschim Barddhaman (West Bengal),Davanagere (Karnataka),0.5581318329199485,0.5585972364013564,0.0004654034814078889,7,2,0.17378835799368775,697,262
Dharmapuri (Tamil Nadu),Solan (Himachal Pradesh),0.7012743841955407,0.7016433403797537,0.0003689561842130651,2,5,0.173692454504488,529,204
Imphal East (Manipur),Senapati (Manipur),0.4942096667997809,0.4943998684805016,0.00019020168072070298,7,1,0.17368728722105725,385,387
Lucknow (Uttar Pradesh),Doda (Jammu Kashmir),0.5596752806475477,0.5601382202342384,0.0004629395866907471,7,1,0.17362166683693742,655,210
Gurgaon (Haryana),Sikar (Rajasthan),0.6181459008413983,0.6186150582125713,0.0004691573711730346,7,4,0.17358924571051165,177,517
Mirzapur (Uttar Pradesh),Nandurbar (Maharashtra),0.5451979966385901,0.5462944547399126,0.0010964581013224173,6,4,0.1734699888603788,663,366
Haveri (Karnataka),Bhadradri Kothagudem (Telangana),0.6035687630095949,0.6048108615457032,0.0012420985361082382,5,0,0.1732808897425837,267,558
Mahoba (Uttar Pradesh),Jalaun (Uttar Pradesh),0.5878582680893597,0.5889928583982545,0.001134590308894845,4,6,0.1732168166691438,657,643
Lohardaga (Jharkhand),Purbi Singhbhum (Jharkhand),0.6165784713759043,0.616579225856088,7.544801837733317e-07,4,5,0.1732015022933704,240,244
Karaikal (Puducherry),Amravati (Maharashtra),0.6705526372558456,0.676065935631186,0.005513298375340425,3,5,0.17310340197209612,462,348
Agar Malwa (Madhya Pradesh),Ganjam (Odisha),0.6234978310036305,0.6241511160919777,0.0006532850883471664,4,5,0.17271285270191988,296,442
Satara (Maharashtra),Varanasi (Uttar Pradesh),0.6299115993029096,0.6303802089488186,0.00046860964590900167,2,4,0.17246646337196064,375,683
Osmanabad (Maharashtra),Chitradurga (Karnataka),0.6523655238848746,0.656190652951112,0.0038251290662374426,5,2,0.17236658916354508,368,260
Charkhi Dadri (Haryana),Ujjain (Madhya Pradesh),0.662268649942359,0.6629486614307127,0.0006800114883537267,5,4,0.172296065428301,174,343
Biswanath (Assam),Latehar (Jharkhand),0.5575263722900157,0.5596472793810376,0.002120907091021973,4,6,0.17227048488805857,38,239
Palwal (Haryana),Uttar Dinajpur (West Bengal),0.589103959861114,0.5920528413231617,0.0029488814620477477,4,5,0.1722568797727687,186,703
Gorakhpur (Uttar Pradesh),Maldah (West Bengal),0.5908708384969082,0.592911623875736,0.002040785378827792,7,5,0.17215355759772477,639,693
Bagalkot (Karnataka),Nanded (Maharashtra),0.5887594565885141,0.5901558199784941,0.0013963633899799488,4,7,0.17191907114341193,250,365
Morigaon (Assam),Paschim Medinipur (West Bengal),0.5773622017693061,0.5801951726448785,0.002832970875572438,4,7,0.1717812446559812,60,698
Ahmadnagar (Maharashtra),Sangli (Maharashtra),0.6092011203568894,0.6115229397631894,0.002321819406299941,5,2,0.17170308297847392,346,374
Krishna (Andhra Pradesh),Salem (Tamil Nadu),0.6395760867528305,0.6400386946519365,0.00046260789910601563,0,3,0.17166311427953518,7,542
Mahabubnagar (Telangana),Kachchh (Gujarat),0.6289530802046575,0.6308309931297915,0.001877912925134062,0,4,0.17165439189008536,569,154
Gondiya (Maharashtra),Balod (Chhattisgarh),0.6887376840464717,0.6930503463140847,0.0043126622676129545,5,4,0.1715644344118511,356,107
Bargarh (Odisha),Balaghat (Madhya Pradesh),0.6658288908547175,0.667670099686371,0.001841208831653507,5,4,0.1714778924979492,435,300
Betul (Madhya Pradesh),Buldana (Maharashtra),0.6669187972929591,0.6704718516297394,0.003553054336780326,4,5,0.17143882160842194,302,352
Gariyaband (Chhattisgarh),Dakshin Dinajpur (West Bengal),0.6435378299529959,0.6451161454710429,0.001578315518046991,4,5,0.1713891124061896,117,686
Chikkaballapura (Karnataka),Namakkal (Tamil Nadu),0.6497969279950385,0.6502132158350205,0.00041628783998193253,2,3,0.17132624426638088,258,538
Puri (Odisha),Champawat (Uttarakhand),0.6678777883726063,0.6701354092117294,0.0022576208391231756,5,4,0.17131523757784184,457,599
Bharatpur (Rajasthan),Bilaspur (Chhattisgarh),0.5387857868003,0.5416005733462879,0.0028147865459878796,6,7,0.17131514429339256,493,113
Tiruchirappalli (Tamil Nadu),Bangalore Rural (Karnataka),0.6777059851640614,0.6815763663272233,0.003870381163161851,3,2,0.17124807435753986,550,252
Sabarkantha (Gujarat),Murshidabad (West Bengal),0.5811770623719078,0.5824404339686596,0.0012633715967518278,4,5,0.17120850999440862,165,694
Sant Ravidas Nagar (Bhadohi) (Uttar Pradesh),Nashik (Maharashtra),0.5326946214173487,0.5339820340030678,0.0012874125857190721,6,7,0.17119535783004114,674,367
Tarn Taran (Punjab),Bhadradri Kothagudem (Telangana),0.6046349331150919,0.6048108615457032,0.00017592843061131624,2,0,0.17100682585503868,487,558
Vidisha (Madhya Pradesh),Patan (Gujarat),0.6137415459848065,0.6162509988002122,0.0025094528154057105,4,7,0.17094067775059485,345,162
Koriya (Chhattisgarh),Maldah (West Bengal),0.5927426796634343,0.592911623875736,0.00016894421230173595,4,5,0.17091683227216758,123,693
Dakshin Dinajpur (West Bengal),Uttarkashi (Uttarakhand),0.6451161454710429,0.6463798219687574,0.0012636764977145276,5,4,0.17088030266300924,686,608
Sivaganga (Tamil Nadu),Pithoragarh (Uttarakhand),0.6652436140933278,0.6663413048928165,0.0010976907994887375,3,5,0.17076282271742804,543,604
Bidar (Karnataka),Hingoli (Maharashtra),0.6136199347128892,0.6145337772263525,0.0009138425134632699,4,5,0.17066163172813742,255,357
Dharwad (Karnataka),Namakkal (Tamil Nadu),0.6487172414165195,0.6502132158350205,0.0014959744185009116,2,3,0.1705768760751205,263,538
Nainital (Uttarakhand),Ahmadnagar (Maharashtra),0.607182602777582,0.6092011203568894,0.0020185175793074883,2,5,0.17046586920574613,602,346
Jaunpur (Uttar Pradesh),Haveri (Karnataka),0.6020142215498994,0.6035687630095949,0.0015545414596955798,6,5,0.17036703404024645,644,267
Surat (Gujarat),Kasaragod (Kerala),0.6619160801173338,0.6639031527136265,0.001987072596292716,2,3,0.17035887026016538,166,284
Mysore (Karnataka),Jammu (Jammu Kashmir),0.6797090115153347,0.6820757209092189,0.00236670939388417,2,5,0.1703332254433093,272,212
East (NCT Delhi),Thiruvallur (Tamil Nadu),0.6323810702518,0.6333530290858472,0.0009719588340472152,2,3,0.1703273313062496,422,547
Bellary (Karnataka),Srikakulam (Andhra Pradesh),0.6190115409469475,0.6207080154255848,0.0016964744786372998,5,0,0.17029442261886918,254,10
Krishna (Andhra Pradesh),Khordha (Odisha),0.6395760867528305,0.6405908892956929,0.0010148025428623475,0,5,0.1700704315614231,7,450
Belgaum (Karnataka),Raigarh (Maharashtra),0.6363872598128987,0.6389432563970624,0.0025559965841637222,5,2,0.17005120199390233,253,372
Bagalkot (Karnataka),Botad (Gujarat),0.5887594565885141,0.5904277946160063,0.0016683380274921111,4,7,0.16997063177384247,250,146
Buxer (Bihar),Ambedkar Nagar (Uttar Pradesh),0.5507263030414423,0.5531140838949603,0.0023877808535179845,6,7,0.1699599306904046,76,611
Amreli (Gujarat),Mahabubnagar (Telangana),0.6277640591299071,0.6289530802046575,0.0011890210747503849,7,0,0.1699090191066953,140,569
Meerut (Uttar Pradesh),Haveri (Karnataka),0.6029655093119133,0.6035687630095949,0.0006032536976816605,2,5,0.16975620413284281,662,267
Aurangabad (Bihar),Sagar (Madhya Pradesh),0.5722484621574054,0.5747277097960336,0.002479247638628168,6,4,0.16915617404850458,71,332
Yanam (Puducherry),Yamunanagar (Haryana),0.6334743660746895,0.6336475291191307,0.00017316304444114916,3,2,0.16902107143167522,465,193
Pudukkottai (Tamil Nadu),Uttarkashi (Uttarakhand),0.6450037387232739,0.6463798219687574,0.0013760832454835503,3,4,0.1689002274933845,540,608
Muzaffarnagar (Uttar Pradesh),Kushinagar (Uttar Pradesh),0.5689726169262657,0.5706893182748405,0.0017167013485748228,4,6,0.16888372712953903,665,653
Jammu (Jammu Kashmir),Puducherry (Puducherry),0.6820757209092189,0.6904812405485269,0.008405519639308023,5,3,0.1687450528276656,212,464
Khargone (West Nimar) (Madhya Pradesh),Kaithal (Haryana),0.6500240629798173,0.6506589101834515,0.000634847203634159,4,5,0.16864574985387354,321,181
Bemetara (Chhattisgarh),Fatehabad (Haryana),0.66146788955964,0.6630335729374737,0.0015656833778336932,4,5,0.16863833722393762,111,176
Hingoli (Maharashtra),Tehri Garhwal (Uttarakhand),0.6145337772263525,0.6165700819796852,0.0020363047533327183,5,4,0.16863678399922716,357,606
Thiruvallur (Tamil Nadu),Fatehgarh Sahib (Punjab),0.6333530290858472,0.6335621696148377,0.0002091405289904591,3,2,0.16848188886788695,547,470
Patan (Gujarat),Sikar (Rajasthan),0.6162509988002122,0.6186150582125713,0.0023640594123591763,7,4,0.16834496029837132,162,517
Idukki (Kerala),Kangra (Himachal Pradesh),0.6251358583987333,0.6274784395330102,0.0023425811342768776,3,2,0.1680840719475285,282,197
Burhanpur (Madhya Pradesh),Shupiyan (Jammu Kashmir),0.6947213392128421,0.6974771003573876,0.0027557611445455654,4,5,0.16802762929827875,305,223
Tehri Garhwal (Uttarakhand),Purbi Singhbhum (Jharkhand),0.6165700819796852,0.616579225856088,9.143876402828433e-06,4,5,0.16777963243596566,606,244
Panchmahal (Gujarat),Uttar Dinajpur (West Bengal),0.5913536277689985,0.5920528413231617,0.0006992135541632472,4,5,0.16774526877064772,161,703
Nalbari (Assam),Korba (Chhattisgarh),0.545101444209938,0.5454456444396144,0.00034420022967640573,7,1,0.16759410024516974,62,122
Sangareddy (Telangana),Gadag (Karnataka),0.5747444584857997,0.577983474830983,0.00323901634518331,0,7,0.16744123822143686,580,264
Bhiwani (Haryana),Osmanabad (Maharashtra),0.6507866303457372,0.6523655238848746,0.001578893539137316,4,5,0.16731747236434885,173,368
Sikar (Rajasthan),Bellary (Karnataka),0.6186150582125713,0.6190115409469475,0.0003964827343762023,4,5,0.167279830675799,517,254
Faridabad (Haryana),Varanasi (Uttar Pradesh),0.6280220129038697,0.6303802089488186,0.0023581960449489126,2,4,0.16711535857840432,175,683
Chitradurga (Karnataka),Dindigul (Tamil Nadu),0.656190652951112,0.6563707807486019,0.00018012779748988184,2,3,0.16707036476580012,260,530
Sehore (Madhya Pradesh),Basti (Uttar Pradesh),0.5612584579715896,0.5619981972072905,0.0007397392357009203,4,6,0.16694973858211937,334,622
Prayagraj (Uttar Pradesh),Nashik (Maharashtra),0.5304601415871453,0.5339820340030678,0.0035218924159224896,6,7,0.16685385412512044,668,367
Karur (Tamil Nadu),West Godavari (Andhra Pradesh),0.618621401264791,0.6194504564679654,0.0008290552031743337,3,0,0.16669528315811333,534,14
Uttarkashi (Uttarakhand),North Twenty Four Parganas (West Bengal),0.6463798219687574,0.6495079996058462,0.003128177637088725,4,5,0.16663786700848865,608,696
Uttarkashi (Uttarakhand),Jalpaiguri (West Bengal),0.6463798219687574,0.6469286912935668,0.0005488693248093535,4,5,0.16662404659961194,608,690
South West Garo Hills (Meghalaya),Kodarma (Jharkhand),0.5481054420246365,0.550768549203547,0.0026631071789104954,7,6,0.1660481277884765,397,238
Moga (Punjab),Nizamabad (Telangana),0.5842512014457824,0.5845496519564554,0.00029845051067300954,2,0,0.16604254085767367,479,576
Karimnagar (Telangana),Gandhinagar (Gujarat),0.5475981040418536,0.5502123349037776,0.0026142308619240273,0,7,0.16592067599432825,565,150
Kargil (Ladakh),Betul (Madhya Pradesh),0.6663023673043793,0.6669187972929591,0.000616429988579803,5,4,0.16584370875405252,294,302
Khordha (Odisha),Ariyalur (Tamil Nadu),0.6405908892956929,0.6426558125601188,0.0020649232644259774,5,3,0.1657874567044696,450,525
Khandwa (East Nimar) (Madhya Pradesh),Jharsuguda (Odisha),0.6775453920011983,0.6819979172247891,0.004452525223590742,4,5,0.16575589097812438,320,445
South West (NCT Delhi),Samba (Jammu Kashmir),0.6474000645815928,0.6480853208768629,0.0006852562952700536,2,5,0.165718375062737,430,222
Latur (Maharashtra),Chhindwara (Madhya Pradesh),0.6445148808948394,0.6452823017755954,0.0007674208807559868,5,4,0.16559295382509032,361,307
Tonk (Rajasthan),Bhind (Madhya Pradesh),0.6196361675267663,0.6199374051710351,0.0003012376442688147,4,7,0.1652702165324611,519,303
Ratnagiri (Maharashtra),Nadia (West Bengal),0.595614688959889,0.5976291120545132,0.002014423094624185,2,5,0.16522361097640392,373,695
Palghar (Maharashtra),Valsad (Gujarat),0.6592991943540649,0.6613452449749101,0.0020460506208451745,5,2,0.16507351738464482,369,171
Navsari (Gujarat),Bangalore Rural (Karnataka),0.6797431504391672,0.6815763663272233,0.0018332158880560723,5,2,0.16499866750784853,160,252
Pulwama (Jammu Kashmir),Raipur (Chhattisgarh),0.6592939526135492,0.6611237696697893,0.0018298170562400795,5,4,0.16407304163927705,217,128
Varanasi (Uttar Pradesh),Mahendragarh (Haryana),0.6303802089488186,0.6310822344912789,0.0007020255424602384,4,5,0.16383701779832627,683,184
Yanam (Puducherry),Fatehgarh Sahib (Punjab),0.6334743660746895,0.6335621696148377,8.780354014814584e-05,3,2,0.16327266731019807,465,470
Palamu (Jharkhand),Baksa (Assam),0.5525409638784444,0.5546789533264843,0.0021379894480398898,6,7,0.16322572346337227,242,36
Panchkula (Haryana),Kathua (Jammu Kashmir),0.6715595403797427,0.6766942917651279,0.005134751385385106,2,5,0.16317587558681912,187,213
Sahibzada Ajit Singh Nagar (Punjab),Gurgaon (Haryana),0.6161397656930043,0.6181459008413983,0.0020061351483939838,2,7,0.16310544084567197,484,177
Virudhunagar (Tamil Nadu),Yavatmal (Maharashtra),0.6554314111620915,0.6577281938406109,0.0022967826785194045,3,5,0.1630283014396413,556,381
Panchmahal (Gujarat),Morena (Madhya Pradesh),0.5913536277689985,0.5940224825169502,0.0026688547479517544,4,7,0.1629430419279752,161,324
Lower Dibang Valley (Arunachal Pradesh),Charaideo (Assam),0.5682285493792836,0.571223461969406,0.0029949125901224116,1,7,0.16278434413585702,25,41
Biswanath (Assam),Dhalai (Tripura),0.5575263722900157,0.5594850952562176,0.00195872296620192,4,7,0.16271830599266268,38,588
Vizianagaram (Andhra Pradesh),Gir Somnath (Gujarat),0.6299959250914997,0.632180124915268,0.0021841998237682736,0,7,0.16251337016098855,13,151
Kathua (Jammu Kashmir),Mysore (Karnataka),0.6766942917651279,0.6797090115153347,0.00301471975020684,5,2,0.162356135177816,213,272
Udham Singh Nagar (Uttarakhand),Bidar (Karnataka),0.6134415624578261,0.6136199347128892,0.0001783722550631195,2,4,0.1622789327739826,607,255
Bageshwar (Uttarakhand),Khordha (Odisha),0.6399951868637811,0.6405908892956929,0.0005957024319117599,4,5,0.16178642457247994,597,450
Karimnagar (Telangana),Faridkot (Punjab),0.5475981040418536,0.5493137797244805,0.0017156756826268715,0,2,0.16170153236481966,565,469
Rewari (Haryana),Osmanabad (Maharashtra),0.651854115314847,0.6523655238848746,0.0005114085700275162,2,5,0.1615538375733525,189,368
Mysore (Karnataka),Navsari (Gujarat),0.6797090115153347,0.6797431504391672,3.413892383252737e-05,2,5,0.16118025055658325,272,160
Bid (Maharashtra),Gaya (Bihar),0.5435947093180402,0.5471831695106131,0.003588460192572862,7,6,0.161163162278659,351,78
Baramula (Jammu Kashmir),Mahoba (Uttar Pradesh),0.5860891053989866,0.5878582680893597,0.0017691626903730828,5,4,0.16096046286726895,209,657
Udaipur (Rajasthan),Harda (Madhya Pradesh),0.6776798180299862,0.6800441726218796,0.002364354591893325,4,5,0.1608338778997749,520,315
Hoshangabad (Madhya Pradesh),Palamu (Jharkhand),0.5495965123174836,0.5525409638784444,0.0029444515609607924,7,6,0.16073792904365758,316,242
Gir Somnath (Gujarat),Uttara Kannada (Karnataka),0.632180124915268,0.6332133153387611,0.0010331904234931466,7,2,0.16065660930158765,151,278
Ramanathapuram (Tamil Nadu),Panchkula (Haryana),0.6699689901058209,0.6715595403797427,0.0015905502739218536,3,2,0.16057483343185552,541,187
Ajmer (Rajasthan),Badgam (Jammu Kashmir),0.6690956335432382,0.6705047263195352,0.0014090927762969718,4,5,0.16053777135605746,488,207
Dadra & Nagar Haveli (Dadra Nagar Haveli Daman Diu),Ajmer (Rajasthan),0.6684957340399668,0.6690956335432382,0.0005998995032714394,5,4,0.16050321215568608,134,488
Mandya (Karnataka),Tiruchirappalli (Tamil Nadu),0.6775128018249553,0.6777059851640614,0.00019318333910611774,2,3,0.16048815480596612,271,550
Madurai (Tamil Nadu),Surat (Gujarat),0.65904785506923,0.6619160801173338,0.0028682250481038007,3,2,0.16048730538557254,536,166
Una (Himachal Pradesh),Hugli (West Bengal),0.5961232444868116,0.5984410606319169,0.002317816145105289,2,5,0.16046271142018192,205,689
Chikmagalur (Karnataka),Osmanabad (Maharashtra),0.6499623524725815,0.6523655238848746,0.0024031714122930703,2,5,0.16039969632284035,259,368
Uttara Kannada (Karnataka),Dewas (Madhya Pradesh),0.6332133153387611,0.6340693577033343,0.0008560423645731507,2,4,0.16038042863234953,278,310
Kasaragod (Kerala),Wayanad (Kerala),0.6639031527136265,0.664723622448249,0.0008204697346224643,3,2,0.160353118924631,284,293
Solapur (Maharashtra),Ranchi (Jharkhand),0.5974720665676315,0.5981788579122136,0.0007067913445820695,2,4,0.16014787375079576,377,246
Dewas (Madhya Pradesh),Cuddalore (Tamil Nadu),0.6340693577033343,0.6362685145095406,0.002199156806206304,4,3,0.1600858470633711,310,528
Salem (Tamil Nadu),Khordha (Odisha),0.6400386946519365,0.6405908892956929,0.0005521946437563319,3,5,0.15965437769364832,542,450
Katni (Madhya Pradesh),Hingoli (Maharashtra),0.6137384114896133,0.6145337772263525,0.0007953657367392175,4,5,0.15963928123534676,319,357
Dhamtari (Chhattisgarh),Jhajjar (Haryana),0.6809055687695142,0.6874648675448902,0.006559298775375977,4,5,0.15939452014843414,115,179
Samba (Jammu Kashmir),Dharwad (Karnataka),0.6480853208768629,0.6487172414165195,0.0006319205396566607,5,2,0.15922135180210795,222,263
Haveri (Karnataka),Tarn Taran (Punjab),0.6035687630095949,0.6046349331150919,0.001066170105496922,5,2,0.15912658719951678,267,487
Baleshwar (Odisha),Auraiya (Uttar Pradesh),0.6053449012511959,0.6072041356512282,0.001859234400032328,5,4,0.15899415476512568,434,613
Baksa (Assam),Biswanath (Assam),0.5546789533264843,0.5575263722900157,0.0028474189635313563,7,4,0.15895414385182555,36,38
Thiruvarur (Tamil Nadu),Puri (Odisha),0.6652598045335716,0.6678777883726063,0.0026179838390346655,3,5,0.15887264955840863,548,457
Raichur (Karnataka),Koppal (Karnataka),0.5764841057381199,0.576640610517683,0.0001565047795630825,6,4,0.15848891543359814,273,270
Sri Potti Sriramulu Nellore (Andhra Pradesh),Botad (Gujarat),0.5888406206128463,0.5904277946160063,0.0015871740031599968,0,7,0.1584699561815357,11,146
Nandurbar (Maharashtra),Sheikhpura (Bihar),0.5462944547399126,0.5480413996766647,0.0017469449367520928,4,6,0.15834990582072195,366,101
Bokaro (Jharkhand),Ambedkar Nagar (Uttar Pradesh),0.5508386668623246,0.5531140838949603,0.0022754170326356737,6,7,0.15806326970048923,226,611
Gwalior (Madhya Pradesh),Y.S.R. (Andhra Pradesh),0.6248120134884311,0.6285320769238938,0.003720063435462717,4,0,0.15797178062507417,314,15
Khammam (Telangana),Patiala (Punjab),0.5953169286270836,0.5977967283070281,0.0024797996799444944,0,2,0.15753994225701912,566,482
Morena (Madhya Pradesh),Purba Barddhaman (West Bengal),0.5940224825169502,0.5940871147200499,6.463220309971263e-05,7,5,0.15732507455629574,324,699
Erode (Tamil Nadu),Shimla (Himachal Pradesh),0.7154017619524314,0.7260626531242378,0.010660891171806353,3,5,0.15729344748532803,531,202
Meerut (Uttar Pradesh),Rohtas (Bihar),0.6029655093119133,0.6041891557543503,0.0012236464424369986,2,6,0.15721691452831388,662,97
Dindigul (Tamil Nadu),Dakshina Kannada (Karnataka),0.6563707807486019,0.6577802952461034,0.001409514497501485,3,2,0.15709649784093005,530,261
Muzaffarnagar (Uttar Pradesh),Agra (Uttar Pradesh),0.5689726169262657,0.5693897551156601,0.00041713818939448366,4,6,0.15689887386637585,665,609
Sant Ravidas Nagar (Bhadohi) (Uttar Pradesh),Munger (Bihar),0.5326946214173487,0.5370959275601832,0.004401306142834516,6,7,0.15676133102589063,674,89
Janjgir - Champa (Chhattisgarh),Bhadrak (Odisha),0.6241594031066753,0.6285018118600061,0.0043424087533308064,4,5,0.15660641042515466,118,437
North Twenty Four Parganas (West Bengal),Tumkur (Karnataka),0.6495079996058462,0.6511404979410191,0.0016324983351729827,5,2,0.15650293470369925,696,276
Perambalur (Tamil Nadu),Chandrapur (Maharashtra),0.6944526665930258,0.6988029527251705,0.00435028613214461,3,5,0.1561391712541772,539,353
Raigarh (Maharashtra),Krishna (Andhra Pradesh),0.6389432563970624,0.6395760867528305,0.0006328303557681103,2,0,0.15574098508127365,372,7
Daman (Dadra Nagar Haveli Daman Diu),Warangal Urban (Telangana),0.5812241237161601,0.5829968706114199,0.001772746895259858,7,0,0.15564924634865274,135,586
Thanjavur (Tamil Nadu),Nainital (Uttarakhand),0.6071338954044341,0.607182602777582,4.870737314788265e-05,3,2,0.15557693638167353,544,602
Sambalpur (Odisha),Balaghat (Madhya Pradesh),0.6656495882211882,0.667670099686371,0.002020511465182784,5,4,0.1552481278277683,459,300
Warangal Urban (Telangana),West (NCT Delhi),0.5829968706114199,0.5837111299401948,0.0007142593287748911,0,2,0.1551506580421672,586,431
Jhunjhunun (Rajasthan),Kathua (Jammu Kashmir),0.6721154741779097,0.6766942917651279,0.00457881758721812,4,5,0.15504562115123705,508,213
Parbhani (Maharashtra),Begusarai (Bihar),0.4984159730877444,0.4997559267440938,0.001339953656349424,7,6,0.15497847173344376,370,73
Nawada (Bihar),Munger (Bihar),0.5350840539913876,0.5370959275601832,0.002011873568795619,6,7,0.15476857602350125,92,89
Balaghat (Madhya Pradesh),Puri (Odisha),0.667670099686371,0.6678777883726063,0.00020768868623521897,4,5,0.154722147356408,300,457
Mansa (Punjab),Mahoba (Uttar Pradesh),0.5837607819510855,0.5878582680893597,0.004097486138274209,2,4,0.15443052455314565,478,657
Bijapur (Karnataka),Koppal (Karnataka),0.574116659112425,0.576640610517683,0.0025239514052579626,7,4,0.15436876340788652,256,270
Hardwar (Uttarakhand),Gandhinagar (Gujarat),0.5495372676159836,0.5502123349037776,0.0006750672877939845,2,7,0.1541475835558252,601,150
Bagalkot (Karnataka),Gorakhpur (Uttar Pradesh),0.5887594565885141,0.5908708384969082,0.0021113819083941054,4,7,0.15371208014781745,250,639
Dibrugarh (Assam),Surguja (Chhattisgarh),0.5882560169811148,0.5889599782204821,0.0007039612393672234,7,4,0.15335102946599266,46,132
Udham Singh Nagar (Uttarakhand),Visakhapatnam (Andhra Pradesh),0.6134415624578261,0.6144943794279588,0.0010528169701327084,2,0,0.15300971309745975,607,12
Coimbatore (Tamil Nadu),Nagpur (Maharashtra),0.6833960409683376,0.6912908903648683,0.007894849396530734,3,2,0.15239869601876033,527,364
Rohtas (Bihar),Shamli (Uttar Pradesh),0.6041891557543503,0.6064288339470234,0.0022396781926731224,6,4,0.15230368030946523,97,676
Pratapgarh (Uttar Pradesh),Alwar (Rajasthan),0.5408407719956648,0.5440057676076354,0.003164995611970589,7,6,0.15217382299565796,667,489
Gorakhpur (Uttar Pradesh),Firozpur (Punjab),0.5908708384969082,0.5910315228096771,0.00016068431276883288,7,2,0.15176301738029174,639,472
Indore (Madhya Pradesh),Krishnagiri (Tamil Nadu),0.6989253175521543,0.7001959065107234,0.00127058895856913,5,2,0.15143855830918318,317,535
Pudukkottai (Tamil Nadu),Jalpaiguri (West Bengal),0.6450037387232739,0.6469286912935668,0.0019249525702929038,3,5,0.15091962270711579,540,690
Sheikhpura (Bihar),Sheopur (Madhya Pradesh),0.5480413996766647,0.5484446667520376,0.0004032670753729706,6,4,0.15081430896554904,101,338
Khunti (Jharkhand),Mayurbhanj (Odisha),0.5511237895829644,0.5530306583911615,0.0019068688081971263,6,4,0.1506565655944772,237,453
Perambalur (Tamil Nadu),Dharmapuri (Tamil Nadu),0.6944526665930258,0.7012743841955407,0.006821717602514821,3,2,0.15060152241451824,539,529
Dharmapuri (Tamil Nadu),Diu (Dadra Nagar Haveli Daman Diu),0.7012743841955407,0.7204340634940339,0.01915967929849327,2,5,0.15054623426902725,529,136
Bhopal (Madhya Pradesh),Virudhunagar (Tamil Nadu),0.6521475048191842,0.6554314111620915,0.0032839063429073168,2,3,0.14999570118870875,304,556
North Twenty Four Parganas (West Bengal),Rewari (Haryana),0.6495079996058462,0.651854115314847,0.0023461157090008955,5,2,0.14995368120689678,696,189
Deoria (Uttar Pradesh),Sant Kabir Nagar (Uttar Pradesh),0.5833881642400085,0.5856732961486991,0.0022851319086906186,6,4,0.1499460238024103,628,673
Palghar (Maharashtra),Surat (Gujarat),0.6592991943540649,0.6619160801173338,0.0026168857632689058,5,2,0.14954713731826053,369,166
Bokaro (Jharkhand),Purba Medinipur (West Bengal),0.5508386668623246,0.5512445708507836,0.0004059039884589666,6,7,0.14951011449748197,226,700
Paschim Medinipur (West Bengal),Murshidabad (West Bengal),0.5801951726448785,0.5824404339686596,0.0022452613237811114,7,5,0.14936887803829046,698,694
Gurgaon (Haryana),Ambala (Haryana),0.6181459008413983,0.6194921540666987,0.0013462532253003534,7,2,0.14915982835231423,177,172
Dharwad (Karnataka),North Twenty Four Parganas (West Bengal),0.6487172414165195,0.6495079996058462,0.0007907581893266125,2,5,0.149082972236127,263,696
Surendranagar (Gujarat),Fazilka (Punjab),0.5634328485029255,0.564729868314826,0.0012970198119004461,7,2,0.1488925445431316,167,471
Bargarh (Odisha),Betul (Madhya Pradesh),0.6658288908547175,0.6669187972929591,0.0010899064382415835,5,4,0.14862089763893427,435,302
Panipat (Haryana),Visakhapatnam (Andhra Pradesh),0.6136054314641359,0.6144943794279588,0.0008889479638228837,2,0,0.14860297054431626,188,12
Tiruchirappalli (Tamil Nadu),Mysore (Karnataka),0.6777059851640614,0.6797090115153347,0.0020030263512732516,3,2,0.14857525125057103,550,272
Balod (Chhattisgarh),Chamba (Himachal Pradesh),0.6930503463140847,0.6941952885423471,0.0011449422282624466,4,5,0.14808612419433653,107,195
Darjeeling (West Bengal),Mahabubnagar (Telangana),0.6277852307611654,0.6289530802046575,0.0011678494434920195,2,0,0.14791147881786842,687,569
Thiruvallur (Tamil Nadu),Yamunanagar (Haryana),0.6333530290858472,0.6336475291191307,0.0002945000332834624,3,2,0.14788908665860612,547,193
Badgam (Jammu Kashmir),Ratlam (Madhya Pradesh),0.6705047263195352,0.6713953597362011,0.0008906334166659535,5,4,0.14775214189458896,207,330
Kushinagar (Uttar Pradesh),Bongaigaon (Assam),0.5706893182748405,0.5717806394521604,0.001091321177319915,6,7,0.14767199150112986,653,39
Alwar (Rajasthan),Korba (Chhattisgarh),0.5440057676076354,0.5454456444396144,0.0014398768319789923,6,1,0.1475625457995149,489,122
Nagaur (Rajasthan),Kulgam (Jammu Kashmir),0.6766719875593424,0.6803562664144548,0.003684278855112355,4,5,0.14740733982877796,512,215
Jind (Haryana),Rewari (Haryana),0.650275788085538,0.651854115314847,0.0015783272293090622,5,2,0.14724241046138847,180,189
Pali (Rajasthan),Kota (Rajasthan),0.6861024453979033,0.6893776919132789,0.003275246515375585,4,5,0.14712624994530699,513,511
Chitradurga (Karnataka),Madurai (Tamil Nadu),0.656190652951112,0.65904785506923,0.0028572021181180185,2,3,0.14693600548966923,260,536
Ganganagar (Rajasthan),Balod (Chhattisgarh),0.6905297833774895,0.6930503463140847,0.0025205629365951943,5,4,0.1469049753010262,502,107
Dakshin Dinajpur (West Bengal),Chhindwara (Madhya Pradesh),0.6451161454710429,0.6452823017755954,0.00016615630455252273,5,4,0.1467263337540573,686,307
Chikmagalur (Karnataka),Kaithal (Haryana),0.6499623524725815,0.6506589101834515,0.0006965577108699605,2,5,0.14662427678372225,259,181
Madurai (Tamil Nadu),Kolar (Karnataka),0.65904785506923,0.6591595923385196,0.00011173726928959127,3,2,0.1465596735941167,536,269
Doda (Jammu Kashmir),Sehore (Madhya Pradesh),0.5601382202342384,0.5612584579715896,0.0011202377373511485,1,4,0.14628518929991785,210,334
Dhubri (Assam),Bilaspur (Chhattisgarh),0.5412058523242063,0.5416005733462879,0.0003947210220816011,6,7,0.146263012438416,45,113
East Garo Hills (Meghalaya),Pratapgarh (Uttar Pradesh),0.5378665330400021,0.5408407719956648,0.0029742389556627336,1,7,0.1461769367454464,391,667
Belgaum (Karnataka),Salem (Tamil Nadu),0.6363872598128987,0.6400386946519365,0.003651434839037848,5,3,0.14607150823134518,253,542
Perambalur (Tamil Nadu),Lahul and Spiti (Himachal Pradesh),0.6944526665930258,0.6999303134548227,0.005477646861796859,3,5,0.14579507333924702,539,200
Perambalur (Tamil Nadu),Krishnagiri (Tamil Nadu),0.6944526665930258,0.7001959065107234,0.00574323991769754,3,2,0.14563824018121596,539,535
Khandwa (East Nimar) (Madhya Pradesh),Harda (Madhya Pradesh),0.6775453920011983,0.6800441726218796,0.002498780620681207,4,5,0.14561309363008812,320,315
Hisar (Haryana),Rohtak (Haryana),0.642955556093696,0.6432999282704613,0.0003443721767653063,5,2,0.1455370693300994,178,190
Bilaspur (Chhattisgarh),Alwar (Rajasthan),0.5416005733462879,0.5440057676076354,0.002405194261347554,7,6,0.14530274847174185,113,489
Raigarh (Chhattisgarh),Bhadrak (Odisha),0.6261577290737865,0.6285018118600061,0.002344082786219559,4,5,0.1451958588260963,127,437
Vidisha (Madhya Pradesh),Hingoli (Maharashtra),0.6137415459848065,0.6145337772263525,0.0007922312415460375,4,5,0.1451396128987153,345,357
Aurangabad (Bihar),Ramgarh (Jharkhand),0.5722484621574054,0.5745180989667685,0.002269636809363096,6,4,0.14491593892162935,71,245
Raisen (Madhya Pradesh),Yavatmal (Maharashtra),0.6573568025912898,0.6577281938406109,0.0003713912493210625,4,5,0.14489111498224805,328,381
Ranga Reddy (Telangana),Moga (Punjab),0.5827242602756657,0.5842512014457824,0.0015269411701166469,0,2,0.14448221136291073,579,479
Ballia (Uttar Pradesh),Bid (Maharashtra),0.5396262939504938,0.5435947093180402,0.003968415367546441,6,7,0.1444337074475875,617,351
Bid (Maharashtra),Alwar (Rajasthan),0.5435947093180402,0.5440057676076354,0.00041105828959520085,7,6,0.14433420341794134,351,489
Bhopal (Madhya Pradesh),Osmanabad (Maharashtra),0.6521475048191842,0.6523655238848746,0.0002180190656904113,2,5,0.1443285959346723,304,368
Panchmahal (Gujarat),Maldah (West Bengal),0.5913536277689985,0.592911623875736,0.0015579961067375692,4,5,0.14412446698540787,161,693
Deoria (Uttar Pradesh),Baramula (Jammu Kashmir),0.5833881642400085,0.5860891053989866,0.0027009411589781207,6,5,0.14395432278650527,628,209
Mau (Uttar Pradesh),Fazilka (Punjab),0.5644118617753939,0.564729868314826,0.0003180065394320364,7,2,0.14317247652859488,661,471
Durg (Chhattisgarh),Ramanathapuram (Tamil Nadu),0.666493452848441,0.6699689901058209,0.0034755372573799237,2,3,0.1428616116281778,116,541
Khandwa (East Nimar) (Madhya Pradesh),Kulgam (Jammu Kashmir),0.6775453920011983,0.6803562664144548,0.002810874413256448,4,5,0.14279827103221177,320,215
Chhatarpur (Madhya Pradesh),Ramgarh (Jharkhand),0.5731641908146796,0.5745180989667685,0.0013539081520889118,6,4,0.1427476774157297,306,245
Tiruvannamalai (Tamil Nadu),Chandrapur (Maharashtra),0.6942683587562607,0.6988029527251705,0.004534593968909761,3,5,0.14254497819856776,553,353
Jagatsinghapur (Odisha),Kangra (Himachal Pradesh),0.6233386321425246,0.6274784395330102,0.004139807390485584,5,2,0.14248652780051108,443,197
Nagaur (Rajasthan),Harda (Madhya Pradesh),0.6766719875593424,0.6800441726218796,0.003372185062537114,4,5,0.14246880311681664,512,315
Mandya (Karnataka),Navsari (Gujarat),0.6775128018249553,0.6797431504391672,0.0022303486142118967,2,5,0.14221203675515892,271,160
Dewas (Madhya Pradesh),Belgaum (Karnataka),0.6340693577033343,0.6363872598128987,0.002317902109564396,4,5,0.14205431421289022,310,253
Thoothukkudi (Tamil Nadu),Panchkula (Haryana),0.66976112964725,0.6715595403797427,0.0017984107324927612,3,2,0.14159632356596186,549,187
Pali (Rajasthan),Porbandar (Gujarat),0.6861024453979033,0.6872467627338946,0.0011443173359912961,4,5,0.141311759607878,513,163
Goalpara (Assam),Baleshwar (Odisha),0.6050451423377915,0.6053449012511959,0.000299758913404391,4,5,0.14113530100595395,48,434
Mahendragarh (Haryana),Gir Somnath (Gujarat),0.6310822344912789,0.632180124915268,0.0010978904239891119,5,7,0.1410916698648058,184,151
Ganganagar (Rajasthan),Barmer (Rajasthan),0.6905297833774895,0.6927151750740909,0.0021853916966013687,5,4,0.14081672388114402,502,492
Bijapur (Karnataka),Sagar (Madhya Pradesh),0.574116659112425,0.5747277097960336,0.0006110506836085605,7,4,0.14047219545155554,256,332
Surendranagar (Gujarat),Adilabad (Telangana),0.5634328485029255,0.5651792934410328,0.0017464449381072722,7,0,0.13980800364111956,167,557
Chamarajanagar (Karnataka),Vellore (Tamil Nadu),0.6631766507698592,0.6635099147076206,0.0003332639377613411,2,3,0.1395825442614334,257,554
Tiruchirappalli (Tamil Nadu),Navsari (Gujarat),0.6777059851640614,0.6797431504391672,0.002037165275105779,3,5,0.13880031125323744,550,160
Kachchh (Gujarat),Gir Somnath (Gujarat),0.6308309931297915,0.632180124915268,0.001349131785476465,4,7,0.1387885063920743,154,151
Nandurbar (Maharashtra),Hoshangabad (Madhya Pradesh),0.5462944547399126,0.5495965123174836,0.0033020575775710714,4,7,0.1386538512510589,366,316
Bulandshahr (Uttar Pradesh),Basti (Uttar Pradesh),0.5586653949255771,0.5619981972072905,0.0033328022817133984,4,6,0.13845316601574997,625,622
Tarn Taran (Punjab),Guntur (Andhra Pradesh),0.6046349331150919,0.6065078687009482,0.001872935585856328,2,0,0.13771997170913763,487,6
Chandrapur (Maharashtra),Krishnagiri (Tamil Nadu),0.6988029527251705,0.7001959065107234,0.0013929537855529306,5,2,0.13750408188840946,353,535
Krishnagiri (Tamil Nadu),Solan (Himachal Pradesh),0.7001959065107234,0.7016433403797537,0.0014474338690303457,2,5,0.13730485182761498,535,204
Birbhum (West Bengal),Goalpara (Assam),0.6032778223476298,0.6050451423377915,0.0017673199901616643,5,4,0.13692392138811182,685,48
Shimoga (Karnataka),Sonipat (Haryana),0.6410490550646011,0.643564758826162,0.002515703761560961,2,5,0.13637387994413003,275,192
Mancherial (Telangana),Davanagere (Karnataka),0.5576243074206787,0.5585972364013564,0.0009729289806776897,0,2,0.13635881492220148,570,262
Palamu (Jharkhand),Bankura (West Bengal),0.5525409638784444,0.555658414045892,0.0031174501674475774,6,7,0.13628906020881226,242,684
Bangalore Rural (Karnataka),Porbandar (Gujarat),0.6815763663272233,0.6872467627338946,0.00567039640667133,2,5,0.13573272392352226,252,163
Salem (Tamil Nadu),Shimoga (Karnataka),0.6400386946519365,0.6410490550646011,0.0010103604126645571,3,2,0.13547069800288092,542,275
Satna (Madhya Pradesh),Jaunpur (Uttar Pradesh),0.6000429984728318,0.6020142215498994,0.001971223077067541,4,6,0.13501776371770247,333,644
Kupwara (Jammu Kashmir),Raisen (Madhya Pradesh),0.6559997641877434,0.6573568025912898,0.0013570384035463956,5,4,0.13496774796671962,216,328
Bhiwani (Haryana),Rewari (Haryana),0.6507866303457372,0.651854115314847,0.0010674849691097998,4,2,0.13483309215058698,173,189
Bid (Maharashtra),Nandurbar (Maharashtra),0.5435947093180402,0.5462944547399126,0.002699745421872346,7,4,0.13477416162049205,351,366
Ramanathapuram (Tamil Nadu),Buldana (Maharashtra),0.6699689901058209,0.6704718516297394,0.0005028615239185408,3,5,0.13410502897045995,541,352
Jalaun (Uttar Pradesh),Palwal (Haryana),0.5889928583982545,0.589103959861114,0.0001111014628594198,6,4,0.13402057302477766,643,186
Korba (Chhattisgarh),Nandurbar (Maharashtra),0.5454456444396144,0.5462944547399126,0.0008488103002981529,1,4,0.1339955431509257,122,366
Pratapgarh (Uttar Pradesh),Dhubri (Assam),0.5408407719956648,0.5412058523242063,0.0003650803285414339,7,6,0.13366954545654475,667,45
Uttar Dinajpur (West Bengal),Koriya (Chhattisgarh),0.5920528413231617,0.5927426796634343,0.0006898383402725861,5,4,0.1332036222924441,703,123
Patan (Gujarat),Sirsa (Haryana),0.6162509988002122,0.6180905332499609,0.0018395344497487143,7,5,0.1331268760935905,162,191
Dakshina Kannada (Karnataka),North Goa (Goa),0.6577802952461034,0.6617161312607145,0.003935836014611116,2,3,0.13310215940384795,261,137
Tarn Taran (Punjab),Shamli (Uttar Pradesh),0.6046349331150919,0.6064288339470234,0.0017939008319315386,2,4,0.13268504159878003,487,676
Bharatpur (Rajasthan),Bid (Maharashtra),0.5387857868003,0.5435947093180402,0.004808922517740233,6,7,0.13263888658013617,493,351
Jalaun (Uttar Pradesh),Gorakhpur (Uttar Pradesh),0.5889928583982545,0.5908708384969082,0.0018779800986536976,6,7,0.13195401977101784,643,639
Dhubri (Assam),Bid (Maharashtra),0.5412058523242063,0.5435947093180402,0.0023888569938339543,6,7,0.13188964458126895,45,351
Champawat (Uttarakhand),Rudraprayag (Uttarakhand),0.6701354092117294,0.6709719991056451,0.0008365898939156624,4,5,0.13158333500918418,599,605
Malappuram (Kerala),Sangli (Maharashtra),0.6104726497390263,0.6115229397631894,0.0010502900241631252,3,2,0.13153889988949563,288,374
Alwar (Rajasthan),Nandurbar (Maharashtra),0.5440057676076354,0.5462944547399126,0.002288687132277145,6,4,0.1315157756030354,489,366
Khordha (Odisha),Shimoga (Karnataka),0.6405908892956929,0.6410490550646011,0.00045816576890822525,5,2,0.1308778162101525,450,275
Gadag (Karnataka),Sabarkantha (Gujarat),0.577983474830983,0.5811770623719078,0.0031935875409248027,7,4,0.13046074109775407,264,165
Maldah (West Bengal),Morena (Madhya Pradesh),0.592911623875736,0.5940224825169502,0.0011108586412141852,5,7,0.13018100081773432,693,324
Doda (Jammu Kashmir),Basti (Uttar Pradesh),0.5601382202342384,0.5619981972072905,0.0018599769730520688,1,6,0.12973882725309704,210,622
Kushinagar (Uttar Pradesh),Sultanpur (Uttar Pradesh),0.5706893182748405,0.5729014577031063,0.0022121394282658136,6,7,0.1294936305647993,653,681
Tiruvannamalai (Tamil Nadu),Krishnagiri (Tamil Nadu),0.6942683587562607,0.7001959065107234,0.005927547754462692,3,2,0.1293646278866969,553,535
Morigaon (Assam),Golaghat (Assam),0.5773622017693061,0.5800115265110577,0.002649324741751613,4,7,0.12923909360171154,60,49
Thiruvarur (Tamil Nadu),Pithoragarh (Uttarakhand),0.6652598045335716,0.6663413048928165,0.0010815003592449246,3,5,0.12896555914849295,548,604
Warangal Urban (Telangana),Moga (Punjab),0.5829968706114199,0.5842512014457824,0.0012543308343624382,0,2,0.12820550831294597,586,479
Cuddalore (Tamil Nadu),Belgaum (Karnataka),0.6362685145095406,0.6363872598128987,0.00011874530335809208,3,5,0.1280564397872037,528,253
Sultanpur (Uttar Pradesh),Sagar (Madhya Pradesh),0.5729014577031063,0.5747277097960336,0.0018262520929273052,7,4,0.12783757923965966,681,332
Virudhunagar (Tamil Nadu),Chitradurga (Karnataka),0.6554314111620915,0.656190652951112,0.0007592417890205372,3,2,0.1275626375378941,556,260
Koriya (Chhattisgarh),Purba Barddhaman (West Bengal),0.5927426796634343,0.5940871147200499,0.0013444350566156338,4,5,0.12751430851023793,123,699
Chhindwara (Madhya Pradesh),Jalpaiguri (West Bengal),0.6452823017755954,0.6469286912935668,0.0016463895179713584,4,5,0.12720455128992203,307,690
Mau (Uttar Pradesh),Aligarh (Uttar Pradesh),0.5644118617753939,0.5650034088490047,0.0005915470736107542,7,6,0.1269992531776682,661,610
Jehanabad (Bihar),Bid (Maharashtra),0.5413493679082522,0.5435947093180402,0.0022453414097880486,6,7,0.1254040498758502,81,351
Kodagu (Karnataka),Thiruvallur (Tamil Nadu),0.6315701594035719,0.6333530290858472,0.0017828696822753676,2,3,0.1251565632264533,268,547
Namakkal (Tamil Nadu),Tumkur (Karnataka),0.6502132158350205,0.6511404979410191,0.0009272821059986835,3,2,0.12507736776983702,538,276
Korba (Chhattisgarh),Jorhat (Assam),0.5454456444396144,0.5472981929659047,0.001852548526290243,1,7,0.12461143600203028,122,52
Warangal Urban (Telangana),Kapurthala (Punjab),0.5829968706114199,0.5837130637206458,0.0007161931092258822,0,2,0.12418774036896807,586,476
Thanjavur (Tamil Nadu),Hamirpur (Himachal Pradesh),0.6071338954044341,0.6099047333749509,0.002770837970516804,3,2,0.1240294444489819,544,196
Krishna (Andhra Pradesh),Shimoga (Karnataka),0.6395760867528305,0.6410490550646011,0.0014729683117705727,0,2,0.12221220273111832,7,275
Uttar Dinajpur (West Bengal),Morena (Madhya Pradesh),0.5920528413231617,0.5940224825169502,0.001969641193788507,5,7,0.1215940774544571,703,324
Palwal (Haryana),Nanded (Maharashtra),0.589103959861114,0.5901558199784941,0.0010518601173801212,4,7,0.121414629796471,186,365
Mau (Uttar Pradesh),Chandauli (Uttar Pradesh),0.5644118617753939,0.5661051006235265,0.00169323884813255,7,6,0.12137267720723899,661,626
Hassan (Karnataka),Vellore (Tamil Nadu),0.6633537371246797,0.6635099147076206,0.00015617758294084183,2,3,0.12126115212102151,266,554
Bidar (Karnataka),Visakhapatnam (Andhra Pradesh),0.6136199347128892,0.6144943794279588,0.0008744447150695889,4,0,0.12019044537155166,255,12
Ratnagiri (Maharashtra),Hugli (West Bengal),0.595614688959889,0.5984410606319169,0.0028263716720279275,2,5,0.11995283840827475,373,689
North East (NCT Delhi),Gurgaon (Haryana),0.6172840239674537,0.6181459008413983,0.000861876873944567,2,7,0.11869415304784758,425,177
Faridkot (Punjab),Gandhinagar (Gujarat),0.5493137797244805,0.5502123349037776,0.0008985551792971558,2,7,0.11842525195657716,469,150
Begusarai (Bihar),Kamrup (Assam),0.4997559267440938,0.5018776441796813,0.002121717435587478,6,7,0.11828587647936689,73,53
Surat (Gujarat),Vellore (Tamil Nadu),0.6619160801173338,0.6635099147076206,0.0015938345902867246,2,3,0.11823225480869742,166,554
Lohardaga (Jharkhand),Anugul (Odisha),0.6165784713759043,0.6186095414613355,0.0020310700854312413,4,5,0.118036393582654,240,432
Thiruvallur (Tamil Nadu),Dehradun (Uttarakhand),0.6333530290858472,0.634393282867484,0.0010402537816367463,3,2,0.11793973720898732,547,600
Cuddalore (Tamil Nadu),Raigarh (Maharashtra),0.6362685145095406,0.6389432563970624,0.0026747418875218143,3,2,0.11732999383307452,528,372
Puducherry (Puducherry),Nagpur (Maharashtra),0.6904812405485269,0.6912908903648683,0.0008096498163414623,3,2,0.11722549789846837,464,364
Ramanagara (Karnataka),North Goa (Goa),0.6609584974779992,0.6617161312607145,0.0007576337827153168,2,3,0.11685376881358922,274,137
Udupi (Karnataka),Cuddalore (Tamil Nadu),0.6354611671951724,0.6362685145095406,0.0008073473143681564,2,3,0.11637947885443523,277,528
Pali (Rajasthan),Ganganagar (Rajasthan),0.6861024453979033,0.6905297833774895,0.004427337979586166,4,5,0.11629859011149979,513,502
Davanagere (Karnataka),Lucknow (Uttar Pradesh),0.5585972364013564,0.5596752806475477,0.0010780442461912898,2,7,0.11583025739735875,262,655
Visakhapatnam (Andhra Pradesh),Patan (Gujarat),0.6144943794279588,0.6162509988002122,0.001756619372253354,0,7,0.11559484375205728,12,162
Komaram Bheem Asifabad (Telangana),Jayashankar Bhupalapally (Telangana),0.5945788386573799,0.5964416140723767,0.0018627754149967979,4,0,0.11351456388743231,567,562
Ghaziabad (Uttar Pradesh),Warangal Urban (Telangana),0.5822205192258598,0.5829968706114199,0.0007763513855600923,2,0,0.11327298602282299,636,586
North Twenty Four Parganas (West Bengal),Chikmagalur (Karnataka),0.6495079996058462,0.6499623524725815,0.00045435286673534137,5,2,0.11293130924082051,696,259
Kaithal (Haryana),Bhiwani (Haryana),0.6506589101834515,0.6507866303457372,0.00012772016228579375,5,4,0.11276526128821174,181,173
Madurai (Tamil Nadu),Valsad (Gujarat),0.65904785506923,0.6613452449749101,0.0022973899056800695,3,2,0.11251618935929875,536,171
Ahmedabad (Gujarat),Panipat (Haryana),0.6115122730563761,0.6136054314641359,0.0020931584077598098,7,2,0.11129706582223609,139,188
Chhatarpur (Madhya Pradesh),Sagar (Madhya Pradesh),0.5731641908146796,0.5747277097960336,0.001563518981353984,6,4,0.1088594869460009,306,332
Koppal (Karnataka),Gadag (Karnataka),0.576640610517683,0.577983474830983,0.0013428643132999962,4,7,0.10854353383304094,270,264
Pudukkottai (Tamil Nadu),Chhindwara (Madhya Pradesh),0.6450037387232739,0.6452823017755954,0.00027856305232154543,3,4,0.10795649402709984,540,307
Cuddalore (Tamil Nadu),Krishna (Andhra Pradesh),0.6362685145095406,0.6395760867528305,0.0033075722432899246,3,0,0.10676297328753481,528,7
Gir Somnath (Gujarat),Narsimhapur (Madhya Pradesh),0.632180124915268,0.6329645571513869,0.0007844322361189038,7,4,0.10664849384801867,151,325
Rampur (Uttar Pradesh),Bulandshahr (Uttar Pradesh),0.5565235730510867,0.5586653949255771,0.0021418218744904127,6,4,0.10624988727506213,670,625
Viluppuram (Tamil Nadu),Gondiya (Maharashtra),0.6843302055253363,0.6887376840464717,0.004407478521135433,3,5,0.10362412823475065,555,356
Bhind (Madhya Pradesh),Datia (Madhya Pradesh),0.6199374051710351,0.620697032795475,0.0007596276244398181,7,4,0.10237751762602099,303,309
Siwan (Bihar),Kheda (Gujarat),0.5116666545335719,0.5127736217674782,0.001106967233906353,6,7,0.10051213391963276,104,155
Umaria (Madhya Pradesh),Anugul (Odisha),0.6169268510101494,0.6186095414613355,0.0016826904511860752,4,5,0.09884882029312103,344,432
Amravati (Maharashtra),Nagapattinam (Tamil Nadu),0.676065935631186,0.6782764307795313,0.0022104951483452595,5,3,0.09815447486792311,348,537
Palwal (Haryana),Gorakhpur (Uttar Pradesh),0.589103959861114,0.5908708384969082,0.0017668786357942778,4,7,0.09797366541844965,186,639
Ganjam (Odisha),Darjeeling (West Bengal),0.6241511160919777,0.6277852307611654,0.003634114669187727,5,2,0.09534272102295427,442,687
Saraikela-Kharsawan (Jharkhand),Anugul (Odisha),0.616462481401611,0.6186095414613355,0.002147060059724537,4,5,0.09509602504965531,248,432
Jyotiba Phule Nagar (Uttar Pradesh),Moradabad (Uttar Pradesh),0.57842636425749,0.5790694030819229,0.00064303882443284,6,4,0.09477168113682466,646,664
Satna (Madhya Pradesh),Kaimur (Bhabua) (Bihar),0.6000429984728318,0.6024071008423451,0.0023641023695132324,4,6,0.09370463250874361,333,82
Tiruvannamalai (Tamil Nadu),Dharmapuri (Tamil Nadu),0.6942683587562607,0.7012743841955407,0.007006025439279973,3,2,0.08805149667773793,553,529
Valsad (Gujarat),Vellore (Tamil Nadu),0.6613452449749101,0.6635099147076206,0.002164669732710456,2,3,0.08706022694945315,171,554
Uttara Kannada (Karnataka),Cuddalore (Tamil Nadu),0.6332133153387611,0.6362685145095406,0.0030551991707794546,2,3,0.08502785349075392,278,528
Dharmapuri (Tamil Nadu),Erode (Tamil Nadu),0.7012743841955407,0.7154017619524314,0.014127377756890769,2,3,0.08465258281947852,529,531
Jind (Haryana),Bhiwani (Haryana),0.650275788085538,0.6507866303457372,0.0005108422601992624,5,4,0.08355179899920007,180,173
Madurai (Tamil Nadu),Ramanagara (Karnataka),0.65904785506923,0.6609584974779992,0.0019106424087691476,3,2,0.07931955716115824,536,274
Krishnagiri (Tamil Nadu),Erode (Tamil Nadu),0.7001959065107234,0.7154017619524314,0.01520585544170805,2,3,0.07892769932087784,535,531
Dakshina Kannada (Karnataka),Madurai (Tamil Nadu),0.6577802952461034,0.65904785506923,0.0012675598231266516,2,3,0.0788118964060317,261,536
Rewa (Madhya Pradesh),Singrauli (Madhya Pradesh),0.5585230867517468,0.5587882810878021,0.00026519433605531884,6,4,0.07186948255486428,331,341
Pithoragarh (Uttarakhand),Champawat (Uttarakhand),0.6663413048928165,0.6701354092117294,0.0037941043189129164,5,4,0.055615325939737614,604,599
Rohtak (Haryana),Sonipat (Haryana),0.6432999282704613,0.643564758826162,0.00026483055570070135,2,5,0.04213113022359405,190,192
